label,clean_text
1,选择 珠江 花园 原因 方便 电动 扶梯 直接 到达 海边 周围 餐馆 食廊 商场 超市 摊位 一应俱全 装修 一般 整洁 泳池 大堂 屋顶 因此 很小 不过 女儿 喜欢 早餐 西式 丰富 服务 一般
1,键盘 确实 基本 台式机 差不多 喜欢 数字 小键盘 数字 方便 样子 美观 做工 相当 不错
0,太小 其他 一般
0,接电源 几分钟 电源适配器 不行 摄像头 起来 机盖 钢琴漆 不能 一摸 硬盘分区 不好办
1,今天 知道 这书 还有 第卷 郁闷 为什么 同一 套书 两种 版本 是不是 出版社 商量 商量 单独 出个 第卷 孩子 不会 有所 遗憾
0,机器 背面 似乎 标签 残胶 看不出 标签 不见
0,呵呵 表皮 看上去 不错 精致 看得出来 里面 真的 不错 我妈 爱看 学着 一些 穴位
0,实在 太烂 以前 浙大 老师 怎么 怎么 哪些地方 误导 相信 终于 一本 一下 发现 真是 出来
1,地理位置 市中心 服务 早餐 品种 丰富 商务 数码 宽带 速度 满意 干净 湖南路 小吃街
1,期间 位置 市委 市政府 附近 商业区 步行街 打车 屋里 蚊子 空间 挺大 晚上 熄灯 窗帘 拉上 简直 伸手不见五指 适合 睡觉 该死 蚊子 吵醒 打死 两只 第二天 早上 发现 打死 卫生间 挺大 设备 老旧
0,看过 朋友 我订 迟迟 未到 已有 半个 收到 打电话 以后 你们 订书 一定 考虑 当当 实在 太慢
1,不错 设施 稍微 接收 价格 早餐 楼下 商场 超市 方便 下次 选择 这家
1,轻便 方便 携带 性能 不错 满足 平时 工作 需要 出差 人员 来说 非常 不错
1,入住 度假区 豪华 海景房 前台 最高 然后 差不多 海景 挂牌 本人 标准 后来 入住 喜来登 不过 整体 来说 符合 他家 价钱
0,模具 摄像头 位置 摄像头 做工 一般 说明书 驱动 电子版 预装 系统
0,内胆 不好 还有 接电源 中间 连接处 无法 全部 插入 续航 时间 标称 希望 注意 宣传 真实性
1,第次 五星 超级 最快 收到 一次 中午 第天 上午 收到 算了 一下 时间 都还没 感激 下当 服务 的确 急需 关于 本身 不错 丰富 值得 推荐 对于 训练 培养 逻辑思维 套式 一定 帮助 推荐 一下 还有 朋友 面试 成功 哈哈哈
0,地理位置 一蹋 糊涂 服务 萧条
1,漂亮 老婆 认为 性价比 电池 很棒 能用 小时 兼容性 拿到 直接 重装 基本 需要 任何 驱动 除了 快捷键
0,内存 太小 偶配 金条 目前 兼容 知道 内存 兼容 有时 听到 硬盘 运行 声音 预置 系统 试用版 偶自装 每次 启动 正版 增值 计划 窗口 麻烦
1,非常 不错 服务 位于 市中心区 交通 方便 不过 价格
1,两岁 儿子 特别 喜欢 尤其 火车 于是 朋友 推荐 一套 没想到 孩子 特别 喜欢 尤其 第一本 轱辘 轱辘 天天 睡觉 床上 不停 现在 已经 第一 翻烂 路上 看到 车时 非常 兴奋 告诉 妈妈 水泥 搅拌车 书中 各种各样 孩子 很多 想像 空间 第一次 当当 非常 成功 不错 下次 还来
0,看到 最后 几页 居然 双眼皮 所有 印成 两遍 根本 不能 看书 质量 实在
0,有些 赞同 事后 捷径 不过如此 年青人 经历 体验 否则 拥有 抛弃 不是 选择 此书 可是 误导 成分
0,官网 最新 驱动 声卡 装好 声音 接着 显卡 装完 显卡 声音 一共 四次 第三次 发现 显卡 驱动 声卡 驱动 冲突 然后 官网 显卡 驱动 终于 搞定 冲突
1,朋友 送给 如今 推荐 其他 朋友 打开 一扇门 通向 图画书 宫殿 这个 所谓 教育工作者 感叹 无知 感谢 告诉 世界 这么 图画书 给晓晓买 图画书 按图索骥 买来 本本 爱不释手 当然 现在 发现 另外 妙用 省钱 哈哈 试想 里面 买下来 多少 嘿嘿 傻瓜 讲故事 不错
0,招待所 没什么 区别 绝对 不会 再住 第次
0,差得 要命 很大 霉味 勉强 一晚 第二天 赶紧
0,半天 气愤 晚上 入住 适逢 变天 天气 变冷 半天 空调 竟然 冷风 晚上 空调 床上 只有 床单 到处 被子 无问 半小时 三次 电话 要求 一床 被子 服务员 再也 没回 打到 总台 半天 回复 被子 顾客 当人 一晚 睡成 凌晨 点多 知道 哪里 低沉 轰鸣声 吵醒 半天 查出 哪里 来得 声音 服务员 半小时 三四次 六点 服务员 解决不了 这么 一夜 没睡 买气 受来 总台 要求 当班 经理 解释 几个 来说 几遍 不断 落实 事情 真相 最后 自称 客服 经理 其事 表示 道歉 小时 冷板凳 一口 热水 喝口 他们 诚意 总结 硬件 老旧 服务
1,回家 那天 女儿 第一 时间 讲完 故事 累死 第一套 神奇 校车 小家伙 喜欢 个人 认为 一套 第一套 好看 人物画 第一套 差别 有时候 故事 衔接 不上 不是 正版 不是 时间 翻译 出来 版本 一样 总之 第一套 好看 对于 孩子 来说 不够 第一套 吸引 来说 也许 放到 一点 是不是 一样
0,灯光 暗淡 空调 无法 调节 前台 服务 僵化 早餐 服务员 居然 拖鞋 换成 皮鞋 下来 到底 上帝 这家 老总 应该 马上 辞职 建议 大家 不要 这家
0,语言 轻松 幽默 阅读 起来 心情 大好 实用 喜欢 博客 回复 以及 读者 互动 话题 全部 照搬 上来 杂乱
1,品质 服务 不错 本品 超值 样子 漂亮 基本 性能 只要 不玩大 游戏 全能 应付
0,不是 电脑高手 千万别 系统 主板 很多 限制 导致 不能 顺利 安装 一天 勉强 搞定 要不是 曾经 一段时间 计算机 搞不定 这个 机器
0,我家 宝宝 两岁 套书 对于 来说 简单 吸引力 大家 理想
1,桐华 貌似 看过 喜欢 紧张 沉沦 每次 不想 放下 这次 几个 晚上 实在 不行 早上 早起 上班 只能 睡觉 情节 吸引 云歌 知道 算不算 结局 在我看来 这个 结局 完美 不是 大团圆 至少 符合 心理 对于 刘弗陵 云歌 爱情 中间 几次 可怜 可恨 喜欢 值得一看
1,特色 标间 所谓 特色 有些 类似 寝具 不是 单调 白色 条纹 格子 温馨 圈儿 靠垫 卡通 加菲猫 头明 颜色 扎眼 周围 配在一起 协调 客房 硬件 加湿器 烫衣 电熨斗 吹风机 冰箱 俱全 缺点 液晶电视 固定 墙上 位置 不好 一是 遮挡 电源插座 二是 桌子 搭配 不当 桌子 冰箱 一体 电视 下方 坐在 桌子 上网 工作 学习 正好 挡住 电视屏幕 错开 正好 冰箱 腿脚 伸不开
1,法语 初学者 课时 初级班 老年人 法语 只有 从头 自学 巩固 一遍 然后 准备 中级班 教材 孙辉 老师 练习 答案 自学 检查 做习题 正确性 非常 必要 孙辉 老师 教材 网上 还有 视频 学习 法语 很大 帮助 孙辉 老师 教材 编写 学法语 朋友 推荐 学好 上下册 结合 走遍 法国 阅读 学习 达到 预期 愿望 这仅 只是 个人 看法
1,另外 空调 噪声 较大 晚上 睡觉 早餐 自助餐 丰富 不错
0,价格 再往 一点 港行 这个 价钱 可是 双电内 包芯 电池 内存 重要 分辨率 这个 有点烦
1,这家 非常 主动 升级 舒适 地点 方便 服务 号称 香港 物美 价优 第一流 值得 大家 推荐
1,基本 硬件 配置 均衡 镜面 考漆 不错 小黑 喜欢
0,翻开 就让 想起 韩剧 里头 那些 不温不火 絮絮叨叨 韩国 女人 可能 文化差异
0,上网 一踏 糊涂 网卡 只有 连接 速度 年代 这么 交换 机会 还有 早餐 难吃 要死 没什么 鸡蛋 不到 他们 领班 一边 一边 吃水果 没什么 好吃 几次 水果
1,希望 大家 一样 每家 尝试 一下 每个 各有特色
0,其实 没说 看不出 价值 西医 批评 一无是处 根本 科学
1,不错 一下 并且 建议 一点 层次
1,时时 阅读 这篇 令人 伤感 小说 那样 狗狗 一直 希望 能养 一只 狗狗 天天 观察 身边 一些 可爱 然而 爸爸妈妈 家里 条件 一直 心愿 看到 作者简介 文章 简介 实在 忍不住 强烈要求 父母 买下 狗狗 伙伴 开心 快乐 幸福 翻完 此书 最后 一页 不禁 一般 伤感 同时 敬佩 狗狗 买下 金毛 寻回
1,不是 偏激 喜欢 各种各样 韩寒 郭敬明 回会 郭敬明 煽情 有时 不能 接受 不过 的确 才华出众 可是 韩寒 深度 内涵 我会 用心 很多 不会 枯燥 正在 文字 依然 保持 风格 不过 喜欢 加油 一定 一直 喜欢 作品 韩寒 加油 写书
0,本想 朋友 作为 英语 入门 教材 没想到 效果 不佳 中英文 夹杂着 阅读 确实 不太 习惯 还好 第一册
0,梅拉 勇敢 小鸡 简单 执着 喜欢 同事 小宝宝 喜欢 还有 男朋友 投入
1,环境 商务中心 热情 免费 接送 服务 设施 尚可 浴室 条件 稍差 吹风机 热水 早时 以后 总说 线路 繁忙 不能 刷卡 房费 付现金 不太 理解
1,非常 奇怪 套书 明明 两次 当当 始终 提醒 这套 书写 不用 几次
0,一本 女孩子 怎么 追求 物质 值得 大家伙 这么 追捧 物欲横流 社会 精神 追求 真是 越来越少
1,这个 实属 意外 拿到 以后 第一 时间 意外 精彩 关于 生活 琐碎 书里 描写 十分 细微 琐碎 故事 变得 流俗 笔调 积极 那些 十分 打动 喜欢 邓佑真 一如 名字 真字 真是 十分 讨喜 主角 画面感 大概 是因为 电视剧 缘故 总之 实在 欢乐 喝水 不要 可惜 乔锐 着墨 不够 小声
1,我订 高级 淑女 房双床 干净 整洁 服务 早餐 种类 味道 办理 退房 速度 很快 总的来说 同事 比较满意
0,价格 高性价比 不够 今后 其他
0,非常容易 一共 几页 庄子 原文 排版 稀疏 轻松 搞定 借着 庄子 名声 做文章 确实 浅显 庄子 很多 故事 寓言 原创性 难能可贵 但于 没什么 新意 听过 讲座 也许 加上 体态语 生动 反正 光看 文字 可有 作品
1,今年 选择 新世纪 大酒店 基本 印象 不错 靠近 瘦洗 湖个园 何园 只有 十分钟 左右 车程 附近 银行 报纸 饭店 蛋糕店 茶餐厅 还有 超市 应该 生活 便利 旅游 住宿 不错 选择 装潢 不错 免费 升级 烟味 油烟味 每天 清理 换上 用品 备有 插座 转换器 过去 不用 宽带 免费
1,当时 这个 冲着 漂亮 电池 性能 小本儿 没什么 追求 不过 升级 内存 重装 之后 不错 皮实 电脑城 其他 品牌 上网 本后 尽管 这个 当时 一些 入手
1,大床 不错 其他 看过 位置 希望 好吃
1,元能 拥有 本本 非常 满意 想象 顺利 外观 漂亮 大厂 风范 键盘 舒服
1,速度 挺快 前一天 晚上 订货 第二天 中午 送货 人员 态度 特别 石景山区 现在 顶多 一般 的话 推荐 联想 缺点 外壳 光滑 容易 划痕 键盘 太难用 华硕 没得
0,声音 吵闹 直接 前台 预定 费用 合理
1,看到 及书 介绍 自已 喜欢 三本 文字 很多 担心 女儿 喜欢 喜欢 图画书 一本 回家 打算 睡前 孩子 上一年 女儿 自已 看到 书后 一发 不可收拾 根本 不用 一口气 完一 一口气 还有 其他 几本 为书中 最后 一头 战象 叹息 脊骨 布哈依 难过 现在 每天 睡前 一遍 直到 睡着 为止
0,太旧 不象星 隔音 隔壁 一晚 麻将 太吵
0,卫生条件 真的 很差 毛巾 白里 马桶 地面 已经 分家 一碰 就要 停车场 放在 马路边 不是 安全
0,我共买 大多 纸质 很差 轻像 盗版 希望 管理员 标明 质量 下次 发现 这个 退货
0,知道 是因为 翻译 书本 其他 原因 整本书 老是 围绕 相同 话题 重复
1,系统 换后 更好 用点 微软 为什么 一定 生产商 强制 安装 以为 大块头 更好
0,太玄 反而 不可 信给 爸妈 一个月 全新 完全 不敢 兴趣 多人 追捧 一直 建议 他们 几页 一边 浮夸
0,色戒 一本 挂羊头卖狗肉 本来 回家 准备 过足读 小说 一本 短篇 网上 购物 缺陷 不能 动手 翻要 买者 应该 进行 必要 一目了然 说明 哪怕 一句 短篇 读者 不会 到手 如此 失望 受骗
0,想象 原来 以为 一本 风趣 幽默 读本 轻松 外语 以后 发现 只是 一些 普通 单词 拼写 错误 纠正 没意思
1,入住 迷你 标准间 想象 很多 合适 洗手间 很大 干净 床上用品 质量 不错 整洁 如新 窗户 玻璃幕墙 无法 打开 换气 这是 距离 大连 火车站 最近 前台 服务态度 热情 业务 熟练 退房 查房 比较慢 人多 几分钟 交通 极为 便利
1,性价比 不错 本本 外观 手感 以及 性能 不错 到底 品牌 送货 速度 头天 中午 下单 第二天 下午 送到
0,内存 偏小 不过 怀念 系统 不过 情况 看来 预装 系统 大势所趋
0,壳子 太薄 太嫩 显示屏 旁边 塑料 壳子 指甲 一扣 翘起来 礼拜 划痕 很多 懒得 无线 驱动 光盘 华硕 键盘 里面 大头针 出来
0,空调 蚊子 简直 无法 入睡 服务员 态度 不错
0,开机 一会 机子 作为 便携 电池 缘故 蓄电 时间 提升
0,伟大领袖 毛主席 早以 孔孟之道 思想 批判 几千年 广大 民众 毒害 之深 毛主席 作出 名确 定论 发展 现代化 中国 一点 帮助 国人 彻底 抛去
1,第一 门童 服务 到位 前台 服务 面带微笑 宽敞明亮 上网 速度 很快 满意 一家
1,通过 预定 行政 双床 房且 提前 付清 房费 最后 居然 父女 两人 一间 大床 一再 申明 双床 一再 要求 最后 提供 双床 印象 大打折扣 补充 点评 年月日 温泉 住店 客人 鱼池 另外 收费
1,最近 一直 当初 只是 看看 南怀瑾 耐心 一本 本地 毕竟 南怀瑾 先生 讲课 罗嗦 于是 这本 南怀瑾 先生 佛道 各种 见解 开始 确实 冲着 南怀瑾 现在 不是 见解 简洁 很明 容易接受 并且 看法 一致 也许 不是 一本 看了又看 却是 一本 一见如故
1,衢州 能住 算是 不错 液晶电视 窗口 出去 小河 水果 算是 不错 周围环境 一般 没什么
1,酒店设备 齐备 价格 合理 地点 十分 方便 旁边 大马路 解放路 往南 一直 车站 往北直 可到 铁塔 四周 难以 计数 手机店 通话费 储值卡 方便 设备齐全 连转 转接 插座 自助 早餐 当地 风味 中式 餐点 丰富 服务态度 前台 客房 服务 餐厅 人员 和善 主动 尽力 旅客 提出 帮助 人员 服务态度 可比 五星级 找出 改进 浴室 狭窄
0,做工 不够 细致 主要 表现 启动 按钮 生涩 光驱 合上 生涩 发热 较大 外壳 手印
1,读过 一次 卡莉 心中 总会 记忆 佩服 作为 女性 这么 艰难 优秀 经历 困难 磨炼 意志 激励 斗志 卡莉 经历 好多 困难 每次 迎刃而解 勇敢 面对 心中 升起 自信 旗帜 高高飘扬 以后 日子 困难 我要 学习 卡莉 动脑筋 每一件 做到 最好 佩服 卡莉 口才 说服 努力 做到 只是 未必 未必 恰当 激励 努力 更好 更好
1,服务 热情 对于 客房 要求 总能 及时 回应 地理位置 不错 中山 北街 很近 吃饭 方便
0,第一次 当买书 选择 看上 销售量 顾客 老实 多大 可读性 儿子 讲故事 那册 兴趣 也许 年龄 偏差 儿子 四岁 主打 忙忙碌碌 实在 多少 吸引 人之处
0,三个 星期 前定 配送 公司 星期六 送货 公司 他们 三天 后会 竟然 当作 退货 处理 耽误 时间 气死我了 以后 当当
0,星级 的话 真的 无话可说 入住 开始 舒服 没定 星级 建议 这里 晚上 点多到 服务员 登记 不问 刷卡 付现金 直接 告诉 交压 现金 刷卡 行不完 看不到 服务员 电梯 电梯 迷你型 瞠死 个人 不能 动弹 一股 难闻 怪味 反胃 桌子 知道 多久 没擦 过用 手摸 一下 漆黑 卫生纸 好几遍 凑合着 网吧 邮件 发了 卫生间 门框 上全 破洞 像是 炮弹 炸过 暖气 半夜 冻醒 不到 被子 只好 衣服 压在 身上 这才 身上 不冷 早餐 加上 小菜 一起 超过 知道 水果 稀饭 就算 服务员 打电话 楼层 查房 分钟 服务员 凶凶 有没有 黄页 赔偿 黄页 半天 一本 放在 抽屉 不见 桌子 抽屉 连碰 卫生间 毛巾 没敢 破书 干什么 或者 放在 别的 折腾 半天 不让 最后 知道 他们 找到 找到 或者 他们 发现自己 根本 没放 黄页 任何人 解释 道歉 可是 总算 主动 发票 要求 打印 收据 星级 景德镇 大酒店 已经 出来 进去 赶紧 离开 这个 是非之地 后来 想想 前台 打电话 上去 然后 分钟 左右 楼上 打电话 下来 不见 这么 速度 好像 早就 知道 似的 不能不 怀疑 目的性
1,原以为 家庭 普通 软件 难用 兼容性 谁知 一上 原来 想装 装上 出乎意料 之外
0,淋浴 竟然 下来 后来 修理 马桶 一直 请求 修理 两次 态度 无奈 技术 不佳 最终 解决 大便 硬是 憋着
0,其实 没说 看不出 价值 西医 批评 一无是处 根本 科学
1,不错 朋友 朋友 比较满意 接口 全是 左边 图片 有误
0,这么 从来 这么 小旧 大床 房一 进门 一股 臭味 出来 一天 窗户 不见 减少 多少 洗手间 恶心 老公 进门 开始 只能 床上 地上 空间 唯一 好处 地点 不错 下楼 商业街 热闹 晚上 还有 小吃 楼下 大相国寺 陕甘 会馆 不远 走路 即可 不过 小吃 期望值 千万 不要 太高 以免 上当受骗 价格 姑且 不论 卫生 实在 办法 入眼
1,一直 使用 最初 系列 最近 公司 得心应手 本台 机子 老婆 老婆 喜欢
0,细小 地毡 恐布 空调 不够 服务 差劣 立刻 取消 预订 服务 免费 注册 网站 导航 宾馆 索引 服务 说明 关于 诚聘 英才 代理 合作 广告业务 联系
1,很大 服务 太差楼 下次 再也 不住 环境 打高尔夫 或许 忍忍
1,配置 按键 敲得爽 完美 屏超 满意 电脑城 便宜 很爽
1,原装 正货 提货 时封 都还没 第一次 购物 上门 提货 看到 货后 总算 担心 品质 绝对 正品 行货 这次 交易 搞笑 晚上 下单 上午 来看 既然 发现 促销 返现 还好 上门 提货 马上 取消 重新 单省 嘿嘿
1,小巧玲珑 适合 某些 场合 使用 至于 网友 容易 指纹 确实 一下 价格 确实 性价比 不错 至于 重量 关键 电池 而已
1,案件 发生 时代 妨碍 真相 好奇 完全 时间 错位 阅读 凝滞 只是 细致入微 描写 有时候 略显 繁复 毕竟 交代 细节 在所难免 无所谓 来说 喜欢 这部 作品 构思 精巧 无与伦比 无愧于 黄金 三大 推理 小说家 名头 特地 推荐 其他 朋友 读读 说不定 一样 会爱上 推理
1,性能 外观 品牌 完全 满足 入学 大学生 上网 学习 玩游戏 等等 一切 需求 价格 台式机 开发票 替人 代买 发票 清楚 放心
0,非常 一般 完全 不够 级别 发现 外观 照片 相差 不是 很大 大堂 很土 那天 正好 赶上 下雨 入住 窗帘 上拉上 半夜 冻醒 早上 起来 发现 原来 窗户 为什么 服务员 窗户 关上 也许 是我太 粗心 洗澡 不好 淋浴房 很小 伸展 床上 用品 被子 楼上 餐厅 超贵 西红柿 炒蛋 刀磨 相当 下次 不会 太差
1,钢琴 表面 很漂亮 外观 大气 键盘 其他 系列 有所不同 配置 性能 不错 杀毒软件 价格 不错
1,纵然 娇艳 花朵 作为 和亲 公主 皖雅 逃脱 不了 所谓 贡物 命运 绚烂 一时 爱情 到头来 终究 抵不上 江山 一角 爱情 如此 完美 失落 皖雅 结局 苦涩 实际 描绘 宫廷 女子 悲婉 一生 看尽 世间 无限 遗憾 爱情 如此 脆弱 三个 男人 不同 方式 爱着 这位 花神 可换种 选择 轻松 执着 终究 爱害 爱情 总是 这么 威力 无限
1,海景 花园 所有 服务 最好 一家 另外 他们 粤式 餐厅 非常 地道 并且 价格合理 青岛 还会 再选 补充 点评 年月日
0,这个 宾馆 太差 厕所 消毒 里面 任何 连水 电视 清楚 不用 马桶 水要 半个 小时 下去 不是 车坏 别的 实在 不想 这个 酒店宾馆 服务 人员 态度 不好
0,商品 预定 发货 实际 左右 其实 等等 没关系 可是 天发 不了 货就别 写天 发货 希望 以后 改进
0,键盘 不是 稳当 好象 翘起来 一样 外表 真正 指纹 收集器
1,童话故事 现实 向往 之间 感情 就是说 清理 还乱 热心 对待 不是 真心 喜欢 容易 造成 不堪 局面 不想 祝福 别人 成全 别人 独自 寂寞 那个 不想 无奈 相对 主主们 来来回回 伤害 真是 造孽 有时候 为什么 人人 被宠 不能 每个 负责 这是 叫做 自私 被宠 毒药 上瘾 伤身 幸福
1,不能 一点点 所有 员工 一种 非常 热情 客人 尽可能 服务 愿意 最高 这个
1,南京 所有 五星 选来 选去 这家 曾经 香格里拉 无论是 硬件 设施 服务 无可挑剔 如果说 缺点 房价 很贵 呵呵 但愿 能谈 优惠 房价
0,于丹 讲教 译注 当然 不上 大师 适合 学生 做人 做事 道理
1,无点 完美 接口 丰富 红外 蓝牙 性能 强劲 多分 赶上 台式机 发热量 小跑 机子 表面 大部分 几乎
1,优点 干净 地点 不错 那里 方便 服务态度 缺点 发现
1,中心 周围 没什么 店铺 说星 勉强 知道 为什么 卫生间 电吹风
0,朋友 原来 计划 入住 遭遇 使得 第二天 凯悦 朋友 入住 所有 车位 上锁 只好 别的 收费 其实 同一个 院子 办理 入住 时竟 没查 订房 不知 原因 床上 竟然 一条 很长 血迹 恶心 要求 客气 告知 一间 很大 恩惠 施舍 竟然 热水 洗澡 朋友 强烈要求 以后 不要 再订 这家
1,新装修 作为 万豪 金卡 会员 充分 享受 金卡 待遇 早餐 品种 不够 丰富
0,小得 无法 想象 建议 个子 不要 选择 一般 睡觉 伸不直 超过 平方 彩电 晕死 交通 方便 地铁 不行 分钟 必须 知道 哪条 正确 入住 必须 心理准备
0,有种 苦口婆心 告戒 读者 如何 如何 为了 证明 然后 一堆 身边 女性 例子 自圆其说 空洞 说话 苍白无力 没什么 深度 后悔 不会 第次
1,个人 配置 属于 高端 级别 内存 音响效果 不错 外观 时尚 键盘 制作 精良 独立 显卡 摄像头 清晰 应该 满足
0,做工 一般 屏幕 不严 应该 锁扣 原因 图片 漂亮
1,小时候 孤单 日子 养过 次狗次 人们 打死 做成 从此 不能 回想 相处 日子 我会 收藏 很多 毛茸茸 玩具狗 人类 朋友 人心 人性 可惜 人心 人性 买下 再见 可鲁 收藏 儿时 记忆 愿人 归回 上帝 亚当 伊甸园 恢复 人之初 性本善 每个 动物 成为 朋友 世界 战争
0,直接 装装 驱动 启动 然后 许多 设备 网上 驱动 折腾 半天 终于 惠普 有病 提供 一张 包括 所有 设备 驱动程序 光盘 无关 机有 轻微 嘀声 项目
0,单人间 极小 只能 放下 张小床 一张 沙发 第一个 空调 沙发 设施 陈旧 只是 卫生间 根本 不到 四星级 标准 连如家 这类 商务酒店 赶不上 强烈 推荐
0,价格 要是 低点 更好 应该 特价 活动 快递 服务态度 不是
0,建议 不要 这家 合作 名曰 三星 看准 星级 勉强 首先 市区 里面 涵江区 打车 还要 块钱 当然 的话 一条 后不着店 公路 交通 极其 不便 其次 进入 一股 霉味 地毯 到处 污渍 地图 不能容忍 很多 小虫子 到处 正好 赶上 台风 办法 只能 不敢 保证 还会 那里
0,散热 加热 水杯 也许 这个 德性 重装系统 麻烦
0,性子 无非 为了 多一点 谈资 罢了 流行 说明 大众 阅读 水准 不怎么
1,外观 看上去 不错 不过 有人 不太 喜欢 镜面 个人 喜欢 总之 满意
1,许多 下围棋 困惑 害怕 对手 力量 趴在 战斗 吃亏 以及 如何 增强 战斗力 一直 希望 力量 增大 希望 战斗 出手 获得 优势 乃至 胜利 看看 战斗 至尊 坂田 先生 鹰隼 般的 捕捉 战机 嗅觉 剃刀 般的 手法 一定 找到 想要 喜欢 套书 坂田 先生 毕生 著作 精华 值得 拥有
0,设备 简单 服务 意识 很差 餐厅 设施 街边 小滩 一样 卫生条件 不好
0,知道 前面 这位 弟兄 是不是 一样 同一天 入住 一早 怀着 极其 极其 悲愤 心情 愤然 离开 对于 极度 失望 潮湿 不得了 一股 浓重 霉味 服务员 几天 下雨 潮湿 办法 喷点 空气 清洗剂 难道 这是 理由 两天 就要 住客 接受 发霉 逻辑 小得 不得了 前面 那位 还有 两张床 位子 那间 面积 平方米 卫生间 平方米 绝对 不是 危言耸听 照片 对质 的话 随时奉陪 交通 方便 前台 叫车 必须 提前 起码 半小时 否则 嘿嘿 床上用品 床上用品 照片 靠背 上积 一层 厚厚的 头发 环境 头发 根本 稀奇 空调 正对着 两头 因此 无论 空调 哪里 要命 后面 晚上 发现 空调 漏水 不信 看看 你们 墙面 出风口 挡板 不能 固定 只能 一直 摆动 可怜 打开 窗外 虫子 不停 鸣叫 其他 空调 室外机 轰鸣 关上 平米 不过 怎么 关在 看守所 两个 一样 商务 单人间 预订 很多 已经 只能 这个 一间 无论 大小 房间内 设备 物品 这间 很多 服务员 为什么 塑料 拖鞋 收费 食品 普通 矿泉水 收费 服务员 回答 太小 这些 同志 是不是 这里 真的 结帐 竟然 满意 意思 预订 两天 一天 看不见 看不见 就算 难道 知道 你们 这个 小多差 这话 意思 是不是 一晚 看守所 还要 笑容 舒服 你们 满意 负责 任地 宽容 否则 入住 结帐 完全 据理力争 大家 看看 之前 对于 入住 足以 证明 一些 最后 一点 创办 之后 不久 你们 忠实 会员 之前 成为 你们 钻石 贵宾 你们 责任 你们 会员 推荐 奢求 家家 价廉物美 至少 你们 把握住 不廉 极差 排除 出去 这点 要求 不过 另外 你们 需要 照片 你们 作为 证据 或者 提供 你们 大家 预订 前先 看看 这点 实事求是 要求 不难 客观 地说 早餐 不错 服务员 态度 回答 直来 鉴于 以上 非常 失望 第二天 早就 以后 不敢 加点 泛海 名人 真是 一个天 着实 体验 一把 地狱 天堂 补充 一点 离开 青岛 郑州 山西 刚回来 正想 上来 发帖子 看见 前面 这位 兄弟 实在 深有同感 借鉴 几点 意见 进行 修改 补充 不过 应该 还要 奉劝 看到 帖子 各位 宁可 找个 招待所 别住 这个 切记 切记
0,今天 发现 接电源 电源 灯不亮 倒霉 申请 换货
1,酒店设施 一般 被单 毛巾 洁白 干净 服务 热情 可能 早年 建设 地下 车库 直达 大堂 通道 方便 饭菜 辣者 如能 兼顾 南来北往 增加 一些 非辣 菜肴 更好 希望 通过 服务 技能
0,当当 便宜 原价 里面 很多 漏印 那个 中国社会科学出版社 检讨
0,一家 厦门 四日游 最后 一天 选择 这家 简直 后悔 交通 码头 不过 小时 只有 一班 错过 码头 简陋 一家 每次 上下 小心翼翼 再说 环境 豪华 房跑 进去 一看 里面 设施 陈旧 衣柜 难关 地板 没扫 干净 要命 空调 只能 制冷 浴室 浴霸 冬天 岛上 市区 低度 打开 水龙头 水是 热水 很小 不要 洗澡 洗个 勉强 拉开 窗帘 外面 一片 工地 里心 天气 还要 喜欢 清静 大概 喜欢 这里 除了 总台 个人 其他 工作人员 基本 难得一见 办法 本来 打个 市话 告诉 开通 市话 要元 天晕 打个 问讯 电话 手机
0,上面 最后 发现 左侧 双面胶 这是 意思 不想 内存 讨厌 那个 这个 意味着 短时间 看不出来 可是 时间 发现 明显 厂家 态度 敷衍了事
1,拿给 女儿 套书 女儿 以为 学习 有些 抵触 不想 看过 两天 女儿 心情 晚上 一起 床上 看做 两本书 练习 之后 女儿 全做 一下子 兴趣 这书 好玩 喜欢 女儿 几天 一下 套书 练习 除了 简单 算术 那本 喜欢 不会 毕竟 四岁 其余 几本书 喜欢 有种 成就感
0,预装 系统 系统 改成 启动项 第一项 启动 改成 一切 他们 麻烦 光驱 发动机 哄哄 瑞星 真的 必要 建议 不要 使用
0,性价比 内地 水平 自助餐 品种 相当 成天 一堆 喝得 胡脸 中年 出入 不爽 决不再
0,拿到 当天 折腾 搞定 上网 查才 发现 此款 驱动 建议 此款 买好 盘先
1,说书 太小 不值 大带 起来 方便 个人 尺寸 书横 厘米 竖长 厘米 厘米 封面 内里 排版 喜欢 纸张 效果 美丽 英文 系列 一样 办法 个人 喜欢 视觉效果 呵呵 两篇 冰心 先生 翻译 真的 很棒 有位 读者 里面 错别字 这到 真的 如篇 应该 贝壳 文章 宝贝 不过 影响 阅读 明白 估计 校对 仔细
1,对于 次级债 解说 参考 如下 网站
0,太老 服务 不周到 热情 交通 还好 保安 混子 前台 服务 冷漠
0,你们 立即 当当 帐号 礼卷 取消 需要 你们 那破 礼卷 不是 明确 告诉 你们 不要 这礼卷 帐号 本来 那天 接到 你们 道歉 电话 已经 不再 这事 取消 这破 礼卷 继续 你们 怎么 这么 讨厌
1,性价比 服务态度 摄像头 相素 一般 相素 这款 相素 包是 原装 喜欢
1,火车站 长途汽车站 很近 打车 起价 五分钟 楼下 小时 营业 麦当劳 点餐 免费送 大门 便是 平原 商场 对面 影剧院
0,提供 普通 标间 任何 竞争力 设施 一般 床单 破损 服务 一般 商务 豪华 标间 部分 不是 便是 只是 摆设 启动 不能 升级 更换 时便 三易 能够 正常 入住 期待 改进
0,册子 介绍 房间内 提供 饮用水 水壶 水给 前台 提意见 前台 饮用水 卫生间 自来水 恶心 服务员 加水 冰箱 毫升 国产 饮用水 收费 外面 饮用水 房间内 收费 物品 非常 拖鞋 免费 拖鞋 袜子 等等 还有 会动 套套 盒子 文字 这么 这么 周全 为什么 提供 饮用水 即使 平价 收费 顾客 情愿 大堂 经理 提意见 狡辩 爱理不理 房间内 加湿器 这个 南方人 非常
0,想象 中好 只是 提出 过多 进行 详解 有些 虎头蛇尾
1,下午 迪斯尼 好莱坞 来到 市区 入住 这家 饭店 饭店 胡同 里面 没来 不见得 方便 找到 办理 速度 很快 态度 大约 分钟 搞定 来到 适应 真的 很小 尤其 迪斯尼 好莱坞 面积 大约 只有 平米 左右 卫生间 大约 平米 显得 吹风机 浴衣 饭店 服务 人员 态度 他们 打听 事情 他们 仔细 解答 提供 建议 这家 饭店 位置 距离 地铁站 大约 步行 分钟 距离 时代广场 大约 步行 分钟 地处 繁华 地带 闹中取静 大门 左米 公车站 各处 非常 方便 人才 块钱 市区 充分 享受 地理位置 优越 香港 乘坐 地铁 熟悉 周围环境 地面 交通 方便 太平山 香港 夜景 乘坐 有轨电车 不仅 方便 便宜 欣赏 香港 街景 走时 订购 机场 送机 服务 每人 非常 打车 机场 坐地铁 大约 不用 拉着 行李 到处跑 大型 豪华 旅游车 宽大 座椅 车上 一共 个人 真是 太爽了 推荐 大家 采用
1,不错 长宁路 太长 打车 的话 司机 一般 不到 浪费 很多 时间
1,去年 无意 中帮 朋友 预定 一次 这个 后来 朋友 每次 预定 这个 一次 不错 出行 方便
1,外观设计 做工 精美 快递 速度 迅速 特别 价格 简直 无可挑剔
0,瑞星 杀毒 知道 何时 消息 属实 确实 郁闷
1,马丁路德 这个 演讲 一直 喜欢 振奋 崇拜 声音 时常 带来 力量 勇气 同样 魅力 看似 神秘 通过 许多 成功 告诉 拥有 梦想 这个 梦想 能够 实现 带来 需要 力量 勇气 应该 自信 面对 人生 乐观 追逐 梦想 快乐 生活 千万 不要 错过 这么 一本 堪称 伟大 作品 只要 读懂 幸福 不远
0,这个 店太差 霉味 不能 忍受 前台 工作效率 极低
1,不错 干净 简洁 网上 披露 位于 海河 最美 一段 特意 可是 看到 海河 影子
1,拿到 那天 开始 练上 纯粹 为了 喜欢 一本 试试 本来 只是 每天 坚持 一页 周后 身边 丫头 写得 样子 心里 一乐 琢磨 原来 循序渐进 一种 态度 坚持 认真 效果 建议 大家 跟着 书本 节奏 不要 后面 漂亮 划着 之前 学会 当然 初学者 建议
0,内存 较为 一点 电池 位置 导致 掌托 左边 容易 发热 散热 后面 鼠标 使用 起来 的话 必须 经过 散热 位会 导致 容易 发热 还有 显示器 缝合 间隙 磨具 需要 改进 一下
0,之前 看到 铺天盖地 赞扬 信半疑 打开 引子 看市 喜欢 还有 拉拉 小人物 描写 贴近 平常 工作 生活 状态 书中 一些 章节 不仅 具有 参考 意义 学习 意义
0,失望 一点 深入 做广告 一样 再也 不买 国内 类书
1,服务 整体 勉强 星级 水平 硬件 水平 偏低 隔音 效果 差门 薄墙 结账 时间 偏长 早餐 质量 偏低 不过 地段 这家 更好 宾馆 供选择
1,朋友 推荐 好书 夫妻 相爱 容易 相处 很难 生活 磕碰 需要 相爱 心去 平衡 一下 夫妻 相处 之道 艺术 特别 妻子 生活 智慧 结婚 多年 需要 调整 一下 新鲜 不会 撒娇 说话 凶巴巴 生活 磨砺 强悍 主妇 别人 如何 收获 不少 真的 好好 撒娇 真的 好好 享受 生活 辛辛苦苦 创建 家庭 只有 拱手 让给 二奶 为了 家庭 更是 为了 幸福 学习
0,说实话 环境 不好 火车站 旁边 火车站 启用 不会 吵闹 可是 明白 为什么 装修 到位 根本 比不上 大城市 星级 通过 真的 不怎么 再次 通过 厦门 真的 大多数 网友 定房 便宜 差级 的话 绝对 相信 补充 点评 年月日
1,便宜 塑料 外壳 性价比 主板 刻录 硬盘 配置 真的 性价比 现在 主流 配置
1,最喜歡 這部 雖然 眼淚 發現 越來 越愛看 這些 悲情 揪心 疼痛 文字 匪大 確是 媽來 東子 佳期 愛是 絕對 獨一無二 可是 真愛的 未必 一起 記得 那句 時候 輕什麼 可是 有勇 氣現 已經 連勇氣 只能 看著 這樣 慰籍 那麼 不圓滿 開放得
1,键盘 设计 不错 比寸 还好 几个 快捷键 感应 实用 小巧
1,房子 还好 地理位置 不错 值得 价位 同样 水平 徐汇区 华亭 宾馆 多元 这里
0,键盘 稍微 快点 有些 字母 明明 没上去 好像 主要 左边
0,本来 买回来 朋友 可是 翻开 一看 简单 小汽车 动物 退货
1,以前 买过 机器 主板 起来 这次 表妹 机器 本来 不了 独立 显卡 后来 想象 不错 最起码 看接 等离子 高清 不会 这款 机器 就算 价格便宜 另外 这个 机器 摄像头 麦克风 知道 有没有 机器 拿到 可能 许多 朋友 感到 舒服 来说 正好 读书 小妹妹 本来 就要 限制 聊天 摄像头 更是 视频 对话
0,不足 蓝牙 贵些 不过 看到 卖到 断货 知道 群众 眼睛 雪亮 呵呵
1,干净 舒适 松江 商务 这家
1,今年 第二次 入住 这次 好友 一起 购物 首选 市区 沙嘴 半岛 那里 免费 班车 整点 一趟 很大 大约 二十几 平方 二次 无敌 海景 入时 选择 游艇 俱乐部 这边 看到 另外 六楼 以下 还有 露台 非常 早餐 非常 丰富 值得 一试 坐在 露天 花园 边上 早餐 花园 走走 真的 不远 沙滩 不远处 小时 便利店 超市 里面 新鲜 水果 还有 东南亚 餐馆 名字 记得 唯一 另人 满意 房间内 设施 陈旧 不过 洗手间 不错 单独 沐浴 如是 一家 渡假 这间 一定 不了
0,女人 尤其 女孩 心思 细密 敏感 浪漫 容易 好高务远 一想 天开 女人 懂得 脚踏实地 不要 高手 不要 以为 爱情 幸福生活 全部 总的来说 不错 喜欢 女人 幸福 有关 贴合 中国 女人 实际
1,故事 主角 一样 平凡 梦想 很多 缺点 不断 努力 一直 反思 道路 不过 这个 故事 主角 无论 幸福 不管 打工 顺利 街上 感到 寂寞 孤独 至少 每当 电话 父母 问候 一直 孤单 有趣 不过 平静 小小的 幽默 那样 一如既往 那种 风格 推荐
0,晚上 很多 按摩 小姐 打电话 很烦 告诉 他们 不要 照样 前台 无法 信用卡 授权 一定 现金 押金 不然 存放 行李 行李 银行 还好 银行 近要
0,收到 发现 光盘 尽然 有道 裂缝 联系 退货 建议 换个 快递
1,基本 配置 非常 现在 每天 回去 办公室 身上 一点 满意 配置 配件 升级 不了 多少 动手 简单 接口打开 方便 高配 机型 卖价 差价 多买 一套 配件 还有 换下来 配件 或者 留下来 自用 同时 硬盘 内存 原配 硬盘 换下来 移动硬盘 比高 机型 价格 还要 几百块 手里 移动硬盘
1,返现 来说 速度 这个 价格 来说 不错
0,家具 老旧 商务 套间 地毯 居然 到处 黑斑 心里 非常 舒服 工作 关系 每个 几天 昆山 同事 一致 誉兴太脏 以后 只要 其他 选择 坚决 不住 誉兴
1,真的 实用 里面 口语化 地道 附带 光碟 录音 纯正 存到 没事 经常 出来 听听 效果 不错 日常生活 简单 实用 句子 话题 广泛 总之 物有所值 图书大厦 看好 回来 网上 事先 几家 网站 一下 当当 优惠 呵呵 以后 继续 光顾 同时 希望 当当 再接再厉 努力 做好 服务 回馈 顾客
0,说明书 详细 系统 开机 不能 进入 知道 三星 有人 友达 究竟 哪个 好些
1,遗忘 挂绳 耳机 已经 收到 谢谢 白云山 此次 白云山 中餐厅 美食 管理 服务 留下 印象
0,订单 为什么 出库 今天 下午 任何 信息 承诺 送达 口号 是否 属实 为何 拨打 维护 热线 办法 解释 是否 物流 送达 情况 完全 知道 客户 是否 承诺 客户 投诉 有没有 解决办法 第二次 订单 第一次 订单号 超过 天才 收到 书籍 请问 这次 需要 几天 一次 春节 上班 这次 理由 有没有 人能 回答 为什么
1,住宿 环境 不错 前台 服务 热情 看到 长江 葛洲坝 卫生间 淋浴 设施 不太好 总体而言 不错
0,国产 代工 电池 部分 设计 不合理 电池 键盘 平行 一面 一点点 起来 可能 接触
1,价钱 明白 货到 这点 确实 不过 东东 没得说 买来 没得说 上网 选择
0,一共 送到 送过来 付款 拆箱 拆箱 吓了一跳 按键 键盘 敲起来 你们 行货 是不是 返修 机呀 要求 退货 现在 没退
1,朋友 非常 喜欢 原来 小心 公共汽车 一本
1,价格 偏高 服务 一般 窗外 风景 早餐 不错
1,世界 著名 比较法 学者 大木 雅夫 著作 学者 德国 比较法 学者 茨威格 特之 高足 留学 德国 精通 数种 外文 法学 更是 深刻 独到之见 作为 东洋人 思维 成长 文化氛围 中国 有些 相似 因此 研习 此书 学习 比较法 中国 来说 当有 极大 裨益 此书 茨威格 特氏 比较法 总论 对读 获益匪浅
0,大失所望 广州 之前 研究 半天 后来 老公 要求 选择 欧洲 过来 那本 极尽 完美 之辞 推荐 网上 图片 介绍 应该 不错 点评 当时 认为 应该 一家 水平 差不多 可是 一进 发现 图片 实在 相差 太远 小得 可怜 行李 甚至 连坐 一张 小得 可怜 写字台 一台 小得 可怜 液晶电视 床上 看电视 恐怕 需要 一双 千里眼 使用 那张 写字台 一定 需要 苗条 才能 坐在 那个 位置 并且 需要 一台 小于 否则 放不下 干净 首先 进去 那间 大床 马桶 居然 漂着 头发 后来 立马 套房 其实 稍微 一点点 沙发 桌子 及大 一点 普通 电视 设施 陈旧 地板 有些 已经 翘起来 隔音 不好 热水 水压 不够 前台 服务 不错 服务员 英语 压根 见到 行李 个人感觉 不值 那个 价钱 个人 意见 推荐 入住
0,不大好 喜欢 少有 许多 一样 思想 不同 出现 多次 表达 意思 几乎 相同 骗人
1,兰桂坊 美食 门口 直达 巴士 铜锣湾 半山 高尚 地段 算是 性价比 不错
0,基本 需要 用品 比如 要求 转换 插头 水壶 一律 欠缺 欠缺 理由 由于 全家 酒店客房 已满 任何 后备 用品 替换 这是 服务员 原话 水壶 内有 残余物 一元 硬币 服务员 竟然 知道 这个 情况 办法 早餐 很差 不像星 应有 水平 冬天 暖气 空调 提供 不问 基本 暖气 呼噜 一样 整个 晚上 天明 本人 天明 马上 退房 热水器 名不符实 应该 水器 基本 不热
0,插图 很大 生动 形象 里面 故事 小孩子 碰到 事情 并且 启发性 女儿 以后 喜欢 碰到 类似 事情 大卫 呵呵 看来 受到 潜移默化 影响 总的来说 个人感觉 不错 难怪 获过 大奖
1,三人间 宽敞 卫生间 不大 干净 宾馆 餐厅 实惠 只要 能回 宾馆 餐厅 用餐 周边 交通 非常 方便 基本上 一部 各个 景点 什刹海 最近 宾馆 外部 装修 不过 影响 内部 卫生 晚间 休息 来说 满意
0,职场 战场 这部 小说 阐述 淋漓尽致 拉拉 工作勤奋 老黄牛 性格 倔牛 王伟 正直 有些 过分 天真 何好 思维 敏锐 眼光 独到 高深莫测 李斯特 崇尚 中庸 不喜 决定 不失为 温和 颇具 慧眼识 上司 柯必得 天生 管家 过于 苛刻 过分 偏执 但且 不择手段 不得不 佩服 勇气 执着 林在 生意经 似五伟 经验 八面玲珑 关键 牢牢 掌控 下属 约翰 颇为 阴险 处处 王伟 聪慧 之人 文龙 表面 温和 城府 心机 影响 人际关系 知道 何为 何为 关键时刻 帮该 一把 黄宏 技术 过硬 人际关系 始终 无法 处理 妥当 小心眼 玫瑰 经验 老道 有失 光明 还有 帕米拉 周亮 杰森 海伦 王蔷 罗杰 齐浩天 等等 这些 个个 性格 鲜明 独到之处 观完 引人深思 故事 鲜活 实用价值 无论是 职场 新人 老将 受益匪浅
0,摄像头 不带 系统对 初级 用户 而言 麻烦事 突出 独显 强劲 必须 全速 运行 造成 电池 耐用 呵呵 不知 算不算 不足 芯电 顶个 小时 现在 电卖 呵呵
1,儿子 喜欢 故事情节 不算 复杂 但书 可爱 书中 动物 好玩 性格 乐趣 职业 甚至 想法 之间 关系 真实 尤其 立体 图片 宝宝 特别 喜欢 特别 喜欢 特别 喜欢 特别 喜欢 特别 喜欢 特别 喜欢 作为 父母 没什么 特别 要求 好书
1,另外 一句 书中 故事 适合 低段 儿童 朗读
0,住店 真实 感受 根本 没法 睡觉 隔音 太差 隔音 最差 隔壁 个人 正常 对话 特别 清楚 衣柜 位置 根本 衣柜 背板 隔开 早上 服务员 居然 门口 手机 电话 特别 清楚 总之 没法 睡觉
1,不错 摄像头 刻录 升级 内存 速度 一流 带电池 延包卡 包年
0,这个 太差 竟然 还有 公司 很多 见过 第一次 下回 不会 上下班 高峰 下楼 分钟 计算 过连亲 两天 门童 爷爷 一样 不理
1,不错 商务 上网 速度 非常 下载 达到 非常 碰到 老朋友 世界 真是
0,入住 服务 大堂 一般 入住 发现 硬件 较差 比如 空调 马桶 尤其 电视 遥控器 非常 几乎 不能 空调 不管 走廊 味道 早餐 差刚 九点 服务员 疯狂 地收 问一问 客人 是否 需要 很差 曾经 看到 不太 确切 第二天 立刻 龙城 山西 真的 宾馆 知道 为什么 奇怪
1,名头 特别 响亮 不过 设施 可不 怎么样 尤其 人大 床房 居然 安静 入住 只好 更换 双人间
0,竟然 静音 按钮 背光 不亮 多天 知道 不能 今天 第天 怎么 机子 做工 不够 细致 差距 嘿嘿 很大
0,过于 解读 论语 视频 受益匪浅 想要 收藏 明明 提交 成功 到货 无比 郁闷
1,利益 物欲 迷惑 今天 拜金主义 千年 儒学 相互 冲突 今天 狼图腾 出现 无疑 引人深思 刚刚 高中毕业 或许 资格 这个 社会 老师 推荐 狼图腾 看过 介绍 毫不犹豫 订书 单刚 一章 似乎 有种 激昂 血液 某种 莫名 想要 探寻 意识 冲动 此等 好书 无需 太多 言语 形容 应该 超越 常人 文字
1,一晚 标准间 老婆 开心 这趟 兰州 嘉峪关 来到 敦煌 只有 这家 服务 达到 星级 水平 亲切 主动 看见 鸣沙山 景观 一流 餐厅 食物 一般 自助 早餐 中式 为主 一般 零点 早餐 天台 餐厅 用餐 西式 为主 时间 享用 可能 好些 不过 曾经 餐厅 露天 范围 喝酒 晚上 看着 头顶 大漠 星星 非常 不错 算是 郊区 其实 市区 公里 夜市 公里 而已 可是 一般 很少 出租车 经过 公交车 门口 每分钟 一趟 分钟 市区 不是 方便 补充 点评 年月日 上网 速度 不过 免费 没太多 要求
0,挂星 四星 二星 水平 早餐 花样 四星 四星 如果说 房价 不要 四星 以后 考虑 其它 另外 宽带 收块
1,屏幕 坏点 暗点 这个 不错 配置 性价比 目前 使用 已有 半个 基本 正常
0,预装 系统 非常 垃圾 货到 第二天 就格 垃圾 装新 麻烦 同学 帮忙 装上 加上 更新 各种 软件 两天 时间 麻烦
1,终于 收到 速度 很快 质量 图片 颜色 白色 背景 彩色 一些 要是 几个 挂钩 还有 建议 妈妈 不要 图片 卫生间 附近 图片 可能 受潮 变形 原来 以为 质量 后来 图片
0,底部 胶垫 不平 打字 总是 左右 晃动 时间 无法 保存 只要 断电 时间 归零 不能 注册
1,看到 很多 期待 想象 好看 外观 一般 缺乏 质感 毕竟 这个 价位
0,孩子 喜欢 绘画 精美 精彩 合适 小宝宝 理解 孩子 看到 小熊 生日 生日歌 看到 小猩猩 别人 尿床 会学 小猩猩 捂着 嘴笑 看到 小兔子 雪糕 张大嘴巴 会笑 看到 小河 大嘴巴 喜欢 摸摸 有趣 阅读 时刻 数不胜数 套书 不错 不过 阅读 过程 孩子 不是 马上 理解 需要 爸爸妈妈 耐心 一遍 一遍 呵呵
0,发热 大无 麦克风 音质 只能 发出声音 而已 仅此而已 声音 还有 破音
1,携程网 看到 大家 海景 花园 服务 下旬 青岛 避暑 特意 入住 该店 入住 感同身受 果然 名不虚传 宾馆 服务 一流 几处 尤其 感动 比如 西餐厅 主管 王杰 服务员 金玉 听说 胃病 除了 进餐 照顾 还给 拿来 一些 花生米 每天 几个 保护 胃黏膜 青菜 每次 单独 小盘 青岛 那天 下着雨 客户关系 主任 直接 入住 手续 登记 看到 脚面 贴着 膏药 很快 楼层 服务员 送来 几张 云南白药 后来 服务员 注意 走路 一瘸一拐 一盒 膏药 基本 痊愈 慢性 咽炎 空调 咳嗽 大堂 服务员 马上 取来 金嗓子喉宝 服务员 拿来 咳嗽 糖浆 服用 很快 见效 楼层 服务员 总是 外出 收拾 每次 回来 总是 整整齐齐 晚上 送来 牛奶 可是 在外 旅行 接受 待遇 走进 见到 员工 微笑 打招呼 感到 亲切 注意 提供 早餐 食品 水果 礼品 质量 所有 一切 说明 总经理 管理 有方 这么 员工 培养 如此 之好 他们 树立 顾客 至上 理念 提供 人性化 服务 殷勤 热情 细致 周到 容易 其实 作为 五星级 该店 硬件 理想 他们 超一流 服务 的确 吸引 顾客 明年 避暑 首选 青岛 青岛 住店 当然 首选 海景 花园
1,不错 同等 档次 应该 值得 推荐
0,询问 客服 的确 售后 建设 不是 哈尔滨 网点 空格键 似乎 要坏
1,记忆 最深 一句 父母 之爱 深如 大海 质量 差别 这是 一本 人师 父母 值得 好好 一看 中国 传统型 教育 思想 方式 不小 碰撞 冲击 单位 同样 不少 同事 孩子 留守 儿童 存在 或多或少 经常 听到 他们 发出 许多 无奈 感叹 束手无措 遗憾 一件 自已 孩子 一定 自已 无论 多苦 多累
1,周围 环境 不错 景点 方便 前台 态度 不错 入住 退房 速度 很快
0,书评 诱人 二十出头 年纪 应该 学习 如何 经营 未来 买回来 失望 空洞 浮于 表面 里面 女孩子 一些 忠告 例子 没什么 新颖 之处 不够 深刻 质量 好像 廉价 言情小说 身边 还有 人想 直接 送给
0,非常 小房间 设施 非常 装修 至今 已经 空气 非常 差一 打开门 一股 非常 烟味 霉味 迎面 服务 不错 楼换 空气 依然 非常 非常 非常 差得 不能 接受
0,重庆 过来 机场 下来 已经 下午 点多 打扫 半小时 分钟 晕点 总台 交涉 办法 点半才 电梯 上去 走道 不知 怎么 挂上去 从来 遇到 这么 强烈 推荐
1,同档次 笔记本电脑 性价比 配置 够用 品牌效应 外观 不错 使用 中待 发现 优点
0,散热 尚需 改进 不肯 开发 低能耗 芯片组 用来 忽悠
0,硬盘 扣除 系统 预装 程序 只有 要是 硬盘 原装 系统 砍掉 可惜 砍掉 顺手 影响 速度
1,池莉 孩子 出生 开始 孩子 创造 环境 孩子 长得 成功 骄傲 真是 了不起 刚刚 母亲 如何 教育 孩子 深感 迷茫 应试教育 产物 天天 埋身 书山 题海 到头来 普通 学校 老师 那个 痛恨 学校 老师 现在 不想 孩子 重蹈覆辙 如何 是否 成功 带给 启示 非常 好看
1,不错 美中不足 之间 隔音 效果 不太好 还有 房价
1,入住 丽晶 的确 淡淡的 油漆味 房间内 大小 合适 卫生间 设备齐全 服务态度 网速 可能 提升 还好 免费 线板 水果刀 一系列 日常用品 免费 提供 细心 晚上 自助餐 每人 菜品 一般 就算 过去 外有 西贝筱面 几家 饭馆 西贝 实在 惊人 人多 不如 西贝 点有 广式 几次 味道 正宗 点心 品种 略少哈 地处 青山区 包头 分昆区 青山区 相对来说 昆区 繁华 青山区 次之 包百等 商场 全在 昆区 打车 包百 商圈 车费 元多 青山区 王府井 百货 相对来说 包百 商圈 打车 元多 银河 广场 一段距离 打车 银河 广场 边上 科丽珑 小时 营业 超市 一楼 小卖部 周围 基本 超市 这次 正赶上 几家 公司 这里 开会 有时 楼道 里略 晚上 还有 几次 有人 错门 理论 管理 没关系 希望 以后 尽量 会议 团体 一层 也许 好些 丽晶 以后 包头 还会 这里
0,也许 期望 过高 拿到 一部分 不过 空泛 大于 具体 现在 知道 该书 哪儿
0,网站 预定 一间 大床 房到 变成 双人房 后来 调换 地理位置 不错 门口 高速 轻轨 整理 装修 非常 非常 陈旧 完全 对不住 这个 房价 以后 不会 这个
0,至少 好看 根本 吸引 没什么 可笑 有些 深辟 印刷 不错 介绍
0,靠近 马路 有股 味道 不如 锦江 干净 推荐 入住 早饭
0,系统 麻烦 蓝牙 小心 蓝牙 驱动 自动 反复 机关 进不了 系统 屏幕 闪得 厉害 频率 不了 买后 第三天 降价 郁闷 不能 返回
0,定单 显示 已经 给我发 发现 送来 请问 怎么回事 真的 想要 为什么 不送
0,送到 几天 发现 部分 印刷 严重错误 居然 四十多 倒置 当当 第一次 发现 情况 倒置 部分 缺页 这么 严重 印刷错误 当当 入库 如何 验货 出库 如何 验货 申请 退货 这么 多天 反应 要是 这周 继续 投诉 气晕 还有 太空 只是 表面 交流 喜欢
0,单薄 啥意思 对于 文化 水平 看看 帮助 一定 专业 啥意思 空洞 乏味 不用 半天 全书
1,早餐 品种 交通 便利 服务态度 不怎么样 地图 竟然 别的 客房
1,几天 终于 拿到 配置 品牌 来说 令人满意 商务 个人 来说 选择
1,大老婆 哈哈 键盘 电池 不错 电池 能用 小时 键盘 电池 不错 电池 能用 小时 键盘 电池 不错 电池 能用 小时
1,外形 小巧 白色 精致 功能齐全 无线 蓝牙 硬盘 电池 续航 时间
1,红娘子 一向 失望 最初 红缎 后来 绿门 橙子 青丝 出彩 之处 不会 同一个 模子 印出来 读者 期待 关于 感动 爱情 亲情 友情 红娘子 已经 笔触 讲述 这次 迷藏 血色 面具 见识 另一面 红娘子 熟悉 热爱 故乡 湘西 里面 融入 感情 元素 值得 期待 值得 阅读
1,散热 非常 外观 很大 不是 家中 两台 的话 真的 一台
1,很亮 早上 镜子 一下 风扇 声音 很小 散热 系统 必须 格式化 克隆版 注意 现在 驱动
1,挺不错 大篷车 马戏团 动物 演员 小狮子 里奥 诉说 它们 马戏团 受到 待遇 女儿 趁机 告诉 动物 人类 一样 地球 大家庭 一员 动物 朋友 人类 动物 和平相处 保护 动物 保持 地球 生物 多样性 保持 地球 生物 多样性 维持 地球 生态平衡 人类 才能 生存
1,第二台 宏基 相比 第一台 功能 差别 送给 朋友 整体 小女孩 好看
1,四季 时钟 真不错 插画 非常 精美 语言 清新 流畅 口吻 活泼 有趣 翻译 质量 很棒 用词 精确 生动 作为 科普 书籍 用词 简练 准确 非常 重要 小孩 拿到 非常 专注 看起来 跟着 半天 舍得 最近 发现 那些 童书 好像 买回来 一样 爱看 现在 真是 不太 关注 所谓 年龄 分段 只要 绘图 喜欢 风格 故事 愉悦 诉说 方式 不管 语言 深浅 照单全收
0,早餐 非常简单 距离 客房 需要 后面 附楼 或者 通过 弯弯曲曲 后勤 非常 方便 豪华 标间 装潢 旧较 简单 办理 行李 寄存 只有 个人 客户 分钟 退房 只有 开票 结算 人点 办理 时有位 左右 客户 等待 总台 服务 小姐 领导 只有 安排 一台 办理 退房 开票 手续 足足 分钟 办完 四星级 服务 差远了 所有 台阶 斜坡 拉杆箱 只有 提着 行李 帮助
0,自带 系统 太贱 分区 隐藏 专用版 装上 有时候 不能 关机 大家 这个 配置 装行 正版 还有 这个 键盘 是不是 买个 硅胶 进去 不好
0,装修 陈旧 隔音 主要 卫生间 隔音 非常 只能 算是 一般
0,系统 不能 分区 难过 还有 赶上 一元 内存 活动 可惜
1,送货 相当 早晨 点多 订单 中午 送到 朋友 配置 机子 当棒 超值
0,有点儿 屏幕 有些 偏色 光驱 自装 有点儿 难度 主要 外置 光驱 启动 不行 发现 需要 键才行 现在 知道 哪个 指纹 讨厌 建议 磨砂 键盘 需要 适应 手感 差远了
0,外观 相对 气派 确实 简陋 设施 陈旧 卫生 一般 年代 水平 不过 大庆 宾馆 较少 一遍 发现 的确 宾馆
0,大家 点评 不错 就订 阳面 慕名 前往 大失所望 灯光 昏暗 空间 极其 狭小 床垫 质量 恶劣 还伴 一股 霉味 预计 星期 一晚 退房 其实 原本 想着 也许 皇城根 这个 地段 这个 价格 只能 水平 转机 入住 第二天 早上 我出 宾馆 新街口 大街 溜达 两分钟 发现 一家 连锁 宾馆 燕都 总店 看门 不错 进去 看房 顿时 喜欢 不得了 设计 简约 时尚 宽敞明亮 舒服 同样 宽带 正是 喜欢 类型 赶紧 护国寺 宾馆 单人间 套间 竟然 超值 同样 地段 更优越 条件 低廉 价格 二话不说 立马 下新 订单 退房 行李 燕都 燕都 交通 便利 新街口 大街 门口 公车站 出租车 斜对面 新街口 超市 新街口 百货 周围 同样 典型 北京 胡同 提醒 一点 协议 上欣 燕都 宽带 实际 现在 燕都 这么 多该 如何 选择 大家 应该 清楚 枪手 似的 呵呵 另外 希望 护国寺 宾馆 竞争对手 学习 好好 改善 改善
1,小是 抱怨 香港 购物 的话 不错 选择
1,绝佳 购物 首选 楼下 连卡佛 海港 地铁 步行 分钟 设施 装潢 陈旧 入住 吸烟 楼层 异味 烟瘾 的话 务必 交代 预定 吸烟 楼层 自助餐 水准 的确 挺差 收费 不符
0,群众 眼睛 雪亮 这个 服务 确实 奇差 可能 随着 溪口 旅游 迅速 发展 这些 宾馆 有些 暴发户 心态 知道 服务 早餐 一大群 服务员 入口处 人理 餐具 非要 很大 声音 一点 反应 过来 就要 餐券 一看 干脆 餐券 不吃 对于 小时候 生活 山里 来说 溪口 没什么 值得 特别 价值 交通不便 机场 只能 分钟 出租车 溪口 本地 多半 震耳欲聋 三轮 作为 基本 交通工具 稍晚 一点 蒋介石 母亲 墓道 回来 下午 点过 不是 旅游 那些 旅游 好像 官员 居多 晓得 共产党 国民党 这里 可能 介石 学习 怎样 两面三刀 摆平 军阀 本事 这个 宾馆 确实 没什么 优点 出门 左边 豪门 吃饭 不错 干净 清爽 本地人 很多 这里 吃饭 千万 不要 溪边 饭店 同一个 菜谱 两个 三个 价格 如油 结帐 红烧 笋元 芋艿 排骨 结帐 芋艿 排骨 领教 这些 溪口 邻居 除了 阴险 狡诈 传承 下来 好像 别的 补充 点评 年月日 我选 服务 怎么
1,小巧 精致 延续 风格 质量 送过来 全新 服务 不错 发票 送货 及时
1,今年 去年 弟弟 第一辑 非常 喜欢 这次 一起 两辑 收藏 一样 梅拉 一样 幻想 里面 那些 故事 好象 置身于 卡梅 中间 回味无穷 还有 那些 图片 更是 勾起 童年 回忆 爱不释手 之前 很多 一类 童书 很多 多大 意义 一样 梅拉 每个 故事 包含 属于 意义 包含 一样 梦想 值得 推荐
1,一家 三口 年月日 至日 入住 泛海 名人 之前 看过 网上 试试看 心态 本身 从事 航空 服务 专业 眼光 真切 体会 物有所值 名不虚传 无论是 明亮 大堂 楼层 过厅 洁净 客房 布置 特别 典雅 舒适 充满 温馨 位于 四楼 海景房 真是 面对 大海 春暖花开 窗台上 装饰 漂亮 花花草草 放眼望去 一望无际 大海 栈桥 近在咫尺 推开 窗户 迎面 和煦 海风 关上 窗户 一丝 都市 喧闹 真正 感到 来到 青岛 真正 享受 海景房 惬意 舒适 特别 泛海 名人 大堂 经理 个子 高高 眼睛 大大的 女孩 青春 倪萍 年青 倪萍 漂亮 态度 特别 和蔼 客人 服务 特别 周到 真正 客人 所想 客人 所急 特别 主动 关注 客人 需求 及时 了解 客人 解决困难 总是 面带微笑 举手投足 言语 特别 礼貌 周到 规范 专业 即使 外面 只是 有些 蒙蒙细雨 特别 周到 主动 客人 送上 雨伞 青岛 形象大使 美丽 端庄 特别 中国 传统 女性 风采 气韵 青岛 泛海 名人 希望 朋友 认识 这位 优秀 漂亮 大方 东方女性 特质 大堂 经理 感谢 泛海 名人 带给 美好 假期 谢谢 这位 大堂 经理 楼层 服务员 优质服务 来自 北京 客人
0,其实 曾经 网上 追文 一员 心急如焚 等待 当时 很挺纪 南方 考完试 急急 地定 来看 看到 深夜里 最后 只想 故事 看到 最后 厌烦 简直 没事找事 一对 男主 有些 就算 大家 已经 习惯 言中 男人 德行 女主 简直 不堪回首 登上 思存 作品 讨厌 女主 宝座 文字 以前 精致 不说 煽情 着力点 唯一 感动 一下 那个 暗恋 南方 小姑娘 侧面 证明 了纪 南方 不算 浑蛋 同时 回忆起 佳期 如梦 不过 一两年 那时 曾经 真心实意 感动 当然 文章 中有 一些 细节 不错 细节 无法 构架 起一 整个 故事 只能 颇为 失望 现在 只有 黑社会 系列 短篇 看看
0,介绍 茅塞顿开 总之 记住 单词 效果 不佳
1,介绍 其实 外国 并不多 尤其 名著 以前 名著 经过 历史 验证 才能 成为 名著 不耐烦 可能 依然 习惯 他们 表达方式 三杯 应该 算是 外国 记录 很少 记得 外国人 名字 只是 行为 打动 帮助 别人 简单 生命危险 帮助 别人 恐怕 不到 也许 仅仅 一点 足够 伟大
1,便宜 价格 这个 价位 来说 配置 应该 最好 开始 发现 缺点
0,走廊 味道 重楼 下面 马路上 声音 早上 隔壁 电视机 声音 清楚 闹钟 使用 时间 隔壁 闹钟 定时 结帐 发票 盖章 失望 今后 不会
0,这本 书写 不怎么样 好像 拉拉 写日记 一样 很多 实质 励志 信息 普通 一般 公司 职员 情况 差不多 只是 强调 拉拉 怎样 一步步 发展 像是 炫耀 能力
1,性价比 不错 外观 不错 一张 划算
1,这个 出版社 经常 光顾 他们 题目 是从 基础 开始 分为 主干 知识 点击 思维 失误 训练 主干 知识 预习 基础 然后 点击 思维 第一 课时 结束 复习 基础 只是 有些 复习 概念 最后 失误 训练 堆积 周末 整课 总结 比较满意 不知 楼上 那位 教材 人教版 教材 勾股定理
0,网上 预定 万豪 标明 中午 达到 入住 准时到达 前台 搞好 卫生 稍后 才行 于是 外出 午饭 下午 回来 要房 前台 卫生 搞好 只能 提供 发脾气 小时 搞不好 卫生 于是 前台 另外 已经 搞好 发脾气 才能 搞掂 旅游 不是 发脾气 明明 不是 五星 标志 五颗星 然后 五星 收费 提供 服务 设施 字差 补充 点评 年月日 标明 中午 达到 入住 准时到达
0,惧怕 诸多 经典 书籍 其中 不乏 有太多 人为 因素 就象 肯得基 麦当劳 最好 并非 起来 最好 由于 好奇 为何 如此 好评 来看 惧怕 果然 经典 来说 归宿 只能 纸篓 二手书 市场
0,拉拉 升职 这书 寄给 朋友 朋友 现在 没收 半个
0,客观 来说 只是 自身 一点 经验 加上 收集 功夫 堆积 出来 专业性 系统性 不够 里面 所谓 经验 方法 需要 进一步 考证
0,浴巾 洁白 毛巾 脏到 灰黑色 被子 不错 几乎 褥子 喜欢 板床 绝对 交通 秦皇岛 北戴河 之间 大马路 路边 不知 是否 抱怨 携成 佣金 位置 最差 一层 餐厅 门口 实际 当天 入住率 不高 何必 开始 钻头 大作 直到 点多 离开 我选 很少 失手 这次 大眼袋 浑身 痛咯 回去 各位 一样 住宿 度假 心情 结合 的话 最好 别选 不求 硬件 多好 只要 干净 温暖 多花点 愿意 以后 仅记 一定 旅游局 正式 挂牌 方面 正规 别看 照片 实际 差远了
1,这本 小说 展开 一幅 景象 一条 安静 街道 两旁 民宅 午后 阳光 明晃晃 上面 空气 中有 肥皂 洗过 床单 阳光 味道 一种 伤感 宁静 真实 好像 时间 呈现 面前 旁观者 岁月 匆匆 走过 感受 那份 真切 温暖 真实 虚妄 猜测 如此 之于 汉娜 夏米 对汉娜 如是
0,说句实话 想到 这次 太叫 失望 一直 相信 你们 可能 你们 企业 现在 这些 一直 默默 支持 你们 客户 开始 疏忽 服务 性质 龙头 企业 来说 你们 已经 渐渐 丢弃 不仅仅 一群 客户 而是 你们 企业 文化 企业 精神 下去 你们 服务 才能 取得 市场经济 优势 企业 市场经济 竞争 这么 激烈 情况 生存 下去 致命伤 重视 最后 一天 你们 推荐 景德镇 开门 大酒店 全国 挂牌 最差 四星级 不仅仅 硬件 设施 服务 无法 恭维 简直 无言 临走 他们 价格 服务 怎么 挂牌 当地 旅游局 怎么 复查 他们 级别 你们 不负责任 怎么 随便 推荐 客人 地毯 有水 整个 周边 地毯 全部 白色 粉末 卫生间 设施 不如 婺源 设施 不经意 看到 很多 剥落 墙纸 游泳 还要 换上 他们 桑拿 其实 一楼 直接 进去 问过 知道 桑拿 承包 出去 客房 他们 几个 一次性 拖鞋 另外 收费 第一次 四星级 第一次 听到 收费 项目 交涉 以后 收不说 大家 不信 一次 唯一 欣慰 大堂 服务 够星 标准 你们 重视
0,设施 陈旧 马路 窗户 隔音 影响 休息
1,价格比 同类 其它 品牌 产品 偏贵 可见 集成度 更好 散热 非常 好用 下来 明显 发烫 毕竟 继承 自小 值得 一赞 随机 赠送 原装 真皮包 不像 原装 不是 真皮 上面 标签 知道 其他 朋友 怎么 冲着 这个 原装 真皮包 非常 遗憾 系列 指纹识别 希望 引进 内存 运行 明显 吃力 换成 内存 便宜 元条
1,总的来说 洗澡 水压 有些 其他 龙门石窟 有些 公里 左右 宽带 速度 不错
1,装修 简洁 实用 电源 插口 少要 配个 接线 器为 另外 浴缸 龙头 请配 图示 第一次 一定 早餐 历经 磨难
1,四星 已经 正式 挂牌 四星 很大 干净 服务 不错 火车站 旁边 交通 便利 大商 商场 立着 不远 购物 方便 不过 火车站 旁边 门口 显得
1,地理位置 不错 不是 节假日 基本上 不用 预定 价格 前台 一样
1,几号 珠江 花园酒店 几天 不错 出门 海边 不过 下午 出去 外面 营业 舒服 看来 相对 这个 时间 价格 不错 前面 不够 尤其 阳台 太小 不过 下次 应该 还会 考虑 入住 补充 点评 年月日 知道 为什么 成分 补充 一点 评分
0,买来 送给 爸妈 听说 简单 易学 妈妈 他们 了解 一些 基本 健身 之道 外面 工作 安心 妈妈 正在 学听 不错
0,对于 女孩子 来说 确实 风扇 一阵阵 噪音 崩溃 难道 只是 这台 机器 习惯 内存 拖沓
1,外观 不错 性能 优良 散热 掌托 温度 不高 使用 舒适
1,价格 无敌 所谓 最低价 足足 便宜 性能 不错 待机时间 正在 测试 可能 官方 小时 一样 那太 理想化 不过 估计 小时
0,外资 公司 工作 尤其 外资 公司 担任 人力资源 的话 不是 新野 拉拉 口中 大道理 人物 描写 肤浅 真的 失望
1,别人 优点 全有 机型 合适 散热 良好 几乎 无噪音 配置 强劲 键盘 手感 显卡 配送 及时
1,通过 预定 保留 晚上 下午 点多 接到 电话 居然 打电话 取消 有没有 回事 简直 很气 后来 办理 入住 时问 前台 有没有 回事 他们 居然 回答 干脆 这个 事情 负责 为了 入住率 随意 取消 客人 预定 一点 不配 万丽 作风 职业道德 另外 不能 民生银行 信用卡 做预 授权 只能 中国银行 交通银行 这点 方便 大家 以后 入住 注意
1,最后 调整 新翼 他们 新装修 楼层 不错 浴室 面积 很大 早餐 丰富 挺贵
0,一般 网站 途径 获得 相关 提醒 纸张 还行 浪费
1,地理位置 优越 哪里 方便 景观 卫生 不错 安静 周围 居民区 相当 特色 服务态度 不错 下次 应该 还会 选择 这里
0,一点 不爽 发现 亮点 不过 还好 价格 那里 摆着
1,散热 样子 性能 不错 造型 商务 风格 小红点 不错 一直 呵呵 还有 原装 手感
1,品牌 号召力 非常 联想 收购 部门 商务 研发 放在 品牌 专业
0,系统 操作 习惯 钢琴 高档 外配 贴膜 重要 三个 字母 一直 可惜 国际商用机器公司
0,风扇 声音 拆卸 键盘 添加 内存 更换 硬盘 方便 装回 键盘 需要 一定 技巧 才行
0,收到 货代 看看 书页 印刷 清楚 封皮 网上 图片 一样 第二次 打开 封皮 翻开 边际 折痕 裂口 明显 封皮 纸张 质量 太差 里面 几个 没想到 当当 很多 价格 的确 实惠 质量 是否 便宜 没好
1,一些 写书人 写书 尽量 简单 事情 复杂化 唯恐 别人 读懂 唯恐 别人 不知 水平 高深莫测 一些 写书人 写书 尽量 复杂 事情 简单化 唯恐 别人 不能 其意 尽量 深入浅出 简单 说理 作为 读者 憎恨 第一种 写书人 欢迎 第二种 写书人 喜欢 第二种 写书人 整本书 看起来 流畅 舒服 受益 可能 有赖于 译者 流畅 翻译 能够 原作者 意思 能够 流畅 表达
1,一次 无意 看到 成为 段时间 每晚 睡前 必读书 书中 文字 介绍 插图 事例 分析 提示 看过 所有 书籍 最为 体现 孩子 中心 书籍 非常 班级 全体 家长 推荐 订购 一本 不仅 认为 大家 建议 孩子 家长 幼儿园 小学老师 一定 看一看 或许 帮助 大家 重新 审视 教育 观念 行为 孩子 成长 一定 相当 帮助
0,整本书 农民 暴富 害怕 别人 挤占 地位 不想 害怕 思想 暴露 明显 公平 二字来 一下 公平 不是 来用 推荐 实在 好奇心 的话 手上 这本 二手 联系
0,买回来 本想 看看 孩子 可是 刺鼻 气味 已经 熏得 头疼 一直 放着 没敢 孩子
1,海洋公园 一天 疲劳 身体 金钟 原来 以为 其实 不是 之前 打电话 问过 前台 小姐 金钟 怎么 前台 告诉 金钟 之后 知道 哪里 找到 车站 狠心 港币 到达 前台 小姐 语气 温和 速度 挺快 一切 手续 办好 之后 轻声 告诉 升级 行政 那一刻 心里 面是 狂喜 里面 不错 不是 很大 想像中 之前 已经 去过 香港 几次 窗外 民居 看到 洗手间 干净 行李 马上 下楼去 附近 还有 几家 关门 小店 十元 一碗 云吞面 香港 来说 消费 味道 白天 下去 原来 那条 菜市场 作为 主妇 顺道 对比 一下 价钱 发现 原来 物价 真的 有些 居然 一样 价钱 人家 收入 来说 这家 方面 来说 还行 不次 机会 香港 的话 选择 一家 不过 价格 偏高 一点点 或许 暑假 原因 平时 可能 一点 每天 价格 一样 有点像 海鲜
0,接口 上下 重叠 设计 过于 紧凑 设备 不可 太厚 光驱 噪音 大硬盘 噪音 磁盘 性能 最高 性能 开启 此时 噪音 可较 减小 一点 建议 西部数据 硬盘
1,套书 知道 宝宝 喜不喜欢 宝宝 一到 咕噜咕噜 转给 知道 爱不释手 不仅 天天 玩具车 书上 看着 发出 意思 大概 怎么 书上 不怎么 说话 现在 马路上 喜欢 看车 无论是 出租车 公共汽车 摩托车 小汽车 吊车 货车 手指 真是 一套 好书
1,地理位置 不错 停车场 很大 客服 专业 标准 宽带 流畅 免费 注册 网站 导航 宾馆 索引 服务 说明 关于 诚聘 英才 代理 合作 广告业务 联系
0,新乡 国家 饭店 入住 纪实 入住 第一个 电视 关不上 一直 开着 服务员 建议 空调 不行 换房 行李 跟着 三间房 烟房 有没有 无烟 服务员 告诉 烟缸 拿走 就行了 哭笑不得 晚上 餐厅 大厅 就餐 完餐 服务员 告知 最低 消费 元人 不能 理解 服务员 告知 规定 电话 投诉 后来 服务员 新来 知道
1,一下子 同事 一台 一台 不错 电池 耐用 屏幕 键盘 好用
0,闲着 无聊 一口气 读者 很想 知道 到底 写些 如何 毕淑敏 文学 修养 差得 太远 真正 文学 爱好者 此生 必定 失望 书中 所有人 对话 如出一辙 毫无 个性 绝不会 一本 流芳百世 不如 直接 几个 心理 分析 案例 还好 写成 文学作品 这么 牵强
1,经典 经典 相当 不错 每天 女儿 拿出 来看 学会 许多 生字 第一遍 当时 感情 现在 感情 希望 所有 孩子 科普 套书 一样 知识 讲得 这么 有趣 适合 孩子 心理 超赞
0,发现 屏幕 右下方 黑色 塑料 外壳 屏幕 连接点 出现 非常 严重 脱胶 现象 售后 理论 他们 责任 推给 厂商 实在 负责
1,外观设计 做工 精美 快递 速度 迅速 特别 价格 简直 无可挑剔
1,位置 单位 很近 价格 来说 性价比 大床 房元 前台 服务员 态度 硬件 一般 想想 价格 干净 床垫 子太硬 骚扰电话 这个 补充 点评 年月日 这里 能够 免费 上网 刚好 上网 加班 一晚 不错
1,老兵 应该 样子 脾气 暴躁 石光荣 性格 倔直 谷子 粗鲁 大胆 李云龙 荧幕 他们 确实 精彩 老兵 故事 三官 葛二蛋 难忘 特别 葛二蛋 简直 不知 别人 故事 反应 如何 反正 肚子 抽筋 农民 智者 典型 二流子 英雄 那个 特殊 时代 表现 另类 出色 活在 今天 他会 样子 不敢 不过 也许 英雄
0,入住 楼大床 一出 电梯 明显 地毯 散发 霉味 窗子 不能 打开 即便 蚊子 存在 恐怖 灵异 事件 入住 第一天 平安无事 第二天 凌晨 滴滴 声音 吵醒 一看 台式机 电脑自动 启动 之后 读光盘 失败 一声 过去 电源 怎么 关不上 只好 电源 可是 台式机 从来 碰过 实在 不会
0,尤其 洗手间 隔音 餐饮 服务 不好
0,网上 介绍 一看 傻眼 小孩子 孩子 合适 怎么办 客服 忙忙 怀疑 是不是 虚设 以后 网上 注意
0,适合 三岁 小孩子 儿子 已经 从会 听到 现在 绘声绘色 不错
0,强烈 推荐 标的 等到 前台 居然 预定 折腾 半天 郁闷 出差 服务态度 真的 不爽 然后 上楼 电梯 知道 怎么 坏掉 服务台 怎么办 不能 修修 冷冷的 一句 爬楼梯 可是 行李 干净 程度 一般 介绍 相差 甚远 举个 例子 浴巾 边角 一丝 一丝 非常 恶心 电视 遥控 不好 工作 需要 上网 可是 承诺 网线 的确 网线 三天 不了 电话 前台 不是 就是说 机器 今天 没法 修要 明天 要不是 为了 已经 定下 积分 早就 换掉 不爽 周边 不少 各位 住客 入住 三思 选择 那些 名气 星级 好些 补充 点评 年月日 早饭 真的 不能 还有 隔音 效果 极差 极差 上下 前后 走廊 声音 超烦 严重 影响 休息
1,月底 入住 装修 不错 点大床 居然 两张床 起来 奇怪 地理位置 不错 正对着 会展中心 湾仔 地铁站 需要 四条 马路 骆克道 酒吧 特别 九龙 的话 下楼 天星 码头 方便 每天 玩具 简单 几天 一起 很多 造型 一直 现在 知道 下次 还会 不会 餐厅 一般 价格 不如 地铁站 骆克道 或者 柯布 几家 茶餐厅 实惠 游泳池 可惜 时间 要是 晚上 夜光 的话 更好 大堂 结账 怪异 结账 取消 信用卡 授信额度 居然 小票 习惯 知道 是不是 这个 一贯 做法 香港 惯例
1,低价位 性能 需要 配置 看中 该款 商务机型 相信 做工 选择 该款
1,去年 整年 时间 阅读 职场 小说 也许 无法 戒掉 不知 芳菲 一次 回归 做出 什么样 选择 呵呵 也许 关心 情感 归属 坚强 女人 一样 需要 个人 偏向 剑客 剑客 凌远 几年 深情 不能 辜负 何不 一起 无论是 天堂 人间 希望 看到 有情人终成眷属
0,接口 只有 太少 不能 接太多外 接设备 表面 容易 留下 污垢
0,散热 加热 水杯 也许 这个 德性 重装系统 麻烦
1,散热 效果 不错 功耗 配置 运行 声音 很小 屏幕 挺舒服
1,屏幕 亮丽 上网 视频 播放 流畅 稳定 播放 外置 光驱 蓝光碟 非常 清晰 流畅 得益于 电池 保证 小时 以上 使用 时间 声音 发热量 到手 后换 硬盘 顺利 速度 比快 上购 保护膜 自贴 手忙脚乱 一块 键盘 保护膜 输出 音视
1,风格 精致 掩盖 狭小 天生 不足 有些 细节 不周到 比如 那个 烧水 电壶 塑料 味道 恐怕 合格 产品
1,服务 非常 希望 不是 正好 赶上 奥运 哪里 有人 带路 宾至如归 早餐 丰富 门口 不少 餐厅 出门 海边 风景 值得 一住
0,第一次 方便 实惠 孩子 收到 爱不释手 地读 起来 一套 好书 开心 快乐 儿童 故事 孩子 学会 个性 爱心 乐于助人 孩子
1,性价比 同类 本本 这款 高出 本本 朋友 赶快 出手
0,十一 期间 展楼 网上 四星 一看 怎么 服务员 这是 四星 大门 上用 胶纸 四颗 红五星 四星 我昏 大堂 人员 解释 迎宾馆 四星 鸿展 附楼 四星 原来如此 很大 设备 床单 不过 价钱 一天 早餐 不太好 牛奶 牛奶 餐具 不是 干净 不过 不能 小看 这家 每间房 一本 画册 上面 满是 朱容基 李鹏 经叔平 国家 政要 这里 提字 合影留念 补充 点评 年月日 停车 还要 收费 第一次 遇到
0,有些 热装 麻烦 驱动 不好 最好 买个 外壳 彩绘 保护膜
1,国际 五星级 情侣 专业 先提 一句 本来 峨眉山 大酒店 是从 峨眉山 天颐 温泉 度假 大饭店 过来 地理位置 峨眉山 山脚 旁离 客运 中心 地理位置 峨眉山 冰天雪地 下来 马上 热水澡 值得 推荐 环境 分满 标准 星级 远眺 峨眉山 环境 不错 酒店客房 酒店设施 陈旧 毕竟 开业 很久 来说 不错 服务 进门 一直 有人 拉门 前台 态度 不错 信用卡 授权 撤销 做成 消费 取消 导致 一直 成功 如此 基本功 多多 培训 免费 早餐 宴会厅 内用 早餐 比天 颐要 很多 总的来说 表现 中规中矩 四星级 稍嫌 陈旧 一些 一点 基本 只有 标准间 很少 大床 房上 体现 出来 价格 相比 性价比 不错
0,自带 系统 太臭 开机 分钟 关机 分钟 巨慢 郁闷 现在 已经 重新 买不到 无语
1,平时 用来 工作 上上网 挺不错 冗余 功能 样子 正式
1,价格 实惠 宾馆 反馈 年月日 谢谢 欢迎 再次 入住 其士 大酒店
0,指示灯 绿色 灰色 调不大 当然 这是 个人 意见 光驱 声音 很大 咣当 咣当 摄像头 非常 劣质 图像 模糊 还有 担心 外壳 容易 或者 脱漆装 系统 麻烦 体会 这么 还要 慢慢 体会
0,通过 网络 介绍 订购 几页 有种 上当 网络 介绍 大大的 言过 词书 乏味 根本 趣味性 可谈 喜爱 英语 没法 下去 别说 老人 孩子 爱读 不过 质量 不错 金玉其外 败絮 其内
1,喜歡 這家 很多年 前住 過後來 住過 其他 感覺 還是 這家 覺得 性價 不錯 尤其 勝在 周邊 環境 景美 外出 用餐 僅僅 步行 幾分鐘 還有 商業區 百佳 吉之島 方便 雖然 離大 購物區 比如 海港 城有 十元 車程 愿意 提供 免費 巴士 分鐘 一班 沙嘴 方便 還有 入住 那天 恰逢 生日 大堂 登記時 服務 生就 生日 快樂 晚上 美味 蛋糕 一支 很漂亮 的紅 玫瑰 還有 洋酒 開心 還有 那天 因為 我們 早點 我們 入住 這次 入住 沒有 滿意
0,这家 太烂 特别 服务 简直 火大 通过 预定 早餐 告知 七点钟 开始 退掉 告诉 不能 早晨 打电话 告诉 前台 查房 前台 前台 等到 再次 退房 时才 磨磨蹭蹭 打电话 几分钟 没人查 签单 时才 发现自己 名字 两个 竟然 搞反 搞不懂 实在 不敢恭维 莫名其妙 名字 后面 竟然 出现 建议 各位 不要 入住 服务 两分 是因为 餐厅 姜汤 感动 要不然 服务 肯定 一分
1,特价 买下 现在 便宜 当时 考虑 高点 总线 人家 显卡 人家 这个 相信 这个 品牌 主要 普通 办公 游戏
0,查看 点评 之后 选择 入住 天鹅 大失所望 到达 门口 行李 主动 上来 帮忙 行李 过去 行李 行李 生才 恍然大悟 推开 客房 一股 恶臭 扑鼻而来 令人作呕 陈旧 隔音 非常 不知 电机 设备 运转 声音 轰鸣 一阵 一阵 不时 重物 敲击 声音 反正 吵得 一夜 无法 入睡 第二天 早点 赶紧 起床 退房 原来 订金 打算 一天 工作 关系 经常 出差 这家 十多年 最差 简直 难以想象 挂牌 四星 硬件 设施 服务 不如 一般 招待所
1,正对 大门口 马路 隔音 不吵 卫生间 不是 设计 不太 合理 洗澡 龙头 力道 大水 身上 综合 来说
0,失望 以为 具体 朗读 根本 略略 一下 一边 失败
0,对于 有些 抵制 画面 全是 一团 糟糕 孩子
1,只用 四天 时间 读完 读书 生活 中是 很少 出版 至今 相去 九年 新鲜 从中 学到 很多 比如 国家 为什么 农产品 实行 保护价 收购 等等 当然 有些 观点 个人 认为 一定 正确 经济学家 不是 全能 全知 上帝 该书 文字 生动活泼 起来 完全 深奥 一本 真正 意义 大众 经济学 印刷 质量 几幅 蛮有意思 插图 一本 好书
1,拱北 关口 标准间 太小 豪华 大床 不错 服务
0,运输 过程 本子 左侧 一道 划痕 另外 本子 应送 原装 鼠标 垃圾 瑞星 浪费 价值 价格 优惠 反正 到期 不会 瑞星 这个 垃圾 软件 表皮 漂亮 内在 空空
1,会场 轻薄 只有 一般 一般 重量 键盘 手感 不错 键程 弹性 不错 显示屏 效果 不错 方向 不会 反光
0,为什么 英文 输入法 有些 键盘 错位 目前 正在 原因 不会 键盘
1,一直 喜欢 江南 喜欢 那澎博 文字 细腻 一直 收集 江南 这本 另外 开始 不是 喜欢 不到 以前 江南 风格 涿鹿 像是 此间 少年 缥缈 结合 四不象 可是 坚持 看到 后面 逐渐 找到 记忆 江南 喜欢 笔下 蚩尤 云锦 成狂 即使 没心 一直 云锦 留恋 尘世
1,最近 几个 朋友 自驾游 扬州 朋友 介绍 新世纪 第一 停车场 特别 同时 停放 辆车 舒适度 隔音 效果 不错 最近 重新 装修 整体 服务 到位 物有所值 晚上 用餐 正好 赶上 他们 美食节 听说 每年 几次 真的 不错
0,这么 多人 一本 十分 空洞 实质性 后悔 应该 盲目 跟风 由于 第一次 当当 书本 试验 态度 速度 不错 下单 天内 到货 卓越 一点点 快递 服务态度 一点点 唯一 快递费
0,暂时 发现 缺点 摄像头 预留 不过 摄像头 好像 几个
1,比价 相当 本本 万恶 系统
1,这次 泉州 三个 国外 客人 一起 同行 入住 大堂 水仙花 装饰 一股 清香 环境 以元 价格 入住 超值 客人 称赞 不错 每个 入住 客人 同感
1,便宜 实惠 配置 做工 还行 这么 便宜 情况 内置 无线 网卡
0,基本上 缺点 缺点 所有 缺点 为什么 不能 升级 其中 硬件 以便 做到 永远 不过 基本上 一种 梦想
1,外观 漂亮 性能 不错 运行 屏幕 超亮 第一次 别人 推荐 没想到 真的 不错
1,技术 区里 唯一 四星级 外观 不起眼 服务 不错 尤其
0,随便 封面 花哨 里面 字体 很大 差不多 极大 形容 尔尔 估计 以后 只能 当垫 桌脚 一致 以为 流行 花哨 众口一词 称赞 事物 需要 报以 最大 怀疑 谨慎 这次 理性 光芒 照耀 冲动 感性 本来 不大 添加 累赘 或者 鸡肋 当里 非常 非常 怀疑 当当 页面 假装 顾客 炒作 当然 只是 怀疑 需要 阅读 的话 建议 图书馆 借阅 买来 收藏 慢慢 吸收 阅读 毫无 必要 个人 观感 诸位 自鉴 反正 我家 桌脚
1,胡雪岩 情商 之高 胸怀 宽广 处事 磊落 无比 佩服 这是 天份 做事 天份 说话 天份 关键 那份 急智 学不来 最后 结局 只能 政治 斗争 牺牲品 不仅仅 官商 中国 商人 只要 可能 政治 划清界限 与其 利用 莫不 互相 利用 或者说 胡雪岩 恰逢 乱世 现在 和平时期 结局 一定 改写
1,第二部 星野 小说 第一部 清空 万里 这部 不是 穿越 挺不错 情节 搞笑 很多 想不到 如此 清空 万里 一点点 清空 万里 细节 个人感觉 很多 细细的 流泻 出来 一点 龙门 一点点 不过 无所谓 影响 小说 整体 要是 喜欢 清空 万里 风格 推荐 买买 这书
1,这是 物有所值 三星级 酒店设施 齐全 包括 洗浴 毛巾 吹风机 房屋 装修 服务态度 前台 微笑服务 位于 市中心 临街 喧闹 隔音 效果 不好 早餐 一般 补充 点评 年月日 房屋 价格 适中 协程 预定 价格优势 前台 价格 协程 一样
0,前天 今天 是不是 不合理 不能 说法 要不然 推掉 重买
0,条件 太差 完全 浪费 紧邻 什刹海 北海 有力 位置 或许 定位 那些 到此一游 游客 服务 方方面面 条件 相当 充其量 招待所 水平
1,老板 每次 出差 北京 这家 满意哦
1,外表 很靓 体积 小巧 用来 工作 上网 足够 性价比 女朋友 喜欢 红色 小花 希望 提供 机型
0,客服 专业知识 有待 提高 配置 说不清楚 一会儿 一会 原装 垃圾 只能 一般 电脑包 不要 原装 误导 消费者 这里 麦德龙 价格 便宜
1,这款 机软件 方面 欠缺 打了个 电话 总部 立马 驱动 发到 邮箱 之后 发现 台机 其它 方面 外观 时尚 大气 几天 加个 内存 完美 嘿嘿
0,光盘 发现 裂痕 无法 使用 联系 当当 客服 中心 申请 换货 应该 连同 一起 寄回 当当 客户部 现在 消息 当当 确认 尽快 发货
0,系统 内存 运行 有些 慢送 瑞星 杀毒 有些 鸡肋 要是 换成 其他 有用 耳机 一类 合适
1,读南 先生 如同 迷雾 行走 突然 看到 前方 光亮 远远地 牵引 心中 之一 对于 人生 对于 这个 世界 有太多 了解 套书 很多 启发 相信 每个 看过 有所 套书 很多 网上 看过 迫切 地买 一套 收藏 随时 出来 仔细 品读 个人 套书 真的 非常 值得 茫茫 书海 碰到 套书 真的 幸运
1,前台 楼层 服务员 不错 安静 整洁 交通 方便 周围 唯一 不足 卫生间 地漏 设计 不好 导致 少量 积水
1,环境 不错 我姐 她们 指定 多次 喜欢
1,套书 真的 除了 印刷 纸质 非常 之外 设定 活页 翻来翻去 表达 故事 人物 动作 故事情节 真的 非常 生动 里面 主角 河马 小猪 小老鼠 鳄鱼 深得囡 喜欢 记得 书刚 买回来 套书 大半年 边边角角 翻烂 现在 上来 负责 任地 写出 用后 其他 妈咪 参考 孩子 一岁 建议 套书
1,以前 起来 键盘 键要 好像 容易 敲更 省力 随机 不错 习惯 风范 联想 特点 中国 胜利 大气 配置 合理 高清 视频 音频 出色 送货 小伙子 可爱 建议 他们 加工资
0,内胆 由于 电池 缘故 重量 稍微 重了 一点 突出 设计 浑然一体 最大 升级 提供 空余 内存 扩展槽 升级 需要 条子 替换 自带 条子 非常 不好
1,整体 来说 比较满意 散热 噪音 不大 运行 顺畅
0,太旧 设施 洗手间 看到 蟑螂 内有 晚上 睡觉 非常
1,入住 礼宾 哪里 花盆 特别 年代 初期 田园 花盆 极为 难看 可怕 入住 门口 不管 客人 照常 做大 范围 清洁
0,最后 送到 非常 生气 一次 我订 超长 时间 送到 广州 大城市 市中心 还要 差不多 半个 送到 我生 生气
1,小巧 散热 性好 女士 轻便 公司 很多 自身 系统 赠送 内存条 稍微 暂时 发现 不过 声音 太小
1,不错 性能 外观 可观 非常 不错 只是 系统 时会 蓝屏 后来 联想 网站 找到 解决办法 硬盘 关掉 才行 记得 大家 网上
1,入住 瑞吉 红塔 服务 不到 以前 会心微笑 不过 瑞吉 红塔 游泳池 一如既往 地好
0,一本 之后 怎么 不到 适合 中国 宝宝 儿子 一点 暂时 束之高阁
1,机场 很近 分钟 不到 块钱 可是 市区 实在 太远 中间 有段 荒凉 旁边 有个 初莲花 还有 明珠 广场 环境 不错 价格 竞争力 朋友 同时 入住 房价 朋友 通过 公司 预定 房价 仅为
0,餐馆 一样 廉价 石砖 两床 之间 一块 肮脏 地毯 床上 只有 褥子 床垫 弹簧 轻重 时刻 喷头 永远 只有 两种 温度 极热 极冷 出行 方便 地点 偏颇 解放碑 打车 很多 司机 总之 糟糕透顶
0,钢琴漆 容易 刮伤 伤痕 明显 分区 的确 开关机 光驱 发出 摩擦 响声
0,喜欢 张爱玲 购齐 全集 还有 千疮百孔 只是 为了 爱玲 多一些 了解 有些 失望 莫名 悲哀 想像中 爱玲 应该 金枝玉叶 饱受 风尘 之苦 冰清玉洁 不想 碰到 胡兰成 恶俗 混世魔王 记得 看过 一本 人家 虽是 贪官 妻子 冯氏 有情 有意 有始有终 另生 一种 敬佩 爱玲 最后 漂泊 半生 郁郁而终 生不逢时
0,随着 孩子 长大 居然 孩子 最爱岁 多月 睡前 必要 孩子 喜欢 最后 一页 有时候 一下子 最后 大卫 妈妈 我爱你 宝贝女儿 抬头 我爱你
0,本来 高兴 书读 一部分 发现 里面 竟然 有页 空白 真是 没处 网上 买书 风险
1,组织 成长 角度看 四大名著 分工 西游记 草创 阶段 组织 如何 活下去 重要 三国演义 国家级 组织 如何 强大 垄断 主要 重点 如何 强大 红楼梦 家族 组织 重要 如何 保持 延续 比较而言 水浒传 组织 如何 变成 组织 难题 山头 门派 成长 要求 因此 这部 怎么 壮大 智慧 这里
0,芯变 送礼物 系统 安装 麻烦 还有 做工 两个 开关电源 无线 好像 玩具 开关 系统 不贵 完全 应该 考虑 上版 底部 指示灯 刺眼
0,硬盘 频繁 读取数据 时有 轻微 卡卡 处理器 更好 价格
0,屏幕 出色 色系 暖色调 可能 有人 习惯 设计 不太 合理 一面 并列 这个 缺点 以来 一直 没改 失望 光驱 空隙 较大
0,之后 发现 差距 重新 选择 的话 不会 变路 踏实 此书 想象
0,豪华 大床 发现 超小 隔音 不好 上个 居然 老是 一掉 一掉 半夜 点多 居然 还有 个人 自称 长沙 公安局 打进 同事 电话 来说 同事 姓名 身份证 号码 然后 同事 家里人 联系方式 典型 骗子 知道 这些 信息 怎么 泄露 出去 怀疑 这家 第天 马上 合一 国际 大酒店 那边 以前 协议 现在 不是 不过 左右 这边 好多 下次 直接 合一 交通 也好 繁华
0,改下 仔仔细细 老师 推介 以前 的确 没意思 现在 发现 风格 适合 文笔 应该
0,键盘 左边 真的 音箱 键盘 下边 声音 很小 屏幕 好像 现象 不过 静态 图片 清晰 一直 找到 哪个 软件 里面 设置 指纹
0,一套 纸盒子 同事 硬盒 包装 当当能 合理 解释
0,喜欢 毕淑敏 不过 心理 除外 知道 心理学 了解 慕名 购书 知道 上部 失望 案例 以及 人物 离奇 背离 普通 大众 生活 也许 深入 专业 描写 心理 师及 心理 咨询业 了解 一门 学科 更是 心理咨询 太远 这些 经历 平淡 思维 平庸 心理咨询 搭界 呵呵 随便 两句 完全 个人感觉
1,非常 不错 营养 食谱 宝宝 每月 需要 营养 指标 出来 参考 孩子 搭配 书中 食谱 经典 创新 宝宝 看到 每天 不同 花样 搭配 食欲 更让人 感到 还有 根据 不同 月份 宝宝 罗列 很多 亲子 游戏 一些 实用 早教 知识 贴近生活 增强 宝宝 体质 同时 懂得 如何 宝宝 互动
1,柏杨耗 心力 佳作 只是 质量 一般 盼能 改进
1,电子版 实体书 拿到 特来 评分
1,一样 一款 性价比 只有 分区 麻烦 运行 效果 不错
0,特价 相当 临近 高价 晚上 吵死 不过 背面 不错 价格 吸引力 服务员 态度 一般 入住 退房 差不多 分钟 才能 搞定
0,打字 键盘 半边 明显 下陷 屏幕 两边 漏光 时间 第六天 才能 自提
0,极大 炒作 广告 嫌疑 一句 清楚 一点 一章 阐述 全书 意思 做事 考虑 公平 建议 不买
0,质量 不错 不会 系统 朋友 一定 注意 不好 尽量
1,早餐 丰富 服务 热情 早上 很早 退房 前台 值此 人员 办理手续 非常
1,书里 每个 故事 给人以 感动 是否 触痛 因人而异 里面 故事 大多数 存在 通过 了解 别人 经历 相信 帮助 很大 爱情 艺术 更好 了解 爱情 本人 喜欢 意林 记得 第一次 是因为 高三 语文 老师 推荐 此后 喜欢 距今 几乎 每期 意林 杂志社 打电话 然后 他们 推荐 呵呵 真心 希望 意林越 办越
1,好孩子 成功 来自 妈妈 改变 非常 赞同 一些 观点 其中 感触 对于 孩子 来说 学习成绩 不是 重要 关键 基本 能力 培养 一点 家长 一定 有远见 教育 孩子 最好 方法 在生活中 学习 关于 孩子 独立性 培养 其中 一些 例子 值得 家长 借鉴 对于 孩子 既要 充分 自由 一些 必要 规定 一旦 制定 规矩 一定 不要 破例 这点 深有感触
1,升级 韩式 进门 脱鞋 只有 两个 床垫 有些 简陋 卫生间 冲洗 装置 不错
0,唯一 收获 告诉 爱惜 身体 早已 知道
0,不错 收到 一套 第六 本有 两本 第五 当当 换货 来回 好些 日子 后来 礼品券 作为 补偿 现在 过去 几天 见到 当当 答复 没收 礼品券 还有 朋友 小孩 一份 作为 新年礼物 今天 发出 投诉 回复 当真 垃圾 有理
0,一个月 内住 四次 认识 前台 几个 每次 入住 前台 无论 男女 低着头 冷冰冰 甚至 你好 不知 他们 干什么 唯一 一家 结帐 从不 欢迎 下次 光临 曾经 观察 分钟 期间 结帐 几位 最后 一句 大多 看着 客人 只是 整理 手上 另外 昏暗 压抑
0,稍微 重了 一些 钢琴漆 顶盖 容易 指纹 电源适配器 使用 一段时间 之后 烫手
0,可惜 不能 提供 驱动 重装系统 麻烦
0,这是 一本 别人 漏沟 非常 后悔 这么 一本 毫无 看头 大家 上当
1,入住 感想 如下 不到 星级宾馆 总体水平 只能 星级 房价 中州 皇冠 便宜 左右 所有 硬件 软件 不及 中州 皇冠
1,地理位置 非常 高级 商务 非常 门童 服务生 非常 热情 还有 免费 水果 地毯 装修 有些 陈旧
1,屏幕 玩游戏 或是 浏览 网页 字体 小看 费劲
0,昨天 兴奋 地写 今天 便遇 一闹 心事 套书 推荐 很多 朋友 朋友 网上 前天 购了 三套 送货 挺快 三本 为什么 一张 订单 货不全 已发 退货 申请 不知 能否 其实 不想 全可 打电话 询问 两次 一次 订单 一次 答复 没货别 订单 怎么办 当当 上物 多次 遇到 情况 答复 是因为 网页 更新 怎么 这么
1,门童 好像 不错 其他 记得 晚上 睡得
1,中国 之声 今晚 听友 听到 老师 一次 节目 立即 此书 可是 问遍 所有 书店 竟然 于是 只好 试一试 态度 第一次 网上 购书 希望 今天 书来 当然 指当 服务 价格 质量 同时 几篇 三个 太棒了 今后 当当 购书
0,操作系统 安装 麻烦 现在 还装 上去 指点
1,常常 聪明 智慧 相比 喜欢 智慧 担是 拉拉 之后 聪明 女子 更让人 怜惜 不可否认 这是 一本 好书 一年 朋友 发了 一本 电子 下去 这次 当当 之后 两天 吸引 对于 那些 向往 外企 来说 一本 不错 指南 对于 那些 聪明 女子 来说 更是 完美 人生 向导 适合 珍藏 细读 推荐
1,设施 总的来说 满意 周围 方便 楼下 隔壁 商场
0,一般 真的 一般 早餐 办公楼 很杂 宾馆 反馈 年月日 个人 喜好 而定 可能 喜欢 客房 类型 关于 办公楼 大厦 办公 比例 很小 不到 希望 给予 谅解 支持
1,应该 算是 阳朔 最好 西街 头上 距离 汽车站 地段 里面 闹重 取静 一大 亮点 不过 阳朔 毕竟 设施 应该 不到 四星级 标准
1,同时 对照 统编 教材 还有 一本 测试 题库 配合 使用 强化 测试题 偏向 讲解 总结 喜欢 系列 出题 概要 不仅 提示性 还有 重点 标识 知识点 省去 很多 自我 规划 时间
1,不是 费太多 两本书 只是 大三 学生 拉拉 身上 看到 影子 书本 感慨 长大 后话 越累 每句话 听到 琢磨 琢磨 后面 意思 每句话 必须 思考 结论 免责 成为 头等大事 纵然 经理 拉拉 面对 苍凉 现实 无论是 第一部 第二部 交代 王伟 最后 结局 不管 怎么样 依然 期望
1,正品 包装 开封 上次 手机 包装 打开 运行 速度 散热 包包 内存条 附送 内存条 运行 速度 很多
1,显示屏 坏点 亮点 完美 屏幕 键盘 按键 挺舒服 空格键 异样 声音 散热 机器 散热 键盘 上面 不太 硬盘 下面 光驱 读盘 能力 用来 放版 关于 屏幕 还要 颜色 鲜艳 真的 不错 摄像头 摄像头 清晰
1,地点 不错 客运站 饭店 大约 柜台 小姐 先生 服务 更是 优乾净 整洁 舒服 一晚 价格 划算 不过 早餐 下次 泉州 还会
1,当初 是因为 好奇 是因为 做广告 希望 里面 来看 完后 说实话 开始 感想 其他 任何 一本 言情小说 玄幻 小说 一类 想想 书写 幸运 对于 女主人 幸运 不是 所有 朋友 城市 青梅竹马 朋友 长久 身边 陪伴 偶尔 他们 电话 短信 就要 痛哭 零涕
1,位置 非常 客人 每次 点名 入住 只是 知道 为什么 每次 前台 为了 吸烟区 吸烟区 糨糊 即便 预定 已经 强调 得到 确认 前台 试探 换成 吸烟区 无烟 处理 真真 打败
1,喜欢 手感 不错 送货 很快 下单 手上 小时 不到 散热 不错
0,很小 三角形 卫生间 设施 陈旧 低档 服务态度 服务员 敲门 高利贷 索帐 一床 拿来 竟然 被罩 粘满 头发 令人作呕 想起 索要 袋子 竟然 后来 用过 塑料袋 邻街 服务员 说明 竟然 慢慢 不是 便宜 自然 便宜 房价 打折 服务 一定 不能 打折 下次 郑州 一定 不会 入住 以上 言论 代表 个人观点 针对 第三方 携程网 服务 比较满意
1,很漂亮 外观 性价比 不错 功能 简单 适合 出差 外出 携带 摄象头 满足 基本 需求 对于 不是 要求 来说 值得 满足 一般 上网 需求
1,邻近 山脚 空气清新 闹市 取静 之处 清早 起床 看着 窗外 真有 临近 香港 附近 最长 电梯 往来 中环 尤其 夜晚 取阶 漫步 前往 兰桂枋 一路上 异国情调 各式 餐厅 酒巴 喜欢 小资 朋友 非常 喜欢 缺点 交通不便 其中 一次 返回 时害 步行 半个 小时 东问西 回到 住处 进出 方便 交通工具 出租 接待 服务
1,位置 非常 烟台 山东 炮台 张裕 葡萄酒 博物馆 非常 海边 步行街 很漂亮 音乐 喷泉 不错 缺点 商务 标间 中央空调 风机 盘管 保温 不好 导致 结露 发霉 另外 免费 提供 拖鞋 沾水 后极
1,主流 配置 频率 略高于 其他 蓝牙 摄像头 读卡器 外观 很漂亮 价格 联想 便宜
0,之前 看到 很多 兴冲冲 非常 失望 炒作 成分 实用 吹嘘 故事 这书 一半 出来 建议 网上 看看 博客
1,我订 不错 两晚 以前 政府 接待 宾馆 方面 差不多 不算 不是 舒服 宾馆 周围 繁华 应该 商业区
0,语言 空洞 情节 离谱 震撼 这个 人太 倒霉 发掘 内涵 整本书 写得 精彩 部分 可能
0,不带 正版 系统 改装 售后 帮忙 重装 体统 块钱 电脑城 商家 商家 特工 那个 商家 技术部 小时 装上 所有 驱动 电量 大概 小时
1,喜欢 傅佩荣 叙事 风格 随意 最起码 对于 一些 深奥 理论 不会 失去 兴趣 避免 国内 为了 学术研究 评定职称 故作 深奥 一点 喜欢 傅佩荣 哲学 重在 思辨 反省 分析 提到 有关 大陆 哲学 眼光 丢掉 要么 笼统 几亿 怎么 怎么样 要么 在表面上 呵呵 百川归海 有容乃大 大陆 许多 另外 西哲 神秘 喜欢
0,好久 起来 记得 火车站 超级 不过 方便 同时 必然 韩日 旅游团 这里 很多 前台 服务 冷淡 两个 人住 标准间 一张 房卡 挑衅 心情 宾馆 反馈 年月日 针对 客人 提出 现已 认真 整改 希望 一位 入住 渤海 明珠 高兴 入住 满意
0,这次 豪华 最好 进入 发现 只有 平方米 原来 客房 分割 两个 两件 共用 只有 一半 隔音 可言 十分 拥挤 简陋 水要 分钟 起来 空调 温度 不能自己 控制 非常 无理 价格 讯问 服务员 是否 回答 传家 商旅 喜欢 套间 那个 结帐 换成 借记卡 结算 回答 原来 授权 办法 取消 只能 扣款 完成 扣下 不能 还给 他们 办法 传家 咋象 黑店 一样 罢了 罢了 原来 传家 作为 常住 谢谢 只是 一晚 明白 值得 开心 传家 常住 名单 删除 同时 建议 这个 删除 补充 点评 年月日 补充 一点 这个 很矮 地上 一样 非常 睡上去 象是 坑里
0,有些 失望 想象 适合 幼儿园 孩子 阅读 对于 小学生 不是太好
1,不错 外观设计 做工 精美 质量 可靠 送货 速度 很快 质量 放心 多大 包装 不错 发货 速度 基本 当天 发货 刚用 不错 想象 中要
1,大学 二年级 英语 阅读 中有 一篇 课文 节选自 英文原版 当时 以后 非常 认同 观点 并且 开始 下决心 孩子 一定 坚持 朗读 现在 马上 妈妈 希望 宝宝 出生 之前 好好学习 一下 朗读 方面 知识 今后 做好 准备 希望 爸爸妈妈 加入 孩子 朗读 队伍 一起 宝宝 朗读
1,便携 配置 主流 做工 不错 档次 一款 本本 一直 喜欢 终于 到手 喜欢 赠品 超值 内存 硬盘 应用 本本 不然 系统 传说 不好 个别 设计 不错 散热
0,承认 此次 预定 交涉 解决 补充 点评 年月日 明明 入住 窗房 勉强 星级 别的 标准 不如 如加 快捷
1,性价比 外观 看看 价格 毕竟 机器 同样 配置 机器 早就 超出 购机 预算 老祖宗 一分钱 一分货 只要 皮实 出现 对得起 这个 价格 外观设计 非常 与众不同 机身 中央 镶嵌 设计 小资 情调 配合 机身 润泽 钢琴 整体 外观 细腻 精巧 爱不释手
1,贝贝熊 系列 儿子 喜欢 一套 没上 小学 每天晚上 睡觉 总要 我重 重复 复地 前面 几集 小学 余下 所有 故事 每星期 学校 要求 读书笔记 读学 理解 故事 含义 然后 抄下 好词 好句 写下 简单 心得 每星期 读书笔记 得到 老师 赞扬 从中 明白 不少 生活 道理 常常 活学活用 搬来 讲道理
0,已经 付款 多星期 没收 怎么办 小心 收货 确认 留言 投诉 人理 呜呜
0,机器 沉用 起来 习惯 系统 音频 插口 前侧 二个 鼠标 手靠 太近
1,服务 不错 本来 我订 标间 之后 要求 换成 大床 爽快 调换 其他 方面 服务 到位 每天 报纸 水果 咖啡茶 免费 供应 地理位置 市中心 价格 由于 别的 价格 不加 来说 这次 满意
0,屏幕 反光 历害 镜面 缺德 办法 一圈 发现 只有 系统 有款 普屏 太贵
1,自强 广州 汤王 北方 来到 南方 以前 知道 呵呵 完书 知道 不愧 名人 看来 选择 确实 价值 对于 南北 差异 身体 有些 不适 随着 时间推移 效果 慢慢 看到 经得起 考验 中草药 日常 饮食 进行 融合 日常生活 紧密联系 健康 生活 越来越 喜欢 广州 文化 呵呵
0,材质 一般 模具 一般 算不上 精致 不算 粗糙 一般般 芯片 内存 耿耿于怀 声卡 调制解调器 一代 补丁 否则 怎么 驱动 起来
1,知道 秘密 有没有 采访 时间 来看 应该 了解 宇宙 秘密 万物 一物 想要 某种 整个 宇宙 合力 实现 愿望 初读 以为 一本 壹千零 一夜 某个 神话 寻宝 故事 其实 书中 故事 寓意 深刻 非常 耐人寻味 对于 了解 人生意义 追求 自由 快乐 人生 读者 不会 失望 冲动 很想 立刻 两年
1,介绍 教育 方法 非常 操作性 施展 魔法 一样 神奇 原来 宝宝 弹琴 调皮 生气 委屈 后来 变得 不肯 弹琴 方法 现在 两个 愉快 进步 很大 家人 看到 纸条 几乎 走不动 上面 三条 办法 扔掉 弹琴 乱弹琴 当然 引导 划掉 留下 那条 建议 每天 一次 好好
1,平凡 记录 平凡 费德勒 有过 辉煌 有过 失落 欢笑 泪水 相信 路途 依然 精彩 精彩 精彩 完美 在于 追求 完美 过去 喜欢 现在 喜欢 将来 一直 喜欢 这么 创造 完美 多少 多少 付出 多少 收获 多少 继续 完整 人生 更加 美丽 依旧 支持 默默 注视 怎样 打出 完美 比赛 画出 完美 人生
1,机器 轻是 内存 音箱 音质 一般 呵呵 原来 系统 回来 直接 速度 不错 配置
0,这么 平庸 作品 怎么 炒得 这么 火爆 职场 小说 出现 不久 已经 中国 快字 出现 死亡 为什么 中国 羊性 这么 阅读 能力 教育 完全 学历 缺乏 起码 阅读 能力 另外 中国 多年 中央 专制 统治 个性 全部 杀光 缺乏 主见 顺民 后代
1,规范 植得 一住 餐厅 一般 应该 知道 为什么 宾馆 反馈 年月日 餐厅 现已 重新 装修 用餐 环境 以前 谢谢您 宝贵意见
1,白色 很漂亮 做工 容易 下个 直接 安装 驱动 只有 无线 上网 下载
0,是因为 大家 买回来 几十页 浅显 道理 相信 做到 里面 所有 吸引 我读 下去 大概 适合 初中生 看吧 阅读 质量 要求 不高 随便 翻翻
0,入住 楼房 极差 当天 晚上 前台 服务 人手 不够 服务员 前面 两个 入住 客户 足足 办理 入住 手续 居然 附赠 不过 后来 服务员 过来 最糟 清洁 床单 被单 留下 疑似 月经 精液 前者 明显 看到 红色 区块 后者 一块块 不规则 区块 恶心 唯一 服务员 来换 床单 被单 手脚 很快 态度 亲切 其实 当天 服务员 抱怨 这个 状况 服务员 反应 服务员 看到 一块块 一脸 尴尬 满口 抱歉 长城 希望 有星 以上 水准 宾馆 反馈 年月日 尊敬 宾客 您好 感谢您 选择 入住 入住 期间 遇到 情况 深表歉意 反映 前台 人手不足 客房 卫生 不尽人意 管理层 非常重视 要求 相关 部门 合理 调配 前台 员工 工作 时间 客房 卫生 方面 责令 相关 部门 对布草 洗涤 质量 严格把关 加强 员工 工作 责任心 最后 感谢您 提出 宝贵意见 一定 积极 改善 全新 面貌 迎接 再次 光临
0,原著 译成 中文 只不过 一套 一般 知道 为什么 多人 说好 这些
1,闺蜜 总是 半夜三更 诉苦 十分想念 某某某 甚至 想得 废寝忘食 那个 呵护 备至 星星 星星 月亮 月亮 三天两头 失踪 如今 人家 女朋友 要死要活 犯贱 得不到 更加 米娜姐 一样 多事 麻烦 不爱 按个 手机号码 费力 决定 看看 觉悟 阴暗 心里 重见 阳光
1,第个 第一个 第一代 不要 移动 办公 经常 出差 最好 选择 华硕 品质 其他 国产 贴牌 上网 无法 物美价廉
1,性价比 收购 贵族 机子 变成 大众 机子 大家 过把瘾
1,个人 喜欢 书中 主人公 京腔 浓厚 说话 方式 佩服 那些 经典台词 作为 休闲 读物 绝对 整本书 算是 一种 轻松 方式 从头至尾 缓缓 只是 最后 安排 一点 小小的 意外 男主角 不告而别 当然 最终 结局 喜局 可是 一点点 牵强 可能 开始 喜欢 男主角 个人 希望 这个 人物 描写 丰富 同时 喜欢 简单 男主角 矛盾
1,轻巧 电池 强劲 键盘 尺寸 打字 吃力 能够 性能 不错 摄像头 垃圾
0,到手 由于 书脊 完全 断裂 生气 大大 影响 读书 心情 知道 损坏 程度 怎么 发货 顾客
1,外形 简约 性能 强劲 能够 满足 多数 办公 影音 娱乐 需求 系统 很快 注意 网卡 安装 其他 驱动程序 安装 方法 不同 需要 注意
1,儿子 回家 出来 一起 小家伙 厉害 不起眼 物品 找到 一下 找到 真的 别太 低估 小孩 能力 这下 来劲 兴奋 他念要 下个月 四岁 识字 吃饭 舍得 放下 看到 儿子 这么 喜欢 开心 其实 喜欢 晚上 儿子 睡着 一会 儿子 一起 甜蜜 一起 一起 一起
0,东方 路上 周围 没什么 餐馆 吃饭
0,论语 心得 易中天 作序 强力 推荐 首先 易中天 并非 真想 这部 作序 篇文章 丝毫 不出 这部 书有 赞叹 仅仅 不好 推脱 毕竟 同一 节目 起家 其次 表面 论语 心得 仅仅 论语 引子 一些 无关痛痒 的话 还有 不怎么 符合 主题 故事 穿插 其中 挂羊头卖狗肉 嫌疑 节目 发挥 不错 教授 生涯 必备 本领 旁征博引 论语 发挥 足够 吸引 真正 拿到 推敲 的话 实在 经不起 琢磨 大家 细细品味 一下 反正 好多 故事 网上 看过 主题 意旨 大体 知道 可是 同志 论语 心得 似乎 主题 相差 甚远 一点 肯定 论语 平民化 关注 一点 百家讲坛 宗旨 一致 既然 心得 无可厚非 不是 非要 论语 一句 一句 翻译 晦涩 专业 论文 百姓 没法 沟通 论语 心得 浅显易懂 贴近 大众 最大 成就 可能 这里 教授 有时 忽悠 大家 批判 接受
1,杜比 认证 音箱 不错 一直 以为 本本 音箱 收货 下载 一段 变形金刚 高清 预告片 效果 本本 而言 相当 不错 屏幕 效果 不错 亮度 好像 均匀 一点
1,包容 一种 修养 一种 成熟 修养 表现 出来 不是 软弱 相反 力量 魅力 目光 胸怀 对于 人性 深度 理解 对于 利益 整体 把握 对于 个性 充分 尊重 对于 共存 原则 贯彻 实施 包容 一种 整体观念 一种 高瞻远瞩 试想 成熟 怎会 耍无赖 小孩 面前 耍无赖 试想 君子 小人 伎俩 面前 怎会 计较 值得 一读
0,缺点 电池 不够 强大 内存 还有 无线网络 开关 麻烦
1,材质 重量 不重 难关 适合 女生 小巧 键盘 很大 电池 耐用
0,通过 预订 单间 前台 告诉 我订 单间 标房 强烈 交涉 单间 里面 设施 极差 一进 房门 浓重 烟味 臭味 电视 遥控 被子 超级 不得不 空调 最大 柜子 塞满 枕头 被子 洗手间 下水 不畅 洗个 地上 唯一 值得一提的是 早点 不错 总结 如下 预订 已经 预订 单间 变成 单间 标房 条件 根本 符合 三星级 标准 建议 入住
1,朋友 订过 大家 反映 不错 住宿 条件 满好 房价 早餐 品种 丰富 中午 自助 相当 便宜 建议 机会 尝尝 下次 会住
0,六心 电池 装在 后面 突出 一大块 影响 美观 速度慢 机器 放歌 停顿 停顿 重量 一般 上网 本重 触摸板 鼠标 反应 不灵敏 区域 太小
0,干净 设施 陈旧 以后 不会 再住 格林豪 如家
0,太小 拿到 手里 失望 以为 多么 精致 真的 适合 小孩 很小 孩子 看不懂 不是 大人 小孩子 应该 精致 一点 价钱 不太值
0,所有 观点 泛泛而谈 点到 即止 实际 效用 失望 任何 受过 教育 女性 来说 作用
0,来说 真的 不怎么样 首先 空调 其次 窗户 漏风 晚上 非常 睡觉时 只能 脑袋 一起 放进 被卧 差劲 再有 机会 丹东 绝对 不住
1,各大 书店 看到 过金波 老师 名字 一直 看过 故事 这次 主要 认为 必要 培养 孩子 丰富 语言表达 能力 买回来 以后 发现 大人 回忆 童年 梦想 读诗 需要 放松 心情 放平 心境 焦躁 平静下来 非常 决定 每天 早上 起来 一首 一天 心平气和 不要 各种 琐事 烦躁
0,很小 小区 马路 大约 分钟 淋浴 特别 满意 竟然 不能 延迟 至点 退房 只能 否则 加收 半天 房费 在外 吃饭 中午 要小休 一会 朋友 注意 现在 延迟 退房 遇到 遇到 第一家
0,本来 以为 搞笑 漫画 网上 人气 一连 三本 没想到 只是 生活 日记 似的 一些 生活 事情 语言 一般 可能 翻译 缘故 总之 个人 无聊 呵呵 应该 适合 小女生 看吧 呵呵 本人 男性
1,天府 丽都 喜来登 饭店 不错 价格 实惠 硬件 绝对 五星 标准 环境 服务 到位 入住 一次 寄存 行李 友好 位置 靠近 人民广场 绝对 黄金地段 门口 那条 单行线 这个 大家 注意
1,待机时间 小时 左右 重量轻 左右 出差 方便 这个 配置 基本 办公 听听 音乐 看看 电影 上网 基本 设备 摄像头 麦克风 喇叭 有线 无线 上网 蓝牙 够用
0,介绍 此书 弥补 英文 一点 翻译 陋习 显然 粗看 此书 对于 读完 高中英语 人们 来说 此书 太浅 里面 例子 图片 貌似 网上 截图 另外 一大堆 这本 质量 书脊 压坏 申请 换书 居然 麻烦 发指 可笑 申请 退书 居然 简单 抓狂 静静的 等待 退书
1,一口气 生活 如此 跌宕起伏 一张 平步青云 位置 一下子 跌入 谷底 以前 所作 努力 付诸东流 其中 除了 销售 技巧 人脉 包含 很多 运气 成分 好好 把握 机会 不仅 适合 阅读 其他 工作 职位 受益匪浅 尤其 对于 刚刚 步入 职场 学生 或许 职场 有个 感性 认识
1,这篇 小说 越写 后面 前面 舒服 前面 味道 后面 出来 厉择良 写意 面前 应该 矛盾 心里 其实 带给 很大 自卑 至少 写意 这么 矛盾 行为 当厉择 良想 床上 起来 时侧 眼看 一边 被迫 卸下来 假肢 面色 一凉 下去 这里 难过 厉择良 写意 面前 坦然 露出 这条 需要 不是 一般 勇气
0,预留 摄像头 位置 键盘 缝隙 送货 地址 不到 没个 电话 打电话 更改 地址 服务 意识 有待 提高 更改 地址 送货 速度 很快
1,不错 漆面 漂亮 机器运行 稳定 速度 不错 漆面 漂亮 机器运行 稳定 速度 不错 漆面 漂亮 机器运行 稳定 速度 不错 漆面 漂亮 机器运行 稳定 速度 不错 漆面 漂亮 机器运行 稳定 速度 不错 漆面 漂亮 机器运行 稳定 速度 不错 漆面 漂亮 机器运行 稳定 速度 不错 漆面 漂亮 机器运行 稳定 速度
0,这家 客人 价格 歧视 建议 大家 入住 入住 当然 入住 通过 预定 价格 元天 入住 当天 前台 天拉 信用卡 授权 下午 结帐 离店 前台 接待 按照 元天 价格 结帐 其间 任何人 通知 理由 这个 价格 恰好 结帐 前有 客人 入住 前台 价格 元天 火车 无奈 之下 按照 元天 结帐 鄙视 逻辑关系 混乱 前台 你们 房价 难道 制定
0,酒店设施 简单 只住 一晚 交通 便利 整体 应该 是因为 原因 下次 另外 一家 不想 没什么 值得 留恋 网线
1,其实 非常感谢 从来 见过面 老师 真的 值得 推荐 考研 学子 本人 大学 里面 老师 真的 很棒 希望 通过 努力实现 梦想
0,重来 碰到 态度 如此 恶劣 前台 星期五 晚上 预定 临时 增加 询问 前台 一位 男服务员 回答 价格 必须 散客 价格 入住 再定 就算 团队 前台 告诉 已经 不能 预定 为什么 这个 前台 服务员 居然 理睬 眼睛 抬起 来看 一眼 不行 按规定 自顾自 操作 前面 预定 不管 几遍 照样 眼睛 抬起 来看 一眼 从史 自终 一直 钱样 最后 惹火 其中 几人后 居然 回答 退而求其次 问加床 居然 碰到 宾馆 不能 加床 最后 只能 大家 挤挤 如此 素质 怎么 担任 前台 工作 后面 心情 自然 不言而喻 价格 便宜 普通 经济型 旅店 没什么 特色 价格比 上海 同等 要不是 预定 别的 宾馆 根本 不会 选择 这家 补充 点评 年月日 另外 这个 配套 设施 简直 到极点 棋牌室 居然 桌子 放在 很小 一间 里面 自动 麻将桌 只有 其它 设施 至于 服务态度 解释 前台 新来 传统意义 招待所 很多
1,送货 下单 第二天 下午 送到 应该 拆过 特意 连个 指印 还好 台式机 开机 时慢 很多 包包 喜欢 好多 小包 有趣
1,先說 品質 挑剔 正文 排版 舒服 現在 東西 感覺 張小嫻 洞察力 很強 很多 情感 問題 生活 問題 簡單 透徹 每次 文字 一種 恍然大悟 感覺 不錯 不錯 覺得 面關 一些 心理 方面 成份 蠻大 分析 雙方 心理 需求 或者 通過 這樣 方式 讀者 折服
0,地理位置 偏僻 不过 穿过 两条 马路 石老人 沙滩 前台 客人 怠慢 特别 女服务员 脸上 几乎 表情 客人 询问 或者 要求 理睬 或者 就是说 不好 男服务员 热情 这个 后面 我会 提到 设施 一般 我定 豪华 基本 符合 四星 要求 大床 舒服 房间内 很多 物品 需要 付费 才能 享用 好多 介绍书 韩文 标注 韩国 中文 标注 字体 明显 地址 偏远 附近 饭店 饭店 装修 只有 咖啡厅 韩国 餐厅 营业 中餐 很难 询问 前台 服务员 整个 一热脸 屁股 不理 样子 晚上 朋友 吃海鲜 半夜 两点 两人 上吐下泻 服务员 止泻 热水 过来 不错 很快 送来 早上 五点 难受 下午 赶回 飞机 打算 医院 看看 尽快 止泻 前台 个人 一起 前台 经理 态度 不错 等到 一刻 告知 交接班 晚班 回去 休息 早班 说实话 特别 累拉 晚上 当时 肚子 麻烦 别人 上楼去 休息 点钟 晚上 前胸 后背 餐厅 只有 自助餐 一点 油腻 胃口 于是 虚弱 身子 询问 哪有 喝粥 二楼 一楼 一楼 二楼 询问 无数遍 上下 三四次 终于 得知 咖啡厅 两份 白粥 告知 一小 配菜 切片 面包 元片 外加 服务费 两碗 白粥 六片 面包 总共 妈妈 开始 热切 怀念 之前 两天 太平 角如家 自主 早餐 完餐 送餐 服务 先回 休息 服务员 过来 可怜 老妈 脸色 蜡黄 要命 止泻药 之前 早饭 后来 老妈 忍不住 餐厅 打电话 翻遍 房间内 说明 找到 餐厅 电话 老妈 只好 亲自 下楼去 告知 漫长 等待 终于 端来 热腾腾 白粥 面包 那个 激动 终于 吃得了 后来 情况 服务生 身体 情况 应该 医院 领导 一下 感动 说实话 以后 这个 服务生 热情 后来 直到 退房 电话 房费 服务 不到 这个 价格 之前 入住 如家元 房费 享受 星级 服务 设施 固然 吸引 不少 客人 发自内心 微笑 真诚 服务 客人 在乎
0,这是 第一次 这家 位置 肯定 开业 已经 一段 装修 旧办 入住 手续 进入 状况 不好 决定 半天 房租 另外 其它
1,突出 节能 电池 续航 时间 小巧 精制 真是 十分 不错 上网 本本
0,停水 一次 突发事件 态度 相当 恶劣 第二天 送上 两只 香蕉 两只 苹果 果篮 作为 道歉 建议 不要 选择 电梯 附近 门口 服务 电话 隔音 很差 早餐 两个 只能 打分 出租车 现叫 走廊 服务 电话机 很脏
1,一般 隔音 不是 地理位置 不错 江边 靠江 开穿 远眺 看见 大佛 服务态度 餐厅 前台 很多 早餐 品种
1,环境 安静 火车站 布置 不错 早餐 中餐 为主 丰富 下次 接着
1,价廉物美 这个 配置 很多 上网 朋友 说值 驱动 上官 下载安装 过程 顺利 运行 非常 流畅 安装 常用软件 仍然 保持良好 性能
0,强烈 推荐 马路 特别 单人间 整个 除了 凌晨 点到点 安静 以外 其他 时间 刺耳 噪音 挂星 有星 最差 服务 以后 不会 入住
0,装订 拿到 一天 裂成 好几份 仔细 一看 这书 立面 长条 胶状 所有 书页 这层 胶粘 容易 分裂
0,环境 非常 隔音 舒服
0,电源适配器 太热 出风口 烤鸭 驱动 太难 温度 低于 一般 维持 左右 玩游戏
0,初五 这么 暖气 热水 预定 前台 收到 总之 业余
1,外观 不错 颜色 喜欢 散热 效果 一天 电池 这里 一点点 偏高 同事 那台 联想 散热 差一点 键盘 按键 挺软
0,不知 怎么 韩国 热销 无聊 要命 空荡荡 几页 不下 明明 很大
0,普通 励志书 满大街 那种 美丽 包装 小时 左右 没什么 现在 后悔
1,真的 不错 儿子 开始 担心 近页 不会 太长 担心 坐不住 念完 一本 一本 晚上 读完 本时 首先 受不了 有意思 经常 咯咯 直笑 有时 紧张 不行 推荐 同事 女儿 能够 阅读 非常 喜欢 难怪 几周 销售 冠军
1,最大 优点 所有 儿歌 顺口 不是 很长 一般 一两遍 背下来 毕竟 宝宝 儿歌 一边 还要 一边 现实 还有 这些 儿歌 一定 教育 意义 听得 宝宝 行为习惯 一定 好处 缺点 纸质 不怎么 宝宝 半岁 手里 一下 撕烂
0,个人 此书 一般 从中 得到 有益 启迪 翻译 理解 有时候 知道 到底 父母 什么样 建议
1,今天 收到 应该 不错 先不枉 一段时间 发表 使用 情况 心得 体验 大家 提供 参考
1,高端 一款 机器 以前 卖场 出来 以后 这个 降价 大家 反应 这款 性能 不错 镁铝合金 防滚架 对于 价钱 来讲 确实 无敌
1,三本 女儿 刚看 二本 生物 文明 女儿 特别 喜欢 生物 版中 关于 恐龙 史前 人类 拿到 生物 第一个 晚上 小时 现在 正在 阅读 文明 英法 百年战争 黑死病 兴趣 多多 整个 文明 而言 主要 涉及 世界 发展史 中国 方面 涉及 目前 看到 关于 孔子 兵马俑 中国 古代 一些 知识 过瘾 图画 不是 精美 朋友 孩子 看到 科技 直觉 认为 画太 难看
1,环境 不错 交通 便利 服务 不错 下次 还会 考虑
1,这是 这个 系列 第二 第一部 作品 迫不及待 同样 晚上 整本书 一口气 完才 罢手 中国 地大物博 悠久 历史 使书中 各种 探险 可能 存在 加深 可看性 甚至 年轻 也许 追随 他们 一起 云游 四海 盗墓贼 出发点 不好 盗亦有道 那些 讲究 门派 规矩 盗贼 帮助 那些 深埋在 地下 历史 遗迹 重见光明
1,每次 这里 尤其 餐厅 流连忘返
0,散热 不太好 显卡 驱动 太难 型号 怎么 对不上 上面 英文 网站 显卡 驱动 红警 知道 为什么 魔兽 还行 告诉 为什么
0,系统 方便 提供 驱动 网卡 驱动 不是 顺利 电源 发现 不了 网卡 电池 发现 硬件 网卡 驱动 诡异
1,服务
0,明明 缺货 显示 没货 通知 一声 收货 时才 知道 这个 当当 喜欢 骗人
1,外观 时尚 使用 三天 全天 开机 工作 测试 四天 正常 使用 出现 第一步 已经 通过 估计 不会 呵呵
1,引人 深悟 柏杨 老师 应该 来说 客观 有些 认同 或者 强烈 批判 也许 是因为 语言 有些 过激 尖锐 总是 埋怨 或许 自满 不知 这个 功夫 从来不 知道 自省 身为 指责 对象 应该 好好 想想 是不是 是不是 别人 指责 或者说 柏杨 老师 那年 冤狱 有些 愤慨 同时 唤醒 内心深处 某种
0,之前 看到 有人 讲刚 拿到 本本 键盘 出现 总想 个别现象 于是 不幸 拿到 键盘 本本 联系 售后 键盘 根本 不理 购物 愉快 生产
0,不好 实际 公寓 租房 形式 公寓 一层 不是 好找 味道 脏西西 估计 卫生 人员 勤于 打扫 出来 模仿 情人 商务酒店 简单 不过 两个 细节 太差
1,悦华 通过 泉州 其实 泉酒 整体 比悦华 大气 装修 讲究 唯一 不过 悦华 服务 早餐
0,可能 遇到 极个别 案例 机器 开机 白屏 任何 显示 更加 出现 华硕 提货 当天 送回 要求 退货 事件 正在 处理
0,第一次 这里 之前 同事 应该 没想到 门童 非常 主动 门口 几个 门童 保安 聊天 不理 客人 大马路 上去 拦车 可恶 拦到 之后 门童 居然 门口 跑过来 前面 客户 眼睁睁 看着 引到 老外 面前 我快 气疯 游泳池 一般 旁边 按摩 看着 很脏 不能 更衣室 那个 送餐 供选择 非常少 第二天 清洁 客房 用过 餐具 居然 收走 上网 网线 有人 来换 背面 本来 应该 安静 偏巧 后面 工地 半夜 不休 晚上 两点 还有 打桩机 勤奋工作 几乎 隔音 两个 晚上 捂着 耳朵 半夜 十一点半 突然 服务员 门铃 赶紧 套上 衣服 开门 可恶 发箍 包装 香炉 飞机 打电话 说好 几天 回去 第二周 同事 发箍 橙子 放在 一起 弄坏了 恶心 那熏 香炉 同事 说会 主动 联系 至今 几个 礼拜 过去 每次 有些 满意 满意 深航 这次 实在 恶心 不快 仔细 回想起来 基本 大家 千万 不要 这个 价格 不算 便宜 深圳 性价比 价格 便宜 后来 听人 很多 单位 协议 价格 想想 不划算 宾馆 反馈 年月日 尊敬 客户 您好 非常 感谢您 入住 期间 服务 不周 及时 提出 诚恳 批评 指正 部分 员工 工作 处事 不当 带来 入住 不便 身心 不悦 深表歉意 领导 第一 时间 获悉 意见 当事人 进行 批评 教育 诚意 邀请 下次 期间 再次 光临 当面 致歉 机会 同时 希望 通过 自身 不断 努力 能够 得到 再次 认可
1,外观 漂亮 这前 那个 好看 性能 一般 办公 用用
1,漂亮 配制 不错 一见倾心 不过如此 价位 接受 到达 很快 快递 公司 不让 满意
1,台北 故宫 一书 纪录片 文字 分为 部分 纪录片 看书 的话 两三个 部分 熟悉 大部分 纪录片 已经 看过 个人 认为 书中 后面 部分 好看 介绍 台北 故宫 有名 文物 一些 故事 一些 台北 故宫 渊源 人物 看头 看书 介绍 文物 同时 配合 纪录片 一起 视觉 感受 结合 看书 纪录片 的话 应该 知道 哪些 纪录片 重点
0,只能 一般 设施 已经 相当 陈旧 前台 服务 水准 很大 授权 房租 需要 结算 还要 支付 押金 住遍 中国 国外 遇到 事情 地理位置 只是 这个 价位 深圳 别的 选择 以后 不会 安排 客户 那里
0,个人 不怎么样 画面 漂亮 价钱
0,受不了 基本 隔壁 所有 声音 一清二楚 隔壁 没睡 跟着 无法 入睡 见过 隔音 不好 没见 如此 不好 出租车 司机 这个 如家 厂房 改造 而成 真是 疑问 经济型 到底 经济
1,抢购 配置 价格低 划算 机身 整体 外观 稳重 做工 结实 配置 能够 应付 现在 主要 一些 应用 毕竟 散热 之类 还行 键盘 手感 还行 比起 系列 厚重 一些 不过 价格 摆在
0,本人 语文 水平 有限 知道 勾通 沟通 是否 通用 看到 几处 前者 有时 后者 故事 一般 至少 浮沉 以后 这个 故事 显得 精彩 吸引 无非 女孩子 利用 一个个 机会 提升 故事 人物 写得 不够 饱满 印象 深刻 故事 没什么 起伏 情节 平淡 很多 生活 过来 也许 本身 工作 有关 书里 情节 故事 场景 熟悉 新意 喜欢 起来 职场 新人 一定 作用
1,不错 外观设计 做工 精美 质量 可靠 送货 速度 很快 质量 放心 多大 包装 不错 发货 速度 基本 当天 发货 刚用 不错 想象 中要
0,散热 技术 防滚架 金属 铰链 关盖 卡扣 合金 机身 小红帽 抄袭 变成 蓝帽
1,入住 价格 方便 哈尔 宾算 酒店设施 隔音 效果 不好 前台 其实 不错 前面 哥们 寒碜 交流 下来 愿意 服务 客户 晚上 骚扰电话 应该 价格 合适 的话 应该 不错 宾馆 火车站 那边 起步 飞机场 的话 门口 大巴 火车站 只要 然后 打车 交通 方便 步行 秋林 远大 吃饭 的话 远大 楼上 不错
0,一般 这次 选择 金泰 海博 是因为 公司 对面 图个 方便 天后 失望 不快 正门 马路 背面 第一次 坐车去 习惯 开到 马路 旁边 前面 发现 杂草丛生 停车场 网上 大床 无烟 房到 前台 入住 告诉 地毯 标间 不得 以加 换成 豪华 标间 豪华 标间 走廊 超窄 最头 紧靠 会议室 早上 起来 外面 吵吵 囔囔 不同 会议 进行 出门 公厕 晚起 下午 服务员 打扫 然后 出去 晚上 回来 整整 小时 居然 打扫 靠近 马路 晚上 就算 窗子 关死 听到 外面 车子 嗖嗖 声音 怕热 北京 这些 非常 干燥 可是 晚上 点后 居然 空调 左右 他们 晚上 空调 全关 开窗 开窗 怎么办 服务员 眼泪 这点 无所谓
1,配置 合理 功能齐全 红色 好看 键盘 弹性 手感 现在 价格 不错 发现 亮点 暗点 送货 够快
1,来到 现在 已经 发现 原来 只是 自我感觉 良好 本来 这书 妹妹 经常 抱怨 看看 改变 一下 之前 一下 现在 发觉 一切 作为 一种 抱怨 改变 做法 细细品味 世界 其实 美好 只是 角度 外国人 很多 逻辑 国人 一样 不过 里面 很多 确实
0,外壳 钢琴 确切 指纹 收集器 记住 指纹 收集器 不是 指纹识别 器买 两台 亮点 人品 我认 液晶屏 侧面 漏光 明显 做工 同事 神州 严重
0,知道 是不是 所有 本本 一样 光驱 不大好 有时候 读得 出来 有时候 不然
1,回家 两天 女儿 一直 粘着 喜欢 高兴
1,听说 柳州 最好 饭店 原来 市政府 招待所 靠近 一条 景观 不错 出行 交通 留下 特别 印象 底楼 中餐厅 服务员 态度 特别 勤快 亲切 顿饭 几次 毛巾
0,配包 不是 方便 客服 电话 永远 打不进 处于 占线 第位 排队 等候 状态 希望 改进
1,外观 整体 配置 不错 已改 系统 外观 整体 配置 不错 已改 系统 外观 整体 配置 不错 已改 系统 外观 整体 配置 不错 已改 系统
1,这是 关于 双胞胎 兄妹 故事 不幸 双胞胎 遇到 富有 爱心 夫妇 之前 他们 历经 磨难 那趟 他们 一直 机会 赶上 火车 清晨 迷路 意外 闻到 浓浓的 香味 感动 不仅 双胞胎 还有 相信 吸引 读者 不仅仅 故事 情节 当然 情节 相当 精彩 选择 适合 人群 其实 不仅 适合 那些 未成年 孩子 成年人 良师益友
1,之前 看过 电视剧 双面胶 蜗居 回来 一口气 读完 感慨 为什么 悲剧 结尾 在读 大学 总是 认为 世界 只有 黑色 白色 步入 社会 发现 地带 灰色 小说 除了 已婚 家庭 背景 海藻 般配 海藻 呵护 充分 满足 精神 物质 满足 小贝 离去 失望 但本 以为 能以 欢喜 结尾 道德 告诉 情妇 总是 不能 欢喜 一辈子 期待 电视剧 蜗居
0,笨重 移动 性能 差不包 电池 加上 外包装 提货 不是 一般
0,一样 梅拉 的确 一样 家里 图书 儿子 偏偏 情有独钟 没事 书架上 下来 静静地 翻阅 梅拉 妈妈 一起 扮演 书中 故事 一遍 一遍 不厌其烦 可见 深深地 印刻 幼小 心灵 一本 一样 好书
1,威廉 奈尔 经典之作 朋友 书后 适用 国内 市场 刚刚 几章 吸引住 人性 弱点 不分 国家 文化 结合 八九年 炒股票 经历 书中 描绘 情景 像是 之前 现在 经历 一样 为什么 几年 以前 看到 奈尔 很多 理论 散户 借鉴 意义 强烈推荐
0,首先 电池 续航 时间 点儿 四芯 第二个 头大点 真的 建议 去掉 屏幕 键盘 周围 边框 第三 内存 开关机 需要 长时间 第四 长时间 触摸板 右侧 底座 忍受
0,订购 套书 儿子 一套 里面 小汽车 还有 很多 好听 有事 儿子 非常高兴 儿子 非常 喜欢 特别 轱辘 轱辘 格外 喜欢 里面 找金 虫子 乐此不疲 晚上 不肯 睡觉
1,外观 想象 各个 借口 位置 设计 合理 刚好 够用 紧急 实惠 声音 散热
0,发热 一般 居然 硬盘 只分 这个 原版 怎么办 重新 分区 格式化 硬盘
1,干净 服务 宽带 上网 速度 很快 商务旅行 理想 选择 走廊 一头 总是 开着 大门 透进 很大 门外 好象 正在 装修 杂乱 门内 环境 差距 较大 希望 改进 宾馆 反馈 年月日 您好 感谢您 大连 银帆 宾馆 中肯 近期 大连 银帆 宾馆 主楼 装修 改造 工作 已经 完成 所指 应该 康体 俱乐部 大楼 短期 工程 现将 尽快 整修 感谢您 银帆 装修 期间 一如既往 支持
0,现实 应该 心机 金钱 看得 很重 这点 不好 应该 单纯 并非 有钱有势 就算 成功 在生活中 重要 学会 怎样 乐观 生活
0,应该 直接 驱动 开机 光驱 声音 很响 解决 直接 联系 方便 解决
1,小说 早就 看过 一直 纠结 不要 买来 收藏 肯定 有人 一本 青春 小说 半个 形式 意义 不大不买 可是 书里 那些 往事 曾经 触动 真实 不由自主 地有 共鸣 情感 战胜 理智 到货 专门 私底下 更加 喜欢 另外 一版 此间 广播剧 封面 压痕 不过 还好 最后 照搬 一句 知道 哪里 签名 经不住 似水流年 逃不过 此间 少年
1,性价比 散热 底部 一点 风扇 噪音 加上 内存 挺快 上网 速度 原来 原来 宽带 应该 本本 功劳
0,外壳 容易 留下 指纹 接口 位置 难受 居然 不带 鼠标 东芝 网站 便宜 克扣 赠品
1,妈用 中学 一些 我觉 最大 优点 在于 所用 食材 对于 普通 老百姓 好找 市场 价钱 不贵 做法 容易 实际 不像 有些 书上 不是 食材 中国 超级 贫民 根本 卖不起 或是 做法 讲究 佐料 那种 总的来说 希望 以后 多有 一些 适合 中国 老百姓 出现
0,就值 盐瓶 赔元 不是 主要 主要 质量 伤人 打开 用力 可不是 大力士
1,豪华 很漂亮 套间 一样 大有 专门 行李 阳台 很大 洗手间 既有 浴缸 淋浴 还有 梳妆 服务 一流 见过世面 姑娘 专业 得体 餐厅 好吃 丁山 价格 五星级 总之 超级 专为 这儿 值得 南京 一次
0,赠品 驱动 光盘 重新 系统 安装 驱动 麻烦 那个 恢复 系统 分区 只能 刻录 刻录 好多 直接 删除 除了 两个 恢复 分区 只分 分区 人性化
1,文件 太大本 放在 手机 常常 听听 无法 选择 段落 每次 从头开始 方便 再就是 随书 光碟 很易 损坏 可否 文件 放在 网上 购书 序列号 别的 上网 下载 避免 来回 寄书 麻烦
1,本次 出差 临时 入住 推荐 入住率 挂牌 环境 不错 卫生间 设施 陈旧 至少 更换 设施 标准 卫生间 面积 平米 左右 拥挤 前台 服务 已经 达到 标准 餐厅 服务 管理 有些 欠缺 签约 客户 标准 只有 是否 含早 情况不明 相比 价格 较大 差距 希望 价格 方面 还要 交涉 会员 更好 服务
0,失望 一点 不好 所谓 笑话 低级 拼写错误 导致 折扣 有些 不值
0,怎么 推荐 儿童 第一本 只有 两个 概念 按时 睡觉 结婚 生小孩
1,申请 价保 超值 外形 好看 系统 麻烦 先装 很烦 最后 起来 很爽 还要 下载 驱动 来说 超值 独显 相当 不错
0,上面 大大的 随书赠送 精美 签名 海报 怎么 收到 海报 海报
0,大家 平湖 君悦 床铺 太小 不幸 中招 预订 之后 看到 大家 这家 内部 设施 偏老 早餐 好吃 设施 还算全 卫生间 补充 点评 年月日 建议 大家 平湖 走走 比君悦 性价比 宾馆 多得是
0,提供 本人 入住 经历 大家 仅供参考 提前 预订 打电话 申明 需要 接机 当日 下机 老公 托着 行李 前前后后 一圈 找到 来接 师傅 无奈 之下 只得 出租车 前往 距离 不算 太远 旅游 公司 只花 二十元 从进 饭店 一刻起 开始 后悔 这个 有些 年头 外表 内在 设施 陈旧 之后 服务生 过来 帮忙 行李 旁边 经过 熟视无睹 太小 想像中 还要 失望 所谓 高级 客房 充其 只能 算个 普通 单间 水果 两个 小苹果 一根 香蕉 鲜花 见到 也许 免费 赠送 原因 不能 太过 计较 怎么 算是 早餐 也许 是因为 太早 赶去 丽江 原因 服务生 打包 送到 馒头 之类 东东 单调 只能 充饥 而已 虽说 机场 昆明 交通 咱们 武汉 一样 不敢恭维 昆明机场 大清早 春运 火车站 提醒 朋友 一定 早到 以免 误机 以上 便是 入住 饭店 个人 感受 停留 十个 小时 性价比 真的 实在 有待 加强
0,位于 市中心 方便 设施 一般 苦恼 市政府 规定 室外 温度 过度 不能 空调 白天 几乎 空调 热得 没处 知道 可是 宾馆 不是 招待所 对流 不开 空调 闷死 难受 还好 晚上 空调 不然 立马 退房 走人 本市 地图 别的 赠送
0,儿子 几册 看着 看着 大笑 第一本 开心
1,门面 太小 出租车 司机 熟悉 有待 改进
0,价格比 配置 其他 牌子 贵些 困难 芯片 驱动
1,磨砂 表面 真的 不错 一点儿 不留 手指 自带 系统 恢复 软件 放心 做工 不错 键盘 灯蛮 不错 风扇 安静
0,胡兰成 看似 有情 实则 无情 胡兰成 处处 留情 用情 深书中 不光 爱情 同样 从小 生活 感受 此书 宣传 过于 大量 渲染 胡与 爱情 书中 一些 别的 文笔 细腻 柔和 适合 中学生 阅读 提高 作文 水平 个人 认为 偏重 喜好 情节 取胜 作品 读者 浪费时间
0,看到 网上 热评 终于 忍不住 买来 一看 完全 一副 显摆 老实 历史 确实 应该 好看 似乎 不该 这个 样子 反正 除了 看见 一些 新鲜 词汇 完全 好看 好玩 明明 惊险 曲折 战争场面 描述 寡淡 无味 人物性格 不是 通过 冲突 体现 出来 而是 硬生生 死板板 下定义 出来 总之 好看 水平 意义
0,小字体 看着 舒服 习惯 毕竟 轻薄 送货 批评 一下 星期六 星期三 价格
1,玩游戏 设计 系统 内存 开个 虚拟机 同时 一套 外加 魔兽 流畅 不卡 不错
0,不敢 这本 书写 不好 实在 一本 舒服 知道 真实 心理咨询 生活 是否 天天 经历 这些 令人 难受 事情 并且 主人公 身世 设计 古怪 缺乏 真实性 早就 读毕 医生 散文 小说 读过 几本 喜欢 一本 身边 一些 爱书 朋友 读过 之后 同感
1,不错 是因为 习题 学校 教材 同步 一年级 学期 孩子 当时 学校 作业量 太大 必要 再多作 一些 一年级 下学期 作业 开始 减少 为了 考试 之前 复习 套书 平时 不作 只是 考试 前作 检验 孩子 知识 掌握 程度 然后 针对 掌握 扎实 知识点 进行 重点 复习
0,不是 一本 完全 无用 多少 得到 启发 章节 公车上 打发 时间 不错
1,配置 不错 奔腾 双核 不差 价格 合适 不足 系统 麻烦 总结 不错 对得起 这个 价钱
0,此款 机子 设计 装机 麻烦 折腾 一天 总算 搞定 不过 留有 不足 声音 有时 声响 主要 兼容 原因 现在 这么 以后 升级
0,今天 刚买 开机 使用 没多久 交流 电流 适配器 不间断 发出 刺耳 噪音 继而 发现 电池 发出 同类 声音 很多 朋友 情况 确定 产品质量
1,拱北 关口 标准间 太小 豪华 大床 不错 服务 早餐 不好 草率 其他 還不錯
0,内存 小才 不是 独立 显卡 摄像头 硬盘 不是 接口 布局 不是 方便 不过 普普 布置 的话 估计 散热 不好 追求 独立 显卡 摄像头 不是 这个 价格 系统 不爽
1,外观 漂亮 大方 功能 适合 办工 声音 来说 不错 内存 其实 不卡
0,来说 这个 宾馆 满意 前台 服务 差劲 据说 电脑系统 造成 半个 小时 办成 入住 总是 不理 入住 发现 及时 整理 催促 几次 床单 枕套 之类 白色 变成 黄色 清洁 人员 漂白 白色 退房 好久 入住 预定 房型 升级 居然 还要 付钱 据理力争 免费 升级 情况 武定 那家 发生
0,明明 缺货 显示 没货 通知 一声 收货 时才 知道 这个 当当 喜欢 骗人
0,非常 不满 配不上 第一 客房 服务员 水平 房卡 分钟 出来 开门 第二 电掣 跳闸 分钟 有人 上来 第三 服务员 礼貌 说话 不象话 前台 有些 接待 人员 完全 操作 第四 满意 身为 星级 门口 那些 出租车 司机 胡乱 开价 水鱼 开价 太贵 他们 竟然 星级 出来 讨价还价 影响 身份 这是 道理 不到 第一次 遇到 星级 出现 水平 配套 垃圾 补充 点评 年月日 还有 床太 不象话 床垫 竟然 弹簧 铁丝 睡得 舒服
0,海天 中间 采光 不是 里面 设施 不太好 地毯 很脏 那间 热水管 当时 同屋 已经 心情 不好 喜欢 他们 服务态度 整理 下来 分钟 期间 电话 提醒 必须 马上 下来 前台 它们 不停 质问 怎么 这么晚 下来 语气 不好 三遍 前台 小姐 两遍 后来 不知 是不是 前台 嘴里 一遍 当时 特别 火住 这么 从没 见过 质问 住客 以后 不会 这家
1,外观 漂亮 知道 是不是 耐脏 这个 白色 不是 钢琴 容易 收集 指纹 还好 配置 均衡 加个 内存
0,第一次 开机 使用 蓝屏 然后 使用 一键 恢复 继而 出现 提示 重启 信息 然后 往复 重启 心寒 提交 返修 审核 通不过
0,服务态度 不好 除了 免费 水瓶 衣云收 那天 外资企业 洽谈会 全是 中国 老表 哪里 有鬼 外资企业 真烦
1,海滩 名过其实 确实 一点 交通 方便 本身 不错 尖沙咀 半岛 靠近 香港 青年会 一边 黄金海岸 专线 巴士 来回 免费 楼上 收费 可能 司机 沟通 不好 班次 网站 下载 建议 其它 交通 方式 忠告 附近 超市 茶餐厅 麦当劳 要求 不高 的话
0,相对 体积 一点 完全 制作 更加 小而 不是
1,孩子 不同 年龄阶段 需要 不同 教育 方法 一直 怎么 教育 小孩子 苦恼 看到 真的 找到 导师 这些 方法 老婆 喜欢 认为 不仅仅 适用 几岁 小孩 即使 小学 初中 青春期 这些 方法 仍然 能够 适用 感谢 改变 父亲 心态 希望 即将 成为 父母 已经 成为 父母 看一看
0,外甥 好几套 动画片 喜欢 一套 百看不厌 一张 碟子 几个 小时 不断 重复 一直
0,临街 非常 负责 清洁 顺手牵羊 或者 无德 之辈共住 三次 好像 二次 一次 洗发水 一次 洗澡 打电话 过去 看到 估计 拿走 或者 合肥 熟悉 并且 的确 没什么 第三次 真汗 发现 浴巾 估计 外包 知道 全国 桑拿浴 行业 非常 薄利 甚至 不能 自来水 不幸 估计 这家
1,预订 海景 花园 大酒店 已经 于是 换到 这里 看到 外表 有些 疑惑 并不大 入住 得到 出乎意料 惊喜 前台 服务 温馨 速度 很快 门童 热情 主动 行李 开车 记住 留好 车位 面积 不小 装饰 精致 还有 果盘 赠送 环境 稍差 看不到 海景 出来 穿过 马路 一直 向海 一条 马路 著名 韩式 烧烤 李朝 木炭 烧烤 另外 一点 不足 旁边 一家 晚上 有些 不错 给星
0,大床 其实 很小 新装修 其实 一点 看起来 挺旧 补充 点评 年月日 入住 新装修 豪华
0,宾馆 直接 对外 价格 价格 便宜 喜剧
1,其实 不仅仅 孩子 认识 时间 方位 颜色 数字 味道 反义词 以及 体会 各种 动作 还有 各种各样 惟妙惟肖 动物 出现 还有 好几 风土人情 不同 风景 特征 儿子 女儿 喜欢 当然 他们 侧重点 各有不同 喜欢 这些 孩子 主动 一看再看
1,文章 是品 出来 多次 阅读 过程 发现 这确 一本 极富 创新 理论 新著 里面 涉及 应用 批评 方法 文本 批评 极好 范例
0,本人 才疏学浅 实在 耐心 完全 张爱玲 才女 可惜 不是 决定 以后 不买 来说 深奥
1,终于 结束 这场 情感 交割 赢家 才情 横溢 勾画 这么 故事 美丽 残忍 失去 心爱 得到 世界 如何 也许 主人公 迫不得已 多少 有些 自私 成分 对于 皇帝 的确 很难 做到 专一 尽管 机关算尽 也许 主人公 最后 高位 然而 不能 一起 是不是 有些 遗憾 一次 验证 一句 古话 有失 如何 把握 衡量
0,预装 系统 不好 回来 费劲 重装 内存 配套 选择
0,包装 纸盒 非常明显 鞋印 想象 包装 运输 不是 用手 操作 礼包 电脑屏幕 保护 弯折 没法用
1,用过 所有 只有 温度 接受 连续 使用 小时 以后 键盘 表面温度 开始 一样
1,书一 回来 忍不住 一口气 心灵 触动 真大看 完整 居然 有种 流泪 冲动 可能 书中 许多 故事 许多 思想 情绪 似曾 相似 身陷 其中 茫然 无法 解除 终于 找到 亲切 温馨 真得 看清楚 带路 好书 许多 细节 真的 需要 细细的 回味 反复 不断 收获 真是 一本 非常
1,改了 招牌 以后 第一次 光顾 变化 自助 早餐 涨价 不少 宾馆 反馈 年月日 感谢您 对本 支持 一如既往 保持 星级 服务 标准 欢迎您 再次 下榻 衷心 祝您 身体健康 工作 顺利
0,特价 实在 没法 小得 完全 出乎意料 剩余 角落 出来 空间 这么 还有 停车场 实在 方便 地下 三层 非常 陈旧 停车场 电梯 怕怕 第一次 遇到 这么 停车场 下次 不再 永远 宾馆 反馈 年月日 尊敬 客人 您好 首先 感谢您 对于 遭遇 深表歉意 除了 特价 大床 之外 还有 其他 多种 房型 可供 选择 对于 停车 遇到困难 向前 安保 部门 联系 第一 时间 解决 希望 再次 光临 下次 入住 时会 一样
1,办事效率 高速度 很快 头天 下午 订单 第二天 上午 受到 不过 客服 假期 休假 播放 无人 等候 录音 导致 浪费 很多 电话费
0,散热 不太好 触摸板 开机 一会儿 烫手 当即 风扇 本本 散热器 键盘 按着 没什么 至于 不能 识别 情况 出现
1,长城 老牌子 朋友 相中 一款 配置 外观 很漂亮 音量 播放 触摸式 不错 包装 扎实
1,家长 孩子 喜欢 图书 针对 生活 孩子 面临 各种 我家 宝宝 看过 遇到 类似 想到 书中 怎么 不会 紧张
0,支持 未能 提供 相关 产品 硬件 升级 网站 网站 公布 可供 下载 驱动 不全 需要 工程师 才能 链接
0,只值 娱乐 消遣 具有 任何 学术性 基本 科学性 不够 起码 准确性 无法 达到
1,外观 很棒 全黑 质感 喜欢 电池 确实 超级 耐用 放电 将近 小时 电影 上网 提示 自动关机 屏幕 质量 找到 点亮 巧克力 键盘 对于 来说 很少 出现 盲打 错误
1,外观 精美 轻触 操作 方便 官方网站 软件 资料 下载 更新 及时 发货 速度 口碑
0,愤怒 收到 邮件 上海 寄出 今天 见到 影子 居然 希望 当当 朋友 慎重
1,这家 真的 不错 惊喜 想像 还有 沙发 每天 水果 服务员 竟然 条件 情况 免费 洗衣服 一条 牛仔裤 以后 机会 无锡
1,笨重 散热 屏幕 不错 能当 台式机 用用 一个月 发现 任何
0,太厚 键盘 手感 屏幕 下方 亮点 实在 遗憾
1,套房 不错 风景 唯一 美中不足 位置 交通 不大 方便
1,超值 干净 卫生 尤其 值得一提的是 前台 办理 入住 服务员 看到 携带 小孩 主动 提出 有大床 单床 价格 不变 服务 热情周到 价格合理 真是 不错 选择 下次 肯定 还选
0,临街 非常 负责 清洁 顺手牵羊 或者 无德 之辈共住 三次 好像 二次 一次 洗发水 一次 洗澡 打电话 过去 看到 估计 拿走 或者 合肥 熟悉 并且 的确 没什么 第三次 真汗 发现 浴巾 估计 外包 知道 全国 桑拿浴 行业 非常 薄利 甚至 不能 自来水 不幸 估计 这家
0,套书 最大 原因 很多 套书 买回来 发现 失望 首先 印刷 质量 好多 非常 精美 个人 幼儿 书籍 应该 属于 粗糙 其次 看书 大部分 过时 现在 社会 差别 最后 故事情节 毕竟 老外 很多 情节 国情 相去甚远 小孩 知道 不会 以后 带来 影响
0,应该 不是 第一次 这个 办法 再次 补充 如下 早餐 真是 超级 垃圾 真的 猪食 差不多 知道 厨师 仍然 早餐 大堂 好象 玛格丽特 西餐厅 光线 特别 不好 希望 早上 起来 有个 明亮 环境 用餐 这里 肯定 不是 食品 加温 不是 电热 采用 燃烧 腊来 加热 保温 餐厅 里面 很浓 一股 燃烧 气味 非常 不好 真不知道 怎么样 能够 评上
1,性能 做工 细致 用过 几款 上网 键盘 算是 上网 当中 最舒服 配合 实现 速度 很棒 无线 驱动 安装 最好 华硕 官网 下载 最新版 批次 不同 三款 不同 无线网 卡卡 完全 没入 机身 不像 上网 露出 一节 外面 批次 硬盘 希捷 性能 测试 略低 一般 声音 屏幕 最高 亮度比 其他 上网 略低
1,此书 是从 基因 科学 角度 阐述 人类 起源 传统 民族 历史观 大相径庭 根据 基因 科学家 研究 现在 地球 找到 所有 人类 祖宗 共同 非洲 亚当夏娃 作为 中国 人一 开始 很难 接受 其实 外国人 开始 接受 不过 相信 学者 包括 百姓 越来越 坊间 越来越 听见 关于 亚当夏娃 议论 性子 读完 有意思
0,定单 人大 直到 到货 到货 一看 不是 他妈 国语 粤语 当当 骗子
0,这位 姐姐 几近 痴迷 不好 一口 耐心 纯粹 表扬 一下 这次 送书 效率 质量 起码 品相 不错 好过 两次 购书 希望 以后 保持
1,火车站 汽车站 不利于 自助游 环境 服务 不错
1,投诉 收到 一张 发票 号码 上面 订单号 金额 为元 实际上 订单号 金额 应该 财务 水准 是不是 现在 汇款 货款 金额 发票 金额 不符 财务 没用 办法 入账
0,宣传 以后 兴趣 本来 买回来 小孩 学习 英语 拿到 以后 竟然 中文 英语单词 脱离 文章 学习 英文单词 方法 认同
1,时间跨度 长以 福贵 一家 坎坷 命运 为主 讲述 福贵 家人 风风雨雨 几十年 遭遇 不同 年代 遭遇 透出 时代 缩影 解放战争 大跃进 文化大革命 最后 他们 生活 已经 变得 麻木 失去 面对 生活 大概 剩下 活着 小说 露出 一股 悲悯 情怀 伤感 黑色幽默 历史 浓缩 个人 命运 而命 蝼蚁 般的 个人 命运 只能 枉自 兴叹 生命 之痛 活着 不要 错过
1,性价比 现在 庆幸 出手 非常 不错 知道 为什么 进网 许可
1,房间内 环境 不错 上网 贵块 小时 还有 门口 修路 门前 环境 不好
0,三十岁 父母 年纪 一本 帮助 家人 保持 健康 失望 适合 职业 为足疗 按摩师 还有 网友 提问 个案 刊登 篇幅 大有 冤枉钱
1,铺天盖地 诱惑 跟风 这个 毛病 不好 脑中 浮现 这是 张爱玲 自传 性质 小说 每个 人物 对号入座 满足 私欲 文章 语言 应该 注意 欣赏 读书 心态 不好 不好 总的来说 一本 小说 这是 热情 故事 表达 爱情 万转 千回 完全 幻灭 之后
0,书中 相信 有些 认为 最好 不要 相信 书上 估计 每个 癌症 早期 还有 穴道 一般 上班族 来说 不太 容易 找到
1,绝对 市中心 位置 对面 丁香 隔壁 最好 湖笔 王一品 总店 步行 分钟 热闹 红旗路 豪华 双人房
0,视而不见 论语 许多 糟粕 吹捧 指导 人生 宝典 不能不 承认 一面 有些 道理
1,服务态度 做事 拖拉 地段 位置 方便
1,这次 尖东 其实 不是 方便 走路 到弥墩 或者 海港 远离 星光 大道 很近 海景房 不错 干净 面积 每天 两小块 巧克力 迎宾 水果 海景 嘉逸 大堂 感受 不到 五星级 服务 早餐 不错 周围环境 也好 除了 海景 公园 比住 海港 附近 舒适
0,电池 小时 工艺 不行 充电 显示 充电 不是 自动 停止 充电 速度 不行 不管 启动 运行 比较慢 存建内 议标 本本 散热 不行 适配器
1,下旬 丹东 携程网 预定 丹东 国际 住宿 傍晚 丹东 打车 丹东 城市 不大一 国际 司机 知道 一条 不起眼 街上 周围环境 一般 总台 一问 接待员 收到 预定 他们 手机 收到 确认 短信 接待员 预定 价住 不能 鸭绿江 接待 一下 不过 没关系 反正 人住 安排 接待员 满足 客人 看江 要求 窗外 一看 蜿蜒 鸭绿江 眼前 朝鲜 一侧 房屋 农田 清晰可见 远处 隐约可见 鸭绿江 略显 整洁 干净 江景 性价比 应该 超值 想当年 国际 丹东 大概 数一数二 现在 来看 装修 比不上 新开业 大堂 不太 光亮 楼层 电梯 一小部分 灯光 服务 不错 服务员 遇到 客人 问好 特别 值得一提的是 旋转 餐厅 深圳 国贸 上海 新锦江 顶楼 旋转 餐厅 相比 毕竟 丹东 边境 城里 自助 早餐 丰盛 加上 面对 鸭绿江 饱览 异国风光 尽管 农田 沙洲 景色 丹东 国际 停留 留下来 不错 印象
1,暗蓝色 钢琴 外观 时尚 整机 看起来 不厚 太重 接口 模具 设计 质量 镜面 液晶屏 清晰 蛮亮 不错 运行 速度 配置 符合 产平 介绍 达到 应有 水平
1,品牌 值得 信赖 发票 保修卡 齐全 保修 两年 售后 应该 保证 做工 不错 屏幕 没坏 点亮 体积小 方便 携带 自带 家庭版 系统 内带 操作系统 恢复 驱动 光盘
0,发热量 挺大看 配置 同级 别的 配置 下来 最少
0,系统 随机 软件 鼠标 不过 这个 价格 差不多 靠近 开关 附近 总有 吧嗒 吧嗒 声音 知道 为什么 希望 影响 使用 菜单 命令 反应 滞顿 知道 为啥
1,特别 套房 非常 不错 餐厅 太脏 早餐 胃口
0,对于 来说 难熬 一天 四星级 温度 只有 夜晚 竟然 空调 规定 内部 文件 规定 真是 闻所未闻 知道 是因为 客人 空调 空调 客人 希望 多多 反省 建议 尽快 协议 废除 以免 其他 客人 受苦 影响 信誉 一夜 白金 贵宾
1,开始 关于 家庭教育 现在 不知 多少 至今 为止 认为 这本 感触 最深 阅读 学习 魔杖 最受 感动 女儿 今年 一年级 学习 轻松 中班时 单独 小说 曾经 很多 人问 女儿 认识 这么 多字 一直 以来 感到 奇怪 是从 认识 这么 多字 明白 原来 故事 中学 这么 真的 一本 难得 好书
0,缺点 不要 太多 讨厌 不能 直接 为了 这台 机器 两天 时间
1,一家 不错 如果说 两次 打开 请勿打扰 情况 服务员 敲门 门口 他们 已经 擅自 开门 呵呵 以后 入住 特别 正在 进行 敏感 事情 朋友 注意 补充 点评 年月日 网上 订房 补充 说明 要求 或者 最好 能够 看到 柳江 安排 满足 要求 宾馆 反馈 年月日 非常 感谢您 服务 提出 宝贵意见 带来 不便 深表歉意 一定 加强 员工 培训 避免出现 类似 服务 差错 五星级 标准 装修 豪华 观景 客房 即将 竣工 期待 光临
1,钢琴漆 很滑 很亮 宽屏 看起来 很爽 按键 舒服 活动 赠品
1,外观 好看 适合 女生 做工 扎实 屏幕 绚丽 立体声 喇叭 音质 整机 发热量 散热 运行 声音
0,普及 以为 大家 知道 职位 一小 挪给 捧得 天花乱坠 适合 熏陶 俩眼 一抹黑 职场 新人
1,喜欢 微微 勇敢 敢爱敢恨 怎样 勇气 那样 义无返顾 陈孝正 总是 以为 无论 微微 总是 原地 怎么 可能 理解 微微 等待 过程 需要 多少 自我安慰 期待 像是 依赖 习惯 依赖 就算 若干年 之后 愿意 为了 微微 放弃 一切 分辨 到底 男人 征服 欲望 驱使 微微 执着 心疼
1,二十 一层 空调 不太好 温度 不好 调节 以及 噪音 不小 淋浴 水量 不是 很大 另外 电梯 太少 只有 两部 每次 好长时间 才能 等到 电梯 下次 估计 不会
0,早餐 有时 结束 刷卡 方便 还要 现金 打扫 及时
1,整体 外型 照片 好看 很多 外壳 有防 指纹 设计 发热量 接受
1,预订 之后 别人 点评 立刻 紧张 甚至 取消 预订 真正 入住 以后 发现 网友 反映 不好 设施 灯光设计 舒服 宽带 上网 免费 长话 服务 不错 早餐 店前 确实 修路 恐怖 临街房 双层 玻璃 完全 隔音 当然 打车 困难 只要 早晚 高峰 方便 周遭 餐饮 丰富 方向 房价 相比 安徽 消费水平 来说 的确 不低 选择 入住
1,距离 川沙 公路 较近 公交 指示 蔡陆线 的话 非常 麻烦 建议 别的 路线 较为简单
0,酒店设施 环境 很差 舒适 非常 满意
1,分门别类 介绍 很多 外敷 内调 方子 正在 按书 一篇 痘痘 期待 效果 要是 有些 方子 增加 一下 详细 使用 方法 一天 几次 敷脸 的话 大概 多长时间 痘痘 很多 外敷 面膜 洗脸 药粉 尽管 开篇 介绍 痘痘 分类 这些 阐述 适合 痘痘 所有 痘痘 适用 还有 不足 药膳 体质 书中 介绍 药膳 材料 做法 作用 强调 哪些 不能 那些 减量
1,相比 电池 突出 待机时间 更长 上网 基本功能
0,位置 太难 设施 功能 单一 作为 商务 配备 遗憾
1,福建 山水 大酒店 看来 道理 服务 不错 专人 接待 洗衣 及时 送达 早餐 皮蛋 瘦肉粥 不错 尽管 第三天 早上 糊味 二楼 餐饮 值得 推荐 招待 客户 设备 齐备 棋牌室 尽管 打麻将 环境 地理位置 不错 窗户 对面 居然 洲际 打车 洲际 方便 很多 上网 速度 不错 样子 不足 福州 好像 一样 购大 厕所 尤其 马桶 二楼 餐饮 商务 套餐 浪费 单人 餐饮 计算 提过 建议 不知 是否 改进 窗户 隔音 效果 第一天 台风 窗户 一夜 第二天 白天 第三天 白天 楼下 某车 警报器 发癫 似的 直冲 云霄 有个 音响 开到 音量 放着 摇滚 居然 不错 明显 存在 中午 一点多 结账 结账 个人 统计 账单 同一个 柜台 接待处 个人 此时 客人 接待 无动于衷 赶回 来看 奥运会 开幕式 只好 要求 她们 加快 或来 人来 帮忙 遇到 刷卡 没急 结账 那位 风风火火 只会 左刷 右刷 完全 无视 系统 报错 提醒 再三 提醒 看请 看看 错误信息 知道 余额 不足 只好 分别 商务中心 转帐 二次 刷卡 错误 回来 银行 柜台 咨询 知道 是因为 短时间 刷卡 频繁 银行 保护 卡锁 其实 中午 时间 本来 开始 结账 结账 完毕 共有 四位 客人 无人 前台 人员配备 明显 不合理 结账 那位 同志 仔细 一点 发现 刷卡 时多 看下 提示 不会 耽误 客人 如此 时间 不会 导致 锁卡好 彩为 开幕式 归心似箭 提前 小时 否则 出现 时请 冷静 处理 居然 尤其 说话 声音 那么样 一下 吵架 当然 服务 从始至终 包括 最后 处理 知道 另外 一位 接待 处理 服务态度 接受 上此 值得 推荐 希望 百尺竿头更进一步 最后 价格比 前台 价格 少许 接受 价差 入住 加油
1,提升 不少 重要 电池 续航 时间 真的 很长 上网 电影 小时 字爽
1,学了 十多年 英语 一直 一瓶 不满 半瓶 工作 几年 深感 英语 重要 朋友 多年 英语教学 经验 主要 教像 学过 学好 工作 挑选 教材 市面上 看遍 最后 选中 这个 理由 这个 教材 人物 名字 选择 情景 会话 俗语 选择 现实 比如 现在 很多 美国 女孩 叫书 主人翁 这名 现在 我学 正在
0,驱动 全难 只能 驱动 人生 驱动 精灵 不怎么 行少 特殊 功能键 指纹识别 驱动
1,配置 好用 三个 小时 散热 满意 外型 时尚 小巧 跟寸 大本 相比 移动性 实在
0,为什么 送货 这么 单子 怎么 没到 这些 希望 这个 周末 送到 谢谢
1,昨天 宝宝 朋友 小区 玩有 工人 正在 植树 宝宝 目不转睛 观察 妈妈 告诉 宝宝 他们 正在 种树 宝宝 吭声 一会儿 爸爸 过来 爸爸 他们 干什么 宝宝 他们 正在 宝藏 哈哈 宝宝 准是 想起 弗洛 格带 小熊 一起 宝藏 故事 感谢 可爱 青蛙 弗洛 格给 宝宝 丰富 想象力 多彩 美丽 世界
1,第一部 已经 第二部 满怀 期望 书本 盛宣怀 荣宗敬 宋汉章 陈嘉庚 范旭东 卢作孚 一个个 熟悉 名字 脑海 一一 闪过 这些 国家 民族 做过 不同 形式 贡献 人们 知道 今天 这个 物欲横流 现代 世界 依然 有人 他们 名字 他们 事迹 传播 广大读者 当中 纪念 他们 在天之灵 应该 感到 欣慰
0,总结 一下 女人 现实 要么 老公 要么 抓住机遇 事业
0,一个月 前订 可说是 缺货 至今 收到 留言 告诉 才能 发货 退货 你们 服务 不是 满意 半天 找到 提问 这里 尽快 处理
1,不错 价格 实惠 服务 到位 推荐
0,明白 为什么 机器 六月 部分 驱动 不是 最新 无线 上网 时断时续 上官 更新 驱动 正常 续航 时间 介绍 所说 小时
0,真正 色戒 文章 非常 只有 十多页 其余 二百多 全是 以前 名篇 慎重
1,外观 停车场 小乱 另外 收钱 不过 干净
1,看到 今天 马上 作为 一本 尽量 保留 当事人 经历 书籍 来说 断续 衔接 最大 感受 一书 两用 一是 文化 前后 简单 了解 二是 作为 文化 深入 了解 索引 拓展 看过 普利策 奖有 进一步 了解 欲望 算读 第三 收获
0,上当受骗 拿到 手才 知道 不是 胡兰成 原著 可恶 为了 破坏 决定 不看 准备 哪天 找个 家伙 重新 两本 怎么 不要 破坏 果然 文采斐然 不忍 放手 不过 为什么 总是 木有 山河 岁月 缺货 缺货 无可奈何
0,这个 旅馆 餐厅 服务员 他们 公里 天天 饭店 吃饭 入住 千万别 受骗上当 补充 点评 年月日 这个 旅馆 非常 你们 千万 不要 入住 这个 很远 看见 房子 招牌 房前 不到 进入 小门 警察 违反 交通 处罚 好容易 房子 前一看 一片 乱地 到处 建筑 垃圾车 无法 进入 无处 停放 轿车 这个 旅馆 餐厅 出去 不能 找到 吃饭 到处 商场 购物 商店 房间内 设施 陈旧 白色 毛巾 已经 黄色 更换 毛巾 四周 甚至 几个 脸耶一想 恶心 怎么 民工 旅馆 推荐 不负责任 赶快 定房 目录 删除
0,作为 个人 经验 网上 谈谈 拿来 出书 有些 明显 谬误 不过 文笔 不错 建议 写写 散文
0,比贵 很多 个人 认为 性价比 最高 奇怪的是 应该 尺寸 越小越
0,系统 感觉不好 用换 非常 麻烦 不是 了解 推荐 不要 安装 本人 研究 半天 终于 换成 非常 成就感
0,最差 一家 一楼 接近 下层 空气 不好 整修 油漆 气味 难闻 早上 七点钟 不到 施工人员 服务 人员 走廊 不行 位置 很难 胡同 总之 印象 超差
0,显卡 一点 要是 超级 兔子 硬件 测试 显示 测试 知道 怎么回事 再就是 刚刚 收到 降价 杀毒软件 可惜 另外 发热量 较大
1,来说 比读 一本 好书 快乐 女子 生活 圣经 翻开 不想 停下 庆幸 二十五岁 观点 十分 认同 一向 认为 生活 理智 看到 缺少 生活 智慧 洒脱 缺少 平衡 这是 需要 时间 打磨 需要 认真思考 这个 一本 值得 珍藏 拥有 一本 极力推荐 朋友 读物 作为 礼物 送给 闺蜜 不错
0,唯一 中关村 不同 还要 系统 开始 买来 知道 以为 质量 不能 开机 后来 找到 客服 知道 是因为 系统 专门 中关村 花钱 省得 麻烦
0,居然 连货 没收 后来 知道 解决 白白的 没收 怎么办
0,老标间 一股 怪味 同价位 单间 新装修 单间 较差 卫生间 漏水 屋顶 漏水 走廊 过长 结账 太慢 等待
0,只要 使用 风扇 一直 不停 硬盘 杂音 答刺 刺耳 色差 冷暖 之分 南方 适应 暖色 这个 冷色 如是 正常 冷色 无所谓 颜色 不是 一般 影响 画面 颜色 换货
0,服务态度 极差 预定 告诉 说要 加钱 升级 已经 信用卡 担保 服务员 坚决 地说 收到
1,一下子 同事 一台 一台 不错 电池 耐用 屏幕 键盘 好用
1,各种 励志 成功 汗牛充栋 多年 以来 不少 后来 干脆 对于 敬而远之 书中 往往 自我 催眠 各种 雕虫小技 给人以 智慧 实属 凤毛麟角 老师 佛教 智慧 贯穿 融合 现代人 感受 困惑 帮助 转识 成智 读后 内心 温暖 同时 加强 智慧 判断力 台湾人 人文主义 教育 传统 文化 教育 对于 内心世界 关怀 可能 新富 大陆 更加 进步 一些
0,这家 简直 招待所 一股 霉味 洗澡 热水 先开 分钟 浴缸 可怜 设施 简陋 洗澡水 浴缸 直接 流出 经过 地面 下水道 卫生间 满地 马桶 盖板 马桶 一圈 知道 为什么 携程网 垃圾 协议 打死 不会 第二次 总结 差差
1,桑拿 设备 理由 正在 维修 真正 原因 赚钱
0,刚住 这里 感觉不好 味道 一股 霉味 各种 设施 陈旧 预订 床间 宽带 只能 双人 标间 较晚 半天 空荡荡 摆设 冰箱 这么 装修 一下 估计 不会 回头客 一点 环境 不错 海南 花园式 宾馆 不少 构成 特色 有人 洋浦 建议 海景 花园 宾馆 四星级 设计 门口 走廊 面向 大海 整个 花园式 布局 洗浴 打个 三轮车 干充 音译 只有 几公里 路程 价格 公道 元大床
1,红旗 成长 见到 只会 红色 并且 需要 不断 鲜血 继续 渲染 前人 染过 耀眼 浮华 继续 弘扬 自由 民主 生而自由 无往 枷锁 之中 自以为是 其他 一切 主人 反而 其他 一切 更是 奴隶 自由 原始 意义 甚至 高于 民主 当费尔玛用 生而自由 命题 人类 社会现状 寻找 依托 卢梭 几代人 提出 自由 追求
0,最大 遗憾 热水 竟然 不热 还好 夏天 感冒 电视 上面 机顶盒 懒得 四星级 竟然 西式早餐 完全 猪油 只能 吃伴 黄瓜 油条 中餐 实在 难吃 服务 内部 设施 实在 不配 星级 称号 太旧 太烂 网速 不象 其他人 可能 截流 一般 速度
0,放到 床上 回来 急不可待 翻看 一下 随手 放到 卫生间 只是 方便 时偶 一下 真的 实用 美女 很漂亮 老公
1,看过 西西 解体 印象 已经 不深 记得 标点 很少 节奏 很快 标点 很多 停顿 才华 女子
1,不错 窗外 周围 很多 乐山 人民 有些 友好 当心 敲诈 最好 几家 问问 价要 标间 空间 很大 有些 成就 不过 对得起 价格 早餐 两瓶 矿泉水 不够 建议 桶装
0,此书 电视 热播 形成 巨大 反差 作为 公司 读书 活动 读本 一人 读完 书写 样子 真是 令人 失望
0,价格 长春 属于 高价 环境 服务 完全 不够 柜门 油漆 剥落 下午 点半找 不到 西餐厅 服务 人员 告诉 可能 下班 下班 六点半 前台 小姐 客人 晾着 接电话 一脸 冷漠 看着 客人 服务 人员 问路 告知 不该 我管 完全 具备 所谓 对外 宾馆 起码 形象 你们 烦死 你们 这些 住店 清闲 宾馆 反馈 年月日 尊敬 宾客 您好 首先 入住 期间 遇到 不快 表示 诚挚 歉意 同时 非常 感谢您 能够 提出 服务 接待 不足 接待工作 最大 支持 全力 改进 加强 员工 培训 提高 服务质量 优质 服务 迎接 到馆 一位 宾客 通过 此事 进一步 教育 员工 提高 服务 意识 服务质量 针对性 开展 部门 岗位培训 真诚地 希望 方便 告知 当时 入住 详细情况 入住 时间 接待 知道 具体 接待 人员 姓名 描述 一下 位置 总台 入住 登记处 收银 颜色 制服 不胜感激 希望 一如既往 支持 关注 全体 员工 欢迎您 再次 光临
1,二岁 儿子 一直 喜欢 很多 个人 认为 最好 一套 动手 能力 认知 能力 观察 能力 数学 启蒙 包含 一页 精彩画面 惊喜 还有 培养 孩子 习惯 道德品质 这下 不用 单独 孩子 喜欢 接受 另外 纸张 质量 后面 几套 一定 买下来 特意 感受 这里 希望 所有 孩子 父母 帮助 毕竟 找到 一套 好书 送给 孩子 不太 容易
0,上网 宽带 不太 稳定 同事 入住 上网卡
0,阅读 此书 本意 增加 知识 了解 自我 可是 目的 达到 文字 冗长 喜欢 不爽
1,服务员 真好 大雨 截在 长途车 电话 之后 车接 不敢恭维 太旧 味道 总体而言 服务
0,很多 篇幅 以后 失望 白花 里面 实际上 大部分 个人 抒情 女人 自怜 自爱 可爱 可爱 实用性 不如 求医 不如 求己 实际上 为数不多 精华 思想 来自 这本 求医 求医 丰富 逻辑 严谨 行文 流畅 有趣 学识 渊博 阐述 客观 不能 求医 不用
0,原来 一栋 老楼 改建 装修 房间内 地面 地毯 冷冰冰 隔墙 隔音 很差 晚上 隔壁 做爱 声音 吵得 没法 电视频道 只有 网络带宽 太小 只能 收发 电邮 下载 简直 做梦 价格 便宜
0,屏有 亮点 屏幕 中间 右下方 开机 看到 舒服
1,设计 设计 而是 讲解 设计 思维 讲解 设计 本质 来源 最终 服务 对象 人类 思维 通过 讲解 人类 思维 明白 为什么 应该 不仅仅 应该 怎样 一本 讲解 设计 之道 不是 设计 之术 翻译 不错 启发 很多 受益匪浅 设计 方面 新手 以及 做过 一段时间 设计 人员 帮助
1,打开 包裹 看到 时书 外面 塑料袋 里面 纸张 摸上去 舒服 大小 适中 主要 是因为 喜欢 朱生豪 前辈 翻译 版本 需要 原文 原文 很难 做到 全面 理解 选择 拿来 前辈 经典 译本 对照 来看 除了 收藏 莎翁 四大 悲剧 之外 收藏 本人 喜欢 一部 悲喜剧 眼里 变得 十分 完美 呵呵
0,附送 正版 操作系统 内置 摄像头 耳麦 完美 哪怕 多花 一百 大洋
1,发热量 网上 恐怖 当然 前提 不要 长时间 游戏 便宜 换个
0,无耻 之人 无耻 自白 胡兰成 现在 贪婪 混浊 自私 无耻 自个儿 当根葱
0,过于 厚重 当然 可能 预期 太轻 发热量 较大 另外 莫名 奇妙 发票 质保 介绍 包卡上 严重 统一
0,钢琴 底漆 似乎 手印 指纹 磨砂 表面 应该 更好 呵呵 只能 全膜 全副武装
0,愤怒 收到 邮件 上海 寄出 今天 见到 影子 居然 希望 当当 朋友 慎重
0,驱动 不好 自带 驱动 很多 用不上 要是 联想 那样 一键 安装 驱动 太好了
1,出版 时间 今天 看来 特别 青少年 一代 看看 收益 其中 许多 道理 值得 学习 一些 人性 灰暗 面是 警惕 不能 看到 恶而 变得 而是 防止 一直 说明 一层 意思 正如 书名 不是 仁者见仁 智者见智 这个 观点 想法 社会 不好 一面 存在 不要 因噎废食 学习 如何 正确 面对
0,货没到 降价 不过 不送 散热器 知道 牌子 牌子 第一季度 生产
1,钢琴 外壳 透着 水纹 肌理 不错 配置 不错 合理 搭配 物有所值 系统 运行 流畅 一般 办公 足够
1,小孩 近日 小孩 借给 于是 第一篇 长篇小说 林中 飘过 白衣 女人 后面 还有 两篇 短篇小说 确实 吸引力 难怪 小孩 喜欢 后来 太空 陵墓 一类 小学生 看得 一定 变得 聪明 勇敢 书中 三个 小虎子 聪明 勇敢 小孩儿 他们 行为 一定 阅读者 有所 影响
1,本本 不错 简单 干净 性能 还好 喜欢 这个 牌子 台式机
1,这家 不到 五星 应该 处在 四星 水平 客房 勉强 早餐 不好 品种 同事 这里 基本上 几口
1,全新 行货 机子 出厂 配置 合理性 突出 做工 另外 赞赞 送货 那个
0,整本书 关于 穴位 至少 而言 没太大 实用性 喜欢 穴位 朋友 或许 有用
1,一家人 入住 北京 五日游 门童 柜台 接待 餐厅 服务 卫生 温馨 热情 礼貌 一种 宾至如归 之感 入住 结帐 及时 速度 很快 北京 景点 交通 方便 周围 景点 步行 分钟 到达 有梅
1,主管 会计 必读 独具匠心 改革 以往 版本 编排 风格 编排 更加 贴近 实际 工作 一本 难得一见 好书 会计人员 身边 不可 缺少 工具书 会计人员 良师益友 作为 会计人员 手边 一本 等于 免费 一位 老师 提升 工作效率 增强 自身 竞争力 百利 无一害 主管 会计 增强 企业 竞争能力 人才 竞争 风险 效益
1,现在 已经 降得 赶上
0,名义 五星 看过 这么 小气 通过 携程网 预定 三千五百 特级 房明明 看到 网上 写得 清清楚楚 赠送 饮料 每房 超过 两张 登记 入住 前台 一张 真是 郁闷 不是 纯粹 虚假 广告 两人 入住 一张 不如 不要 前台 解释 人买 一张 简直 讹诈
1,看过 一本 大便 书后 跟着 这本 其实 两本书 风马牛不相及 一本 肠胃 排泄 一本 能量 调理 不过 不错 日常 花上 几分钟 一下 里面 附送 海报 有意思 可惜 正反面 方便 复印 好几份 办公室 家里 书房 同事 看着 纷纷 跟着 动作 呼吸 大概 瑜伽 套路 比较简单 插图 画得 好玩 价格 正好 划算 呵呵 随身带 开会 看看
0,到货 屏幕 内有 异物 异物 不是 黑点 报修 周才 更换 或者 经销商 上门去 总部 售后 经过 售后 确认 情况 联系 不能 更换
1,最近 在读 第二遍 似乎 详细 展示 各种 斗争 分析 透彻 明白 很多 道理 比如 不是 敌人 双赢 最后 细节 整整 故事 有时 有点烦 知道 实际 情况 比书中 更加 复杂 不想 如此 仔细 故事 这个 时会 真的 不想 如此 复杂 复杂 不是 那种 复杂 斗争
1,很早 之前 一样 梅拉 第一辑 女儿 没学 多少 反复 一来 送给 一样 特别 礼物 正好 看到 一样 梅拉 第二辑 送给 节日 礼物 女儿 拿到 马上 兴高采烈 看起来 一口气 三本 说书 故事 它们 之中 发生 事情 希望 一直 继续 看到 梅拉 一家 他们 朋友 之间 发生 故事
0,订购 图书 室内设计 可是 你们 寄来 却是 景观设计 之后 打了个 电话 要求 退款 买次 你们 总是 工作日 办理 好几个 工作日 盼星星 月亮 终于 可是 不是 于是 接着 打电话 你们 工作日 好几个 工作日 依然 消息 只好 投诉 很快 接到 电话 告诉 我个 工作日 确切 时间 退说 一丝 犹豫 可是 工作日 过去 电话 你们 逗我 至于 你们 不烦
0,屏幕 可视 角度 知道 是不是 个体差异 只要 颜色 记得 特别 暗色
1,速度 预想 商场 试用 其他 机器 这个 可能 性能 稍微 一点点
0,初读 还好 例子 不错 可是 细细品味 简直 垃圾 例子 简直 生拉 硬套 庄子 看到 我想会 坟墓 出来 自杀 简直 小学生 写作水平
1,轻薄 对于 不用 赠送 包包 相当 范儿 皮质 商务
0,印刷 质量 很差 盗版书 很多 字迹 模糊 看起来 费眼 书到 失望 不到 阅读
0,订购 看到 网上 发错 担心 半天 收货 真的 错误 退掉 订购 不知 是不是 还会 发送 错误 担心
1,简单 点好 阿嬷 简简单单 充满 生活 智慧 任何 低头 只是 不断 往前走 往前走 抱怨 担忧 只是 往前走 乐观 往前走 迟钝 小昭广 简简单单 外婆 困苦 环境 快乐 成长 健康 活泼 娓娓道来 记叙 方式 仿佛 面前 徐徐 展开 生活 画卷 忍俊不禁 随着 他们 饥饿 难过 随着 他们 幽默 言语 快乐 好书 值得一看
1,位置 出去 松花江畔 江边 早点 起来 推开 机会 看到 雾凇 交通 方便 火车站 打车 过去 一次 设施 半新不旧 老三 星级宾馆 翻新 布局 不怎么 淋浴 不够 总是 水量 不足 样子
0,发热 特别 玩游戏 显卡 知道 正常 正常 玩游戏 左右
0,所有 旅馆 最差 预订 时说 希望 无烟 房门 以后 烟味 各种 体臭味 一夜 未眠 旅馆 可能 根本 无烟 竟然 事先 一下 算是 失职 设施 破旧 毛巾 发黄 床单 被套 旧旧 搞不清 有没有 换洗 服务 人员 全是
0,订房 号称 海景房 入住 别说 海景 旁边 绿博院 看不到 白天 不在意 装饰 除了 以外 一晚 水平 不相称 号称 南京 城市 名人 档次 相比 南京 福特 银河 差距 不小 另外 离开 时拉 手机 充电器 居然 及时 通知 看来 这个 客人 退房 查房 离谱 一周 起来 打电话 今天 回来 本人 深圳 知道 办法 打个 电话 告诉 客人 一声
1,入住 开窗 空气流通 满意 遗憾 宾馆 反馈 年月日 首先 饭店 安排 造成 不满 表示歉意 同时 及时 沟通 要求 录入 饭店 客史 信息 下次 入住 前台 根据 客史 信息 直接 安排 开窗 河北 世纪 大饭店 期待 再次 光临
1,是因为 美国 房地产 分析 想先 了解 一下 那里 财产 法书 拿到 手后 首先 设计 封面 简洁 大小 适中 字体 印刷 清楚 几天 第一 部分 决定 正确 不是 一本 单纯 罗列 法律条文 而是 立法 角度 介绍 财产法 为了 读者 更好 理解 有些 条款 增加 浅显 例子 总的来说 非常 喜欢
0,定单 昨天 收到 发现 这本 小美女 养顏经 缺货 不知 怎么回事
1,可爱 小册子 随时 翻看 心情 超靓 放在 办公室 抽屉 闲暇 之时 瞄上 一眼 舒服 多多 本人 喜欢 大家 分享 喜欢 绘画 朋友 应该 看看
1,定单 要求 处理 补发 赠品 现在 已经 仍然 补发 服务 到位 甩手 不管 难道 一惯 作风 现在 大礼包 要求 满意 不要 一拖再拖 拿到 发现 键盘 已经 几天 这些 郁闷
0,认为 想象 不能 有效 提高 记忆 效果 很多 词汇 使用 频率 不高
1,这次 入住 宜兴 宾馆 性价比 很大 布置 温馨 早餐 品种 太少 服务员 态度
1,不错 元间 标间 物有所值
1,配置 不错 不到 双核 独显 性价比 高经 测试 完美 运气 不错
0,其他 没什么 房价 便宜 星级宾馆 愧对 标准 补充 点评 年月日 不过 安庆 这家 一点 其他 要么 要么 更差
1,分区 出现 拒绝 访问 怎么 不行 请求 帮助 内存条 怎么 安装 应该 不能自己 擅自 安装
1,干净 整洁 服务 这个 价格 来说 不错 建议 大家 要定 窗户 餐厅 不够 一次 蘑菇 附近 超市 不太 方便 水果
1,非常 除了 前台 服务态度 设施 非常 飞利浦 液晶彩电 还有 备用 只是 可能 通过 预定 直接 预定 原因 位置 非常
0,不像 三星 根本就是
1,机器 发热 控制 家用 价格 方面 不错 这个 价位 这个 配置 只能 超值 形容
1,入住 没什么 前台 把握 安排 那里 真是 馊臭 一出 电梯 非常 难闻 里面 这个 味道 快要 吐出来 实在 忍无可忍 打电话 总台 要求 换房 后来 换到 服务生 楼市 公寓楼 有人 做饭 说明 重视 客户 他们 会员 的话 肯定 不会 安排 还有 奇怪 为什么 总是 早餐 早餐
1,家人 没什么 香港 性价比
1,价钱 配置 没什么 机器 也好 配置 合理 此外 摄像头 清晰
1,抢到 这个 配置 这个 价格 真的 合算 键盘 手感 外观 漂亮 重量 合适
0,屏幕 边缘 节省 减少 重量 多长时间 左侧 键盘 散热 这个
1,周四 中午 订单 周五 早就 收到 下午 电脑城 系统 再加 内存条 所有人 说值 只是 手脚 重不 知道 不经
1,服务 一流 门口 公交 四通八达 早餐 丰富 值得 一住 厦门 五天 两天 锦江 之星 两天 厦门 宾馆 不错 满意
1,正在 心得 勘误 疑点 兴趣 朋友 访问 网站 交流 切磋
0,系统 凑合 激活 键盘 生硬 最大 诟病 内置 摄像头 简直 垃圾 整机 别的 品牌 一圈 便携性 稍差
0,经络 存在 无论 显微镜 光照 看不见 经络 穴位 中国 古人 不能 全面 认识 人体 情况 臆想 出来 这本 伪科学 大卖 奉劝 大家 三思
1,蔡先生 已經 超過 十年 中學 時期 已經 非常 喜歡 還記 以前 星期天 趕著 回家 節日 年代 這幾年 時間 看書 時會 想起 蔡先生 這本 新書 看過 喜歡 一本 講了 很多 關於 食物 素材 做法 非常 有趣 按書上 做過 做過 四季豆 得到 家人 朋友 可用 氣水盖 十分 好用 誠意 推介 呵呵 還有 其他 書關 生活 做人 態度 十分 欣賞 誠意 推介 巴士
0,非常 糟糕 网上 考虑 入住 这个 所有 言过其实 豪华 单人间 入住 之后 发现 非常 不好 很小 毛巾 床单 显得 很脏 有种 干净 晚上 冷想 多要 被子 告知 多加 被子 要加 心理 不爽 于是 决定 第二天 早上 告知 床单 弄脏了 晚上 睡觉 蚊子 抓痒 可能 血迹 床单 索赔 于是 跟前 理论 然后 床单 下来 前台 对质 可能 前台 那些 血迹 不算什么 要钱 说不过去 这事 过去 要是 坚持 给钱 的话 跟前 台吵 实在 不行 我会 考虑 报警 然后 帐单 发现 多收 怎么回事 城市 建设费 不管 有没有 这个 费用 一直 携城 上订 多少 多少 城市 建设费 要是 麻烦 携城 签约 这个 费用 房费 里面 玩意 块钱 不算什么 舒服 于是 拿出 相关 规定 所谓 大堂 经理 进去 以后 再也 出来 还好 有个 上海 朋友 上海 他们 理论 知道 总之 后来 敢管 我要 这个 后来 朋友 告诉 前台 日本 喜欢 这个 对不起 不是 日本 日本 喜欢 别人 关系 要是 喜欢 日本 麻烦 明白 接待 中国 人好 后来 结账 离开 有种 逃出 黑店 知道 携城会 不会 这个 事情 以后 再有 发生 事情 的话 影响 携城 印象 总而言之 很烂 现在 淡季 这个 价格 真是 可能 这个 主要 针对 包月 客户 其他 散客 逮住 建议 大家 不要 这个
1,本本 很漂亮 外观 不错 配置 不错 拿货 注意 下方 一小块 想着 已经 本本 拿走 估计 人家 不会 不是 明显
0,我家 宝宝 对于 我订 套书 几眼 不感兴趣 大概 显得 杂乱 喜欢
0,此书 恶心 完全 头脑发热 买回来 现在 庄子 真的 叫做 孔子 很着急 庄子 生气 感到 恶心 简直 胡讲 一通 无语
1,其实 当初 偶然 我家 亲戚 看电视 王晨霞 一些 道理 后来 上订 一本 开始 收获 可是 全书 完后 真的 一样 很多 反映 手心 真的 身体 疾病 息息相关 介意 身体 不太好 朋友 看看 有时候 医院 体检 检查 出来 代表 通过 掌纹 知道 注意
0,令人 失望 通过 预定 应含 双早 可是 总台 餐券 餐厅 要收 每人 元才 上餐 浴室 龙头 头天 入住 报修 第二天 退房 没人 修浴 脏得 看不出 本来 颜色 差劲
0,印刷 彩色版 可惜 形式 远远 大于 实在 简单 这里 说明 英文 水平 一般般 趣味 情差 没什么 实用性 建议 大家
1,许多 关于 生命 生活 真谛 这些 平凡人 来说 只有 不断 经历 洗礼 才能 真切 感受 通过 前世 今生 来世 之间 关联 探索 学会 学习 改变 感恩 一次次 经历 中使 圆满 方向 前进
1,孩子 而言 他们 只要 喜欢 里面 图画 不错 想到 通过 此本 真正 教会 他们 单词 现实
0,拿到 广告 那样 画面 一般 谈不上 精美 有些 凌散 孩子 引不起 兴趣 孩子 画太多 总之 有些 失望
0,遗憾 收到 推荐书 此书 没想到 里面 充斥 广告 自我标榜 遗憾 看到 原本 期待 一步步 走来 真实 经历 遗憾 欣赏 作为 推荐书 带给 读者
0,屏幕 清晰度 为什么 清楚 显卡 驱动 机子 本身
1,机器 配置 这个 价位 买来 超值 内存 硬盘 独显
1,非常感谢 工号 客服 人员 帮助 妥善解决 客人 信用卡 担保 失误 及时 告知 事件 下次 机会 再次 光临 宾馆 支持
0,自配 内存 安汗 不开 螺丝 系统 开机 启动项 太多 不敢 乱删 只有 上能 瑞星 没法用 软件 每次 开机 弹出来 允许 才能 使用
0,小说 文字 角度 来说 非常 一般 成功 快餐 文化 所谓 成功
0,刚住 这里 感觉不好 味道 一股 霉味 各种 设施 陈旧 预订 床间 宽带 只能 双人 标间 较晚 半天 空荡荡 摆设 冰箱 这么 装修 一下 估计 不会 回头客 一点 环境 不错 海南 花园式 宾馆 不少 构成 特色 有人 洋浦 建议 海景 花园 宾馆 四星级 设计 门口 走廊 面向 大海 整个 花园式 布局 洗浴 打个 三轮车 干充 音译 只有 几公里 路程 价格 公道 元大床
1,面板 相当 漂亮 各项 功能 齐全 送人 满意 试用
0,喜欢 这个 系统 怎么办 一些 赠品 平衡
0,这次 送货员 态度 不好 可能 是因为 希望 以后 不管怎么 好好 说话
1,安装 系统 速度 很快 内存 质量 双通道 内存 速度 相当 芯片组 没说的 差所带 驱动 傻瓜式 直接 安装 就行了 机器运行 安静 能够 满足 大多数 需求
0,商品 本身 没什么 不过 商城 配送 服务 提高质量 原本 商城 疏忽 改成 快递 交易 结束 后退 邮费
0,这么久 遇到 舒适 送给 老人 赠送 全彩 经脉 根本
1,毕竟 惠普 产品 外观 做工 简约 简单 这个 配置 这个 价位 真的 挑剔 低端 定位 商用 呵呵
0,买来 送给 爸妈 听说 简单 易学 妈妈 他们 了解 一些 基本 健身 之道 外面 工作 安心 妈妈 正在 学听 不错
1,优点 汽车站 院子 出行 便利 斜对面 大排挡 一条街 各种 小吃 水果 一应俱全 缺点 服务员 态度 一般 服务水平 有待 提高
1,面积 导致 功率 空调 制冷 制热 效果 另外 电视 相距 观看 起来 相对 费劲
1,刚去 不过 服务 真是 不错 金碧辉煌 不过 人住 肯定 舒适 窗外 海景 轮船 嘿嘿 海鲜 街上 不远 还有 皇后 大道 交通 其实 香港 交通 方便 门口 有轨电车 地铁站 直接 中环 旺角 出门 不远 有个 锅贴 大王 好吃 便宜 推荐 下次 机会 还会 考虑 这儿 补充 点评 年月日 空调 温度
1,人生在世 生存 改变 信仰 生存 生活 改变 而是 为了 改变 生活 生活 精彩 辩词 告诉 读者 超越 文辞 本身 意大利 哲学家 克罗齐 一切 历史 当代史 从书中 鲜活 历史 事件 生动 人物 内心 感受 不仅 生命 尊严 思想 自由 一种 改变 自我 同时 改变 生活 方式 生存 状态 精神 文化 传承
0,高级 大床 看到 一点 高级 床垫 弹簧 明显 顶灯 只靠个 昏暗 床头灯 照明 水壶 茶杯 放在 卫生间 舒服 茶杯 茶垢 知道 哪天 留下 浴巾 颜色 看上去 不忍 目睹 第二天 退房 告诉 枕套 床单 污物 服务员 一起 重回 他们 拉开 窗帘 这才 看到 枕套 床单 那些 黑色 斑斑点点 恶心 竟然 晚上 入住 顶灯 根本 看不清楚 状况 白天 这一看 全是 鸡皮疙瘩 弄脏 赔偿 反问 他们 你们 收拾 看到 留下 垃圾 是否 能够 造成 污染 物品 他们 没法 回答 最后 赔偿 弄脏 气愤 不已 以后 不会 选择 汉庭 入住 宾馆 反馈 年月日 首先 非常感谢 客人 入住 对于 愉快 经历 深表歉意 说明 一下 一根 弹簧 床垫 一直 汉庭 特色 得到 很多 客人 肯定 每位 客人 需求 一样 希望 客人 理解 灯光 特别 设计 为的是 客人 提供 温馨 睡眠 环境 这个 不用 说明 至于 客人 反映 三个 枕套 床单 污渍 查实 污渍 明显 头发 挑染 红色 掉色 这里 不想 解释 责任 考虑 客人 心理 礼貌 提出 赔偿 未果 情况 报废 处理 宗旨 服务 第一 希望 客人 做出 客观 希望 更多地 客人 监督 指导 谢谢
1,观点 颠覆 固有 营养学 许多 论断 感受 最深 提出 三种 健康 食法 素食 生食 断食 素食 推崇 至于 生食 断食 容易 做到 断食 生食 对于 现在 生活 来说 不是 容易 要不是 自家 罗那 时间 不是 要花 上面 正常 工作 应该 如何 安排 头痛 不过 这些 观点 对于 现在 肉食 人类 来说 算是 一种 提醒 样子 下去 这个 世界 肯定 失衡
0,不过 马路 晚上 声音 隔音 不太好 房间内 设施 旧有 可能 年代久远 缘故 不及 如家 莫泰 性价比 很差 另外 还有
0,外观 保守 重量 摄像头 效果 极差 形同虚设 发热量 较大 夏季 必须 配合 散热器
1,专业 讨论 理论依据 弱要 小说 看不下去 很多 分散 聚集 主题 不是 明显 最后 好像 整本书 目的 金白银 真正 货币 个人 主观 感受 主要 章节 主题 清楚 针对性 另外 既然 通俗小说 机构 人物 应该 有个 合理 介绍 突然 棒子 出来 有时候 不清不楚 不过 仍然 算是 可翻 第二遍
0,尽管 近来 价格上涨 许多 因离 电视台 较近 已经 许多次 最近 这次 做法 非常 令人气愤 下午 飞机 上海 中午 休息 注意 时间 下楼 结账 点钟 前台 服务员 非常 客气 系统 自动 计算 这天 按照 结算 无论怎样 说明 无济于事 更加 令人气愤 结帐 饭店 出租车 机场 司机 根本 打表硬 明明 机场 不过 服务 连星 不如
1,散热 整体 做工 不错 安装 系统 驱动 软件 顺利 中午 开机 下午 运行 几个 小时 掌托 键盘 温度控制 发热 屏幕 很亮 清晰 适合 高清 视频 另外 包装 赠送 原厂 光电鼠标 惊喜
1,楼下 食街 服务态度 不过 网络 不太好 总是 断线 早餐 一般般
0,只有 指示灯 有时 办法 分辨 机器 工作 状态 小气 内胆 包都 送还 配个 内胆
1,位子 不错 海边 直接 游泳 海景 打开 窗户 想住 热闹 地带 这里 不是 选择 不过 威海 城市 真的 打车 相当 便宜 晚上 门口 出租车
0,光盘 发现 裂痕 无法 使用 联系 当当 客服 中心 申请 换货 应该 连同 一起 寄回 当当 客户部 现在 消息 当当 确认 尽快 发货
0,确实 家具 有些 不能 床头灯 毛巾 脏脏 隔音 效果 特别 隔壁 说话声 听得 清清楚楚 服务 一般 态度 不是 早餐 品种 少得 可怜 要不是 机场 非常 实在 优点
0,较难 安装 操作系统 有些 驱动 找到 不知 是不是 驱动 原因 声音 较差 最好 安装 系统 各种 驱动
0,键盘 不太爽 可能 用用 习惯成自然 看图 以为 触摸板 多点 触控 其实 不是 各位 注意 散热 一般 可能 出风口 太小
1,知道 五个 后来 转念 一想 永远 不到 也许 人生 往往 无法 注意 一些 生命 起到 至关 作用 一些 或许 埋怨 颓废 总是 忽略 生命 本身 价值 在我看来 一天
1,体积 小心 电池 续航 时间 做工 手感 一流 速度 本人 主要 工作 看片 为主 足够 无线 上网 没试 本人 手机 包月 时用 蓝牙 一下 估计 够慢 重量 一般 上网 本重 接受
1,外观 键盘 性能 电池 挺不错 进不了 系统 郁闷 硬盘 嘎吱 怀疑 楼上 有人 导入 系统 解决问题 验货 可不 知道 售后 这个 方法 直接 换货 换个 保险
1,终于 赠送 很多 情况 下下 订单 总部 自提点 前台 外形 经典 喜欢 镜面 外壳 性能 不错
1,以前 学校 读书 老板 曾经 去过 这里 保龄 吃饭 等等 环境 不错 挺舒服 闵行区 高档
1,那里 不错 首先 办理 入住 手续 接待 小姐 态度 非常 特别 礼貌 耐心 窝心 不像 大陆 服务员 爱理不理 另外 虽小 非常 干净 香港 这个 对于 三星级 来说 已经 不错 地理位置 油麻 地铁站 出口处 交通 方便 女人街 通菜 非常 穿过 对面 小学 旁边 小路
0,你们 服务 电话 才能 打通 服务 太差 从点 一直 现在 一直 占线 你们 那买 一共 张有 声音 要求 换货 请客 及时 联系 订单 编号 由于 工作 一直 来得及 现在 发现 大部分
1,生命 教导 上册 人类 工作者 开悟 成长 历程 赚钱 当成 一种 社会 生存 工具 一次 偶然 机会 经历 生命 蜕变 瞥见 完美 现在 依然 徘徊 需要 需要 层面 动人 生命 之源 无法 停止 再次 见到 渴求 看到 瑞哈夏 对内 存在 执着 探险 为此 感动 成为 成为 那样 一名 咨商 之前 先要 成为
1,爸妈 北京 爸爸 喜欢 保健 回家 之后 爸爸 看到 书名 贪婪 起来 尤其 记住 红豆 薏米 从此 早饭 晚饭 一碗 虽说 特殊 里面 好多 验方 简单易行 现实 生活节奏 很快 健身房 瘦身汤 似乎 耗时 太多 一本 简直 神乎其神 潜移默化 养生 着实 有些 修身 功效 呵呵
0,电池 耐用 纯下 执行 任何 程序 屏幕 屏幕 显示 满电 待机 超过 小时
0,第一台 到手 硬盘 屏幕 质量 稳定 不知 华硕 物流
1,强大 高性价比 真没想到 今天 块钱 一台 满足 游戏 赶快 下手
0,综述 四星 没见 这么 四星 详细描述 基础设施 承诺 宽带 上网 经过 更换 使用 设施 简陋 四形 标准 一定 差距 具体表现 家具 陈旧 必要 办公 用具 床具 不是 一般 明显 污渍 服务态度 到达 门童 服务 意识 不仅 帮助 客人 行李 开门 意识 总机 接线员 不仅 使用 双语 基本 礼貌 用语 安全 保卫 方面 防火 安全意识 不够 首先 房间内 插座 电源 按键 安装 稳定 部分 明显 松动 状况 其次 安全 出口 铺设 地毯 根据 消防法 安全 出口 不能 铺设 地毯 保安 尽职 餐饮 早餐 水果 以前 从没 遇到 独出心裁 塑料 水果 放在 台上 不知 考察 客人 智商 工作人员 失误 以上 入住 感受 但此 不是 一无适 门口 轻轨 交通 便利 机场 近前 一位 接待 人员 工程师 值得 表扬 追求 享受 忍受 网络 日子 服务质量 要求 保证 入住 其间 不会 发生 火灾 推荐 入住
0,地点 偏僻 找到 出租车 司机 知道 这个 早上 自主 用餐 环境 走廊 环境 一张 地图 要元
0,价格比 配置 其他 牌子 贵些 困难 芯片 驱动
0,买来 时一建 恢复 不能 分区 启动 正常 还好 现在 搞定 用户 应该 提供 指导性 文件 好多 鼠标 多分 两个
1,服务生 周到 合作 应该 水果 免费 洗烫 衣服 速度 很快 网速 有待 提高 网络游戏 不能 真是 遗憾 前台 服务 周到 表扬
0,以后 再也 不去 这个 从来 没住 这么 五星 维景 以前 希尔顿酒店 后来 改名 最早 开幕 时去 几次 后来 南京 一直 金鹰 房价 维景 差不多 毕竟 五星级 金鹰 新街口 逛街 方便 由于 现在 南京 中山东路 地铁 外地 不能 进去 金鹰 的话 绕道 珠江路 一圈 才能 这次 懒得 开车 市区 维景 一下 沪宁 高速 经过 这次 经验 以后 宁可 开点 车去 金鹰 预定 要求 务必 安排 大床 回复 短信 确认 前台 一问 双床 前台 预定 不是 说明 务必 安排 大床 前台 回复 确认 确认 现在 大床 算了 正事 要紧 入住 懒得 理论 打电话 问是 怎么 回事 晚上 朋友 打电话 总机 客人 姓名 不能 朋友 以为 说错 房号 打电话 房号 没错 一次 客人 姓名 不能 转连 四五次 总机 电话 转过 入住 期间 一瓶 可乐 一瓶 雪碧 结转 黑店 不过 办法 人家 明码标价 只能 不长 搞定 开车 回家 停车场 露天 门口 三四十米 块钱 收费员 停车 上面 免费 停车处 不是 前台 盖章 还要 收钱 原来 过夜 的话 还要 块钱 停车 背面 那一 整面 密密麻麻 收费员 懒得 真的 奇怪 过夜 五星级 宽带 收费 稀松 平常 住宿 停车 给钱 第一次 碰见 总之 以后 不会 维景 金鹰 金陵 喜来登 甚至 四星 中心 大酒店 不管 硬件 服务 比维景 补充 点评 年月日 唯一 满意 门口 门童 出门 吃饭 亲切 解释 由于 现在 下班时间 出租车 交接班 麻烦 稍等一下 宾馆 反馈 年月日 非常感谢 客户 反馈 针对 停车 收费 事宜 给予 客户 特别 优惠 通过 预订 并入 客户 停车 前台 盖取 免费 停车 直接 享受 免费 停车 服务 谢谢
0,系统 麻烦 还好 许多 网友 经验 顺利完成 希望 提供 驱动 不用 下载
1,位于 市中心 非常 方便 时间 听说 附近 很多 景点 来讲 服务 非常 不错 应该 两个 封门 成为 单独 硬件 不到 星级 标准 三楼 法式 餐厅 不错
1,主楼 园景 双人房 非常 满意 设施 还算 布置 不错 大堂 气派 服务 也好 白鹭洲 风景区 一出 非常 舒服 地段 不错 中山路 自助 早餐 不错 下次 厦门 这里
0,大厅 雄伟 前台 太小 走廊 分布 太散 同伴 很累 宾馆 分为 个馆 前台 分开 应该 有所改善 另外 宾馆 无关 长春 出租车 司机 太坏 表面 热情 背后 每次 出差 遇到 愉快 投诉 下文 这次 火车站 宾馆 只有 路程 分钟 损害 长春 形象 今后 重要 商务活动 个人 绝不会 长春 希望 长春市 政府 机关 尽快 严厉 进行 整顿
0,从未 这么 星级 一家人 开车 通过 三间 景观 其中 一间 打开 房门 居然 里面 已住 客人 星级 出现 钥匙 搞错 情况 真是 闻所未闻 换房 晚上 下厅 吃饭 居然 汤圆 一大块 塑料纸 服务员 同意 回房 钥匙 居然 打不开 房门 进去 打开 服务员 打开 电话 服务员 维修 进去 短短的 二个 小时 时间 碰到 倒霉 情况 本来 特殊 日子 好好看 奥运 开幕式 心情 已全 实在 扫兴 第二天 一早 好好看 一下 发现 床头灯 灰尘 呕心 星级 真是 连星 不如 真是太 差太差
1,应该 超出 平米 同级 少有 重装 之后 设备 不错
1,不错 设施 服务态度 门童 殷勤 早餐 丰富 早餐 判断 宾馆 水平 重要 标准 细节 好比 很多 挂牌 四星 地理位置 应该 不错 下次
0,电池 太重 续航 时间 未必 所有 用户 需要 这么 长时间 考虑 提供 选择
0,拉拉 升职 记太 现实 那种 职场 环境 简直 乌托邦 太少 对于 大多数 来讲 参考 意义 太小
0,批露 他们 冒牌 医学家 感到 失望 本来 好好学 想到 发现 不想 想想 希望 无良 或是 出版社 少干点 这些 缺德事
0,喜欢 舒适 盗版 伤心 那个 印刷 一看 知道 当当 卖假
0,开封 担心 亮点 服务员 告诉 产品 签字 没什么 郁闷 一把 交费 验货 还好 机子 完美 不过 清楚 屏上 当时 出现 亮点 怎么 处理 你们 一定 清楚 幸运 代表 你们 幸运
1,质量 做工 不是 很差 大家 音箱 仔细 测试 再则 音箱 本来 弱项 出声 就行了 太高 要求 外形 中庸 适合 要求 普通 最求 个性 绕道 电池 待机 测试 应该 普通
0,吵闹 服务 不好 隔音 不好 总之 不好 以后 不会
1,性能 不错 运行 速度 挺快 声音 很小 上上网 发热量 很小
1,套书 手绘 可爱 笔线 纸质 非常 每本 薄薄的 故事情节 足以 教会 小朋友 一些 日常 习惯 小朋友 自信 礼貌 更能 表达 意愿 这套 每晚 囡囡 睡觉 必读 之一 百读不厌 每次 津津有味 甚至 提前 妈咪 下来 小熊 怎样 怎样 小白兔 怎样 怎样 那样 不乖 套书 推荐 给家 一岁 宝宝 妈咪
0,总之 一句 半年前 糟糕 很多 豪华 商务 单间 首先 没收 定单 前台 半天 然后 墙壁 裂缝 门锁 打到 房务 中心 没人管 床凳 餐厅 吃饭 介绍 特色菜 千张 包都 买单 签个 分钟 怎么 真不知道 怎么 差别
0,看到 网上 热评 终于 忍不住 买来 一看 完全 一副 显摆 老实 历史 确实 应该 好看 似乎 不该 这个 样子 反正 除了 看见 一些 新鲜 词汇 完全 好看 好玩 明明 惊险 曲折 战争场面 描述 寡淡 无味 人物性格 不是 通过 冲突 体现 出来 而是 硬生生 死板板 下定义 出来 总之 好看 水平 意义
0,五年 中医 患者 初衷 也许 很多 方剂 比如 补中 益气汤 怎么 还有 这么 多人
1,快岁 儿子 酷爱 历史 小学生 领先 一步 历史 系列丛书 挑选 这本 探秘 清朝 儿子 喜欢 不得了 真是 爱不释手 谈谈 感受 印刷 书本 不大恨 适合 携带 书内 字体 很大 适合 孩子 一点 眼睛 穿插 一些 图画 历史 类书籍 显得 枯燥 丰富 特别 适合 低年级 孩子 阅读 于是 接着 其余 送给 儿子 儿童节 礼物 相信 一定 喜欢
1,哲学 历史 此书 值得 一读 尽管 书写 三个 人物 生命 思想 那段 特殊 历史背景 透析 看过 之后 发现 历史 命运 自由 之间 错综复杂 穿插 关系 命运 的话 自由 面对 命运 何种 选择 命运 来自 何处 这则 每个 的确 反思
1,服务态度 入住 发生 一件 不是 令人 愉快 事情 由于 大堂 经理 及时 出人意外 处理 方式 这次 入住 特别 美好 回忆 以后 机会 还会 选择 瑞吉 红塔
1,外观 不错 电池 续航 能力 键盘 明显 优于 其他 机器 显示屏 清晰
0,风扇 声音 很大 尤其 开机 重装 难以想象 系统 麻烦 花费 很多 功夫
1,中华民族 历史悠久 赞同 法学 成语 古文化 一种 方式 成语 文学 历史 军事 哲学 小孩子 喜欢 故事情节 通过 对比 学习 不仅 孩子 故事 同时 他们 牢牢 掌握 一些 成语 喜欢 那些 出口成章 成语 嘴边 那些 长大 开始 通过 各种 手段 自学 或者 别人 那里 学习 不仅 要学 孩子 长大 他学
1,认为 值得 品位 一番 通过 阅读 首先 以后 工作 避免 这些 错误 其次 轻易 识破 这些 伎俩 最后 应该 尤其 注重 职业道德 这个 领域 至少 保持 纯洁 决不可 利用 专业知识 撒谎 一些 负面 事情 中国 统计 发展 如此 缓慢 需要 一大批 原则 专业人士 信念 是从 做起 祖国 统计 事业 贡献 微薄 力量
1,大堂 不错 温馨 舒适 不错 五星级
1,低电 状态 用个 半小时 机器 太强 样子 好看 赶上 促销 拿下 超值
1,性价比 显卡 不错 萝卜 花园 全部 驱动 方便 方便
1,头天 晚上 看中 没想到 第二天 活动 是从 三十 几款 中选 出来 喜欢
0,开始 前人 看过 之后 想象 里面 那种 别人 说话 夹杂着 英语单词 中文 之中 杂着 零星 英语单词 不是 太大 帮助 只是 个人见解
1,打车 宾馆 离开 送上 登记 出租车 牌号 卡片 物品 遗漏 便于 查找 前台 服务 很快 中餐厅 两顿 晚餐 口味 服务 一流 主动 引导 入座 便于 观看电视 座位 方便 收看 奥运 早餐 设有 厦门 小吃 区有 特色 无论 晚餐 早餐 用餐 服务员 电梯 飞机 较晚 试试看 想法 反映 一下 免费 延长 退房 小时 感动 长时间 问卷调查 礼品 惊喜 请勿打扰 服务员 悄悄 卡片 提醒 清理 随时 进行 地理位置 方便 轮渡 南普陀 厦大 空调 公交 搞定 的士 清凉 宽敞 还有 很多 一一 第一次 厦门 年前 没住 厦门 宾馆 这次 以后 厦门 这里
0,公司 发出 为什么 今天 没收 今天 已经 没收
1,以前 书名 中学生 女演员 留下 青春 回忆 一部 书即 读者 章节 以前 快乐 再次 读时 竟然 感动 流下 眼泪 美丽 爽直 文风 二十年 依然 温暖 清新 心灵 细细 一看 年少时 如何 对待 困难 诱惑 批评 否定 自由 个性 成长 融入 世俗 一切 答案 不是 只能 中年 才能 领悟 一群 平淡 轻松 文句 所述 道理
1,当时 一次性 当当 好几百元 没想到 儿子 一大堆 里面 拿出 这本 包装 独特 自已 用牙 撕开 包装 自已 放到 里面 床上 机子 跟着 翻开书 里面 英文 字符 很大 图画 很漂亮 拿到 一课 看图 说话 儿子 一起 讲故事 英文 不管 听得懂 吸引 注意力 就算 成功
0,要求 不要 这里 经济 很小 较硬 夜晚 锅炉 声音 干扰 标准间 较大 墙面 陈旧 地毯 斑驳 卫生间 简陋 洗完 淋浴 水流 四处 直接 洗盆池 前台 不负责任 保留 预订 交涉 勉强 换房 态度 冷淡 外部环境 不错 旅游 多少 时间 享受 乌语 花香 补充 点评 年月日 出去 打车 一段路 交通 不算 方便
1,功能 食用 触摸 设置 合理配置 价格 性价比 键盘 手感 相当 上方 摄像头 食用 建议 进行 大型 游戏 影响 编辑 系统 上网 看片 相当 可能 进行 优化 操作系统 习惯 换成 毕竟 现在 系统盘 先进
1,失败 击败 肉体 接受 折磨 内在 意志 却是 神圣不可 侵犯 老人与海 一再强调 论点 真正 大师 简单 语言 表达 深刻 道理 真正 作品 生命 历练 题材 老人与海 刻画 出来 正是 海明威 一辈子 最好 画像 正如 海明威 所说 一直 读过 多遍 每读 一次 多一份 收获 好像 最后 得到 一生 辛苦工作 所欲 得到
0,为什么 魔兽争霸 会卡 流行 蝴蝶剑 直接 显示 出来 甚至 黑屏 显卡 这么 垃圾
0,配合 内存 速度 跟不上 接受 范围 其他 暂时 发现
0,系统 超超 超级 麻烦 两个 下午 晚上 要是 系统 容易 系统 半死
0,几天 旅行 拉拉 升职 的确 值得 推荐 职场 读物 虚拟 很多 实际 生活 运用 完全 运用 参考 借鉴 之后 受用
1,机器 屏幕 效果 这台 屏幕 发现 亮点 机器 本身
1,苹果 设计 非常 人性化 讲究 用户 体验 即使 到手 小白用 起来 有意思
0,驱动 不好 快递 公司 烂货 到手 降价 客服 货物 出仓 不能 保价 货到付款 拿到 货时 申请 保价 一点 不合理 支持 所有 货到付款 吃亏
1,本来 一直 喜欢 可是 这次 几个 门口 服务生 冷漠 形同虚设 那天 早上 下雨 很多 打车 他们 居然 那里 一动不动 伸手 一下 车门 想要 小费 别人 肯定 建议 改进 至少 客人 一下 前台 通知 及时 那天 入住 晚上 可是 前台 服务员 只要 我压 押金 后来 通知 第二天 发现 打不开 打电话 告诉 押金 不够 显然 服务 一点 人性化 希望 改进 另外 行李 寄存 服务 环境 总的来说 理想 希望 改进 上面 两个 更好 那样 客人 更加 喜欢 你们 宾馆 期待 你们 改进 回复 宾馆 反馈 年月日 尊敬 会员 感谢您 宾馆 一直 关注 支持 针对 反映 管理层 非常 重视 立即 相关 部门 结合实际 展开 调查 核实 同时 借鉴 合理化 建议 采取 一些 有效 整改 从而 善意 提醒 再次 表示感谢 同时 十分 感谢 携程网 提供 平台 希望 诸位 会员 空闲 多多 宾馆 提出 建议 真诚 服务态度 欢迎 诸位 光临
1,这是 一套 非常 红火 非常 孩子 喜欢 同名 电视剧 电影 播出 变得 非常 孩子 一直 非常 喜欢 贴纸 电视剧 甚至 毛绒玩具 占为己有 安心 确实 这书 画面 精美 图案 逼真 对话 风趣 幽默 别具特色 有时候 闲来 翻看 一下 一点 轻松 唯一 缺点 太长 等待 痛苦 一件 事情
1,大连 不错 不过 差点 南山 花园 那个 搞错
0,小键盘 白色 部位 做工 黑色 屏幕 那里 触摸 键太灵 一不小心 碰到 散热 一般 四个 小时 极品
0,本来 心理 很感兴趣 范畴 最初 毕淑敏 几本书 不错 上下 两本 好不容易 特别 特别 没意思 悬念 一下 成功 扫盲 一下 成功 讲个 故事 索然 无趣 收获 失望
1,入手 运气 外观 好看 做工 扎实 屏幕 绚丽 立体声 喇叭 音质 超好 整机 发热量 运行 声音
1,二篇 吸引住 才气 写出 真情实感 说得上 文笔 清晰 语言 流畅 真情流露 文字 跟随 脚步 一直 南方 进发 草木 香气扑鼻 花儿 别样 火红 走进 南国 草木 深处 小溪 清清 果实累累 剖开 一枚 异果 香甜 弥漫 令人 陶醉 令人 口水 要流 出来 领略 无数 奇花 异果 眼界 知识 满足 好奇心 好书 推荐
0,安装 麻烦 关键 一定 一张 安装盘 按照 网上 方法 安装 发现 声卡
0,一般 想象 有些 肤浅 没什么 特别 特别 关于 中医 养生 部分 失望 不过 版面 印刷 质量 文字大小 看起来 舒服 仅此而已
1,来说 不错 交通 服务 还行 年纪 看上去 档次 不像 四星 大堂 呵呵 性价比 凑合
1,之前 喜欢 明晓溪 之前 没买 质量 基本上 全是 连载 办法 几个 后面 故事 一般 这些 连载 估计 还要 很多 一下子 兴趣 小说 两本 杂志 小说 不可 撼动 准备 就让 继续 肯定 喜欢 明晓溪 朋友 尽情 支持 真的 明晓溪 特点
1,今天 新闻 一位 明星 癌症 去世 歌手 阿桑 想想 现在 社会 生活 健康 真的 容易 老师 觉得很有 收益 食物 出发 寻找 健康 最最 根本 公益事业 环保 达到 健康 状态 两全其美 不能 长期 坚持 吃素 偶尔 或者 坚持 或者 搭配 只要 健康 帮助 相信 不会 不去 一本 好书 看看 有用
1,一直 认为 高性价比 代名词 本本 不错 完美 屏万 像素 摄像头 依然 清晰 系统 至少 惠普 本本 好装 值得
0,外观 难看 估计 模具 关系 还有 塑料 外壳 低档 应该 设计 不美观
1,真实 细腻 反映 花季少女 白血病 心路历程 经历 感叹 怎么 多岁 年纪 多岁 少女 口吻 写下 这里 充斥 死亡 恐惧 上天 抱怨 看到 人性 光辉 不论 表现 出来 看到 泰莎 最后 安详 去世 我悟 可怕 不是 死亡 可怕 临死 之际 还有 很多 为了 心愿 完成 这是 一本 值得一看 珍惜 当下 珍惜 生命
0,本本 发热量 轻些 再就是 拿到 为了 系统
0,客房 环境 级差 时常 看见 小强 新铺 床单 整个 面积 知道 液体 留下 印记 夹杂着 鞋印 恶心 之极 卫生间 所有 下水 浴缸 冲澡 每分钟 一小 会儿 水淹七军 毛巾 灰色 实在 差劲 建议 入住 德请 慎重考虑
0,驱动 系统 安装 光盘 今后 使用 带来 一定 不便 最让人 感到 气愤 居然 整个 硬盘 分区 厂家 做法 未免太 懒惰 不负责任
1,整体 性能 不错 外观 用盘 顺利 安装 关键 难得 搭配 芯片组 比矽统 好多
0,这么 以为 这是 好书 闲书 没什么 空空 泛泛 百花 银子 了解 中医 不能
0,看起来 设施 陈旧 居然 中控 非常 方便 热水 不错 前台 态度 一般
1,干净 还有 净水 装置 还有 浴袍 免费送 早餐 性价比 不错 唯一 不足 前台 结帐 时间
1,期间 预订 入住 首日 赠送 每间房 洗衣 一张 通过 预订 入住 首日 每房 获赠 欢迎 水果 一份 入住 上面 两项 看到 宾馆 反馈 年月日 首先 上次 入住 漏送 洗衣 券及 水果 一事 表示 深深 歉意 由于 入住 当天 会议 接待 高峰 造成 前台 漏送 洗衣 券及 水果 严肃处理 此事 下次 入住 会补 洗衣 券及 水果 提供 优质 服务 系统 一般 用户 需要 重装 缺少 蓝牙 模块 电池 使用 时间 稍短 发热量 较大 性价比 其实 挺好用 正是 由于 免费 性价比 促销 价钱 不错 不过 工房 后面 确实 疮疤 书写 中间 很多 页码 混乱 颠来倒去 麻烦 调换 这本 但愿 不是 上当 其他 读者 知道 为什么 不少 三分之一 实在 无物 没什么 收获 里面 网上 随便 找到 帮助 性不大 现在 失望 位置 距离 火车站 非常 总提 性价比 不错 不是 很大 对于 出公差 来说 十分 不错 选择 地点 位置 晚上 安静 设施 较全 对于 一般 自助游 来说 合适 光驱 不太好 刚塞 一张 其他 明显 麻烦 凑合着 外观 时尚 大气 价格 发现 过热 情况 几天 质量 不错 值得 拥有 买来 送人 拆包 知道 到底 怎么样 不过 信得过 卖得 讲得 有些 道理 只是 喜欢 一副 自以为是 口气 看到 后面 看不下去 心情 不好 炫耀 还有 书里 很多 所谓 中药 配方 知道 这个 是否是 药剂 专业 出生 否者 半路出家 半桶 骗骗 无知 利用 别人 爱美 心理 而已 专业性 小女子 说成 专家 嘴皮 赚钱 不值一提 笑话 而已 非常 位置 便于 交通 面对 星湖 地毯 厚实 不错 预装 版本 不是 常用 版本 还有 安装 一键 还原 时会 死机 还有 官方 显卡 驱动 装不上 少个 文件 还有 型号 同个 配用 多个 不同 驱动 驱动 不好 房价 较贵 位置 房屋 隔音 效果 较差 屋外 说话 里面 清清楚楚 不是 每间 宽带 第二天 一件 宽带 不过 网速 入住 上定 房价格 入住 第二天 发现 这家 价格 降到 前台 商量 居然 不肯 降价 出差 本来 长时间 不过 这家 赶快 抽空 市内 另外 一家 不但 价格便宜 很多 网速 房屋 干净 漂亮 拉萨 价格 变动 旺季 价格 淡季 价格 便宜 另外 这边 住店 一般 经理 讲价 后来 他们 客房 经理 商量 房价 前台 直接 开房 便宜 经济型 经常 爆满 系统 麻烦 我花 头牛 两只 老虎 力气 建议 以后 大家 愿意 这个 订单 里共订 给我发 五本 送货上门 必须 付款 才能 打开 包装 的话 当时 送货 不管 只有 当当 网上 交涉 七月份 收到 现在 给我发 已经 发回去 一个月 任何 反馈 知道 这次 是不是 上当 反正 反馈 希望 能够 答复 看过 文字 糟糕 耐着 性子 来说 不好 文字 结构 不好 求医 不如 求己 好书 坚持 坚持 效果 一定 建议 大家 通过 当当 其他 途径 看过 很多 关于 巴菲特 一样 基本 关于 投资 以及 交流 事情 这些 特点 巴菲特 无论是 公司股票 打交道 不会 看到 急噪 愤怒 狂热 表现 心平气和 追求 明星 股不为 牛市 狂热 危机 恐吓 不以 别人 态度 改变 风格 正是 巴菲特 普遍 缺乏 性格 特质 续航 能力差 发热量 大屏幕 分辨率 果然 限制 不少 软件 运行 凌动 平台 性能 严重 后悔 决定 以后 不要 这些 当然 不是 准备 全是 胡扯 一如 现在 沸腾 大国 崛起 号定 货物 今天 送到 一直 以来 样子 除了 高价 那些 快点 这次 只买块 慢到 来说 不错 完美 配置 好加 内存 工作 足够 外观 漂亮 塑料 感稍 这个 价钱 一起 好几 其他 还好 唯独 这本 质量 盗版 冲着 电池 性能 电影 大概 用到 小时 以上 节电 模式 应该 再长 机器 整体 做工 不错 键盘 舒服 电池 强劲 达到 小时 初次 使用 小时 应该 键盘 舒服 尺寸 大小 合适 装机 时要 先进 设置 一下 硬盘 传输方式 那成 先前 知道 装个 系统 好久 时间 驱动 太难装 现在 驱动 上装 声卡 驱动 先装 补丁包 费事 分区 不合理 惠普 品牌机 通病 发热量 确实 很大 散热器 做工 较之 系列 相差 价格 很多 收到 之后 发现 屏幕 右下角 液晶屏 边框 之间 缝隙 隐约 看到 里边 拉丝 双面胶 内存 看到 机器 里边 不少 胶布 或者 双面胶 当然 无关 很大 不够 充实 当初 大家 实际上 深度 不够 犹豫 这本 选择 一本 其他 更好 同类 里面 这本 实在 出色 这个 招待所 改建 各项 硬件 设施 非常 简陋 关键 大门 二楼 无障碍 楼梯 背着 行李 上楼 服务 人员 帮忙 晚上 居民区 休息 不敢 窗户 总之 满意 服务 开始 有模有样 往后 前后 反差 太大 贺顿 经历 初中 女孩 其实 里面 那些 明星 没什么 关联 肤浅 读者 上当 有用 那些 知道 怎么 拼到 学到 很多 常识 缺乏 实际 实践性 早上 八点 多到 预先 告知 十二点 設备 太差 空调 安装 下次 机会 不会 再选 造型 大方 美观 性价比 回去 装上 除了 开机 慢点 一点 运行 流畅 环境 不错 特点 附楼 一般 怎么 服务员 服务 中上 轻松 了解 职场 状况 容易 产生共鸣 处理 方式 技巧 值得 学习 故事 感人 为什么 购书 付钱 时未 标注 缺货 付钱 之后 缺货 并且 付钱 后近 两周 缺货 是否 存在 信用 世界 可贵 理解 教育 小孩 理解 重要 进入 孩子 世界 明白 孩子 想法 才能 根本 理解 孩子 行为 小豆豆 幸福 孩子 妈妈 校长 学校 性格 比好 成绩 重要 作为 母亲 教育 儿子 教育 观念 小豆豆 妈妈 校长 启发 儿子 睡着 开始 读读 起来 开心 心里 满满的 喜欢 封面 简洁明了 刚看 一头雾水 书本 好好 想想 这个 故事 牧羊人 追寻 梦想 经过 种种 磨难 长途跋涉 终于 到达 目的地 找到 宝藏 每个 心中 声音 很多 没有勇气 相信 接受 牧羊人 指引 努力 朝着 宝藏 前进 放弃 羊群 外出 游荡 放弃 工作 安逸 生活 接受考验 坚持 梦想 有舍 最终 找到 属于 宝藏 火车站 环境 不好 不怎么 干净 贵在 当当 多书 第一次 书评 冲动 实在 太好了 推荐 出来 过意不去 书里 很多 经验 值得 细细 回味 特别 关于 课外阅读 部分 共鸣 不已 并且 特地 拿给 我爸 孩子 教育 外公 主张 不要 时间 进行 课外阅读 课本 读好 读精 就行了 虽说 理论 不能 说服 这下 后援 哈哈 据说 这是 北海 最好 三星级 生意 不是 一般 人气 很旺 那天 晚上 大堂 气氛 浓烈 温馨 卫生间 不过 服务 心里 舒畅 早餐 果篮 晚上 还有 巧克力 最绝 楼层 服务员 告诉 网络 客人 免费 衣服 晚上 大堂 副理 电话 拜访 告诉 电视 不好 亲自 上来 不错 大堂 副理 帮忙 宣传 一下 同意 哈哈 已经 使用 开始 就读 端午节 故事 开始 小傢伙 喜欢 后来 慢慢 引导 孩子 针对 后面 一种 方式 看看 图片 进行 说话 收获 孩子 表现 巨大 兴趣 文化 需要 长期 接触 才能 传承 再说 孩子 表现 出看 说话 其它 阅读 书目 不同 引导 更好 呵呵 大家 千万别 别墅 别墅 空调 特差 很难 制冷 经常 半夜 断电 前台 服务 意识 很差 态度 极为 不好 明明 制冷 主楼 客户 前台 你们 别墅 一定 不能 同意 补充 点评 年月日 另外 早餐 不太好 一般 点半去 没剩 团餐 标准 一样 简单 不能 简单 上面 所说 浅显易懂 非常 直观 反应 当代 美国 许多 现象 变化 预测 将来 变化 这些 现象 不仅仅 发生 美国 应该 世界性 很多 当代 中国 社会存在 个人感觉 想象 长尾 理论 蓝海 战略 那种 那种 启发 相比 只能 大部分 满足 好奇心 可能 类书 方法 变化 有关 总的来说 看头 干净 还有 净水 装置 还有 浴袍 免费送 早餐 性价比 不错 唯一 不足 前台 结帐 时间 后来 同事 喜欢 据说 回家 一口气 里面 一些 诀窍 铭记 于心 常常 练习 真是 热爱 健康 热爱 生命 青年 赞不绝口 一直 感谢 推荐 健康 理念 推荐 不错 性价比 不错 玩游戏 中高配 足够 数字 小键盘 实用 基本 不用 外接 键盘 玩游戏 风扇 声音 赠送 鼠标 可是 灵活 这个 至少 四次 进行 一下 简单 面积 够得上 四星 标准 只是 有些 稍旧 设施 中规中矩 上网 速度 卫生间 花瓣 欣赏 一点 相当 不错 客房 服务员 态度 非常 欣赏 推荐 宾馆 本身 不错 餐厅 服务 相当 到位 宾馆 位置 不太好 周围 不太好 适合 我岁 年纪 怎么 没意思 高直 漫画 两本 一本 喜欢 狂热 热爱 漫画 朋友 喜欢 某种 综合体 之所以 之类 标签 只是 身上 那种 类型 特质 比例 更重 一些 而已 不同 时期 不同 类型 特质 比例 或许 还会 变化 喂喂 今年 可是 打算 一回 大家 注意 说明书 那些 理解 行为 或者 明年 那个 最近 身上 特质 有所 抬头 大家 一些 空间 性价比 超级 中关村 渠道 报价 不如 活动 价格 这点 绝对 外壳 容易 指纹 难看 一些 但膜 太难 气泡 好多 整体 一点点 也许 达到 境界 论述 与其 二哥 恩怨 一段 只能 表现 典型 中国 特色 企业家 具备 世人 惊醒 作用 本人 非常 厌恶 一段 阅读 到此为止 不感兴趣 失败 小家伙 知道 图片 应该 适合 父母 个人 价格 教育 家长 不用 买书里 只有 图片 文字 简单 几页 不值 父母 反醒 是不是 总在 小朋友 硬盘 速度 太慢 整机 性能 一般 多开 几个 再开 视频 厉害 触摸屏 按键 使用 方便 发热 厉害 机子 底部 明显 发烫 散热 风扇 声音 特别 晚上 安静 明显 总台 小姐 凌晨 打电话 询问 房卡 惊扰 本人 美梦 一夜 未眠 区区小事 为何 不能 次日 早晨 联系 服务 周到 尚需 改进 简单 大方 同类 尺寸 款型 中不显 厚重 轻薄 安静 几乎 声音 音质 不错 屏幕 不错 细腻 可观 感谢 马连道 提货 工作人员 前台 客服 服务态度 超好 值得 公司 其他 员工 学习 机场 大约 分钟 左右 环境 不错 以前 原因 亲切 傅家庄 公园 非常 早上 正好 赶上 涨潮 好多 海带 回来 味道 真是 不错 建议 打车 燕窝 徒步 老虎滩 沿途 风光 非常 优惠 景点 门票 此次 入住 简直 失望 愤怒 过程 先是 晚上 点到 竟然 告知 没房 可是 当天 下午 信用卡 担保 接下来 前台 联系 将近 小时 进到 看到 设施 只有 两个 失望 当时 告知 前台 第二天 还有 老外 入住 希望 保留 晚上 前台 满口答应 次日 晚上 老外 入住 告诉 没房 联系 确认 半天 最终 两张 单人床 小房间 窗户 早餐 餐厅 真的 愤怒 水平 如何 大家 评为 要不是 展览会 期间 不好 早就 退房 宾馆 反馈 年月日 尊敬 宾客 您好 感谢您 光临 以及 宝贵意见 造成 困扰 表示 非常 抱歉 加强 员工 培训 提高 服务质量 避免 同类 发生 期待 再次 光临 正在 刷新 系统 驱动 工程 没完 知道 长期 使用 怎么样 网上 无线 网卡 有些 物流 速度 太慢 物流 速度 太慢 物流 速度 太慢 物流 速度 太慢 物流 速度 太慢 物流 速度 太慢 物流 速度 太慢 物流 速度 太慢 物流 速度 太慢 物流 速度 太慢 物流 速度 太慢 物流 速度 太慢 物流 速度 太慢 物流 速度 太慢 物流 速度 太慢 物流 速度 太慢 物流 速度 太慢 物流 速度 太慢 物流 速度 太慢 物流 速度 太慢 物流 速度 太慢 设施 陈旧 卫生 四星 大门 二星 客房 服务 两晚 没见 服务员 打扫 补充 点评 年月日 高质 不过 第一次 入住 水果 这次 不过 第二天 第一天 水果 房务 中心 两个 苹果 不过 不过 听说 马上 涨价 听说 评上 四星级 不知 硬盘 运行 咔响 不停 节奏 鼓点 华硕 售后 竟然 正常 怒怒 不敢 万一 抓进去 一年 亏了 夭色 一部 值得 收藏 除却 极少 几张 不佳外 其他 精细 华丽 令人 赞叹 作品 国内 很少 韩露 这么 高水平 漫画家 服饰 布景 构图 美如 幻境 尤其 奇幻 作品 难度很大 想象 过去 漫画 小说 同学 不要 那些 看过 犹豫 集齐 容易 与其 零散 开本 杂志 华丽 纸质 华丽 装帧 去配 华丽 作品 系统 不太好 平时 习惯 系统 一下子 这个 系统 习惯 建议 开发 预装 系统 之后 兴奋 处于 那种 阶段 值得 学习 很值 他们 那些 精神 想法 还有 那些 经典 语句 深思 里面 好几个 看着 看者 小样 佩服 承受 不屈不挠 愈挫 愈勇用 里面 小样 形容 还有 蚂蚁 思考 发现 其实 一只 小蚂蚁 建议 广大 正在 实现 梦想 青春年少 朋友 士兵 突击 连续剧 以为 感动 影视 其书 值得 收藏 真让人 失望 全是 一些 看过 一样 好多 人家 知道 一点 实用性 功能 条台 花哨 太多灯 审美疲劳 硬盘 网卡 这些 指示灯 位置 隐蔽 方便 散热 还行 驱偏 光驱 响动 太小 宾馆 有租 四轮 自行车 不动 后来 服务员 他们 东方 绿舟 淘汰 酒巴 装修 蚊子 太多象 轰炸机 骗人 教训 集结 不会 上当 马路 噪音 双层 玻璃 只要 一点点 受不了 宽带 小时 太黑 这年头 宽带 收费 以前 西藏 大厦 前台 服务 以前 好些 二楼 饭菜 一般 整体 这个 真是 失望 上次 感觉不好 这次 发现 床上 竟然 毛儿 希望 努力 控制 档次 不算 一本 专业 作为 日常 养生 参考 不错 很多 从前 知道 保养 知识 此书 中医 养生 浓厚 兴趣 当然 尤其 美丽 健康 法子 正在 尝试 但愿 效果 呵呵 现在 很多 花草 还有 茯苓 打算 种子 眼霜 嘻嘻 女人 折腾 只要 变美 绝不 怕麻烦 这个 方面 算是 好书 内存 太小 不能 只能 只有 内存 插槽 运行 要死 办法 换成 内存 不过 现在 内存 白菜价 随便 另外 电池 稍稍 失望 只能 支持 小时 显得 不够 主板 有待 验证 希望 不要 传说 单人间 太小 居然 要元天 杀猪 前台 服务员 热情 由于 工作 关系 本人 清晨 离开 客人 准备 早点 心让 客人 感到 十分 温馨 体贴 也许 黄金海岸 评级 机构 中心 评了 四星 不然 不好意思 四五百 房租 二星 标准 大堂 蚊子 一个多 卫生间 浴室 关不上 手扶 电话 不响 手机 毛巾 不知 估计 本世纪初 产品 装修 最低 地砖 大理石 另外 当地 民风 极差 无论 海滩 外面 餐馆 只要 出手 消费 必定 挨宰 下次 宁愿 青岛 威海 不来 黄金海岸 南戴河 海水 品质 当地 民风
0,怎么 不到 穴位 书中 吹牛 尤其 前言 出师 师父 吓唬人 武林 高人 似的
0,标准 大床 面积 宽带 每天 其他 连锁店 一般 免费 床垫 只有 床单 服务生 年龄 一般 很大 老油条 服务 较差 步行 世纪 公园 分钟 参观 上海 展览 中心 入住 该店 性价比 刚刚 及格
0,雷声大雨 点小想 小孩 好书 发现 这本 发现 垃圾 根本 不是 那么回事 角钱 一页 绝对 不值
0,浪费 时间 第一所 题材 实用 第二 词汇 专业 专业 通俗 假装 深沉 现在 中国 外语 教育 随便 几个 外包装 几下 专家 比起 大学 商务英语 教材 差多
0,下去 主角 女性 工作 环境 跨国公司 没点 共鸣 实在 看不下去 也许 好书 也许 大家 喜欢
0,电池 待机时间 只有 小时 系统 太烂 重装 需要 相关 装机 软件 网站 上面 不太好 按照 网上 说明 安装 不是 小时
0,这位 姐姐 几近 痴迷 不好 一口 耐心 纯粹 表扬 一下 这次 送书 效率 质量 起码 品相 不错 好过 两次 购书 希望 以后 保持
0,一般 不到 赣电 勉强 入住
0,书内 实话 平时 生活 可能 大家 知道 切实 实行 很少 罢了 不过 归纳 总结 看不出 新意 整本书 分钟
0,真是 偏连 出租车 司机 很大 里面 设施 陈旧 一住 进去 骚扰电话 跟踪 真是 免费 注册 网站 导航 宾馆 索引 服务 说明 关于 诚聘 英才 代理 合作 广告业务 联系
0,处理器 配置 高能 高点 完美 硬盘分区 不合理 居然 软件 分区 麻烦 屏幕 女生 携带 吃力
0,系统 时要 进入 主版 这个 提示 机器 显示 网上 查到 默认 硬盘分区 好几个 还有 显示 后来 反应 过来 所有 分区 删掉 重新 格式化 装上 才能 不然 老是 显示 不到
0,后悔 几本书 之一 太贵 其他人 孩子 喜不喜欢
0,一些 一定 要装 一般 待机 情况 达到 以上 快捷 按钮 半边 设置 时手 靠近 左边 麦克风 孔会 发出 很大 叫声 奇怪 故障
1,目前 的确 有意思 女人 呵呵 即便 几岁 离了婚 怎么样 希望 幸福快乐 周围 几个 疯癫 女子 包括 那种 对话 件物品 说话 事情 经常 发生 菜刀 劝说 哭泣 单脚站立 类似 事情 从没 尝试 哈哈 有时 侯能 听到 内心 声音 真是 一件 神奇
1,显卡 显存 其它 一般 屏幕 还行 试玩 侠盗 飞车 画面 不错 正在 下载 极品飞车 到时候 一下 测试 如何
0,电池 续航 时间 好像 达到 宣传 小时 联想 外形 稍稍 一些 一些
1,开始 心情 轻松 兰心 小猪 一对 无敌 可爱 搭档 各自 有着 家国 天下 重担 为人处事 不乏 夸张 诙谐 总是 一对 配对 很难 家伙 尤其 看似 女强 搭配 衬托 小猪 宽厚 儒雅 风度翩翩 部分 开始 进入 坚持 情节 旋律 当中 捏一把汗 荧惑 结局 其实 伤心 真是 心疼 伏师
0,触摸板 附近 明显 联想 散热 只是 温温的 而已
1,喜欢 吴小波 文字 新闻 特有 冷静 针线 密密 这些 历史 织补 一起 看着 脑海 全是 激荡 三十年 英雄 人杰 案例 无一例外 充满 冒险家 气息 敢为人先 豪迈 正是 他人 不敢 他们 成功 各种 原因 企业 扩张 原始 冲动 迅速 陨落 不让 叹息 传奇 年代 无法 评说 颜色 知道 色彩 绚烂 之极 原来 消逝 那一刻
0,电池 只能 一个半 小时 做工 粗糙 不过 想想 这点 不能 要求 太高 还有 发货 太慢 打好 放在 那天 发货 下单 收货
1,白色 钢琴 很漂亮 声音 效果 很棒 对于 用来 上上网 做些 文字 办公 看看 电影 只要 超级 大片 完全 够用 关键 便捷性 电池 连续 办公 时用 半小时
1,性价比 优点 大家 不再 赘述 各位 一定 所有 驱动 涵盖 不用 上网 可能 出现 一些 细小 兼容
0,号称 平遥 最高级 四星 实际 只是 二星 硬件 二十年 国营 招待所 服务 极了 可能 住客 长期 空关 西翼 一股 霉味 厕所 泛出 阵阵 臭气 建议 坚持 要求 东翼 信用卡 只收 现金 住客 餐厅 消费 不能 签单 必须 付现金 提供 洗发 浴液 质量 低劣 卫生纸 污迹 霉斑 强烈推荐 自带 洗发水 卫生纸 以免 飞来横祸 床上用品 一客 一换 住客 不离店 不换 床单 早餐 极差 基本 吃素 行李 推荐 包车 服务 疯狂 宰客 王家 大院 包车 半天 夏利 来回 要价 出门 上街 拦车 高速 通行费 来回 另计 桑塔纳 不过 据说 平遥 其他 可怕 打算 平遥 丽泽苑 无可奈何 选择
1,性能 强劲 外观 漂亮 典藏版 特别 其实 散热 以前 完美
1,本来 惠普 左右 不过 便宜 太值 两年 保修 屏够 键盘 舒适 基本 咚咚 老人家 刚好 适合
1,不错 介绍 全面 很多 其他 书籍 上学 不到 可惜 英文 国内 关于 中文 排版 系统 理念 形成 至少 关于 系统 阐述 汉字 排版 书籍 介绍 肤浅 曾经 搜过 关于 汉字 排版 好几本 关于 汉字 排版 书籍 失望 不怎么样 希望 以后 中国 这方面 多向 先进 国家 学习 完善 中文 排版 一套 理论体系
1,作为 宾馆 环境 服务 到位 地铁 很近 出门 方便 五星级 饭店 性价比 南京 这家 不是 划算 不错 景房 很大 柔软 特意 拐角 安静 里面 内部 设计 很大 舒适 电视 墙边 设计 不是 床上 脖看 一会儿 吃不消 楼下 餐饮 味道 偏贵 早餐 太贵 电梯 要用 来访 朋友 方便 空调 很足
1,本人 近日 想不通 大家 共同 探讨 梦回 大清 晓薇 步步 心里 若曦 勿忘 阿离 尘世 羁里 凌儿 不辞 冰雪 为卿 热中 尘芳许 生中 若涵 还有 梦回 大清 瑶华 瑶华 恍然 如梦中 婉然 还有 秋霁 等等等等 穿越 女主们 同时 那会 发生 什么样 故事 不知 哪位 穿越 能够 写出
0,入住 一直 没敢 洗澡 太冷 陈旧 设施 提供 桶装水 还单 收费
0,第一 主板 支持 双通道 支持 内存 降频 使用 偶买 金士顿 内存 经常出现 蓝屏 现象 明天 换条 现代 试试
1,环境 非常 服务 非常 交通 方便 价格
1,配货 很快 做工 不错 几天 散热 显卡 切换 可能 能电省
1,配置 均衡 尤其 显卡 使用 显存 性能 提升 外形 漂亮 键盘 手感 屏幕 亮度 色彩 非常 出色 附送 内存 鼠标 非常 实用 相当于 一定 程度 优惠
1,完全 实际 出发 对于 生活 汉英 翻译 错误 不妥 之处 点评 然后 国外 公示 进行 从事 翻译者 良师益友 一本 不可多得 好书 规范 我国 公示 避免 笑话 发生 非常 重要 作用 有关 人士 提供 一本 不可多得 参考书 缺点 有些 细节 照片 词句 看不清楚 要是 照片 下面 一遍
1,这是 晓晓 喜欢 图画书 之一 两个 原因 一则 友情 故事 小孩子 需要 伙伴 故事 引起共鸣 譬如 晓晓 小伙伴 小宝 二则 书中 主人公 居然 颜色 宝宝 生活 熟悉 现象 颜色 当作 来讲 确实 创意 颜色 融合 人们 拥抱 孩子 看来 真的 有趣 颜色 认识 加深
0,书买 长时间 一直 读过 偶尔 一段 发现 根本 下去 毅力 可能 明史 一定 理解 无法 认同 运用 网络化 通俗化 语言 明史 解读 尤其 今天 早晨 看到 当年 明月 专访 主持人 对此 保留意见
0,偶尔 死机 不知 系统 机器 密切 观察
0,怎么 质量 这么 封皮 里面 切割 还有 碎末 一点 整齐 是不是 盗版
1,各位 通过 豪华 大家 评述 装修 摆设 洋气 干净 舒服 服务 非常 前台 传说 漂亮 也许 人家 上班 不过 前台 服务生 很帅 美中不足 大床 只有 临街 窗户 不是 隔音 那种 晚上 窗外 车声 半夜 两点钟 睡着 另外 现在 楼和楼 装修 还好 油漆味 建议 房前 电话 确认 位置 装修 进展 情况 入住
1,昨天 拿到 折腾 半天 所有 防护 软件 备份 运行 程序 还行 接受 外观 键盘 时尚 待机时间 高于 同类产品 听说 华硕 电池 不错
0,下来 带来带去 太重 实打实 分量 屏幕
0,设施 陈旧不堪 灯光 昏暗 早餐 补充 点评 年月日 另外 健身房 早就 希望 信息 及时 更新
1,外观 漂亮 最大 卖点 键盘 联想 淘汰 原因 电池
1,几天 系统 崩溃 同方 检测 发现 坏道 已经 退回 换货 知道 换来 如何
1,超值 一款 机器 半年 这里 降价 下单 诱惑
1,样子 超酷 起来 狠狠 顺手 性能 超好 独显 错错 有余 本子 这个 价位 华硕 值得 本子 强力 推荐
1,玩游戏 显卡 绝对 够用 样子 漂亮 机器 温度 接受
1,清晰 不像 有些 盗版 喜欢 配套 听力 材料 网上 下载 丰富 场景 包罗万象 不同 英语 人士 语音 语调 兴趣 对于 英语 学习者 来说 此书 口音 听力 材料 帮助 熟悉 所有 录音 文字 材料 放在 手边 查阅 历经 这么 多年 听力 材料 认为 不过 需要 坚持不懈
1,春节 特价 入住 套房 含早 晚餐 服务 非常 到位 只是 由于 有些 设施 不错 只不过 春节 价位 希望 能够 实现 春节 特价 周末 常态 吸引 大部分 旅客
1,干净 早餐 丰盛 门童 已经 第二次 以后 还会
1,遇到 前面 驱动 遇到 麻烦 一切 顺利 只要 先进 硬盘 读取 方式 改成
1,明朝 历史 基本上 空白 办公室 玩笑 开始 接触 喜欢 眼前 浮现 王朝 王朝 兴衰成败 忠臣 奸臣 勇于 承担责任 值得 敬仰 也许 无名 无姓 值得 学习 正直
0,性能 一般 电源线 太粗 机身 相比 不配 价格 不过 三星 东东 一向 别家
0,重装 有些 功能 无法 实现 要是 直接 系统 机器 看着 重量 散热 独显 机器 就要 很多
1,不错 其实 人生 也许 别人 事件 标准 对于 当事人 来说 这个 过程 是不是 努力 生活 奋斗 过程 这个 过程 来说 享受 值得 就行了 人生 努力 重要 努力 过为 别人 来看 也许 不择手段 只要 伤害 别人 触犯 认可 首先 底线 何况 生活 很多 承认 这个 道理 胜者为王 败者为寇
1,客户 很近 非常 方便 说实话 怎么 注意 一天 只有 早上 清醒 其他 早餐 不错 干净 可惜 两天 匆忙 看看 那个 全市 最大 冲浪 游泳馆
0,号房 无窗 地下室 因此 地处 繁华 地段 经营 业务 很多 电梯 遇见 很杂 总的来说 住宿 环境 舒服 房价 预定 得到 任何 优惠 预定 直接 入住 一样 那个 价格 其他 环境 知道 不好 乱说 建议 大家 一定 清楚 要求 省得 后悔
1,第二套 送给 侄子 故事 有趣 语言 轻松 活泼 宝宝 一遍 一遍 故事 隐含 知识点 知道 不过 宝宝 特别 好奇 宝宝 每天 讲讲 之后 还要 后面 游戏 考考 有时候 假装 知道 或者 故意 说错 乐得 咯咯
1,第一次 看到 书城 当时 第一节 很多 力量 开发 潜能 优秀 准备 按照 安排 下去 起来 艰难 需要 一定 生活 阅历 理解能力 阅读 经典 受益匪浅 不是 一辈子 不过 一天 应用 之妙 存乎一心 不再 已经 化成 一部分 成为 宇宙 相信
1,位于 西环 不过 交通 方便 门口 不远 有轨电车 全程 不过 速度 稍慢 很多 不过 地段 附近 吃饭 相对 便宜 茶餐厅 设施 一般 不过 面积 算大 毕竟 港币 折算 人民币 休闲游 考虑 这里
1,朋友 阶段 入住 这个 城市 环境
1,设施 不错 位置 服务 人员 水平 差点 早上 退房 太慢 四十分钟 北京 小伙 一伙 上海 退房 排队 前台 对骂 服务 人员 不敢 上前 调解 下次 洲际 希尔顿
0,内存 偏小 只能 改装 系统 几天 时间 还好 现在 搞定 所有 硬件 功能键 正常 使用 不足 系统 集成显卡 独立 显卡 不能 转换 只能 里面 设定 重新 开机 转换 过来
0,语言 空洞 情节 离谱 震撼 这个 人太 倒霉 发掘 内涵 整本书 写得 精彩 部分 可能
0,印刷 几页 印花 根本 不能 小孩 看会伤 小孩 眼睛 不怎么样 非常 不好 小孩 思路 还有 一本 会读 单词 非常 实用 总之 不行 建议 大家 不要 推荐 这才 真的
1,小巧 轻便 配置 合理 不同于 一般 上网 本带 电池 能用 快个 小时
1,海景 花园 所有 服务 最好 一家 另外 他们 粤式 餐厅 非常 地道 并且 价格合理 青岛 还会 再选 补充 点评 年月日
0,电池 只能 用个 小时 摄像头 晚上 基本上 不能 太暗 除非 大灯 照着 散差
1,这本 全家 爱看 宝贝 宝宝 爸爸 一起 宝贝 有时候 小家伙 安安静静 宝贝 持续时间 可长 半个 小时 图书 色彩鲜艳 构思 精巧 凡是 宝宝 找到 宝贝 清楚 记得 具体 位置 有时 宝宝 还会 根据 整体 画面 来编 故事 想象力 得到 更大 释放 套书 一种 完全 放松
1,四星 设施 陈旧 很小 健康秤 一般 价格 按照 四星 不是 很值
1,地理位置 西湖 边上 附近 一些 大排挡 饮食 方便 服务 服务生 前台 人员 热情 大而 整洁 价格 性价比 下次 西湖 还会 入住
1,老妈 老人家 反应 这书 不错 第一 封面 颜色 柔和 温馨 翻阅 其中 第二 图文 详细 看着 容易 跟着 顺溜 学着 轻松 第三 安排 合理 老妈 书上 介绍 刮痧 及其 保健 功能 然后 一些 基本 刮痧 手法 再说 怎样 刮痧 检查 身体 部位 是否 健康 最后 根据 不同 部位 病症 不同 刮痧 手段 大概 翻看 一下 不错 不多图
1,性价比 机器 做工 大方 合金 托板 驱动程序 好找 系统 难装
0,一天 标间 大床 大床 不大 两个 人太 拥挤 太小 不能容忍 马桶 居然 淋浴 一起 湿乎乎 方便 第二天 一间 双床 标间 宽敞 许多 没想到 楼下 歌厅 唱歌 没完 睡不着 宾馆
0,后悔 一套 叙述 得象 流水帐 亮点 的话 网上 就行了 收藏 简直 必要
0,胡同 不过 好找 房价 便宜 酒店设施 简单 干净 北京火车站 很近 步行 胡同口 小吃店 要离 火车站 补充 点评 年月日 之前 点评 错误 宾馆 名字 北京东方 和平 宾馆 这家 感觉不好 地段 王府井大街 退房 速度慢 隔音 不好 味道 看上去 干净 下次 不会
1,宁夏 唯一 每次 这里
1,作为 一家 五星级 各项 设施 陈旧 面积 显然 达到 五星 标准 速度 极慢 无比 晚上 左右 到达 分钟 房价 太贵 除了 地段 因素 实在 不到 五星级 水平 早餐 价格 卫生间 不错 水压 很大 水温 舒适 非常 局促 建议 大家 考虑 不远 粤海
1,昨天 刚买 不过 不够 精致 朋友 的话 转让 发票 配件 包装 呵呵 联系
1,简单 道理 不过 知道 身世 简单 戴蒙德以 博物学家 锐利 眼光 哲学家 巧思 研究 人类 行为 起源 书中 告诉 人类 怎样 演化成 今天 模样 同时 独特 视角 语言 行为 生命周期 方面 探讨 人类 独特 自毁 行为 全书 充满 令人 好奇 发人深省 阅读 趣味十足 作为 一本 趣味 横生 科普读物 来读 十分 好看
1,有趣 充满 童趣 童年 令人 忍俊不禁 怀念 童年 时光 如果说 留住 飞逝 时间 的话 只有 文字 生动活泼 语言 描写 两个 可爱 小学生 种种 趣事 开怀 侯文 几本书 有趣 那本 医院 医师 真的 笑翻天 据说 拍成 电视剧 一定 非常 搞笑 一部 电视剧 喜欢
1,外观 漂亮 改装 顺利 还有 未知 设备 搞定 不管怎样 机器 性能 没得说
0,完全 配不上 引起 第三国 潮流 几个 没见 写作 创作 思维混乱 经常 蹦出 一些 莫名其妙 字词 不知所云 对于 角色 感情 描写 到位 过度 太快 性格 混乱
0,不好 送来 包装箱 破损 封条 一点 仔细检查 之后 发现 打开 虚惊一场 建议 以后 送货 送货员 多加 小心
1,外观 看样子 小巧 键盘 想象 小用 起来 舒服 适合 女孩子
1,地理位置 不错 威海 打车 市区 不用 很多 我订 海景房 海景 不能 日出 海边 小小 渔港 下午 点多 打渔 归航 一番 风景 前台 服务 一般 客气 缺乏 真诚 那种 职业化 不得不 顾客 礼貌 人员 服务 补充 点评 年月日 自助 早餐 苍蝇 飞飞 也许 淡季 九月初 只有 三四个 早饭
1,款式 漂亮 键盘 很酷 商务 气息 十足 性能 价比强 双核 内存 硬盘 独显 整体 散热 控制 满意
1,入住 两天 海景房 那天 下着雨 熟悉 坐地铁 环站 二十多分钟 前台 接待 态度 非常 可惜 海景房 不能 升级 遗憾 海景房 落地窗 看到 居民楼 很近 干净 国内 显得 不过 据说 香港 大小 已经 不错 服务 到位 免费 班车 港澳 码头 老公 两人 司机 态度 挺不错 出门 左转 坐当 当车 交通 方便 后来 知道 香港大学 挺近 本来 散散步 下次 机会 可能 别人 点评 发现 价是 价格 好象 优势
1,情节 设计 很能 抓住 孩子 孩子 不仅 大人 主动 朋友 绘画 效果 接受 孩子 无意间 浏览 各个 时期 风格 迥异 名画 美中不足 一套 书中 不同 情节 设计 没什么 差别 只是 名画 年代 风格 不同 遗憾 为什么 中国 精美 绘本 创意 文字 绘画 作品 外来 文化 品位 外来 下一代 喝洋奶 民族 养分 继承
1,蒙氏 几本书 总的说来 相似 总结性 发言 就数 有吸收力 心灵 主要 阐述 发展 规律 作为 父母 应当 孩子 精神 仆人 孩子 工作 找到 乐趣 一本 专门 讲述 蒙氏 教具 制作 难度 很多 时间 太贵 希望 这里 幼儿园 孩子 工作 几本书 相当 不错
0,大虾 帮帮忙 今天 进行 分区 增加 操作 错误 原来 不见 现在 只有 个盘 怎么 恢复
1,一到 四部 全买 中有 很多 重复 了解 以及 能够 红楼梦 帮助 实在 太大 呵呵 此书 部分 薛宝钗 情爱 其实 很多 第三部 这里 只是 增加 一些 信息 比如 宫廷 如何 选秀 还有 古代 皇帝 妻妾 排位 等等 算是 增长 见识 至于 下篇 刘心武 先生 四部 值得
0,跌价 触摸板 附近 系统 安装费 很大 预装 或者 多好
1,这部 绝对 事实 基础 生活 这个 环境 深山密林 鄂温克 鄂伦春 达斡尔 民族 老人 叙述 对应 这部 感动 现在 还有 几个 严谨 写作 小时 看到 街头 不想 火柴盒 一样 房子 那时 理解 女人 怎么 放肆 大街 上家 多么 温暖 后来 明白 这里 不是 这部 说出 心声 好书 每个 爱书人 推荐
1,硬件 外观 服务 设施 陈旧 服务 非常 好头 一次 碰到 任何 服务 人员 见到 微笑 问好 设施 好些 不错
1,非常 很多 编程 经验 还有 实例 理论 例子 相结合 本来 电子版 后来 支持 辛勤劳动 成果 免费 电子版 写书 还有 电子版 看多 眼睛 不好 朋友 希望 他们 大概 看哈 电子版 那样 知道 好不好
0,这个 住国 全国 最差 所谓 四星 标准 宾馆 可怜 无法 转身 看上去 最多 只有 三星级 服务员 结帐 速度 超慢 半小时 最后 一句 超过 分钟 等到 是不是 加收 半天 房费 希望 不要 列为 推荐 说句 情况 总台 那里 汇报 一下
1,入住 多次 忘记 点评 现在 全部 补上 去年底 开始 基本 每个 两三天
0,光盘 以后 怎么 系统 还有 屏幕 锁扣 安全
0,只能 不是 想要 应该 适合 不是 喜欢 几页 放到 一边
0,第一次 最后 一次 服务 星级 成正比 设施 非常 一般
0,号称 四星 可是 内部 设施 最多 相当于 锦江 星等 简易 旅馆 真的 大失所望 下次 一定 不会
0,分区 不好 随机 驱动 光盘 现在 重装系统 找到 驱动 请问 你们 告诉 驱动 地址
1,入住 两晚 现在 上来 做下 点评 呵呵 双人床 年头 宾馆 整洁 程度 环境 不错 服务 人员 热情 由于 充电器 宾馆 使用 不了 半夜 要求 前台 送个 旅行 充电器 过来 三个 不好 服务生 上上下下 四五次 一点 厌烦 最后 一再 表示歉意 很棒 餐饮 方面 西餐厅 不错 价格 味道 方面 不错 至于 中餐厅 一般 菜品 特色 一顿饭 左右 吃饱 整体 环境 不错 后面 绿化 不错 有种 幽深 雅静 呵呵
1,小巧 可爱 亮度 不错 启动 很快 电池 差不多 五个 小时
0,时尚 风趣 文风 谈笑 樯橹 灰飞烟灭 气势 第一部 爱不释手 已经 越来越 强烈
0,大家 不要 此书 适合 国情 绕来 表达 观念 孩子 读书 浓缩 章节
1,读完 以后 材料 方面 准备 充分 叙述 清楚 完整 美中不足 国内 部分 案例 海外 部分 详细 可能 国内 材料 有关 国内 部分 叙述 公允 完整 还原 原貌
0,香港 最烂 预定 大床 第一次 一间 双床 第二次 大床 这间 洗手间 基本 装修 所有 水管 暴露 在外 所有 设备 简装 洗脸盆 只能 放进 一直 手太 吓人 大家 一定 当心 第三次 终于 换到 稍微 像样 看到 前面 那间 所有 眼界 已经 很多 真得 出门 半步 电梯 走道 只能 一人 建议 这个 预算 情愿 离此 很近 香港 华美达 绝对 这个 设试 中环 相对 较近 以前 香港 华美 粤海 差不多 一天 绝对 这家 不过 这家 总算 还有 优点 自助 早餐 丰盛 其实 价格 两个 好多
1,这是 自有 网络小说 以来 第一本 花钱 小说 网上 结尾 或者 小说 唯独 放不下 老妖 开始 记住 叫千寻千寻 作家 每一 心动 似乎 回到 少女时代 一本 琼瑶 三毛 小说 文字 属于 灵魂 沉淀 下来 难怪 导演 改编 电视剧 期待 下部 出版 紫藤萝
0,一家 三星级 服务质量 相当 服务员 电梯 里面 遇到 客人 招呼 一张 臭脸 看见 舒服 以后 再也不会
0,想象 好书 中心 意思 两句话 概括 只要 孩子 愿意 父母 每天 孩子 亲子 阅读 亲子 阅读 越早 父母 孩子 树立 阅读 榜样
1,真诚 坦率 讲述 不仅仅 光纤 一面 还有 猥琐 一面 文化差异 导致 放荡 行为 不能 接受 理解 抱歉 雅尼 混沌 颓废 关键时刻 总能 找回 本质 最终 成就 归公 超强 自我 控制力 专注 几乎 常人 难以想象 理解 也许 付出 坚持 可能 创造 奇迹 认识 雅尼 深深 认识 成功 付出 代价 渴望 成功 方向 看看
1,超轻 单手 方便 外形 简约 大方 喜欢 实惠 内存 硬盘 间接 升级 送货 真是 飞速 头天 下午 订单 第二天 上午 送货 表扬
0,故事 太长 不可 理解 不太 喜欢 两本 就读 下去
1,服务态度 没得说 门童 前台 服务水平 完美 形容 一种 回家 真的 亲切 条件 起来 不错 只是 卫生间 淋浴 设施 亟待 提高 龙头 不好 还有 里面 饮用水 直接 水龙头 漂白剂 很多 起来 口感 不好 入住 期间 由于 市区 管道 维修 赶上 停水 尴尬 询问 前台 很快 给予 答复 并且 态度 服务 真的 没得说 周围环境 比邻 闹市区 晚上 环境 安静 中间 很近 购物 餐饮 方便 走上 几分钟 海边 惬意 值得 推荐
1,拿到 十分 兴奋 非常 非常 其中 几个 方面 启发 非常 大对 业务 系统 描述 理解 通过 优化 前后 业务 系统 进行 对比 分析 十分 直观 易于 理解 盈利模式 方面 收入 成本 结构 匹配 性上 进行 深入分析 启发性 企业 价值 现金流 结构 方面 商业模式 往往 减少 投资规模 降低 运营 资本 同时 增强 自由 现金流 持续 成长 能力 精辟 到位
1,位置 交通 便利 机场 快线 九龙 港币 车程 铜锣湾 时代广场 港币 车程 海港 起步 车程 弥敦道 步行 即可 购物 非常 方便 环境 较为 安静 适于 居住 设施 维护 设施 已较 传统 电视机 饮食 早餐 品种 令人 惊喜 附近 餐厅 提供 其他 选择 服务 员工 热情 主动
1,一般 情况 这个 价位 硬件 条件 不错 适合 情人 约会 不想 花大钱
0,不如 想象 只是 宣传 罢了 亲自 看看 知道 不能 单凭 排行榜 或者 别人
0,个人感觉 一般 太多 堆彻 第三者 角度 出发 读者 天壤之别 几乎 看不下去 特别 贺顿 电台 主持人 一起 主持 节目 一段 书上 心理 多么 睿智 机变 节目 多么 吸引 听众 书上 描述 听到 电台节目 一定 换台 特地 一些 段落 老公 一段 拒绝 最后 盛誉 难负
1,不错 特别 体现 服务 细节 晚上 服务员 牛奶 最后 一晚 摆放 鲜花 阿拉 印象 当然 只要 心情 不错 呵呵
0,纸张 较厚 锋利 小孩 第一次 晕死 出版社 一点 安全意识
1,长恨歌 王琦瑶 只是 追求 幸福 主任 青春 追求名利 康明逊 追求 安稳 生活 老克腊 追求 晚年 孤独 陪伴 只是 追求 破灭 程先生 文革 自杀 也许 晚年 王琦瑶 愿意 愿意 只有 恩情 爱情 陪伴 不错 王安忆 笔下 王琦瑶 代表 一座 城市 值得一看
1,轻薄 小巧 做工 看上去 不错 重要 价格 便宜 性价比 取胜
1,这是 中信 金融 前沿 系列 图书 第本 曾经 工作 华尔街 两大 投行 高盛 摩根斯坦利 通过 投资银行 描写 揭示 华尔街 真相 贪婪 成为 华尔街 主旋律 其实 华尔街 许多 真相 可能 局外人 永远 不会 明白 机会 明白 华尔街 投行 道德 沦丧 有目共睹 以后 机会 得到 他们 服务 应该 仔细 想想 那些 拼凑 项目 建议书 份量 值得 读的书
1,商务 大床 很大 床有 整体 经济 实惠 不错
1,小孩 马上 小学 一本 适合 阅读 要求 简单 故事 吸引 最好 小孩 阅读 时有 一些 启发 或者说 收获 网上 不错 看看 目录 几个 故事 以前 看过 试试看 心情 一套 回到 小孩 一起 朗读 喜欢 看得出来 所有 文章 编辑 精心 选择 除了 小孩 来讲 生字 多外 生字 多一点 没关系 再大点 各项 指标 达到 要求
0,开始 本来 预定 凯悦 后来 助理 搞错 君悦 简单 以下 柜台 服务态度 特小 满意 宾馆 车队 开始 预约 一台 丰田 皇冠 后来 我要 用车 柜台 告诉 皇冠 出去 只有 花冠 然后 告诉 价格 只好 订下 一会儿 花冠 司机 过来 价格 立马 抬高 价格 不是 而是 宾馆 信用 中午 时间 我要 吃饭 司机 过来 等到 出现 只能 君悦 打电话 不可 忍受 那个 司机 一直 打电话 开车 那天 用车 小时 其中 小时 以上 司机 打电话 入住 君悦 用车 的话 千万 不要 用君悦 素质 极差
1,湖南 美景 一览无余 我订 床间 别致 价钱 便宜 送餐 及时 西餐 匹萨 不错 服务 到位 送餐 不能 电梯 跑上来 敬业 宽带 很快 电脑桌 窗边 一边 上网 一边 欣赏 美景
0,看到 朋友 那借 认真 研究 发现 欲望 发现 很多 不同 版本 上网 寻找 版本 朋友 一模一样 选择 即使 价格 方面 别人 不同 一般 元元元 愿意 谁知 收到 打开 钻石版 为什么 不是 网上 那个 普通 一样 欺骗 换行 联系方式 能否 沟通
1,配置 合理 速度 系统 软件 屏幕 坏点 外观 第一次 买本 经验 多少 送给 妹妹 礼物 高兴
0,标准间 较大 接站 服务 不错 总台 服务 不太好 退房 结帐 总台 打一 市话 告知 需角
1,各项 服务 非常 周到 前台 人员 热情 楼层 服务 人员 周到 细致 送餐 服务 快捷 味美
1,广州 订货 两天 非常 配件 齐全 操作系统 方面 预装 不算 坏事 网上 有人 这款 芯片组 事实上 朋友 应该 放心 完美 还有 放心
0,所谓 畅销书 越来越 失望 起来 味同嚼蜡 不管 小说 角度 心理 角度 非常 到位 以前 毕淑敏 小说 有些 不错 这本 失望
0,普通 公寓 服务水平 适合 商旅 人事 入住
1,对于 吴淡如 写作 看过 应该 比较清楚 文章 一般 不会 枯燥 说教 读来 趣味 即时 关于 很多 条条 教教 表达 生动 如此一来 主观 色彩 当然 对于 很多 精益 追求 理论 规范 读者 学者 来说 可能 不是 十分 适合 确实 适合 很多 意愿 各个 角度 学习 提升 方式 方法 特别 推荐 年轻 女性
1,服务态度 真好 舒服 退房 告知 有件 衣服 回去 他们 坚持 服务员 过来 进进出出 微笑 弯腰 点头 打招呼 周边 环境 本人 喜欢 小城镇 几点 不足 一是 楼层 太低 好像 只有 一楼 奇怪 二是 隔音 不好 老是 听到 窗户 外面 说话 别的 一般 的士 前面 这里 外面 打车
0,电池容量 太小 毕竟 内存 太少 还好 手头 一根 机器 原来 不少 一份 价钱 一份 价格 不少
0,无聊 建议 各位 看看 钱包 知道 和谐 不管
0,说实话 为了 跟风 赶时髦 买回来 后悔 呵呵 可能 喜欢 女人 历史 眼光
0,预装 系统 居然 另外 两个 盘符 增加 两个 显得 盘符 好多
1,之前 久负盛名 看过 之后 感受 一种 追求 美好生活 方式 生活 精致 一些 某种程度 复杂 一些 也许 简单 生活 复杂化 不是 一味 贬义 只是 追求 一种 怎样 复杂 看过 之后 得到 这些 希望 传递 一口气 许多 送给 身边 女生
0,驱动 无法 安装 提示 无法 安装 安装 之后 显卡 网卡 驱动 不好
1,急切 网上 多处 搜索 最后 终结 结局 其实 结局 已经 了然 不过 过程 特别 当读 第一本 决定 四本 必须 拥有 这套 的确 很值 同事 几乎 每人 轮流 一遍 最后 这本 到手 没能 读完 同事 中间 一部分 以往 那种 感动 字里行间 细细的 情感 不是 几部 那样 轰烈 可是 依然 亲眼 读完 这个 美丽 悲伤 故事 结局
0,求医 不如 求己 英语单词 沉思 录当 两本 一本 怎么 现在 开始 已经 失望 伤心
0,这个 宾馆 接待 人员 丝毫 职业道德 可言 以前 定过 几次 这个 宾馆 通常 情况 入住 客人 因此 发生 他们 冲突 此于 他们 接待 一个团 为了 腾房 就要 强迫 入住 客人 退房 态度恶劣 言语 嚣张 采用 欺骗 手段 其他 引诱 客人 退房 然后 再说 空房 欺骗 行为 造成 没能 及时 定到 其他 差太差 极其
1,开始 几位 朋友 不敢 入住 没想到 现在 改观 很多 虽小 整洁 下次 的话 还会 选择 这个 只是 希望 宽带 一直 免费
1,上周 正巧 碰上 同学会 这时 订过 没收 其中 一位 功底 很深 不失时机 地问 南氏 情况 其实 很早 不好 打搅 说法 南氏 国内 学术界 不怎么 认可 写文 随意 不怎么 苛求 学术 之道 引述 错误 很多 此人 修养 很深 打通 古代 中国 文化 他家 几本 确实 不错 反正 不是 学术 建议 能买些 看看
1,机子 发现 任何 值得 说好 等待 不停 投诉 下面 不让 写字 很多 不了
0,入住 经济 客房 开门 进去 浓厚 霉味 窗户 房价 不值 别的 的话 可能 更好
1,中央 少儿 这个 动画片 儿子 天天 可是 电视 节目 更换 幸亏 发现 套书 真是 感谢 套书 儿子 当做 宝贝 几乎 每天 火车 故事 认识 里面 所有 火车 有时候 不能 分辨 哪个 爱德华 哪个 托马斯 一眼 认出来 邻居家 小孩 我家 喜欢 看样子 套书 小朋友 喜爱 不错 不错
1,同事 价格便宜 配置 不错 感悟 总是 迷信 外国 牌子 是不是 不太 明智
1,之前 一直 寸间 犹豫 太重 屏幕 太小 可是 后悔 非常 喜欢
0,改花 下午 时间 散热 不好 温度 下过 玩游戏 吓人 触摸板 关不掉 打字 经常 碰到
0,联想 程序 平时 程序 一样 铲平 享受 上门 维修
1,不好意思 刚才 一时 手快 最后 一句 打错 原来 一种 始终 牵动 亲人 不可 深深 情愫 哈哈哈 多多 支持
1,性价比 风扇 声音 使用 风扇 基本 不响 第一个 满意
1,女儿 很多 当当 推荐 童书 如斯凯瑞 阿罗 梅拉 女儿 兴趣 不大 唯独 罗米 系列 百读 不烦 每天晚上 我念 罗米 故事 很多 故事 复述 通过 真切 体会 合适 最好 女儿 通过 罗米 那些 事罗米 那些 行为 应该 改正 通过 罗米 行为 了解 一般 常识 罗米 系列 女儿 年龄 相仿 几套
0,味道 好重 本来 华天 世纪 他们 生意 太好 了丽晶 好久没 人住 霉味 好大住 两天 柳州 肯定 不住 这家 宾馆 反馈 年月日 提出 意见 进行 改进 设有 无烟 楼层 推出 奢华 新装 商务 行政 客房 一定 不会 失望
0,内存 驱动 不是 很全 声卡 驱动 安装 需先 安装 补丁 才能 安装
0,发现 不是 喜欢 风格 儿子 喜欢 也许 女孩子 喜欢 书吧
1,不过 对于 一些 阴谋 论调 将信将疑 网上 大家 议论纷纷 详尽 当属 天涯 这篇 学术 争鸣 好事 不过 回头 想想 的确 小说 正史
1,这是 安意 非常 青睐 故事 推荐 小说 忠实 读者 品位 从不 怀疑 这本 小说 对于 鹌鹑 崇拜 更进一步 真是 令人 着迷 故事 内心 带来 激荡 作品 可能 用个 小时 读完 流畅 惊讶 完全 文字 而是 声音 画面 里面 精美 插图 漂亮 书签 人物 脑海中 形成 影像 柑橘 柠檬 歌声 仿佛 远处 不停 回响
1,忽然 听见 孩子 哈哈大笑 不禁 问个 究竟 原来 看别 英文单词 感到 好奇 于是 抽空 这书 笑了起来 这书 着实 有趣 看过 单词 留在 记忆 里面 年龄 记忆力 衰退 所料 不及 原来 单词 于是 鼓励 孩子 好好 阅读 此书 记住 单词 适当 场合 同学 讲讲 笑话 未尝 不是 意义
0,非常 一家 前台 小姐 开房 郑重声明 二星级 进门 一股 味道 扑面而来 墙上 插卡 取电 没用 干脆 直接 电钮 开灯 卫生间 洗澡 打开 水龙头 竟然 管子 喷出来 仔细 一看 原来 淋浴器 管子 龙头 部位 已经 断裂 部分 胶布 简单 一起 好不容易 洗完 离开 卫生间 突然 听到 里面 轰隆声 大作 吓了一跳 一看 原来 楼上 马桶 声音 当然 声音 晚上 持续 不断 只要 楼上 卫生间 好不容易 一晚 早上 起来 餐厅 电话 早餐 告知 不送 就要 手续费 终于 出门 退房 开门 地上 好大 一滩 原来 夜里 下雨 走廊 竟然 漏雨 大半夜 终于 外面 雨来 向前 小姐 要求 一段 三分钟 旁边 北海 汽车站 告知 去求 保安 恳求 半天 慢吞吞 地去 安排 最后 耐不住 饥饿 二楼 餐厅 吃饭 一份 难吃 炒饭 卖块 就算 送餐 时往 桌上 一包 餐巾纸 立马 就要 两块钱 一分钱 愿意 施舍 这家 这笔 俺们 受不了 这笔 桂林 住块 宾馆 好多
0,周二 中午 收到 顺丰 送来 本本 非常 不错 只有 疑问 不是 说屏 背光 全黑 状态 关闭 能够 看到 屏幕 下方 白色 漏光 是不是 联想 忽悠 记错 呵呵
1,月底 刚住 真的 不错 干净 隔音 效果 不错 至少 服务态度 吹风机 很快 拿来 几包 茶叶 很快 唯一 遗憾 提供 信用卡 消费 不过 门口 自动 提款机 还有 不能 延后 小时 退房 电脑系统 一间
1,客房 餐厅 服务 不错 总台 办事 速度 挺快 楼层 好像 电话 忘带 房卡 还要 总台 电梯
1,商务 标间 洗手间 很小 隔音 效果 不太好 说来 干净 整洁 交通 方便 静安寺 很近
0,非常 愉快 一次 经历 服务 一塌糊涂 下午 左右 入住 竟然 打扫 办理 手续 押金 然后 晚上 房卡 如此一来 竟然 入住 折腾 一周 多才 确认 房价 对比 而言 优势 非常 客观 恶言 相隔 一条街 新开 比比皆是 除了 其他 一般 特别 隔音 不能 时间 喜欢 隔壁 做爱 直播 非常 去处 欣赏 晚上 身临其境 总之 再也不会 这个
0,靠近 机场 听到 很大 噪音 早餐 非常 简直 再也不会 这个 宾馆 反馈 年月日 尊敬 客人 您好 非常 感谢您 宝贵意见 对于 入住 期间 遇到 愉快 经历 深表歉意 以下 关于 意见 反馈 情况 关于 提到 噪音 陈旧 由于 地处 厦门 主要 干线 湖里 大道 西段 距离 机场 分钟 车程 这是 交通 便利 主要 优势 随之而来 噪音 厦门 联发 集团 月份 投入 巨资 重新 进行 装修 隔音 方面 最大 改进 提高 装修 完工 投入使用 以来 收到 客人 关于 噪音 投诉 早餐 针对 几年 团队 为主 早餐 人员配备 早餐 种类 数量 很大 改进 目前 早餐 包括 小菜 饮料 热菜 糕点 主食 沙拉 多种 菜品 能够 满足 各种 客人 不同 喜好 非常 珍惜 一位 客人 投诉 非常 珍惜 每次 能为 客人 提供 服务 机会 也许 方面 现在 不能 做到 十全十美 一直 努力 希望 再次 光临 丽轩 感受 改变 最后 再次 感谢您 意见 建议 正是 客人 使丽轩 一直 进步 不断完善 谢谢
1,不错 酒店设施 交通 方便 市中心 一点 距离 机场 方便
1,原本 一本 中学 时代 阅读 关于 两性 经典 言论集 找到 找到 周国平 一本 周国平 妞妞 很早 之前 各大 报刊杂志 看到 介绍 一直 来看 这一 相信 值得 男人 女人 用心 阅读 生活 需要 智慧 两性 相处 亦然 爱情 婚姻 不是 人生 全部 毫无疑问 获得 人生 幸福 重要 部分 应该 认真对待 每个 收益
0,慕名 本来 看看 大失所望 作品 一小 资女 自我感觉 良好 显摆 多人 粉丝 水平 可想而知 非常 后悔
0,本人 正是 各位 误导 以为 留有 遗憾 好书 发现 赶紧 买下 看过 若干 真是 大呼 上当 哪里 象是 一本 讲述 历史 书籍 通篇 调侃 风格 以及 使用 网络 语言 大白话 甚至 许多 句子 多含 语病 真是 误人
0,糊弄人 选定 圆通 竟然 免费 经济 多花 块钱
0,唯一 优点 明白 炒作 世道 三教九流 一不小心 还成 畅销书 凭良心 可能 影响 其他 顾客 选择 大都 经验 至于 科学依据 清楚 个人 认为 不可 希望 大家 好好 考虑
1,整体 做工 尚可 屏幕 大有 面子 硬盘 大够 肚量 独立 显卡 并非 性能 配置 够用 上网 片子 完全 用装 无需 再要 驱动
1,尽管 这家 市中心 距离 风景 服务 特别 酒店设施 齐全 步行 海边 联系 司机 早饭 提前 送到 另外 收取 费用 餐饮 口味 基本上 满足 各种 要求 下次 威海 这家
1,酒店设施 齐全 服务周到 海边 很近 适合 晚上 出去 散步
0,看到 书评 买回来 儿子 一点 喜欢 只好 好看 怪不得 吸引 不到 儿子
1,拿到 套书 非常高兴 两本 一起 价格 拿到 之后 两天 读完 希望 厚点 尤其 活法 做人 做事 理念 方法 之后 豁然开朗 非常 钦佩 稻盛和夫 不仅仅 经营 之圣 而是 智者 传授 智者 企业家 做到 这个 程度 不会 再有 尔虞我诈 值得 久读 里面 讲得 道理 耐人寻味 烦躁 空虚 之时 一翻 感动
0,相头 最大 键盘 左键 钢板 翘起 顶住 不能 同时 左向键 头上 周日 自提 技术人员 处理 不爽 这点 我要 倒扣分 退货 时间
0,中医 方面 很感兴趣 看到 如此 畅销 很多 读者 满心 欢心 非常 失望 十二分 失望 书中 观点 缺乏 科学 根据 自圆其说 不能 比喻 新奇 道理 每篇 每段 提出 观点 之后 后面 很多 观点 无关 完全 乱七八糟 牛头不对马嘴 居然 多人 喜欢 除了 一声 长叹 别无选择
0,一般 服务态度 不好 有个 密封 箱子 需要 帮忙 下来 先到 前台 结帐 帮忙 下来 短短 十分钟 时间 查房 服务员 擅自 密封 箱子 拆开 翻看 里面 帮忙 拿纸 箱子 门童 上去 气愤 质问 服务员 服务员 振振有词 真是 知道 是不是 值钱 直接 拿走 幸好 只是 一些 资料
0,麻烦 驱动 现在 有个 未知 设备 知道 别的 驱上
1,位置 非常 好过 繁华 南京路 地铁站 特别 硬件 星级 里面 算是 不错 服务 可能 开业 时间 略显 接近 一晚 价格 不能 免费 上网 不太 人性化 也许 上海 稍微 档次 总的来说 满意 下次 还会 考虑 入住
0,网上 介绍 一看 傻眼 小孩子 孩子 合适 怎么办 客服 忙忙 怀疑 是不是 虚设 以后 网上 注意
0,网上 很多 好评 欺骗 叫好 画面 阴沉沉 睡觉 不要 孩子 其实 原本 旨意 国外 拷贝 过来 画面 真的 太丑 真的 一点 兴趣
1,故事 孙波 小浪 画家 每个 辛苦 活着 好像 这个 社会 好多 苟延残喘 有些 无奈 小浪 画家 妻子 孙波 最后 疯掉 每个 仿佛 逃避 苦难 每个 人有 好像 得到 解脱 殊不知 身边 更加 受伤 故事 一直 不同 身份 讲述 每个 角度 出发 有着 悲伤 口吻 也许 看过 压抑 生活 每个 欣赏 角度 不同 喜欢
1,原以为 瓶装 旧酒 只是 出版社 文章 编辑 一把 出售 读毕 非然 心愧 体会 茅老 思维 框架 完备 思维 方式 缜密 论证 观点 总是 如此 新颖 出人意料 发人深省 感悟 不是 人云亦云 思想 达到 自由 境界 建议 茅老 多出 新品 注明 写作 日期 同时 多些 文彩 也许 茅老 当初 数理 哈哈
0,本来 预定 别墅 标间 前台 小姐 热情 推荐 超超 豪华 普通 标间 入住 本来 网络 预定 还要 进去 一股 异味 好象 几百年 没人住 老式 里弄 后来 强烈要求 原本 预定 别墅 的确 一样 这样一来 非常 不好 手段
0,炒得 火买 来看 印刷 精美 深度 不够 值得 收藏 不过 考虑 孩子 读书 看看 由浅入深 接触 传统 文化 一种 选择
1,余华 活着 世纪 作品 可是 对于 今天 读者 很大 意义 主人公 福贵 一生 坎坷 崎岖 坚持 下来 亲人 心里 承受 多大 打击 可是 坚持 死去 活着 亲人 活活 神圣 话题 对于 今天 人们 来自 方面 压力 非常 如何 处理 有人 活着 有人 自杀 等等 相信 有所 启迪
1,五号 相当 不错 无论 客房 餐饮部 员工 客人 真诚 微笑 服务 附近 交通 方便 市中心 景区 不远 下次 还会来
1,追加 几句 好多 真正 大师 作为 大师 这个 称号 标准 布里克 这么 一位 假如 误以为 今天 中国 某位 导演 算是 大师 的话 看看 布里克 看看 开眼 对照 一下 不太好 差距 哪位 导演 真心 有生之年 成为 大师 作为 目标 的话 看看 开眼 戒給 树立 标竿
1,一位 孩子 妈妈 书中 提出 不管 最好 教育 理念 印象 非常 深刻 现在 多数 家庭 孩子 家长 给予 孩子 全方位 照顾 不敢 放手 孩子 健康成长 需要 家长 爱心 需要 家长 耐心 等待 非常感谢 圆圆 妈妈 带来 看一遍 肯定 不够 书中 提出 很多 反复推敲 家长 认同 正确理解 才能 平和 心态 面对 孩子 成长 过程
0,红外 只是 遥控器 不能 数据 这个 应该 参数 说明 保修期 写得 不够 准确 驱动 光盘 硬盘 驱动 不全是 驱动 还要 网站 下载 系统 有个 驱动 装不上
0,硬盘容量 实际 查看 分区 只有 多一点 打电话 华硕 销售 解释 还有 隐藏 分区 黑色 表面 容易 指纹
1,百度 已经 小说 人们 各类 翻译 不过 看到 正版书 真是太 开心 赶快 一本 放在 家里 哈哈哈哈 厦门 送书 速度 远比 上海 直到 离开 收到 不过 听说 纸张 复印 质量 不是 改动 空间 出版社 加油 赶快 最新 台湾 出版社 翻译 的话 百度 快快 相信 有销路
1,小可 容量 速度 外壳 色泽 光感 不错 对于 准备 求婚 哥哥 不错 选择
1,内置 软件 华硕 电话 服务 没得说 不错 不错 由于 网卡 升级 一个多 小时 电话 不烦
0,告诉 如何 当今 竞争 激烈 环境 尤其 外企 凭借 努力 一步步 实现 目标 故事 当然 人工 拉拉 可爱 学习 对于 工作 认真 执着 遇到 总是 善于 总结 善于 公司 上上下下 打交道 技巧
1,大堂 装修 豪华 距离 广州 很近 推荐
0,老人 小孩子 星才订 一订 好家伙 隔音 不说 淋浴 水龙头 一碰 热订 周四 周六 周四 周六 居然 订单 全家 行李 当地 现找 宾馆 别说 大堂 副理 态度 说话 不管 最后 当地 宾馆 价格便宜 不光 服务 真别 星级 符合 现实情况
1,补充 一下 海底 秘密 适合 全体 读者 文字 无国界 充满 永葆青春 用心 阅读
0,身边 很多 朋友 好看 有意思 来看 几页 发觉 口味 喜欢 类型 历史 小说 太太 调侃
1,确实 一本 有趣 大人 欣然 一笑 不过 个人 淘气 破坏 犯错误 本来 孩子 天性 这是 他们 学习 成长 独特 方式 一定 范围 家长 他们 自由发挥 不必 严加 干涉 尤其 对于 以前 孩子 其实 一大堆 道理 不如 一次 亲身 体验 奏效 相反 道理 讲得 太多 有害无益 宝宝 快乐 家长 快乐 以上 观点 欢迎 指正
0,同学 那儿 两张 系统盘 清楚 记得 放进 光驱 可是 打开 光驱 却是 郁闷 尴尬 恐怖
0,男人 温柔 不到 一丝 男人 气概 只会 无法 欣赏 文笔优美 何处 爱情 奇怪 张爱玲 爱上 隐隐 大概 一辈子 影子
0,不闷 千万别 超级 郁闷 一本 很闷 只能 这么
0,内胆 由于 电池 缘故 重量 稍微 重了 一点 突出 设计 浑然一体 最大 升级 提供 空余 内存 扩展槽 升级 需要 条子 替换 自带 条子 非常 不好
0,天津 三天 这家 最差 首先 管理混乱 到达 各种 原因 解释 想订 入住 通风 极差 控制 开关 老化 失灵 晚上 睡觉 关灯 只能 灯泡 前台 服务态度 糟糕 一家 严重 影响 天津 形象
0,很差 有鬼 一样 服务 差水要 总之 这个 绝对 推荐
1,图书 印制 精美 非常 星座图 儿子 喜欢 放在 床头 每天晚上 睡觉 前会 一翻 图书 设计 成人 儿童 适合 长期 留存 家里 孩子 长大 一直 翻翻 看看 偶尔 一翻 儿子 希望 买个 天文 望远镜 对照 星图 天空 成熟 设计 幼稚 孩子 看得懂 对于 孩子 天空 天文 多一点 深度 认知 非常 适合 爱好 天文 成年人 值得
1,看过 知道 季老 坚定 唯物主义 信仰 学者 不能 要求 写出 符合 佛教 传统 文章 季老 只能 当纯 学术 看看 要学佛 一般 合适 开始 认为 先生 著名 宗教 研究 大师 毕恭毕敬 认真学习 先生 思想 仰之弥高 及至 书中 净土 修行 法门 浅薄 即视 如土 只当 学术 资料 看看 这些 妨碍 喜欢 季老 文笔 清新 简洁
0,当当 一次性 订单 多元 可是 送货 送到 楼下 可能 上楼 拿走 不知 为什么 你们 之间 矛盾 消费者 牵涉 进去 少付 一分钱 当当 合理 解释
1,适合 一段时间 出来 看看 每次 不同 感受 相信
1,性能 不错 满足 日常 需求 特别 喜欢 造型 很帅 大屏幕 看起来 很爽 杜比 音响效果 很赞 支持 联想
0,不好玩 浪费 认真 小说 一样 热情 不要 值得
0,认为 此书 完全 等于 阴沟 不值 大家 别买 后悔 不如 别的
1,女儿 以为 文学 故事 没想到 儿时 亲身经历 羡慕 学园 孩子 小林 校长 充满 崇敬 情真 孩子 孩子 老师 现实生活 遇到 小林 校长 那样 老师 很难 小豆豆 妈妈 那样 妈妈 不太难 一句 父母 孩子 最好 学园
0,系统 这个 不好 装挺 费时间 还有 显卡 摄像头 驱动 两有 显卡 得装 两遍 不然 启动 不了
0,大家 这本 书写 很多 心理 案例 案例 故事 分析 心理学 辅读 读物 一些 故事 起来 打乱 一下 顺序 而已 推荐 那些 喜欢 小说 真想 学到 心理学 知识 免谈
1,电池 不错 可用 小时 键盘 不错 价格 还行 比要 很多 远程 组网 测试 方面
0,于丹 心得 电视 看过 上网 看过 记得 大学 老师 还放 看过 现在 看有 一本 还有 书签 印刷 彩色 上次 分数 知道 怎么 不知 不能 应该 喜欢
1,位于 市中心 非常 方便 时间 听说 附近 很多 景点 来讲 服务 非常 不错 应该 两个 封门 成为 单独 硬件 不到 星级 标准 三楼 法式 餐厅 不错
0,满心欢喜 想不到 当当 哪个 家伙 两本 完全 不到 书来 当当 这么久 一次 遇到 气死我了
0,一般 教课 一样 人物 只有 性格 性格 纪实 总结 小说 呵呵
0,前几次 入住 舒适 认为 香港 必然 选择 现在 看来 现实 真是太 残酷 中午 到达 办理 入住 手续 开始 不到 入住 人名 好不容易 人名 房型 前台 服务员 板着脸 他们 说明 不能 调换 经过 来来回回 两个 小时 三方 交涉 一张 免费 加床 第二天 调换 后来 没人 搭理 四天 加床 直到 第五天 一家 公司 定房 需要 终于 结束 几天 加床 前台 服务员 态度生硬 迷你 以前 这时 有着 鲜明 反差 这使 感受 美好 不是 一成不变 多一些 其他 选择 应变 最好 办法
0,内存 喇叭 那样 声卡 太烂 我外 接惠威 声音 台式机 比有 明显 差距
0,一本 教科书 看吧 适合 职场 菜鸟 看不出 任何 价值 亏得 这么 多人 好评 小说 看吧 文笔 实在 不怎么样 讨厌 书里 主人公 看着 完美 实际上 骨子里 透着 自以为是 上海 女人 形象
0,系统 麻烦 以前 系统 上装 系统 两三个 小时 后来 网上 许多 相关 资料 搞好 这个 系统 建议 不配 系统 或是
1,配置 均衡 测试 电池 小时 左右 散热 系统 深度 稳定 蓝屏 后来 改用 帝国 一切正常
1,面积 很大 服务 尚可 总的来说 满意
0,实在 建议 大家 那里 的话 价格 位置 第一次 遇上 连车 竟然 客人 大箱子 走上 分钟 黑车 遇上 最差 零分 第一个
0,字差 差差 态度 到极点 日开 两间房 不是 工作 太忙 早就 不能 忍受 第一天 入住 不错 干净 随后 后面 几天 事情 接着 同事 衣服 不见 其他 他们 怎么回事 这个 那个 那个 这个 后来 不了了之 最后 找到 靠枕 服务员 服务员 其他 服务员 后来 领导 批准 他们 不能 其他 只能 反应 后来 不了了之 床单 被套 四天 后来 主动 提后 一张 气愤 几天 终于 爆发 最后 一天 早饭 由于 打算 早餐 午餐 一块 由于 飞机 那个 餐厅 老板 不错 午饭 没好 剩余 早餐 还有 马上 炒个 早餐 前台 餐卷 前台 早餐时间 已过 餐厅 愿意 后来 今天 非要 那个 大厅 经理 样子 好象 既然 拍桌子 最后 办法 后来 餐厅 老板 为什么 他们 服务态度 怎么 国营 一样 老板 本来 国营 看到 吵架 常事 难怪 发誓 再也 后来 还给 客服部 打电话 建议 不要 客人 推荐 简直 受气
0,明显 自恋 倾向 只有 老公 上班 太太 才能 那样 生活 很多 方法 实用 还有 抄袭 嫌疑 没意思 没买 省省
1,受不了 宽带 竟然 收费 小时 一晚 其它 不错
0,一般 一般 一般 一般 一般 一般 一般 一般 一般 一般 一般 一般 一般 一般 一般 一般
0,慕名 本来 看看 大失所望 作品 一小 资女 自我感觉 良好 显摆 多人 粉丝 水平 可想而知 非常 后悔
0,房价 一间 经济 奇小 无比 里面 转身 淋浴 设备 被子 干净 身上 很痒 通风 空气 很差 隔音 效果 非常 旁边 听见 半夜 酒鬼 敲门 惊醒 最差 五星级 千万 不要 那儿 开发区 很多 经济型
0,搞笑 这么 多次 酒店宾馆 停车费 唯独 宾馆 停车费 事先 说明 当兵 停车费 破口大骂 先震 四晕 八素 然后 发懵时 一鼓作气 接着 声音 特大 一副 要钱 要命 一条 架势 最后 收费 直犯 最后 收费 方法 以后 这家 宾馆 借鉴 一下 方法 切不可 模仿 此次 交费 纯属 侥幸 至于 其他 感想 一经 发表 观点 一样 字差 奉劝 大家 住店 三四 而后
0,赠送 杀毒软件 只有 使用 价格 偏高 有些 方便 下单 可能 电池 原因 机器 确实 指纹
1,硬件 来讲 应该 不错 位置 远离 市中心 商业区 不是 方便 刚好 赶上 出租车 罢工 出行 相当 方便 市政府 对面 基本 餐厅 里面 工作 餐厅 不错 考虑 交通 建议 选择
1,早点 环境 不过 丁山楼 主楼 很大 差距
0,当时 销售 看过 之后 不是 喜欢 个人感觉 每个 看书 感受 一样 呵呵
0,一般 之前 女人 有钱 差不多 没什么 实际
0,硬件 过得去 服务 水准 太差 前台 服务员 好像 煞笔 一个个 装傻充愣 一问三不知 另外 日式 标间 根本 宽带接入 他们 网站 宣传 不符 电话线 接入 还要 收费 为此 前台 交涉 服务员 领班 态度 蛮横 出言不逊 根本 服务业 服务 迟早 这个 度假村 关了
1,质量 不错 适合 左右 小孩 一页 边上 已经 打好 虚线 直接 页面 撕下来 就行 简单 手工 练习 孩子 图形 折纸 儿子 特别 喜欢 剪刀 不太好 正好 练习 有些 出来 实用性 太阳帽 刚好 儿子 头上 拖鞋 刚好 儿子 大小 正合适 呵呵 练习 手工 同时 还有 很多 乐趣 喜欢
0,发热 厉害 小时 下面 烫手 出头 一天 这么 害怕 机器 单薄 塑料 感挺强 电池 续航 理想 驱动 麻烦
0,位置 好离 解放碑 分钟 路程 宽敞 早餐 甜点 好吃 大堂 太小 电梯 客人 多且 写字楼 混用 方便 装修 的确 商务酒店 却说 四星级 标准 实际上 很难 达到 四星级 水平 最大 客人 准备 免费 袋装 茶杯 旁边 一小 茶叶 容易 误认为 免费 谁知 结账 时要 块钱 服务员 解释 免费 袋装 宾馆 另行 提供 牵强
0,电话线 网卡 接口处 状态 指示灯 提供 网线 网卡 喇叭 手动 关闭 开关 必须 使用 组合 急键
0,最大 不足 空间 系统 自带 工具 一次 分出 空间 进不去 系统 只能 恢复 恢复 出厂 设置 还有 附赠 系统 安装盘 摄像头
1,看过 文中 这部 算好 第一次 阿哥 男主 这个 长相 媚过 女子 经商 奇才 早已 熟知 科学 创新 成就 第一次 知道 中医 日渐式微 众所周知 女主 中医学院 学生 本事 宫里 医官 实在 不敢苟同 作为 医学院 学生 女主 清朝 历史 学得 太好了 大事 且不论 竟然 小孩 哥哥 名字 想到 几十年 押解 阿哥 人额 滴神
1,沙田 地理位置 不算 只是 地铁站 略微 环境 还好 服务 不错 前台 很快 不象 传说 香港 足够 舒服
0,位置 较差 交通 极其 不便 顶多 三星级 标准 周边环境 较差 不太好 下午 点前 退房 要收 全价 真令人 失望
1,大堂 服务员 热情 宾至如归 入住 商务 客房 除了 还有 多功能 传真机 文件 发送 方便使用 会收 使用费 不过 上网 免费 速度 很快 工程师 专业 有效率 及时 排除 一些 难题 地理位置 极好 会展中心 方便 不必 担心 堵车 愉快
0,处理器 标称 频率 但生 降到 完全 浪费 硬盘 确实 需要 耐心
0,已经 一半 确实 好看 通俗易懂 值得 一读 正在 犹豫 不要 后面 几本 作为 南昌人 纠正 一点 某人 滕王阁 上望 鄱阳湖 手边 记得 确切的说 事实上 滕王阁 看到 赣江 希望 大家 不要 误导
1,待机时间 屏幕 调到 最暗 待机时间 小时 老婆 女孩子 白色 本本 合适 白色 确实 黑色 好看 巧克力 键盘 不错 电源适配器
1,外观 漂亮 使用 公模 看着 顺眼 待机时间 对于 经常 出差 来说 试用
1,合庆 商务 单间 堪称 豪华设施 特别 先进 特别 少有 先进 马桶 很少 装备 价格 接受
1,携程网 看到 大家 海景 花园 服务 下旬 青岛 避暑 特意 入住 该店 入住 感同身受 果然 名不虚传 宾馆 服务 一流 几处 尤其 感动 比如 西餐厅 主管 王杰 服务员 金玉 听说 胃病 除了 进餐 照顾 还给 拿来 一些 花生米 每天 几个 保护 胃黏膜 青菜 每次 单独 小盘 青岛 那天 下着雨 客户关系 主任 直接 入住 手续 登记 看到 脚面 贴着 膏药 很快 楼层 服务员 送来 几张 云南白药 后来 服务员 注意 走路 一瘸一拐 一盒 膏药 基本 痊愈 慢性 咽炎 空调 咳嗽 大堂 服务员 马上 取来 金嗓子喉宝 服务员 拿来 咳嗽 糖浆 服用 很快 见效 楼层 服务员 总是 外出 收拾 每次 回来 总是 整整齐齐 晚上 送来 牛奶 可是 在外 旅行 接受 待遇 走进 见到 员工 微笑 打招呼 感到 亲切 注意 提供 早餐 食品 水果 礼品 质量 所有 一切 说明 总经理 管理 有方 这么 员工 培养 如此 之好 他们 树立 顾客 至上 理念 提供 人性化 服务 殷勤 热情 细致 周到 容易 其实 作为 五星级 该店 硬件 理想 他们 超一流 服务 的确 吸引 顾客 明年 避暑 首选 青岛 青岛 住店 当然 首选 海景 花园
0,两次 这家 遇到 几乎 相同 备注 清楚 临街 安静 高层 不要 房型 知道 原因 信息 传给 理解 第一次
1,安静 周围环境 不错 交通 便捷 周围 娱乐 设施 或者 饮食 之处
1,位置 非常 客人 每次 点名 入住 只是 知道 为什么 每次 前台 为了 吸烟区 吸烟区 糨糊 即便 预定 已经 强调 得到 确认 前台 试探 换成 吸烟区 无烟 处理 真真 打败
0,现在 为止 没拿到 原因 你们 快递 人员 听不懂 普通话 包裹 地址 这位 可怜 大妈 快递 不到 没法 派送 不会 陕西 方言 实在 无法 沟通 只能 等待 这位 大妈 退货 然后 再次 派送
0,好久 起来 记得 火车站 超级 不过 方便 同时 必然 韩日 旅游团 这里 很多 前台 服务 冷淡 两个 人住 标准间 一张 房卡 挑衅 心情 宾馆 反馈 年月日 针对 客人 提出 现已 认真 整改 希望 一位 入住 渤海 明珠 高兴 入住 满意
1,套书 目前 女儿 每天 要求 套书 化身 游历 方法 近距离 接触 各种 科学知识 真是 非常 奇妙 创意 看得出 出版社 用心 每本前 邀请 相关 领域 科研人员 写序言 适合 以上 小朋友 丰富 需要 一定 理解能力 太小 孩子 可能 不感兴趣 总之 好书 值得 人人 拥有
1,中餐厅 绝对 不是 五星 晚点 多时 中餐厅 没什么 用餐 餐厅 环境 犹如 一般 小店 餐具 一般 桌上 餐巾纸 牙签 上菜
1,厦门 宾馆 安静 干净 宽敞 舒适 服务 不错 宾馆 地理位置 方便 厦大 轮渡 只要 起步 宾馆 本身 花园 宾馆 很漂亮 还有 双早 不错 总之 非常 喜欢 宾馆 下次 厦门 一定 还会
0,只有 内存 要是 系统 起来 难忍
0,视频 非常 麻烦 当然 来说 特地 人来
1,细读 此书 心情沉重 无以复加 电影 风筝 来看 一样 右派 电影 那场 灭绝人性 迫害 描写 明显 不及 此书 来得 细致 深刻 生动 力度 当然 给予 感受 不是 刻骨铭心 一本 不可多得 好书 一位 中国 应该 读一读 了解 一下 那段 历史 一次 革命 才能 保持 清醒 理智
0,也许 说好 人太多 期望值 过高 拿到 手里 看时 书写 肤浅 意思 半天 时间
1,很少 教科书 满分 实在 惊喜 不少 首先 满足 记忆 单词 需要 同时 讲解 单词 具体 使用 技巧 以及 对应 语法 最后 还有 对应 立体 灵活 应用 还有 印刷 精美 程度 一样 英语 捡起来 一定 非常 教科书 学生 正在 学习 学习 英语 一本 工具书 总是 得到 一本 实用 好书 大家 福利 一样
0,靠近 机场 听到 很大 噪音 早餐 非常 简直 再也不会 这个 宾馆 反馈 年月日 尊敬 客人 您好 非常 感谢您 宝贵意见 对于 入住 期间 遇到 愉快 经历 深表歉意 以下 关于 意见 反馈 情况 关于 提到 噪音 陈旧 由于 地处 厦门 主要 干线 湖里 大道 西段 距离 机场 分钟 车程 这是 交通 便利 主要 优势 随之而来 噪音 厦门 联发 集团 月份 投入 巨资 重新 进行 装修 隔音 方面 最大 改进 提高 装修 完工 投入使用 以来 收到 客人 关于 噪音 投诉 早餐 针对 几年 团队 为主 早餐 人员配备 早餐 种类 数量 很大 改进 目前 早餐 包括 小菜 饮料 热菜 糕点 主食 沙拉 多种 菜品 能够 满足 各种 客人 不同 喜好 非常 珍惜 一位 客人 投诉 非常 珍惜 每次 能为 客人 提供 服务 机会 也许 方面 现在 不能 做到 十全十美 一直 努力 希望 再次 光临 丽轩 感受 改变 最后 再次 感谢您 意见 建议 正是 客人 使丽轩 一直 进步 不断完善 谢谢
1,按照 朋友 的话 这家 有着 破烂 外表 却是 内里 奢华 装修 服务 绝对 一下 车到 退房 非常 专业 服务生 接待 行李 送到 空调 开灯 泡茶 坚持 小费 特色 大房 以后 福州 一定 这个 舒服 宽敞 免费 小时 国内长途 免费 上网 游戏 齐全 速度 很快
1,昨天 收到 安装 系统 顺利 软件测试 满意 物有所值 除了 无线 网卡 显卡 驱动 下载 其他 驱动 盘上 网卡 随便 搜索 显卡 下载 地址
0,汇东 大酒店 商务 单间 普通 单间 基本 区别 大小 配套 主要 区别 楼层 商务 一般 安排 上面 几层 建议 大家 选择 普通 入住 灯光 特别 压抑 装修 应该 四星 最差 办法
1,环境 非常 非常 庭院式 小栋 别墅 年限 很久 据说 服务 环境 绝佳 强烈推荐 绝对 安静 唯一 不好 电视 最早 那种 彩电 可能 朋友 进去 电视 不能 开找 服务员 服务员 很快 搞定 数字电视 声音 变化很大 这个 频道 正常 声音 换个 频道 吓死人 欧洲杯 凌晨 声音 隔壁 那个
1,瑞吉 红塔 公司 几个 老客户 首选 设施 附近 几家 五星 最好 办公 家具 非常 舒服 卫生间 装修 布置 讲究
1,方面 条件 不错 只是 卫生间 干净 整洁 隔音 效果
0,还算过 不过 文采 来说 一般 只是 一些 大道理 不过 人些 启示 不过 适合 理想 女孩
0,既然 屏幕 体积 一点 更好 这点 事先 知道 有些 别扭 边框 幸亏 没买 白色 不然 大黑 一等 难看
1,圆通 快递 送货 很快 服务 不错 五分 家里 家人 满意
1,设施 餐饮 服务 不错 任何 景观 外观 比狮林 好点
0,建筑 内饰 一般 属于 典型 老式 饭店 门卡 经常 失灵 特别 服务 形成 宾客 服务 理念 当门卡 无法 开门 前台 做卡时 饭店 提出 意见 无法 相信 前台 服务 人员 竟然 你们 总是 一天 一天 延住 事实上 前一天 刚刚 续住 服务态度 年前 某县 招待所 遇见 对于 省会 五星级 实在 无法 前台 一架 搬出 这个 性价比 价格 内饰 远远 比不上 中振和华庭 当然 房价 要求 的话 世贸
0,以为 板芯片组 整合 显卡 以后 发现 只有 显卡 当然 谈不上 混合 交火 感到 遗憾
1,便携 性能 价格合理 赠品 实用 总之 超值 自提 工作人员 态度
0,很着急 知道 怎样 培养 孩子 幼儿教师 大家 一定 孩子 教育 教育 不是 需要 家人 配合 很多 不能 按照 意愿 送给 家人 大家 一起 探讨 如何 教育 孩子 教给 很多 家长 喜欢 作为 教师 喜欢
0,刚刚 降价 到手 上网 订单 结束 看到 价格 已经 火大
0,选页 介绍 一部分 一部分 没意思 不值 多钱 上当 现在 英语 学习 资料 花钱买 真是 失策
0,以前 买过 见到 屏幕 保护膜 这次 不会 返修 或用 肯请 大家 告诉 你们
1,早餐 位置 不错 打车 火车站 十几员
0,镜面 设计 容易 指纹 降价 速度 太快 订货 收货 缺少 原装
1,白色 很漂亮 指纹 不是 明显 键盘 舒服 电池 不错 当时 看好 电池 体积 小巧 携带方便
0,一口气 很多 软件 运行 速度 有些 下降 银子 的话 推荐 第一次 实在 不怎么 不如 方便 画面 漂亮 罢了
0,这么 五星级 第一次 经历 由于 时间 紧没能 订上 度假 房型 所有 高级 晚上 点多 安排 烟味 很大 双人间 本人 讨厌 吸烟 所有 要求 无言 楼层 或者 换个 烟味 前台 马上 安排 之后 漫长 小时 等待 最后 终于 忍不住 打电话 前台 发现 电话 然后 手机 打通 要求 再说 一次 十来 分钟 服务生 换房 然后 带到 一间 由于 烟味 接受 由于 女朋友 一起 原有 枕头 根本 不够 电话 管家 部说 要求 多个 枕头 这时候 特别 郁闷 事情 发生 管家 部说 由于 这个 标准 单人间 所有 要加 枕头 需要 超级 郁闷 原来 前台 降级 级别 低级 所有 枕头 收费 高级 标准间 霎时间 无比 郁闷 无数 星级 第一次 遇到 降级 待遇 然后 马上 电话 前台 说明 情况 要求 大堂 副理 前台 不好意思 时间 投诉 明天 无奈 马上 电话 要求 处理 或者 退房 过来 分钟 要求 换房 然后 原来 相当 基本 味道 算是 安顿下来 进入 没多久 客服 电话 致歉 态度 值得称赞 经过 这次 住店 广州 郊区 增城 凤凰 真的 乡下 原本 兴致 打消 另外 凤凰 现在 基本上 起满 别墅 所有 度假 景点 几乎 真的 希望 周末 度假 朋友 考虑 从化 南昆山 或者 珠海
1,送给 三星 外观 机器 速度 不错 开机 设置 得花 半个 小时 比较慢 需要 一会儿 另外 电池 当时 超长 待机 毫不犹豫
0,分区 弱智 预装 很多 垃圾 启动 慢死 恢复 光盘 网上 恢复 软件 下载 发热量 很大 左手 基本 一直 烘烤 触摸板 手感 差比 小红点 很多 设置 功能 非常 不能 硬件 关闭 不用 模块
1,喜欢 这个 那里 笑容 方便 价格合理 还有 登州 青岛 啤酒 芜湖 经常 仓促 而订 不到 国信 一大 憾事
1,现在 推荐 同学 价值 比如 强调 一些 关于 只是 平时 不太 注意 甚至 懂得 概念 肯定 影响 很多 理财 人生 致敬
1,设计 漂亮 质量 配置 电池 显示 设计 正点 不像 别的 厂家 自动关机
0,过于 奢华 家具 实用 温馨 凌晨 发现 老鼠 家里 打电话 前台 要求 换房 前台 下楼 房卡 理由 服务员 睡觉 调到 价位 第二天 结账 还要 按照 高价位 结算 并且 发现 老鼠 一事 意思 道歉
0,求医 不如 求己 周汝昌 校对 石头记 发现 纸张 质量 书店 很大 出入
0,一般 工作 这件 如人饮水 冷暖自知 广告 捧得 太高 心智健全 情商 尚可 社会 新人 何必 浪费时间 待人接物 工作 经验 增长 逐渐 打磨 出来 真的 那个 面对 那样 自会 选择 有利于 行动 一定 要人教 喜欢 里面 爱情 批评 比较简单 的确 推荐
0,除了 卫生间 干净 其他 很脏 地毯 毛巾 干净 午餐 餐厅 用餐 亲眼看到 服务员 游客 吃剩 回到 饭桶 别的 客人 建议 自驾游 客人 不要 溪口 溪口 安排 一天 足够 交通 方便 附近 较大 城市 溪口 吃喝 实惠
0,很多 说好 来看 也许 余华写 东东 本人 套路 完全 相克 书写 差劲 极了 个人感觉 模仿 王小波 那种 控制 文字 能力 差得远 不伦不类 非常 后悔 这书
1,宝蓝色 外壳 很漂亮 索尼 一样 键盘 高档 配置 不错 性价比
0,两家 跨国公司 工作 大致 还原 真实 品行 生活 状态 土包子 土包子 精神 层面 永远 不成 白领 骗骗 城市 没见 外企 世面 大概 上海 完全 无视
1,拱北 关口 步行 分钟 到达 方便 豪华 标准间 太小 卫生间 设施 热水 充足 改住 系列 很大 改观 当地 旅行社 了解 通过 他们 预定 价格 携程网 价格 差异 早餐 品种 够吃 服务 不错 早上 点要 出发 早餐 开始 时间 安排 打包 送到
1,最大 优点 电池 待机时间 相对来说 做工 十分 精致 很小 轻便 携带方便 风扇 声音 很小 功能 齐全 速度 其他 上网 横向 相对
0,驱动 麻烦 同事 帮忙 半天 搞定 另外 散热量
0,质量 不算 太轻 升级 版本 导致 内存 读出 触摸板 设计 不够 合理 建议 附送 鼠标 集成显卡 不足以 应付 大部分 效果 要求 游戏 不能 苛责
1,叶海花 不是 绝色美女 用心 用情 认真 认真 不管不顾 为了 不是 其它 杂物 而云峥 女孩子 得到 最好 爱情 宽容 尊重 宠爱 教育 改造 这是 一份 书中 爱情
0,到手 发现 右上角 边上 亮点 不过 边上 无所谓
1,酒店设施 早餐 秉持 水平 临近 医院 条件 入住 同一个 集团 旁边 洲际
1,本本 很漂亮 没换 系统 知道 驱动 好不好 价格 合适 送货 及时
0,朋友 价格比 以前 高出 很多 且不说 朋友 结帐 前台 一块 毛巾 床单 说法 要求 赔偿 朋友 开心 你们 冰箱 可乐 喷出来 一些 要求 前台 经理 小伙子 朋友 你们 四星 这么 过火 后来 要求 那个 小伙子 带我去 一下 有没有 污染 程度 于是 一起 床单 大片 表示 怀疑 是否是 朋友 于是 拉掉 床单 一刹那 令人 惊讶 事情 发生 下面 棉单 上面 竟然 女人 例假 血迹 当然 好象 近期 朋友 一看 床上 一晚 多么 恶心 相信 完全 检查 出来 根本 或者 简单 洗完 铺上 大家 今后 这个 一定 好好 检查 检查 最终 解决 半价 远远 无法 消除 失望 决心 不再 入住 补充 点评 年月日 床单 发现 血迹 国外 甚至 国内 绝对 无法 容忍 事情 不是 简单 打着 摆平 事情
0,这个 系统 我命 不过 现在 经验 想要 帮忙
1,当时 由于 原先 预定 标准间 人员 免费 将个 全部 升级 行政 前台 服务 人员 态度 非常 强烈推荐 大家 顶楼 旋转 自助餐厅 那里 环境 很灵
1,故事 人们 重新 拥有 一颗 好奇 学会 享受 惊喜 享受 阅读 以及 阅读 意外 乐趣 以及 美妙 亲子 时光
1,家里 老人 具体 样子 不过 家人 不错 摄像头 不错
0,完全 想象 也许 适合 以下 幼儿 超大 超重 精装 没什么 实质 几页 值得 一看再看 做个 包装 卖个 便宜 价格
0,收到 价格 发现 选书 价格 定单 价格 一样 有时 时价 有时 这次 购书 有些 失望 看到 对书
1,已经 大半 忍不住 写写 心得 王老师 真得 细心 善于 动脑 思考 这才 真正 老师 只是 老师 太少 上学 遇到 王老师 相信 将来 一定 不是 现在 这个 样子 那些 愚蠢 老师 不知 耽误 多少 多少 希望 老师 看看 王老师 仔细 一下 应该 如何 孩子 学习 不是 灌鸭式 教授 知识 孩子 真正 学习
0,于丹 看过 一本 最后 一本 浅显 导致 废话连篇 本人 推荐 大家
1,我家 宝贝 套书 标题 一样 开始 回家 只是 随意 翻翻 当时 沮丧 以为 白花 银子 呵呵 最近 其中 奥妙 理解 宝宝 喜欢 值得一提的是 草莓 点心 一书 提到 邮箱 颜色 红色 好像 国情 不符 咱们 国家 邮箱 邮筒 绿色 希望 引进 书籍 偏重 一些 生活 实际
1,厦大 读研 期间 营销学 老师 班上 推荐 大家 钦佩 教授 记忆力 一下子 列举 该书 许许多多 例子 立即 该书 产生 阅读 欲望 想要 他人 加强 影响力 或者 换句话说 让你能 更好 说服 别人 该书 不可不 影响力 不仅 容易 说服 别人 让你能 更加 容易 了解 理解 他人 行为
1,拿到 时有 一种 莫名 激动 迫不及待 打开 欣赏 果然 期望 繁体版 更加 兴奋 前前后后 大约 一个月 时间 完成 这个 战乱 校园 唯美 羡慕 和平 时代 经历 大学 生活 丰富 临近 毕业 好友 一个个 离开 过多 描写 不免 心酸 一年 经历 一场场 大学 好友 分离 痛苦 只有 记忆 存留 心中 不过 更令 感动
0,服务 到位 本来 一天 押金 三百 先交 三百 因故 一天 早上 退房 大堂 领餐票 服务员 服务员
0,以后 再也 不去 这里 价格 还贵 离谱
1,不错 旁边 修桥 交通不便 服务 不错 早餐 丰富 够星 标准
0,配置 系统 指纹 收集器 没送 原装 鼠标 需要 不太好
1,正如 名称 三毛 这本 早期 作品 不同于 后期 成熟 那个 乐观 坚强 三毛 而是 记录 三毛 二毛时 经历 心境 年少时 那个 做梦 有些 神经质 伤感 雨季 缩影 也许 成就 不是 然而 喜欢 三毛 朋友 从中 窥见 那个 他们 着迷 女子 怎样 成长 起来 处于 那个 生命 阶段 读者 也许 产生共鸣 发现 原来 他们 这个 想法 不是 孤独 明白
0,送货 时出 当天 下午 送到 过不来 本来 那天 生日礼物 耽误 一天
1,第一次 看到 书店 一拿起 放不下 一直 投入 连脚酸 上书 之后 读完 此书 生活 某些 迷茫 渐渐 消散 重新 思考 怎样 短暂 人生 过得 充实 快乐 心里 一下子 希望 当然 书之于 因人而异 有人 会大爱 例如 本人 有人 这些 道理 如此 简单 早就 明白 不过 有时 越是 简单 越是 容易 遗忘 越是 需要 提醒
1,来说 过得去 入住 打扫 人员 反应 马上 处理 房内 设施 应该 三星 宾馆 反馈 年月日 现在 正值 旺季 入住率 出现 上述情况 对此 表示歉意 目前 制订 一系列 相关 措施 保证 旺季 及时 安排 清晨 客人 入住 十分 感谢您 提出 宝贵意见 希望 下次 机会 再次 入住
1,低电 状态 用个 半小时 机器 太强 样子 好看 赶上 促销 拿下 超值
1,非常 喜欢 套书 两本 包括 闲情 漫话 放在 枕头 边上 随手 过来 翻一翻 不仅仅 看着 生活 其中 一样 每看 一次 发现 不同 细节 比如 阿乔 被扣 罐子 看到 第三次 发现 好久 我家 先生 下次 不许 漫画书 机会 一定 下水 好好 看一看 再出 漫画 不肯 要习
0,不去 装修 噪音 大离 汽车站 火车站
1,一直 喜欢 漫漫 书里 总是 真实 世界 也许 心里 淡淡 忧愁 女子 很多 可是 还有 友情 存在 一种 感动 一种 依靠 个性 韩童 非常 喜欢 那种 不在乎 世俗 态度 那种 淡然 态度 喜欢 希望 一天 淡然 生活
1,好看 自不必说 文字 流畅 起来 非常 舒畅 只要 杂事 一口气 下去 不觉 累好 是因为 读史 资治通鉴 之用 大量 功夫 数据 搜集 素材 整理 一些 看似 不起眼 数字 实则 花费 大量 心血 尽管如此 掉书袋 信手拈来 自然 潜力 成为 流行 史学家 希望 保持 水准 出书 数量
1,以前 女儿 大都 专门 孩子 这次 鲁宾逊 漂流记 全新 感受 女儿 非常 喜欢 天天 并且 美滋滋 看着 其他 期待 样子 其他 基本 知道 女儿 不会 喜欢 鲁宾逊 漂流记 的确 不错 印刷 质量 图文 清晰 画面 颜色 顺眼 和文 比例 适当 不错
0,冲着 毕淑敏 名气 还有 冲着 心理 略带 神秘 玄乎 字眼 首先 文笔 一点 得赞 手法 创新 套用 近几年 时髦 模式 写作 毫无 新意 可言 厌恶 简介 故弄玄虚 地写 几个 病人 的话 还有 目录 各个 章节 主旨 毫无 直接 关联 标题 哗众取宠 人物 方面 人物 个性 突出 尤其 那个 心理学 最高 权威 多么 多么 厉害 来头 对话 个性 不见得 高深 简直 俗人 心理 人生 经历 俗得 不能 再俗 连大演 连续剧 相似 情节 个性 发展 出现 断层 尤其 是从 养老院 心理学 转变 牵强 其他 人物 读完 一点 印象 各人 值得 浪费时间
0,此款 银丝 性价比 开始 预订 那款 原本 已经 下单 付款 发现 无货 无奈 只能 加块 这款
1,服务态度 愿意 听取 客户 提出 意见 设施 空间 稍微 早餐 一般 道理 星级 应该 好些 别的 星级
1,吉林市 找到 最好 入住 退房 速度 状况 不错 不如 长春 天天 舒服
0,很大 味道 服务 态度 差房 设施 永远 不会
1,性价比 无亮点 包装 不错 还有 速度 挺快 晚上 第三天 中午
1,儿时 回忆 最好 错过 我会 后悔 看着 一本 沉醉 翻译 国语 别扭 粤语 翻译 不过 不得不 质量 包装 礼品盒 还有 张贴 两个 书签 破坏 过内 外包装 看来 果然 正版 还有 不得不 送货员 细心 到位 这里 我要 感谢 动画 看过 粤语 或者 日语 不过 拥有 一套 珍贵 书籍
0,一点 送些 配件 还得配 好多 配件 麻烦
1,书名 妈妈 胜过 老师 其实 爸爸 教育 意义 书中 理论 结合 实践 通过 生活 小事 阐述 如何 正确 引导 孩子 从小 培养 孩子 建立 良好 性格 从书中 看到 以往 生活 经常 见到 教育 孩子 方式 方法 很多 不是 最好 有些 错误 无形中 孩子 树立 榜样 前后矛盾 指导 个人 认为 该书 帮助 爸爸妈妈 确定 教育 孩子 正确方向 爸爸妈妈 本身 教育 意义 推荐 大家 看看
0,早餐 很差 服务态度 很差 地理位置 不好 周围 综合 来说 很差 年月日 入住
0,两岁半 儿子 非常 喜欢 看到 大家 两套 外加 一本 系列 拿到 手上 第一 轻飘飘 尽管 开本 很大 纸张 一般 价位 相差 太远 翻开 轱辘 轱辘 当时 果然 以前 很多 买家 一样 乱太乱 画面 太满 情节 清晰 重要 很多 中国 完全 不符 比如 出租车 吉普车 儿子 喜欢 皮卡车 里面 翻译 翻译成 卡车 运输车 来讲 迷惑 起来 费劲 也许 孩子 太小 适合 套书 总之 系列 书买 不值 性价比 太低
1,女儿 丝毫 不像 女孩子 一直 以来 调皮 好动 出名 家里 严管 可是 好像 效果 不是 很早 关注 这次 买来 认真 真的 不错 尝试 用书 方法 女儿 交流 起到 一定 效果 现在 一半 全部 一定 收获 强烈推荐 各位 年轻 爸爸妈妈 看看 很多 收获
0,位置 中心 距离 天河 购物中心 开车 分钟 走路 的话 就免 酒店设施 装修 一般 三星 标准 不会 选择 这个
1,最大 在于 朴实 实用 书里 说教 大道理 教给 许多 孩子 交流 沟通 技巧 加上 一些 练习 教育培养 孩子 确实 很大 帮助 照着 里面 即使 不能 百分百 有效 一定 大大 改善 孩子 关系 可惜 许多 技巧 现在 办法 实践 两岁半 孩子 停留 无理取闹 阶段 不过 很快 这些 方法 现在 抓紧 学习 呵呵
0,对于 这家 非常 愤怒 前天 入住 前台 服务员 热情 告诉 只要 协议 价格 设施 及其 脏乱 服务员 地毯 恶心 满墙 蚊子 印迹 可怕 昨天 竟然 中午 时分 停电 之后 听说 失火 严重 所有 电源 设备 全停 包括 网络电话 之后 乱成一团 听说 最快 二天 下午 来电 所有 客人 苍忙 退房 由于 入住 信用卡 授权 无法 使用 只有 现金 结账 四星级 竟然 两条 电路 服务员 来电 马上 银行 发传真 天后 承诺 传真 立刻 电话 通知 今天下午 三点 电话 询问 今天上午 来电 发传真 马上 发传真 肯定 天后 之后 四点 电话 询问 银行 收到 传真 明确 告诉 需要 之后 程序 所致 对于 这家 只能 打分
1,不错 商务 气息 不错 商务 气息 不错 商务 气息 不错 商务 气息
1,读陶 教育 高举 生活 教育 倍受 教育 感受 教育 眼界 一下 开阔 起来 曾经 教育 书本 书本 生活 处处 教育 延伸 胸怀 心胸 一下 开阔 起来 真是 一本 好书
0,相比 其他 网友 赶上 特价 买贵 连个 驱动 光盘 机器 想像中 厚重
0,其实 曾经 网上 追文 一员 心急如焚 等待 当时 很挺纪 南方 考完试 急急 地定 来看 看到 深夜里 最后 只想 故事 看到 最后 厌烦 简直 没事找事 一对 男主 有些 就算 大家 已经 习惯 言中 男人 德行 女主 简直 不堪回首 登上 思存 作品 讨厌 女主 宝座 文字 以前 精致 不说 煽情 着力点 唯一 感动 一下 那个 暗恋 南方 小姑娘 侧面 证明 了纪 南方 不算 浑蛋 同时 回忆起 佳期 如梦 不过 一两年 那时 曾经 真心实意 感动 当然 文章 中有 一些 细节 不错 细节 无法 构架 起一 整个 故事 只能 颇为 失望 现在 只有 黑社会 系列 短篇 看看
1,双核 独显 刻录机 输出 发票 这个 价钱 还有 之前 电脑城 看觉 有些 习惯 收到 发现 没什么 习惯 可能 原因 完全 接受 看看 那本 有人 怎么 不行 呵呵 收到 完美 可视 角度 很大
0,这个 唯一 值得称赞 销售部 一位 女士 抱歉 忘掉 名字 性价比 绝对 值得 附近 同类 很多 性价比 这家 好除 上面 提及 一位 销售部 女士 其它 人员 前台 完全 招待所 国营 那种 招待所 印象 入住 半夜 前台 穿着 军大衣 睡眼 朦胧 样子 简直 象演 电影 一样 标准 这家 火车站 十分钟 步行 四个 电话 找到 最后 找到 时才 发现 这是 周围 所有 唯一 夜间 彩灯 黑灯 瞎伙 确实 办法 找到 接电话 指导 完全 地理 概念 入住 前台 第一句 定单 第二句 肯定 定单 之前 犯人 打电话 确认 突然 一句 找到 连续 改了 四次 前台 已经 知道 怎么办 一会 划掉 房号 改成 一会儿 改回来 最最 要命 完全 之前 定单 注明 要求 安排 安静 之前 短信 电话 说法 完全 不符 一大堆 投诉 直到 第三天 离开 不是 事情 第二天 早上 离开 接到 销售部 那位 女士 回应 果盘 早餐 不要 指望 本来 单薄 八点半 已经 主菜 大多 服务 要求 反应 永远 很慢 推荐 入住 南昌 实在 有太多 选择 不过 关于 服务 客观 地说 南昌 整体 服务 意识 确实 这家 确实 太差 宾馆 反馈 年月日 尊敬 哥儿 哥儿 您好 首先 感谢您 入住 锦昌 大酒店 提出 宝贵意见 为此 高层 管理人员 非常重视 特地 召集 相关 部门 专门 开会 投诉 回复 如下 锦昌 大酒店 南昌市 三星级 服务 专业化 性价比 将会 更进一步 提升 前厅 深夜 班次 员工 工作 状态 着装 形象 鞭策 严格管理 值班 经理 全权负责 检查 树立 良好 接待 形象 为了 宾客 晚上 顺利 找到 推迟 小时 关闭 外墙 针对 总机 前厅 部门 进行 详细 地理位置 培训 对于 询问 预订 工作 程序 着重 培训 员工 具备 首问 责任制 工作 原则 第一 时间 顾客 解决问题 要求 做到 顾客 知道 词语 安静 房是 指锦昌 所有 南北 两边 南面 居民 住宅区 本身 具备 安静 条件 北面 马路 全面 安装 隔间 北面 安装 隔音窗 达到 要求 高层 管理人员 最大 能力 解决 营销 总经理 晏艳春 女士 接到 前厅 客户 意见反馈 随之 上门 拜访 赠送 果盘 希望 得到 理解 支持 早餐 统计 每天 至少 保证 四十五个 品种 其中 最少 十个 热点 另外 所有 蒸品 全部 保证 热度 至于 餐厅 服务 不断完善 热忱 欢迎您 再次 入住 锦昌 大酒店 江西 锦昌 大酒店
0,电池 容量 多个 小时 左右 使用 时间 集成 显卡 微弱 一些
1,老师 推荐 英语专业 早就 一直 找到 机会 现在 终于 买到 说书 质量 一点儿 缺陷 附带 光盘 质量 残损 等等 满意 其次 无论是 英文 中文翻译 实用性 无论是 借助 其来 拓展 英文 学习 中文 增长 知识面 非常 选择 尤其 光盘 录音 一部分 当时 实时 录音 真的 非常 喜欢 这个 价钱 值得
0,配置 一般 同等 配置 价格 不少 材料 塑料 手压 变形 不爽
0,送货 配送 服务 实在 太差 地址 属于 徐汇区 但货 配送 徐汇区 他们 非要 闵行区 送货 来来回回 折腾 怎么回事
0,于山 宾馆 服务 非常 差是 从未见过 恶劣 柜台 动作 态度 脸色 空调 餐厅 更差 可能 政府 公营 不在乎
0,驱动 一贯 联想 一贯 两者 起来 非常 非常 吃力 联想 提供 驱动 费力 找到 通用 无线 通用 以太网卡 驱动 手工 搞定 折腾 大半天
1,一次 不过 一向 不好
1,环境 挺不错 工作人员 热情 晚上 保安 巡逻 发现 窗户 没关 电话 提醒 早餐 略显 一般 门口 峨眉 特色小吃 旅游 车站 非常 线路 方便 设施 虽达 不到 四星 标准 景区 不错 推荐
0,好像 文科生 一本 高等数学 教材 一样 流水账 一般 只是 背景 罢了 选择 竞争 激烈 时代 催人奋进 故事 文笔
0,大床 其实 很小 新装修 其实 一点 看起来 挺旧 补充 点评 年月日 入住 新装修 豪华
0,地毯 太脏 临近 火车站 十分 吵闹 还好 双层 玻璃 服务 一般 门口 长期 合作 关系 每月 交费 机场 讲得 打表元 非要 可能 宰元
1,非常感谢 安排 服务 表示满意 希望 服务 越来越 贵宾 提供 优良 全面 服务
1,干净 物超所值 价格 合理 不错
0,第一次 当买书 选择 看上 销售量 顾客 老实 多大 可读性 儿子 讲故事 那册 兴趣 也许 年龄 偏差 儿子 四岁 主打 忙忙碌碌 实在 多少 吸引 人之处
1,机子 小巧 携带方便 使用 时间 外观 很漂亮 提货 速度 服务 越来越 主要 一点 新机 真是 物美价廉 越来越 信任
1,其实 父母 不想 离婚 愿意 开心 愉快 愿意 背负着 沉重 责任 每个 失败 婚姻 后面 内心 孤独 无赖 学会 宽容 忍耐 面临 困难 诸多 伤害 面前 学会 宽容 忍耐 表示 妥协 懦弱 而是 知道 婚姻 需要 主人公 成长 责任 宽容 忍耐 美满 结局 现实 令人满意
0,有些 例子 不够 典型 滥竽充数 希望 看到 一些 这么 幼稚 明显 中式 英语 一般 情况 略略 学过 英语 不会 犯书中 所举 低级 错误 应该 一些 类似 文化差异 造成 笑话 大多数 知道 忧伤 意思 其实 这里 变成 黄色小说 意思 排版 来说 该书 可取 看起来 轻松 有些 好笑
1,物超所值 此次 三个 感慨 中西部 服务 有时 发达 地区 好多 宾馆 反馈 年月日 感谢您 入住 期待 再次 光临
1,喜欢 猪乐桃 绘本 喜欢 可爱 猪乐桃 小时候 事情 温馨 熟悉 这些 事情 或多或少 发生 过去 看着 书中 文字 画会 想到 小时候 趣事 童年 已经 过去 回忆 不会 消失 书中 设计 巧妙 一些 文字 方格 想到 以前 格子 一笔 写字 不想 现在 笔字 代替 那时 认真 真的 很想 小时候 值得 每个 人去 阅读
0,本身 宣传 那样 有趣 容易 记忆 不过 单词 对于 扩充 单词 来说 不错 语法 词义 扩充 来说 一般般
1,这次 第二次 入住 青年会 主要 服务态度 环境 周围 交通 方便 这次 安排 新装修 各个 设施 以及 环境 更加 齐全 更好 下次 选择 青年会
0,系统 不太 习惯 学习 键盘 松散 轻轻 一碰 哗啦 哗啦 响声 可能 挑剔 仔细听 听到 散热 口有 噪音 忍受 鼠标
0,破旧 电视 无法 正常 观看 卫生间 厕纸 准备 还要 自备 空调 遥控器 摆设 晚上 穿衣服 睡觉 服务质量 很差
1,这次 不错 里面 符合 格调
1,不错 推荐 朋友 朋友 非常 喜欢 当当 再次 订购 瑞典 林西 汉字 王国 一本 朋友 一本
1,待机时间 号称 小时 冲着 这个 本来 打算 便宜 近多 主频 一点
1,不错 选择 差不多 图画 培养 孩子 观察 自我 阅读 能力 图画 精美 文字 图画 丰富 儿子 阅读 仿佛 回到 当初 那样 年纪 哪个 年代 现在 城市 孩子 接触 已经 超级市场 象书中 那样 小镇 赶集 机会 很少 这书 哪些 场景 一一 展现 孩子 他们 体验 了解 一辈 生活 家长 产生共鸣
0,这个 饭店 真的 一般 不太好 服务 人员 态度 不是 水龙头 出来 开始 相当 长时间 黄黄的 下次 不会
1,没过几天 选择 这个 宾馆 怎么办 忘不了 这里 早餐 滋味 方便
0,装太 麻烦 张盘 不行 最终 大家 看到 有人 说用 光盘 然后 装试 下行 小时 搞定 声音 效果 不好 发热 挺大
1,本人 大二 学生 处于 大学 迷茫 身边 尤其 师兄 师姐 家人 总是 或多或少 灌输 他们 认知 大学 出路 很难 明朗 起来 本人 一直 寻找 属于 明灯 恰好 发现 新东方 实在 如获至宝 批判 很多 传统 观念 不管 大学 工作 适合 甚至 未入 大学 校门 高中生 非常 值得一看 本人 别人 推荐 希望 帮助
1,套书 陆陆续续 地买 好多 以前 只是 喜欢 那册 现在 渐渐 好多 有些 中国 猫和老鼠 一样 可爱 可笑 老是 老鼠 捉弄 团团转 一样 除了 真的 可爱 可爱 原来 可爱 不过 遗憾 书签 以前 一张 精美 卡片 知道 为什么
1,环境 不错 设施 档次 下次 还会 考虑 入住
1,毒品 认识 大家 可怕 社会 家庭 危害 禁毒日 宣传 过后 人们 淡忘 尤其 青少年 大都 强烈 好奇心 尝试 新奇 好玩 很多 犯罪 无知 毕淑敏 强烈 社会 责任感 通过 戒毒 医院 真实 体验 告诉 人们 毒品 这个 人类 克星 千万 不要 碰上 意志 纸糊 风筝 只要 系上 毒品 丝线 必将 迷失 风暴 成长 青少年 阅读 感受 教育 意义
0,钢琴漆 整个 指纹 收集器 想象 中重 右侧 两个 接口 无线 收发器 左边 顺畅 估计 右边 两个 太紧
0,经济 头脑 接机 这一 窝心 服务 毫不 设防地 扎进 租车 旅游 队伍 后来 各位 驴友 可要 吸取经验 杀价 杀价 决不能 心软 否则 将来 心疼 银子
0,系统 不好 装外 电视 死机 现象 可能 不会 另外 配置 多种 安装 系统 知道 哪种 驱动
1,仅住 一天 单人房 满意 服务 不错 早餐 不错 结账 很快 不远 西关 人家 晚饭 驴肉 锅仔 便宜 实惠 一点 书桌上 稍显 拥挤
1,不错 挺好用 本来 以为 繁冗 装机 程序 省掉 开机 贴心 预装 飞信 实用软件
0,客观 不怎么样 天气 特别 空调 根本 不管 小时 手脚冰凉 最后 办法 打电话 投诉 我加 电暖气 效果 变化 气愤 没听说过 哪个 变更 或者 取消 必须 联系 联系 信用卡 扣钱 我订 房个 早餐 由于 青岛 天气 原因 朋友 没去 下午 点半 取消 早餐 结帐 我份 早餐 已经 下午 通知 答复 通知 前台 承认 收到 通知 不在乎 那元 态度 真的 不能 理解 司机 态度 感谢 司机 师傅 礼宾 反正 以后 不会 这里 青岛 好多 遗憾 为什么 选择 这里 地理位置 不好 离海 超市 近点
1,房时 没大床 免费 套房 这点 满意 大致 不错 国内 五星 水准 国际品牌 差一点 年纪 维修 加强 比如 浴室 下水 堵塞 不通 这些 客人 入住 发觉 修好 其它
0,缺少 随机 帮助 文档 各个 硬件 接口 只能靠 机器 预装 软件 杂乱无章 找到 解释
0,根本 装修 屋子里 一股 霉味 收费 宽带 餐厅 弧度 任何 值得 推荐 强烈建议 大家 以后 不要 这里
1,位置 价格 合适 环境 不错 干净 石家庄 已经 不错 下次 机会 还定 这个
1,散热 拿到 一天 出现 光驱 未有 别人 噪音 屏幕 同样 完美 屏比 宏基 品牌 本本 好太多
1,位于 福州 热闹 东街口 出来 吃饭 购物 逛街 十分 方便 商务 人大 床间 宽敞 配有 液晶电脑 方便 尤其 值得一提的是 服务 非常 每天晚上 楼层 服务生 专门 送来 小点心 温馨 明日 天气 提示 当日 报纸 贴心 下次 福州 还会 选择 这家 这么 贴心 服务 值得
1,不错 地铁站 一定 距离 可是 方便 很大 舒服 相对 别的 空间 缩小 不过 喜欢 张床 早上 服务员 声音 有些 希望 改进
0,昏暗 走道 房间内 一股 浓浓的 霉味 床单 看上去 摸上去 干净 卫生间 味道 难闻 里面 设施 发霉 恼人 晚上 楼下 音乐声 难以 入睡
1,及其 另外 一本 美国 人写 漫画 介绍书 看到 一直 渴望 现在 如愿以偿 能够 特殊 视角 发展 漫画 想象 世界 跨越 文化 鸿沟 呈现 中国 漫画 美国 漫画 纯然 不同 素质 非常 难得 漫画 本身 而言 线条 流畅 漫画 形象 圆润 饱满 非常 喜欢 风格 另外 中英对照 正文 十分 有利于 学习 美国 当代 英语 支持
1,第五次 贵宾 客户 入住 值得 推荐 服务 没话说
0,商品 收到 简单 一下 前面 几本 字太少 情节 不知 后面 几本 怎么样 总之 不是 理想 孩子 一周岁 七个 不如 婴儿 画报
0,也许 英语 灵光 其它 原因 反正 想像中 那样 学习 英语 很长
1,只能 不错 爸爸 喜欢 两本 一起 一样 模式 不是 两岁半 小朋友 理解 为什么 爸爸 为什么 变成 黑猩猩 为什么 变成 歌唱家 家长 孩子 不能 书上 最好 看图 说话 比如 变成 歌唱家 张图 爸爸 唱歌 歌唱家 一样 唱得 本来 希望 本能 一样 不过 书里 的话 感动
0,触屏 上面 突起 硬盘分区 简直 搞笑
1,升级 行政 楼层 很大 舒服 很大 落地 窗户 以为 坐九铁 真得 十分 方便 到达 意外 香港 还有 这么
0,硬盘 分个 实在 无法 接受 随机 内存 吃力 飞快 无法 分区 分区 软件 兼容 办法 换回
0,预装 的确 不好 带来 很多 麻烦 预设 硬盘 模式 尴尬 拿回去 返修
1,开始 报太大 希望 后来 之后 发现 满足 一般 需求 看看 片子 处理 处理 文档 游戏 知道 不能 适应 外观 不错 键盘 舒服 不算 太小 硬盘 很大 实惠 比起 同档次 主流 配置 算是 性价比 凸显
1,这个 配置 这个 价格 活动 送货 现在 活动 下单 后天 拿到 送货 已有 进步 速度 很快 开关机 很快 运行
0,毛巾 太旧 连小 方巾 瓶装水 这些 小处 看出 四星 唯一 好处 离江近
1,噪音 确实 很小 几乎 听不见 光驱 很棒 几年 读出来
0,入住 小事 可见一斑 浴帘比 浴盆 毫米 卫生间 一地水 功能 丧失 不如说是 遮羞布 餐厅 桌布 油迹 斑斑 服务员 总是 理直气壮 回答 昨晚 忘记 不可思议 不能 国际 长途 日晚 国际 长途 前台 首先 声明 不好 建议 买卡 打想 坚持 开通 国际 长途 拨号 传来 中文 提示 这个 号码 空号 显然 出国 前台 理论 值班 经理 解决问题 无奈 找出 一张 卡试 无法 拨通 试拨 宾馆 号称 网通 电话 不能 拨通 最后 手机 拨打 国际 长途电话 打过 久久 不能 入睡 不是 心痛 电话费 过高 而是 心中 恐怖 万一 夜里 着火 被盗 我能 拨打 可爱 正宗 三星级 眼看 日历 恐怖 次日 提前 退房 离去 留下 长期 合作
1,完美 坏点 音响效果 很棒 外观 漂亮 面子 散热 加上 九州 风神 散热 不错 起来 飞快 接口 丰富 超乎 想象 少见 红外接口 没什么 可说 希望 联想 能够 国人 争气 不要 辜负 大家 期望 支持
0,太潮 根本 不是 人住 价位 竞争力
0,设施 服务 不好 一般 不能 大城市
0,干净 房间内 空气 不好 有股 空调 散发出 霉味 设施 极其 一般 淋浴 龙头 半天 知道 倒底 哪个 冷水 哪个 热水 最后 差点 关不掉 估计 冷热水 龙头 大概 反掉 餐厅 服务 一般 早餐 质量 极其 一般 餐厅 单位 食堂
0,已经 一半 确实 好看 通俗易懂 值得 一读 正在 犹豫 不要 后面 几本 作为 南昌人 纠正 一点 某人 滕王阁 上望 鄱阳湖 手边 记得 确切的说 事实上 滕王阁 看到 赣江 希望 大家 不要 误导
1,入手 三天 系统 换成 运行 良好 散热 不错 硬盘 还好 运行 极品飞车 一点点 音响 不错
0,服务员 成心 坑人 点回 宾馆 准备 吃饭 收拾 结帐 服务员 离开 马上 按照 惯例 服务员 提醒 超时 收费 以为 收费 于是 不慌不忙 吃饭 收拾 两点 结帐 竟然 活生生 多收 半天 告知 提醒 收费 言语 直接 发票 押金 里头 不是 成心 坑人 可笑 套间 进去 找到 电视机 遥控器 电话 前台 前台 大妈 看看 大妈 进门 溜达 一圈 一句 好像 遥控器 之后 电视机 找到 遥控器 服务员 服务 真是 敦煌 摸黑 早餐 离谱 这家 宾馆 不得
1,补充 一点 家长 小朋友 一起 引导 小朋友 想出 奇妙 这才 主要 中教 方法 家长 引申 出来 希望 小朋友 尽情 发挥 他们 丰富 想象 他们 动脑 动手
0,一般 设施 陈旧 服务 一般 价格 设施 完全 相关 不会 考虑 入住
0,不知 为什么 该书 排行榜 一直 看过 历史书籍 写作水平 文法 最差 没法 小说 不像 小说 传记 不像 传记 散文 不像 散文 正史 不像 正史 戏说 不像 戏说 易中天 形似 神不似 想学 郭德刚 缺乏 幽默感 全是 中学生 不如 貌似 华丽 文辞 不停 堆砌 不知 其他 读者 有无 同感
1,整机 显得 做工 精致 外观 很漂亮 冷光 舒服 显卡 好加 内存 以后 最高 质量 情况 实况 完美 运行 流畅 无比 液晶屏幕 擦布 贴心 不愧 大厂 出品 另外 散热 传说 看来 需要 亲自 体验 知道 鼠标 罗技 手感
0,外观 尺寸 首先 屏幕 比例 乍一看 确实 舒服 确能 控制 体积 不像 过去 那样 大个儿 外观 图片 看上去 要好看 很多 键盘 浮萍 个人 喜欢 设计
1,需要 好好学习 即使 不是 理想 学习 对象 理想
0,表面 不错 底部 塑料 用料 磨具 不是 档次 模线 老大
1,不错 服务 一流 员工 敬业 无论是 前台 服务台 行李 司机 热情 礼貌 最后 一天 了解 下午 五点 航班 主动 退房 时间延迟 三点 安排 巴士 送到 机场 这么 这是 头一回
1,吸取 网友 经验 预定 度假区 高层 海景 大床 房于 入住 高兴 亚太 服务 不错 完全 按照 要求 安排 服务员 走廊 遇到 客人 问好 晚上 烧烤 服务 不错 总的来说 环境 海滨浴场 不错 泳池 造型 很美水 清澈 晚上 水池 灯光 很漂亮 可能 淡季 原因 海滨浴场 很少 特别 安静 适合 度假 美中不足 设施 陈旧 电视 太小 风扇 空调 噪音 电话机 老旧 拖鞋 看起来 不太 干净 自带 拖鞋 再有 早餐 提出批评 种类 很多 味道 实在 不敢恭维 作为 五星 设施 陈旧 理解 更新 起来 成本 过高 早餐 质量 应该 尽快 改进 才能 星级 相配 另外 北京 五星 入住 第一天 水果 甚至 蜈支洲岛 观海 木楼 水果 可惜 亚太 客人 表示 欢迎 一种 服务 建议 亚太 考虑一下 总的来说 舒服 留下 印象
1,地理位置 不错 交通 非常 便利 整体 只是 浴室 有些 提供 早餐 不够 丰富 员工 整体 服务 意识 不错 尤其 大堂 经理 安排 订车 特地 送给 一份 当地 地图 细心 周到
1,坐时 司机 这家 怎么样 人气 服务 众口 温馨 第一次 这家 服务员 热情 认识 一样 出差 这么久 有家 门童 大雨 找车 回家 裤子 感动 看得出 新装修 家私 床上用品 出差 已久 来说 重要
1,推荐 希望 独立 清醒 尤其 国内 近年 很多 各种各样 邪教 传销 对于 辨别 这个 团体 很大 帮助 帮助 认识 为什么 华人 总是 成为 其他 国家 民族 暴力 攻击 对象 华人 外面 低调 以致 失去 自我 缺乏 独立 人格 民族 品格 国格 不够 维护 尊严 容易 成为 其他 国家 民族 假想 泰迪熊 对象 结合 尊严 活着 知道 怎么
1,本本 体形 系列 黑色 外衣 配置 国内 行货 价格 而言 本本 达到 理想 价位 有个 接口 视频 转接 多功能 读卡 有线 网络 插孔 麦克风 耳机 共用 插孔
1,配置 对得起 这个 价格 运行 稳定 大气 电脑城 分钟 版本 驱动 意外 盘里装 指纹 发货 还算快 天到
0,门面 来看 显得 不够 气派 楼层 从来 安排 正面 湖景 尤其 前台 接待 水准 实在 差有 怨妇 有面 无表情
1,配置 不低 独显 巧克力 键盘 鼠标 性价比 非常
1,低价 表面 工艺 整体 配置 不错 独显 带有 高清 接口 自带 喇叭 声音 不错 另有 附送 鼠标 包包
1,小巧 键盘 好大 相当 喜欢 系统 不错 以后 继续 你们
0,一直 认为 最好 现在 这台
0,看到 推荐 以后 符合 价值观 判断 呵呵 书中 想法 现实 例子 现实 明白 为什么 多人 推荐
1,送货 算是 优点 第一次 受骗 一样 号称 活动 返券 不能 提示 只能 消费 三千 才能 上了贼船 一样
1,系列 好歹 拥有 所有 技术 比好 很多 价格 不算 贵双 显卡 切换 方便
1,两本 这本 知道 说些 呵呵 刚才 看到 有人 一般 神奇 可能 心里 一套 真的 太高 人生 一样 这本 名之为 情满 人间 不止 男女 之情 有着 社会 大情 或者 家庭 小情 完后 很多 感触 只想 情爱 无尽 那本 最后 同学 说法 这个 蓝色 蓝得 寒碜 呵呵 不过 个人 不错
0,口才 超群 书写 时尚 肤浅 看不懂 真正 论语 不信 先哲 本意 如此 肤浅
0,最差 星级宾馆 墙壁 根本 隔音 晚上 楼下 卡拉 没法 睡觉 早餐 餐厅 附近 过来 早茶 老头
0,后悔 不是 喜欢 虽说 畅销书 认为 看书 甚至 不想 出现 书架上
0,阳光 豪华 行政 居然 同事 豪华 房小 很多 要不是 正巧 同事 那边 看看 就让 过去 价格 除了 面积 许多 甚至 不如 普通 标房 其他 设施 任何 变化 变相 斩客 做法 消费者 欺诈 行政 楼层 人员 值班 任何 行政 客人 专项 服务 行政 酒廊 专人 服务
1,第二次 北京 已经 不错 没处 早饭 早饭 吃不起 单人间 很小 很小 光是 一两 晚上 还形 干净
1,大家 谈到 管理 可能 想到 企业 管理 其实 生命 生活 同样 需要 管理 老师 中以 子贡 身份 一位 成功 儒商 通过 阐述 孔子 日常 传道授业 解惑 过程 点滴 儒家思想 管理 完美 结合 一起 思想 受到 一次 洗礼 如何 构建 和谐 生命 体系 有着 很大 指导意义 同时 老师 通过 此书 纠正 一些 孔子 思想 一些 误解 曲解 还原 孔子 真实 形象 激活 当今 有效 智慧
0,麦克风 要是 芯片组 客服 留言 可惜
0,以下 中通 信息 快件 到达 北京 正在 绵阳 胡雪梅 正在 派件 下午 去取
0,优点 位置 网速 缺点 不太 清洁 卫生间 餐厅 地上 发现 小强 整理 方面 有些 疏忽 沐浴液 用光 补充 水壶 已有 一段时间 清理 外面 嘈杂 隔音 离开 办生续 时用 分钟
0,网上 看前 一位 老兄 房号 只住 一晚 刚到 的确 热情 安排 司机 车站 入住 后黎 阿姨 店主 妹妹 介绍 推荐 景点 行程 安排 之类 喜欢 事前 安排 喜欢 随性 游玩 阿姨 一会 安排 而是 自行安排 自行安排 游玩 了解 他们 安排 或者 推荐 游客 一定 收益 第二天 退房 去游 漓江 精华游 从兴坪 杨堤 一段 漓江 行李 特意 服务员 是否 杨堤 上岸 直接 桂林 服务员 清楚 问黎 阿姨 回来 告知 杨堤 直接 桂林 背上 所有 行李 去游 漓江 然而 实际上 漓江 精华游 是从 阳朔 乘车 兴坪 镇兴坪 开始 乘机 竹筏 逆流而上 杨堤 附近 中间 不下 竹筏 直接 返回 兴坪 就是说 背着 重重的 行李 来回 当初 本意 桂林 必须 返回 阳朔 寄存 行李 背着 来回 厚道 风景 不错 床上 看到 如画 山山水水 景观 推荐 晚上 之后 没什么 可玩 只能 阳朔 城里 其实 那里 不管 宾馆 只要 有窗 肯定 看到 山水 回来 还要 出租车 里边 宽带 最好 自带 洗漱 用品 服务员 厚道 淳朴
0,偏重 散热 一般 满载 多度 还有 该死 华硕 机器 竟然 对应 驱动 气死人 只能 用装 兼容 驱动 系统 稳定
1,火车站 很近 方便 东楼 标间 九江 另一家 卫生间 设施 服务 还好 中式 早餐 不错 丰富 居然 还有 青菜 肉片
0,三亚 去过 几次 前几次 公司 组织 这次 老婆 老妈 一起 大东海 一来 度假 二来 婚纱照 选择 三亚 明珠 海景 大东海 分光 不如 亚龙湾 明珠 海景 设施 服务 更加 失望 甚至 令人气愤 入住 两个 很小 白天 海滩 海鲜 晚上 回来 睡觉 关上 门窗 听到 一些 似乎 海浪 声音 注意 晚上 点多 声音 越来越 飞机 轰鸣声 无法 入眠 第二天 老妈 声音 脑袋 发现 锅炉 作怪 这时候 错误 决定 忍耐 连续 三晚 如此 半夜 吵得 抓狂 第四天 晚上 实在 睡不着 凌晨 点多 他们 值班 经理 来看 他们 临时 锅炉 可是 早上 点多 实在 气愤 他们 大堂 副理 姓李 女士 交涉 反复 推托 一直 拖到 最后 愤怒 他们 经历 姓周 女士 一点 补偿 措施 态度 相当 蛮恨 只好 投诉 沆瀣一气 投诉 环保部门 并且 说好 分钟 现场 一拖再拖 由于 时间 限制 只好 非常 失望 离开 这家 这次 痛苦 旅行 记住 这家 垃圾 三亚 明珠 特别 那个 女士 女士 店大欺客 嘴脸 补充 点评 年月日 广大 驴友 一定 入住 最好 实地考察 一下 噪音 应该 不会 低于 分贝
1,题目 改成 高盛 历史 更为 贴切 文本 按照 这个 题目 一直 找出 高盛 究竟 技巧 深远 战略 赢得 先今 主导权 本文 只是 最后 篇幅 蜻蜓点水 一带而过 预期 效果 描述 美国 投资业 高盛 发展 历史 不同 辉煌 落败 值得 一读 只是 劝诫 当今 文坛 书名 一定 对得起 观众 不能 名字 吸引 过来 名字 先入为主 更应 名副其实
1,清静 典型 商务 住宿 选择 早餐 不是 自助 而是 套餐 特色 主要 天津 干道 交通 方便 娱乐 设施 喜欢 热闹 应该 这里
0,订单 现在 杳无音信 还有 首页 不是 打出 封顶 宣传 实际 超过 销售 电话 咨询 回答 只能 购物车 价格 为准 当当 服务 真的 改善 一下 不要 以为 不思进取
0,完后 极品飞车 很卡 知道 原因 左侧 腕托处 温度
0,只有 盘不太 习惯 最好 以后 多分 几个 另外 赠送 鼠标
0,也许 英语 灵光 其它 原因 反正 想像中 那样 学习 英语 很长
0,货源 紧张 单号 自带 运行 实在 太慢 内存 现在 行为 包装盒 出厂 配置 标签 上印 双核 处理器
0,缺点 不大 机器 盖子 商标 划痕 应该 反映 厂家 很多 网友 遇到 驱动 难下 驱动 一夜 摄像头 驱动 下来 服务器 太差 摄像头 驱动 通用 反映 厂家
0,这个 作家 真的 一般 除非 交叉 经历 否则 很难 找到 细腻 日本 长处 平凡 动人
0,稍微 支持 蓝牙 郁闷 无线 蓝牙 罗技 鼠标 不能 其他 发现
1,孩子 寒凉 体质 从小 流清 鼻涕 一流 一年 北京 最好 中西医 看过 汤药 越来越 看过 马悦凌 书后 仅仅 孩子 停掉 水果 寒性 小药 孩子 病情 明显 好转 一个月 孩子 鼻炎 基本 按照 马悦凌 理念 调整 一年 得病 其实 日常生活 注意 一些 发现 即将 生病 苗头 及时 调理 身边 所有 家长 推荐 推荐 幼儿园
0,通俗 语言 大家 知道 不到 大家 千万 不要 销售量 迷惑
0,入住 其他 锦地 星座 特惠 标准间 告知 升级 高级 标准间 心里 一阵 暗喜 没想到 经过 一段 乱糟糟 好像 厨房 外面 楼进 更加 失望 床小不说 设施 陈旧 马路上 汽车 噪音 更是 难以忍受 洗个 水流 一地 下次 不如 连锁 商务酒店 同等 条件 价钱 只有
0,前台 服务态度 不好 不能 客户 考虑 宾馆 装修 噪音 很大
1,看到 机器 不过 对方 好看 配置 价格 合理
0,适合 我岁 年纪 怎么 没意思 高直 漫画 两本 一本 喜欢 狂热 热爱 漫画 朋友 喜欢
0,声音 太小 开到 最大 声音 小得 吓死人 最好 耳机 听歌 视频 晚上 亮度 最大 黑送 内胆 包太差 白色 黑色 内胆 内胆 不能 封口 不像 内胆
1,政府 气派 干净 整个 布局 整齐 月份 入住 由于 第一天 不能 上网 前台 协调 一间 上网 帮忙 调试 服务 周到 正好 两天 有人 结婚 一楼 宴会厅 适合 婚礼
1,产品 定位 主流 娱乐 联想 收购 越发 设计 能力 越来越 强悍 千元 档次 基本上 联想 这个 外观 不错 性能 主流 设计 人性化 唯一 不足 采用 奔腾 双核 不是 酷睿 双核
0,原以为 原版 色戒 没想到 张爱玲 作品 分出 书集 没意思 情况 当当 应该 介绍 说明
0,你们 服务 电话 才能 打通 服务 太差 从点 一直 现在 一直 占线 你们 那买 一共 张有 声音 要求 换货 请客 及时 联系 订单 编号 由于 工作 一直 来得及 现在 发现 大部分
1,整整 一周 不错 屏配 显卡 玩游戏 不错 单纯 用来 办公 浪费 应该 对得起 这个 价格
0,当时 吹捧 易懂 样子 带点 人生 道理 似的 买来 可能 是因为 不太 喜欢 国外 原因 非常 进去 哪怕 韩国 有些 有些 差异 文字 理论 也许 耐下 心来 就可以看 进去 至少 肯定 里面 一些 非常 道理
0,键盘 敲击 声音 尤其 小键盘 开盖 按键 不好 不好 打开 外壳 边缘 还有 毛边 无法 激活
0,开始 不错 后来 乏味 三分之一 不想 继续 下去 主张 找份 工作 不如 找个 老公 本人 讨厌 这个 观点
1,屏幕 电影 不错 内存 键盘 键盘 世界 公认 手感 质量 最好 硬盘 一般 下载 格式 电影 一部 电影 左右 哈哈 这个 硬盘 一百多部 电影 绰绰有余 双核 主频 低端 赛扬 系列 只要 不是 运算 大型 专业 软件 同酷 奔腾 差距 基本 区分 出来
0,这个 整体素质 非常 里面 很浓 油烟味
1,贵宾楼 标间 装修 不错 达到 三星级 标准 服务 晚上 安静 两晚 第三天 结账 网络 不通 不能 信用卡 当时 郁闷 由于 带太多 现金 银行 去取 钱来 房费 宾馆 反馈 年月日 尊敬 客户 您好 感谢您 金城 大酒店 支持 网络 不通 带来 不便 表示歉意 有关 相关 部门 反映 欢迎您 再次 入住
0,大堂 失望 很小 性价比 超低 下次 不会
0,男友 老外 第一次 上海 选择 外滩 入住 一切 宾馆 周围环境 不怎么样 外滩 近点 总的来说 接受 退房 前台 小姐 避孕套 要收 块钱 确实 当然 自备 前台 没用 老外 当时 退房 很多 真的 不好意思 为了 这个 前台 争论 男友 想想 算了 块钱 再说 这个 每个 客人 一间 一天 多少 由于 行李 很多 寄存 宾馆 回来 那天 有事 男友 人住 宾馆 第二天 我来 男友 男友 昨天晚上 小姐 打电话 来说 不要 按摩 不要 一会 女人 年轻 小姐 房门 女朋友 今晚 不要 小姐 按摩 只要 震惊 难道 宾馆 监控 这个 作用 难得 宾馆 到处 安排 眼线 监视 客人 男友 不要 他们 后来 男友 你们 报警 她们 晚上 男友 出来 用餐 旁边 康乐 中心 瘦瘦的 正好 看到 男友 出来 居然 过来 态度 语气 非常 差问 女朋友 老外 女朋友 事情 男友 后来 男友 算了 度假 不要 事情 影响 心情 实在 太气 电话 大堂 经理 投诉 道歉 大堂 经理 姓陆 电话 对不起 康乐 中心 按摩 承包 别人 难得 承包 别人 不用 管理 他们 作为 第二天 小姐 敲门 人来 当面 道歉 总之 这个 整个 假期 瑕疵 以后 绝对 不会 这个 宾馆 反馈 年月日 首先 非常感谢 客人 入住 其次 客人 提出 主要 以下 说明文 提到 女人 两个 年轻 小姐 并非 员工 任何 瓜葛 三位 女士 确实 拜访 拜访 客人 朋友 身份 进入 大堂 保安 员工 三位 女士 按照 正常 访客 来访 规程 进行 登记 并且 监控 系统 进行 监控 为了 保护 来访 客人 隐私 不予 透露 姓名 本着 客人 提供 优质 舒适 服务 作为 宗旨 非常 愿意 接受 客人 意见建议 甚至 批评 服务 做到 更好
1,看上去 现在 联想 变化 不过 帮人 不是 我用
0,电池 只是 而已 光驱 系统 麻烦 支持 只能 模式 启动 不少 时间 价格 蛮贵
1,住宿 环境 不错 干净 前台 服务态度 小伙子 过去 告诉 怎么 吃饭 方便 说起 吃饭 建议 餐厅 外面 所谓 美食街 不了 多少 切身感受 还有 自驾 想不通 开车 住店 居然 停车费 这个 简直 道理
1,改革开放 已经 三十年 不是 所有 一路 下来 即便 可能 身在 庐山 窥豹一斑 因此 借助 好书 了解 一下 过去 三十年 无疑 一种 选择 其实 是因为 财务 部长 推荐 以后 我用 星期 时间 上册 深受 吸引 如今 大学毕业 上海 这个 金融中心 准备 一展身手 经济 书籍 了解 前辈 经历 确实 受益匪浅
1,今天 收到 重新 分区 驱动 顺利 搞定 无线 网卡 传说 掉线 网卡 不过 目前 使用 一切正常
0,蓝牙 的话 完美 商务 蓝牙 方便 蓝牙 型号 摄像头 另外 怎么 发现 包装箱 原装 大家 不是
1,不能 一点点 所有 员工 一种 非常 热情 客人 尽可能 服务 愿意 最高 这个
1,价格 优势 哈哈 同事 系统 蓝屏 几次 卡死 几次 不过 认为 正常 手里 新机 几部 偶弄 蓝屏 机子 速度 不错 主要 性价比
0,下去 主角 女性 工作 环境 跨国公司 没点 共鸣 实在 看不下去 也许 好书 也许 大家 喜欢
0,预装 分区 变态 改装成 之后 运行 打开 加速器 经常 左手 部位
0,客服 忽悠 硬盘 毛病 客服 办理 只好 采取 强硬态度 不过 还好 客服 人员 过来 硬盘 解决
0,最滥 不行 千万别 年代
0,以为 三星级 宾馆 还过得去 四个 单间 总台 服务员 外地 单间 最小 竟然 只有 平方米 一间 霉味 特重 条件 显然 符合 三星级 单间 标准 要求 退房 不行 平方 驾驶员 不敢 以为 安排 这么 后来 得知 总台 交涉 勉强 两个 同行 一致 认为 这家 差劲 服务态度 停车场 反正 一切 糟糕透顶 第二天 立马 会员 绝无 假话 建议 不要 选此家
1,散热 材质 尚可 配货 迅速 赶上 价格 保护 属于 性价比 一款 本本
0,订单 收到 郁闷 更新 网页 配货时 发现 缺货 应该 及时 通知 客户
0,各位 广大 书友 本人 特别 喜欢 看书 非常 支持 提供 买书 平台 明朝 那些 事儿 说实话 个人 喜欢 首要 缺乏 文采 语言 支撑 成功 作为 历史 故事性 很差 有时 为了 幽默 幽默 显得 特别 低俗 书中 穿插 很多 说理 使书 显得 非常 冗杂 协调 令人 难受 知道 是否 同感 这仅 拙见 这个 喧嚣 年代 真的 容易 一本 高质量 容易
1,赶上 活动 内存 移动硬盘 皮包 真是 非常 划算 超值 本本 使用 正版 系统 经过 配置 速度 不错 送货 速度 真是 上午 订货 下午
1,毫华 海景房 唯一 好处 看到 很小 一家 下次 机会 大东海 的话 应该 不会 选择 这家 这家 唯一 优点 交通 方便 卫生 补充 点评 年月日 实在 太小
0,临近 马路 早上 车辆 声音 吵醒 还有 桑拿浴 不好 一次 朋友 损失 块钱 怀疑 那里 有人 偷钱 各位朋友 千万 不要 现金
0,外观 容易 指纹 还有 联想 工作人员 垃圾 不能 多分 几个 大区 真要命 还有 系统 垃圾 不如 预装
1,不错 元间 标间 物有所值
0,里面 系统性 收藏 需要 不过 生命 热爱 值得 学习 相信 只有 热爱 生命 人才 用力 地去 生活
0,来到 拉萨 发觉 这家 饭店 价格 的确 偏高 同样 水准 饭店 北京 路上 需元 以下 最大 环境 杂吵 不好
0,使用 电源适配器 发热量 惊人 担心 烧坏 触摸板 灵敏 触摸板 按键 确实 塑料 外壳 不是 结实 玩具 华硕 大本 装配 工艺
0,只住 晚上 很小 不过 考虑 只是 三星级 宾馆 要求 不能 太高 设施 陈旧 有些 设施 明显 修理 信用卡 不是 国有 四大 银行 不能 预售 罢了 居然 直接 刷卡 不行 前台 小姐 居然 不是 信用卡 狂晕 就算 认识 标志 应该 认识 银联 标志 怎么 不会 当成 储蓄卡 一样 刷卡 不行
0,有些 细节 完善 送货 服务 完善 下单 送货 竟然 日才 图片 显示 电脑操作 面为 黑色 实际 收到 灰色 配套 驱动程序 基于 需要 下载
1,大堂 不怎么样 舒服 满意 大堂 副理 客服 人员 顾客 要求 及时 尽心尽力 完成 有家 借此 感谢 一下 他们
1,看中 当然 自我感觉 不错 配置 不高 价位 已经
1,键盘 大比 同厂 键盘 舒适性 转轴 下沉 设计 原来 打开 看见 简洁 娇小 许多
0,单人间 宽带 商务 单人间 却是 后面 贵宾楼 一座 四层 小楼 条件 一般 不过 一张 标间 窗外 院墙 隔音 很差 得到 隔壁 鼾声
1,装修 不错 早餐 出入 方便 推荐
0,想象 书评 过渡 吹嘘 很大 很沉 画面 雷同 可能 美国 早期 作品 已经 过时
1,同样 价格 行政 楼层 有大有小 需要 注意 洗手间 装修 布置 舒适 漂亮 淋浴 浴缸 还有 透光 窗子 内部 服务 不错 这里 住宿 老外 很多
1,平心而论 这个 价格 这个 做工 不错 样子 干练 拿来 商务 不错
1,昨天 到手 平时 上上网 便宜 实惠 不用 讨价还价 颜色 多点 出粉 自带 正版
0,目前为止 服务 最差 五星级 气温 下降 空调 热风 冻得 打哆嗦 按摩 小姐 无孔不入 不管 男士 客人 是否 老婆 同行 即使 电梯 疯狂 推销 不要 按摩 妈妈 更是 夸张 门口 先生 不要 按摩 妈妈 安排 漂亮 小姐 值班 经理 值班 经理 根本 不予 理会 知道 这个 怎么 五星级
1,配置 合理 功能齐全 红色 好看 键盘 弹性 手感 现在 价格 不错 发现 亮点 暗点 送货 够快
1,完美 外观 时尚 键盘 很漂亮 性价比 预算 有限 要求 不太高 的话 考虑 配合 散热 底座 散热 情况 不错 不带 系统 开机 全是 英文 硬盘 传输 模式 机子 自带 驱动 光盘
1,真是 不错 没去 自提 真是 不错 一点 呵呵 提货 回家 一看 郁闷 保值 可能 为了 打压 对手 呵呵 无货
0,非常 糟糕 网上 考虑 入住 这个 所有 言过其实 豪华 单人间 入住 之后 发现 非常 不好 很小 毛巾 床单 显得 很脏 有种 干净 晚上 冷想 多要 被子 告知 多加 被子 要加 心理 不爽 于是 决定 第二天 早上 告知 床单 弄脏了 晚上 睡觉 蚊子 抓痒 可能 血迹 床单 索赔 于是 跟前 理论 然后 床单 下来 前台 对质 可能 前台 那些 血迹 不算什么 要钱 说不过去 这事 过去 要是 坚持 给钱 的话 跟前 台吵 实在 不行 我会 考虑 报警 然后 帐单 发现 多收 怎么回事 城市 建设费 不管 有没有 这个 费用 一直 携城 上订 多少 多少 城市 建设费 要是 麻烦 携城 签约 这个 费用 房费 里面 玩意 块钱 不算什么 舒服 于是 拿出 相关 规定 所谓 大堂 经理 进去 以后 再也 出来 还好 有个 上海 朋友 上海 他们 理论 知道 总之 后来 敢管 我要 这个 后来 朋友 告诉 前台 日本 喜欢 这个 对不起 不是 日本 日本 喜欢 别人 关系 要是 喜欢 日本 麻烦 明白 接待 中国 人好 后来 结账 离开 有种 逃出 黑店 知道 携城会 不会 这个 事情 以后 再有 发生 事情 的话 影响 携城 印象 总而言之 很烂 现在 淡季 这个 价格 真是 可能 这个 主要 针对 包月 客户 其他 散客 逮住 建议 大家 不要 这个
0,底部 发热 厉害 系统 网卡 驱动 网线 驱动 丢失 需要 重新安装 一次 不知 是不是 软件
0,暂时 发现 不足 广州 总部 隐蔽 半天 还有 试机 接近 小时 服务员 要是 杯水 没话说
1,身临其境 产生 恐惧 恐怖 小说 最大 成功 反对 那些 太虚 一点 真实感 有些 作品 情节 玄疑 恐怖 现实 很近 周德东 小说 看过 不少 知道 有些 是不是 别人 之名 太假 玄乎 一次 没意思 赶尸 不错 小说 值得 推荐 只有 人才 令人 感到 恐怖 只是 存在 心里
1,不错 读过 以后 知道 如何 面对 解决 自已 周边 关系 存在 这是 学校 当然 自已 领悟 书中 思想 由于 这是 译本 演讲 收集 而成 口语化 不过 没关系 多读 几次 收获 很大 喜欢 书中 一问一答 方式 有些 建议 社会 不久 朋友 读读 也许 带来 一些 清醒 认识
0,电池 续航 能力 偏弱 不到 两个 小时 没电 系统 光盘 机器 容易 指纹
1,已经 两次 比较满意 特别 接机 服务 及时 周到 宽带 速度 大家 免费 果盘
0,外观 里面 环境 没法 提了 卫生间 一股 说不清 味道 本来 洗澡 看过 卫生间 打消 念头 早餐 只有 面包 咸菜 以及 鸽子 大小 鸡蛋 之后 居然
0,这是 一本 小学 读物 以前 评书 方式 深得 小学生 喜爱 至于 中学生 是否 喜欢 不得而知 作为 成人 不是 感兴趣
0,配置 一般 可能 基本 出去 便携 司马 赠品 包包 鼠标 内胆
0,里面 实在 一般 不过 适合 小学生 通过 百家讲坛 变成 易中天 那样 学术 明星 的确 于丹有 非常 吸引 个人 魅力 文化 气质 非常 空洞 非常 片面 论语 心得 万册 不能 说明 只是 人云亦云 羊群 效应 罢了 小学 初中 水平 建议 看于 论语 庄子 心得 高中 以上 好看 傅佩荣 先生 著作 系列 傅佩荣 论语 庄子 心得 对于 论语 理解 境界 远远不如 傅佩荣 先生 理解 境界 高用 易中天 先生 百家讲坛 其中 一句 名句 不过如此
1,基本 配置 完善 芯片 内存 硬盘 显示 无线 网卡 万象 素个 白色 造型 漂亮 女孩子 购物 考虑 重要 一点 电池 功能 强劲 选择 重要 部分 代价 重量单 浏览 网页 小时 使用 时间 散热 真的 不错 几个 小时
0,背出去 很累 好象 屏幕 亮点 不过 很小 本来 很小 呵呵 明显 不过 好象 不算 质量 不是 明显 就算
0,全套 没见 这么 垃圾 其实 需要 一本 就够 其余 排列组合 美国 畅销书 为什么 书店 看不到 原因 不了 两分钟 明白 拼凑 重复 看到 实物 恐怕 愿意 不过 书商 不负责任 一套 一不留神 上当
0,入住 这个 应该 算是 误导 放在 第一 选择 位置 介绍 加上 一条 说明 紧邻 坟场 估计 生意 全没 丽悦 还有 丽都 真该 好好 感谢
1,买来 送给 我爸 于是 大略 看看 中间 神话 故事 章节 不太懂 接着 深层 剖析 解读 象征 寓意 尽管 写给 男人 女生 适合 也许 性格 思维 相对 男性化 或者 理解 好多 不仅 儿子 父亲 身上 合适 适合 子女 父母 包括 女儿 母亲 关系 只要 内心 感性 兴趣 试试
1,这个 价位 华硕 里面 配置 很强 超值 外观 图片 漂亮 散热 不错 屏幕 以前 其他 牌子 好看 电影 很爽
1,不能 马路 太吵 晚上 没睡 旁边 有个 超市 吃饭 方便
1,泪流 不止 描写 亲情 部分 描写 成功 真情流露 丝毫 做作 功底 真的 不错 又哭又笑 真的 值得一看 一藏 我要 推荐 绝对 亲情 看来 一般 言情小说 台阶 不足 女主角 最后 陆励 无缘 也许 我会 选陆 小说 结局 结束 心中 结局 谁又能 保证 他们 真的 后来
1,硬件 软件 设施 不错 服务 专业 香港 经常 这家
1,真是 不敢相信 曾经 相爱 时间 长河 越走越远 故事 结局 他们 离婚 不是 唯一 男主角 强大 诱惑 出轨 不是 唯一 他们 离婚 原因 大家 这么 纠缠 下去 为此 伤心 于是 男女 主角 最后 想开 生活 中有 太多 男女 主角 想不通 为了 沉重 虚名 勉强 生活 一起 不离 真是 难以 回答
0,收到 打开 发现 机身 键盘 严重 变形 希望 处理 希望 退货
1,设备 维护 不错 服务 不错 细心 周围 晚上 回来 夜床 楼下 商场 据说 济南 最好 不错 下次 这里
1,位置 方便 离开 第一 夜市 非常 早餐 自助 实惠 服务 不错 很大 设施 有些 尤其 卫生间 狭小
1,服务 特别 到位 时刻 顾客 着想 干净 下次 还会 入住 补充 点评 年月日 闫蕾 小姐 服务 非常
0,直营店 自提 前台 小姐 态度 不好 好像 老公 吵过 一样 面部 表情 僵硬 架子 很大
1,干净 美丽 键盘 传说 女生 选择 性价比
0,入住 马上 十一 千万 不要 入住 这家 尤其 自家 朋友 他们 地下 车场 被划 面目全非 现在 说法 停车场 物业 停车 除了 物业公司 三次 达到 预定 标准 五星级 其实 装修 目标 五星级
0,从没 见过 如此 残旧 五星级 电梯 走廊 房间内 铺设 地毯 惨不忍睹 形容 电梯 地毯 边缘 起毛 破烂 打个 不好 比喻 用来 垫狗屋 地毯 看起来 干净 整齐 走廊 地毯 至少 十年 以上 似的 卫生间 墙面 瓷砖 一看 低档 不行 沟缝 白水泥 开始 出现 一个个 小孔 象是 蚂蚁窝 大门 水龙头 毛巾架 铜锈 斑驳 颜色 可疑 洁具 牌子 无从 考究 洗澡 香皂 香皂盒 牌子 清清楚楚 显示 等级 相信 建材 稍微 了解 知道 卫生间 毛巾 品牌 不详 似乎 至少 三岁 以上 年纪 可怕 窗帘 上帝 怀疑 窗帘 从来 清洗 颜色 晦涩 不堪 只是 拉开 关上 两次 洗手 居然 肥皂泡 隐隐 发黑 似乎 里面 曾经 淹过 地毯 颜色 怪异 不算 地脚线 木板 明显 不是 一次 装上去 本来 大堂 服务 满意 不管 登记 入住 服务员 微笑 开心 服务 知道 怎么 说好 下午 四点 左右 入住 小睡 小时 出去 应酬 应酬 九点 多回 赠送 水果 已经 放在 酒吧 台上 起来 什么样 自然 乱成一团 保持 那里 顿时 苍蝇 似地 胃口 好感 全消 门口 保安 门童 服务 管理 非常 糟糕 门前 广场 圆圈 进来 的士 圆圈 任何 位置 停下来 上客 下课 小小的 入口 经常 是从 各个 角度 分别 停几量 那里 上下 客而 置之不理 根本 维持秩序 门口 打车 一样 设置 排队 大家 全站 门口 等车 前后左右 一排 实在 说不清楚 先来后到 不时 有些 打车 先后顺序 纠纷 最大 特色 销售 随处可见 卖东西 价目表 怂恿 加入 他们 积分 计划 推广 牌连 文具 个人用品 居然 销售 价目单 床头柜 实在 知道 究竟 提供方便 为了 销售 最大化 免费 出差 习惯 洗漱 用品 知道 他们 洗漱 用品 质量 如何 一次性 拖鞋 质量 难道 义乌 小商品 那里 啧啧 难得一见 赠送 怡宝 吃亏 似地 加上 广告 停车场 上来 电梯 四川 宾馆 门口 入住 上来 一出 门口 看到 登记 过去 登记 差不多 知道 四川 宾馆 前台 于是 道个 转过 假日酒店 前台 重新 办理 登记 入住 手续 非常 后悔 应该 开始 错错 成都 朋友 四川 宾馆 硬件 条件 略微 好过 皇冠 假日 价格 只是 皇冠 假日 一半 而已 两家 一起 有门 共通 已经 钻石 会员 从来 任何 做过 任何 此次 四川 先是 绵阳 乐山 九州 国际 入住 精美 叹为观止 舒服 不行 行程 改变 成都 临时 这么 一次 皇冠 假日 五星级 是从 真正 五星级 一下子 搬到 火车站 招待所 真正 五星级 多付 一倍 住宿费 赚钱 不能 搞定 评选 机构 五颗 小星星 黑心 五星级 大车 永别 再也不会 套用 流行 赚钱 厚道
1,故事 简单 不过 平凡 中正 反映 生活 主要 文笔 使人读 烦闷 喜欢 只是 使人 寒心 男人 总是 女人 当作 报复 女人 工具 然后 喜欢 这个 工具 原先 那个 心上人 这么 不见 其实 女人 差不多 只是 女人 做要 男人 扁死 真的 获得 真爱 不象 只要 脸皮 女人 点头 原谅 可是 女人 这么 一下子 剩女 呵呵
0,为什么 送货 这么 单子 怎么 没到 这些 希望 这个 周末 送到 谢谢
0,服务 约定 提供 饮用水 还要 狡辩 愿意 改进 国外 许多 习惯于 直接 饮用水 不因 要求 客人 喝烧 自来水 两者 不能 划等号 补充 点评 年月日 这个 评为 有些 客观 有些 一会儿 北京 出差 人订 一会儿 感受 猫腻 希望 听说 美国 上市 远大 志向 不要 沦落 成为 街头 拉客 公司
0,同档次 笔记本电脑 性价比 配置 够用 品牌效应 外观 不错 使用 中待 发现 优点
1,到手 顺道 别人 买个 正好 抽奖 券用 系统 一次 搞定
1,软件 相当 环境 优雅 服务 温馨 体贴 早餐 丰盛 可惜 门口 道路 单行线 不便 性价比 绝对 下次 沈阳 仍会 坚定不移 选择 这家 入住
1,性价比 美价 笔记本电脑 性能 美观 千元 配置 千元 价格 工薪 爱美 族舍 千来 捷威 千多 惠普 摆在 一起 惠普 长得 一泡
1,对于 日本 这个 国家 仅仅 停留 书本知识 的话 真的 值得 一读 整本书 通过 漫画 形式 日本 历史 国情 某些 社会 根源 淋漓 揭示 出来 即使 来说 枯燥 经济 浅显易懂 生动有趣 几乎 一口气 绝对 受益匪浅 唯一 感到 不解 封底 内容简介 好像 无太大 关联 一家之言 仅供参考 总的说来 值得 力荐
1,陈老 这部 书写 精彩 不论是 文字 材料 整部书 逻辑 结构 十分 难忘 好好 读一读 对于 专业 非专业 人士 来讲 助益 陈老 提出 近代 社会 新陈代谢 观点 学界 影响力 这本 学术著作 陈老 平实 优美 文字 阐述 凝聚 心血 成果 陈老 很多 弟子 继承 学风 严谨 治学 令人钦佩
0,脏吵小慢 主要 安全 带门卡 正好 看到 服务员 附近 一下 居然 名字 直接 开门 进去 瀑布 从来 没见 这么 方便 要是 小偷 哈哈 肯定 知道
1,拿在手上 轻便 发热量 材质 舒服 键盘 舒服 键盘 实用 暂时 想到 这么 以后 再加
0,知道 机器 本身 原因 安装 系统 偶尔 开机 键盘 反应
1,早餐 食物 相当 一般 服务 水准 相符 希望 进一步 改进
1,外观 做工 一流 金属 机身 质感 非常 无边 屏幕 很酷 内置 管理软件 方便 实用
0,键盘 布局 修改 喜欢 以前 布局 台式机 保持一致 联想 耽误 键盘 去掉 难怪 价格 这么 便宜
0,窗外 整幢 大楼 风机 非常 可能 存心 留给 客人 第二天 下午 四点 回房 清洁 房屋 离谱
0,放弃 不要 标题 迷惑 根本 适合 中国 父母 根本 实际 值得 记住 大声 孩子 读书
0,朋友 苏州 想想 推荐 御庭 这里 门口 起来 预定 立即 拨打 通了 门口 门卫 有没有 预定 回答 正在 预定 抬起 栏杆 前台 门卫 为什么 门卫 预定 不能 进问 前台 直接 预定 门卫 已经 怎么 知道 正在 联系 前台 大哥 电话 一下 进去 直接 一下 转身 损失 门卫 规定 预定 不能 进问 现在 预定 是不是 进去 任凭 如何 解释 办法 挪动 一步 这时 后面 车要 进入 由于 拦住 没法 进去 此时 电话 已经 回复 已经 订好 立即 入住 接到 前台 通知 于是 抬杆 放车 居然 道歉 的话 并且 丝毫 这时 心里 已经 烧到 头顶 实在 无法 抑制 大声 喝斥 几句 还好 朋友 不在意 不过 对于 管理 服务态度 实在 气愤 门卫 前台 打个 电话 其实 容易 知道 是否 有房 本身 任何 好处 明明 有房 不卖 难道 这么 财大气粗 店大欺客 宾馆 反馈 年月日 感谢您 选择 并入 苏州 御庭 公寓 您提 宝贵意见 引起 高度重视 不断 努力 积极 改进 能为 所有 客人 创造 美好 温馨 舒适 居住 环境 衷心感谢 支持
0,屏幕 外框 要是 窄点 触摸板 手感 不行 系统 起来 非常 习惯
0,重量 长时间 运行 热量 基本 鸡肋 驱动 盘中 竟然 驱动 需要 网上 麻烦
1,我家 小朋友 一周 拿到 开心 听听 一遍 还要 一遍 那天 晚上 爸爸 现在 翻开书 看到 说天 有时候 坏事 大卫 偶尔 地上 张开 手说 宝贝 这里 他会 开心 就算 正在 调皮 正在 捣蛋 过来 然后 抱住 宝贝 妈妈 开心 妈妈 呵呵
0,驱动 里面 声卡 驱动 网站 下载 驱动 一大堆 几乎 安装 重启 一次 塑料 强烈
0,鸡肋 本来 排行榜 应该 不错 没想到 这么 无趣 空洞 大道理 不会 没劲 更何况 大道理 怎么 不敢苟同 言论
0,键盘 很差 不敢 很大 打字 小心翼翼 容易
1,在读 夏洛 网后 认识 度过 几个 春秋 主角 威尔 当然 还有 主角 夏洛 阿卡 蒂卡 一只 蜘蛛 一生 威尔 度过 几个 春秋 生命 最后 一刻 孵化 孩子 五百 十四个 孩子 蜘蛛 威尔 带回 农场 动物 世界 当然 许多 动物 提到 只有 常见 动物
0,为什么 系统 半个 小时 容易 蓝屏 情况 知道 联系
0,预装 影响 安装 左端 散热 口会 影响 本本 键盘 夏天 恐怕 要装 底座 驱动 安装盘 不好
1,强悍 散热 机子 基本 发热 顶上 还有 键盘 灯有 内置 麦克风 基本上 对得起 这个 价钱 抢购 服务 人员 服务 周到 买到 一下 预装 系统 不到 分钟 操作系统
0,驱动 太烦 无线 网卡 驱动 不能 识别 无线网络 不知 办法 摄像头 不到 驱动 官方网站 下竟 不到 摄像头 硬件 估计 这款 根本 没配 光驱 声音 恐怖 最好 不用
0,真是 可笑 入住 结帐 时要 多付 一袋 开心果 费用 他们 点不清 物品 数量 差错 埋单 竟是 消费者 请问 各位 你们 选择 坚决 不再 评分 他们 服务 客户 好感 结帐 愚蠢 举动 抹杀 补充 点评 年月日 建议 大家 日照 选择 其他 大家 日照 开心
0,电力 宾馆 根本 就象 私人 大车 服务 不是 一般 规范 收款 除外 入住 宾馆 打开 房门 一看 纸篓 满满的 洗手盆 污水 马桶 污水 马桶 长流水 毛巾 地板 灰色 打扫 洗手盆 黑乎乎 油污 第二天 早晨 刚刚 起床 服务员 连门 直接 推门 进去 打扫 离开 告诉 总台 打扫 可是 小时 以后 回来 一样 电视 宽带 再次 总台 半个 小时 人来 总之 一种 愚弄 建议 携程网 取消 宾馆 合同 否则 也许 影响 信誉
0,孩子 成为 幽默 孩子 成为 想象力 丰富 孩子 开心 大笑 起来 梅拉 不错 选择 梅拉 那些 奇特 想法 生活 一个个 小小的 插曲 平静 湖水 轻轻 涟漪 拿到 梅拉 第一个 享受 第二个 老公 然后 两岁 宝贝女儿 整个 故事情节 理解 不了 里面 很多 场景 开心 比如 梅拉 摆出 各种各样 姿势 钓鱼 场景 下蛋 场景 模仿 女儿 摆出 各种 姿势 全家 充满 欢乐 人人 喜欢 梅拉 生活 需要 梅拉
1,送货 速度 产品 运行 速度 不错 疯狂 抢购 前面 一天 降价
0,常常 发生 内存 耗尽 释放 不了 好像 缓存 一样 笨重 样子 一般 散热 右面 郁闷 两次 系统 不能 运行 多个 文件 不是 很快 常常 死机 已经 重装 两次 系统 郁闷
0,摄像头 知道 怎么 系统 里面 太多 介绍 分区 死机 不明 原因 不能 重启 后来 卸下 电池 再启动 成功 怎么 好慢 反应 不灵敏 点击 至少 反映
0,同学 推荐 可能 期望值 太高 以后 失望 外国人 拿到 中国 意义 好像 不是 很大
0,宝宝 二岁 三个 平时 看书 套书 却是 可能 太小 套书 适合 小孩
0,后悔 一套 叙述 得象 流水帐 亮点 的话 网上 就行了 收藏 简直 必要
0,最差 怀疑 上面 留言 全都 衡水 唯一 四星级 刚进 地上 还有 瓜子皮 不好 服务态度 屋子里 还有 一股 味道 再也不会
1,外观 漂亮 性能 不错 首次 下单 晚上 返还 马上 重新 下单 不错
0,所谓 钢琴漆 耐磨 容易 手印 换装 非常 麻烦 电池 续航 能力 一般
0,设施 过得去 遇到 最差 服务 这家 特别 前台 服务 简直 恶心 首先 入住 莫明其妙 不仅 态度 爱理不理 我用 信用卡 竟然 直接 消费 不能 预付 竟然 招呼 一下 认认 算了 恐怖 时刻 发生 退房 遭遇 早上 退房 前台 三个 手机 聊天 另外 两个 聊天 其中 竟然 屁股 一声 退房 房卡 竟然 房卡 放在 桌子 继续 屁股 另外 聊天 大概 一分钟 话题 完才 打电话 客房部 查房 然后 恶心 事情 发生 那个 面对 聊天 前台 竟然 连续 两口 地上 背身 动作 当着 客人 吐痰 这么 多年 宾馆 上海 五星 证大丽笙 甘肃 宾馆 一次 遇到 最后 我要 一份 帐单 上面 重叠 根本 清除 宿州 汇源
0,长寿路 办事 于是 这个 却是 上海 差劲 单栋 建筑 周边 绿化 任何 美化 环境 门口 叫车 超级 上海 司机 不知 为什么 这个 附近 停车 只有 当有 乘客 正好 这个 位置 下车时 才能 门口 吹风 真是 冷死 冻死 大堂 六楼 楼下 停车场 地下室 停车场 很小 高级 大床 很小 不方 正是 三角形 结构 床上 一种 安全 开门 看到 难道 预订 只能 设施 设备 勉强 三星 将近 六百块 真的 划不来 下次 绝对 不会 踏入 这个 朋友 上海 千万 不要 这个 性价比 太低
0,几天 旅行 拉拉 升职 的确 值得 推荐 职场 读物 虚拟 很多 实际 生活 运用 完全 运用 参考 借鉴 之后 受用
0,宜宾 还有 很多 比如说 叙府 宾馆 不错 知道 为什么 这个
1,喜欢 教授 以及 演讲 毫无 束缚 压力 言论 最能 说服 总会 不敢 不敢 直言不讳 致命 关键 语言 本身 需要 修饰 除非 本想 逃避 一些 敏感 而郎 教授 语言 从来 最最 纯朴 简单 正是 原始 语言 发到 现代 究竟 每个 讨论 热点 是不是 热点 本身 完后 一定 一样 感受 良多
1,两个 同事 比较满意 价格 偏高 西部 城市 宾馆 元含 合理
1,书中案 特殊 或者 夸张 可是 个人 这是 一本 有用 看法 应该 选择 有用 信息 必要 争议 一些 无聊 细节 或者 案列 真实性 每个 生活习惯 饮食 方式 一样 可能 书中 方案 所用 或者 所用 不是 天书 天价 平常心 这个 价格 家中 一本 有用
0,服务 出错 大跌眼镜 那种 房卡 搞错
0,非常 一般 服务 台上 特色 宾馆 牌子 一点 不能 得到 体现 服务态度 冷淡 环境 相当 一般 完全 传说 养眼 出现 不值
0,是因为 销量 影响 之后 翻开 一看 根本 不是 想要 真正 别开生面 单词
1,小巧 便宜 携带方便 出门时 宾馆 上上网 发电 足够
1,朋友 顺带 一本 瞧瞧 相信 眼光 高中 知道 此书 除了 惊奇 向往 真想 身临其境 可是 转念 一想 咱们 这些 连狗 恐怕 不到 境界 仅供 观赏 呵呵 本是 没想到 孩子 很感兴趣 孩子 天性 喜欢 动物 还有 很多 经典 言论 譬如 妈妈 怎么 头发 鸵鸟 一样 哭笑不得
1,设计 非常 人性化 挺舒服 送货 特别 星期 日喀则
1,阴阳师 一系列 真的 经典 中国 聊斋志异 不同 阴阳师 清淡 淡淡的 描述 明白 很多 世间 道理 心情 变得 安静下来 语言 能力 有限 真的 特别 推荐 版式 设计 质量 不错 尤其 喜欢 排版 不是 很大 间隔 看起来 舒服 每个 故事 下面 角上 一幅 小图然 设计 用心 非常 不错 建议 收藏
1,篇幅 不是 很长 作为 成年人 我用 两个 晚上 读完 心里 童年 遇到 一套 国际 大奖 小说 一本 传达 信息 情感 有关 美好 有关 爱有 勇敢 友谊 坚韧 真诚 作为 一名 老师 现在 套书 推荐 学生 他们 正是 八九岁 年龄 对于 这个 世界 心存 美好 憧憬 多一份 阅读 多一份 真情 希望 套书 给予 他们 不仅仅 文字
0,非常 愉快 一次 经历 服务 一塌糊涂 下午 左右 入住 竟然 打扫 办理 手续 押金 然后 晚上 房卡 如此一来 竟然 入住 折腾 一周 多才 确认 房价 对比 而言 优势 非常 客观 恶言 相隔 一条街 新开 比比皆是 除了 其他 一般 特别 隔音 不能 时间 喜欢 隔壁 做爱 直播 非常 去处 欣赏 晚上 身临其境 总之 再也不会 这个
0,我定 为什么 只发 一本 使用 礼券 小美女 养颜经 发货 订单号 查查
0,文化背景 差异 适合 西方 小朋友 故事 强调 个性 自我 理智 对待 小朋友 不太 容易 理解
0,预装 重新安装 驱动 麻烦 完美 屏屏 左边 超级 郁闷
1,值得一看 深入浅出 数据 理论 一般 能看懂 可能 教授 咱们 老百姓 看不懂 记不住 书中 很多 反反复复 翻来覆去 没完没了 主要 观点 信托 责任 二元 经济 其实 很多 讲座 这书 正如 考虑 养老 最后 支持 的话 很少 人能象 讲话 这么 直接 透彻
1,自带 摄像头 外接 麻烦 机器 能够 应付 一般 应用 磨砂 手感 机器 很轻 之前 起来 很多
0,简直 糟糕 环境 老久离 市区 远住 里面 大量 旅行社 团队 乱糟糟 上网 的话 价格 吓死 对于 优先 推介 非常 不满 绝对 返点 不如 火车站 对面 如家 快捷 商务酒店 上网 免费 知道 怎么 合资 推介 搞个 这个
1,性价比 送货 超快 昨天下午 点下 单子 隔天 上午 配送 货色 生产日期 原以为 库存 烟消云散
1,套书 编排 不错 第一本 开始 我家 小家伙 套书 喜欢 书里 一有 时间 阶梯 数学 随着 兴趣 从岁 一直 买到 小家伙 现在 做到 阶越 后面 做题 时间 越长 难度 很多 本人 喜欢 套数 一册 针对性 小孩 学习 帮助
0,猫和老鼠 已买过 余次 除了 礼物 送给 亲朋 孩子 留下 观看 百看不厌
1,地段 不错 虽小 干净 适合 商务活动
0,曾经 一次 这次 感觉不好 被子 床单 太太 太旧 其他 服务业 一般
1,尽逐 系列 追求 时尚 完美 各大 功能齐全 其实 想要 配置 还要 再装
1,音质 不错 电池 续航 能力 多分 知道 内存 以后 样子
0,河南人 河南人 一次 那算 白来 一回 全国 乃至 全世界 那种 叫做 经济 河南 济源 雅士 叫做 贵宾楼 真够
0,非常 愉快 入住 朋友 晚上 左右 到达 此时 柜台 服务 只有 人连 服务生 整个 大堂 只有 个人 年纪 本来 行李 服务生 帮忙 招手 示意 他们 竟然 理睬 并且 连刷 两张 信用卡 竟然 信用卡 不能 莫名其妙 设施 极差 灯光 非常 破旧 真是 有损 星级 标准 难怪 朋友 这家 客人 非常少 吓跑 繁华 南京路 附近 真是 丢人
1,性价比 喜欢 硬盘 够用 配置 公司 同事 满意
1,孩子 喜欢 经常 一些 朋友 推荐 一些 好书 孩子 爱看 根据 观察 孩子 过程 发现 这是 一本 孩子 兴奋 一节 兴奋 地上 原因 是因为 书太 好看 喜欢 那个 勇敢无畏 那个 书中 人物 电视 一有 时间 放在 枕头 不错 一定 一本 吸引 孩子
1,美观大方 容易 指纹 散热 好运气 不错 完美 联想 外包装 拆封 心定 运行 起来 声音 一直 以为 拆封 检查 这次 居然 哈哈 开心 现在 正式 驱动 出来 除了 安装 耗费 流程 时间 遇见 困难 一路 顺畅 系统 做到 适应 环境 除了 无线 网卡 读卡器 尚未 验证 其余 全都 作用 良好 只有 一些 微小 瑕疵 机器 出厂日期 年月日
0,显存 哪怕 可是 最好 配件 销售 并且 详细 操作 方式 比如说 光驱 装个 第二 硬盘 很多 人会 喜欢
1,几时 之前 拥抱 令人 叫绝 日本 战败 美军 占领 没胡 官僚主义 延续 战后 民发 反思 不会 日本 成为 经济 强国 当然 美国 日本 带来 耻辱 关系 造成 深远 影响 文中 揭露 东京 审判 很多 鲜为人知 惊醒 中国 人民 日本 了解 是不是 太少
0,稍微 屏幕 清晰度 比起 其他 品牌 一点 机身 鼠标 按键 手感 不好 显示 率用 起来 一些 采用 压缩 显示方式 速度 就会慢 很多
1,前台 服务员 不够 敬业 登记 入住 是不是 本人 客人 护照 其它 幸亏 旁边 要不然 不知 后果 怎样 之后 不好意思 对不起 希望 改进
1,特价 抢购 实惠 现在 价格 外观设计 上档次 内外 黑色 钢琴漆 金属 暗纹 图片 漂亮 精致 优雅 个性 朋友 喜欢 性能 不差 独显 还有 那个 效果 超好 同事 镜子 一样 呵呵 应该 省电 电池 质量 不错 鼠标 包装盒 联想 原装 不是 配送 质量 手感 联想 做工 不错 确实 正品 专卖店 高仿
0,产品描述 很多 硬盘 系统 内存 显得
0,晚上 到达 兰州市 火车站 火车 知道 最后 选择 打车 因离 火车站 打车 要元 建议 兰州 作为 中转站 朋友 最好 选择 其他 可能 晚上 加上 大堂 偏僻 原因 就算 车子 门口 分钟 找到 大门 入口 登记 服务 小姐 竟然 一句 这里 早餐 请问 需不需要 不是 早餐 回答 当时 心里 感到 奇怪 为什么 不要 早餐 点分 进到 当时 发现 天气 找遍 整个 只有 两张 被子 因此 前台 打了个 电话 一张 被子 可能 太晚 当时 前台 小姐 开始 太冷 麻烦 帮忙 一下 一下 的话 无能为力 当时 这间 服务 勉强 最后 回复 当然 不想 第二天 早点 生平 看过 早餐 快快 退房 本次 旅游 前后 通过 入住 宁夏 甘肃 青海 总的来说 一间 方面 最差 完全 感受 不到 服务 还要 受气 补充 点评 年月日 认为 价格 订位 完全 不合理
1,全黑 外观 适合 男人 看着 质感 做工 不错 键盘 电池 风扇 这些 满意
0,入住 退房 电梯 超市 服务态度
0,联想 牌子 质量 太差 拿到 发现 液晶显示 下面 整体 泛黄
0,光驱 读盘 声音 超响 还好 影响 使用 系统 遇到 装不上 改成 后来 用雨 林木 风盘 然后 里面 完成 不知 大家 还有 办法
1,半个 目前为止 发现 不良 状况 不错 同等 配置 这个 价格 真的 算是 实惠
0,机子 确实 屏幕 卡扣 习惯 时间 屏幕 转轴 松后 严实
0,覺得 失望 這本書 這麼 可是 並非 想要 內容 博客 出身 怎麼 自由 出版 成書 應該 章節 嚴謹 出處 博引 不然 怎對 讀者 眼裡 只能 想到 這個 評語 欲望 沒有 歷史 本事 朱元璋 人生 劉基 胡惟庸 多麼 重要 角色 本書中 所謂 足智多謀 劉基 所謂 安丰 之戰 只是 劉基規 朱元璋 不要 攻打 兩句 這樣 定位 劉基 神機 妙算 其他 戰役 其他 權謀 劉基 角色 何在 胡惟庸 惡形 惡狀 權謀運用 一筆 帶過 比起 戰爭 場面 描述 真是 小巫見 大巫 強項 顯然 戰爭 場面 部份 故事 雖然還 引用 古文 還幫 我們 翻譯 覺得 大方向 沒定 重要 主角 配置 份量 抓好 很多 事件 只是 輕輕 一筆 可見 參考 文獻 不足 寫作 語氣 當然 自身 風格 現代 流行 重新 演譯 哄哄 明史 屢試 圖以 第一 人稱 心情 描述 煽情 花費 篇章 只能 一部 書應
0,价格 限制 整体 机器 偏沉 不是 方便 携带 需要 否则 声卡 驱动 会出 已经 分区 方便 自带 功能 搞定
1,价格便宜 做工 以前 那款 独显 塑料 痕迹 太重 科技 感不强 可能 要求 太高 屏幕 无点 哈哈
0,几乎 江阴 最好 很多 老外 这里 大小 装饰 设施 五星 标准 四星 差不多 最让人 受不了 这家 停车场 普通 日子 碰上 有人 宾馆 结婚 地下 地上 停满 婚宴 住店 马路 对面 那天 中雨 车上 法国人 菲律宾人 两个 中国 不得不 行李 躲过 水坑 宾馆 大厅 门口 保安 好像 情况 已经 见怪不怪 看着 四个 在于 跳来跳去 无表情 真是 烂透
0,定单 昨天 短信 通知 超出 派送 范围 现在 知道 不能 拿到 拨电话 知道 回事 认识 当当 快递 差劲 客服 电话 一直 占线 知道 告诉 拿到
0,之前 这次 地毯 很赃 自助餐 有够 难吃 服务员 经理 人数 还少 整个 好像 关门大吉
0,要求 开通 宽带 服务生 送来 网线 签名 任何 文字
1,工作 关系 每个 金华 市区 左右 最好 选择 服务 早餐 市中心 标间 装修 风格 稍旧 仍然 整洁 干净 强烈推荐 前台 服务 每次 表扬
1,早点 环境 不过 丁山楼 主楼 很大 差距
0,分区 合理 机身 后壳 畸形 正面 触摸屏 外壳 牢固
0,文章 很多 以前 看到 想到 实用性 一级 译者 水平 确实 不怎么样 尤其 人称 转换 头晕 建议 最好 原著 英文版
1,唯一 不足 挂图 不太好 经常 两面 方向 一致 查阅 起来 不太 方便
0,很小 楼道 黑暗 其实 旅馆 设施 建议 不要 吉林省 宾馆 不错
1,从中 看到 信息 显示 不是 这点 算是 惊喜 已经 打上 补丁 补丁 基本 全了 一些 常用软件 杀毒软件 试用版
0,显示屏 清晰度 不够 白色 背景 灰蒙蒙 如同 磨砂玻璃 不白亮 整个 屏幕 无数 雪花 横条 俗称 雪花 优化大师 检测 友达 品牌 屏幕 制造 日期 第一周
1,记得 看多 电视剧 叫做 血玲珑 这个 意思 差不多 孩子 绝症 生下 作为 药物 治疗 思考 伦理 结局 第二个 孩子 突然 肾脏 第一个 孩子 突然 书里 各个 不同 视角 开始 混乱 后来 好多 里面 穿插 其他人 故事 不错 里面 妈妈 执着 爸爸 基本 正常 律师 有意思 那个 法官 狗狗 好玩
0,前一天 包买 一天 送包 一天 不送 郁闷 郁闷 郁闷 不补 继续 郁闷 郁闷 郁闷
0,本来 没事 翻翻 可惜 看不下去 没法 书能 畅销 大部分 受张 影响 这个 男人 实在 好感 知道 怎么 后悔
0,好像 单日 付款日 不了 中通 自提 送货 近天 不知 驱动 机器 触摸板 一旦 打开 右击 一样 现在 只能 鼠标 系统 不是
1,全新 发票 急需 用钱 赔钱 年月日 发票 包装 齐全 李先生 上海 赤峰
0,相当 气愤 没见 无耻 男人 不过 为了 张爱玲 值得
0,外观 环境 还好 进去 一切 变得 很杂 可能 娱乐场所 方便 进进出出 小姐 妈咪 之类 晚上 八点钟 后面 发廊 液态 夸张 绝对 不能 太太 以为 常住 中午 早上 时间 环境 楼层 开着 打牌 房客 使到 整个 走廊 烟味 进出 楼层 很多 安全
0,当时 销售 看过 之后 不是 喜欢 个人感觉 每个 看书 感受 一样 呵呵
1,通宵 实在 扣人心弦 绝对 值得 质量 纸质 好像 不过 真正 盗版 以后 知道 不错
1,地理位置 优越 交通 方便 饭店 环境 服务 优良 洗衣 迅捷
0,国外 客人 一晚 第二天 离店 客人 晚饭 餐厅 肠胃 不适 偏偏 飞机 送到 机场 休息室 飞到 曼谷 医院 两天 举目无亲 泰国 接下来 出差 行程 取消 曼谷 美国 内疚 担心 你们 上海 水平 他们 入境 最后 一天 不会 水土不服 宾馆 反馈 年月日 反映 情况 非常重视 作为 一家 涉外 四星级 客房 餐饮 操作 规定 相当 严格 西餐厅 食品 原料 保存 食品 加工 非常 专业 开业 至今 从未 发生 过因 食物 引发 客人 不适 投诉 客人 遭遇 表示 抱歉 希望 早日康复
0,电池 管理 那个 效果 最佳 有些 不到
1,环境 设施 相当 不错 尤其 门口 警卫 安全 不愧 吉林省 国宾馆 主楼 对于 对应 价格 来说 偏高 个人 认为 主楼 七栋 差别 实际 来说 南方 星级 标准 服务员 热情 硬件 只能 综合
0,设施 不是 一般 招待所 毛巾 卫生间 竟然 发现 上面 臭虫 只能 餐厅 价格 大葱 炒鸡蛋 要元 其他 推想 地段 不错 服务态度 能够 全程 刷卡
0,重量 屏幕 不是 镜面 屏幕 变宽 大看 模具 上个 屏幕 应该 不大
0,价格 元间 看到 同时 结帐 其他 客人 告诉 四星 看到 锦江 之星 糟糕 电梯间 油漆 剥落 浴室 不锈钢管 锈了 肯定 星级 弄堂 唯一 韩国 进出 频繁 建议 好好 交涉 已经 大堂 投诉 根本 不值 价钱 实地 勘查 客人 推荐
1,入住 礼宾 哪里 花盆 特别 年代 初期 田园 花盆 极为 难看 可怕 入住 门口 不管 客人 照常 做大 范围 清洁
1,小巧 轻便 配置 合理 不同于 一般 上网 本带 电池 能用 快个 小时
0,为什么 预装 两个 区盘 这点 相当 可恶
1,华硕 很多 放在 随身 包包 吃力 电池 时间 出门 看看 片子 或者 夜班 基本 不用 适配器
1,海景 不错 属于 威海 最好 服务 留下 深刻 印象 房间内 设施 不错 只是 七成 蓝天 差些 早餐 不比 三十八 多少 可是 六十八 隔音 很差 隔壁 入住 几个 开始 唱歌 后来 打牌 清楚
0,价格 要是 低点 更好 应该 特价 活动 快递 服务态度 不是
1,续航 能力 外形 不错 十分 轻便 运行 速度 以前 看过 大部分 品牌 上网
0,来讲 登封 印象 基本上 脏乱差 典型 设施 极端 简陋 洗手间 浴帘 洗个 满屋子 衣服 餐厅 竟然 不到 点去 已经 黑灯瞎火 总之 阴暗 老旧 条件 一般 不过 地理位置 不错 对面 超市 还有 小吃 一条街
0,许多 程序 别扭 机器 玩游戏 速度 差点
1,三星 刻录机 日立 运行 安静 发热
1,除了 苹果 喜欢 设计 经典 外观 性价比 不错 方面 配置 均衡 喜欢 自带 摄像头 同事 粗心 人用 小黑 任劳任怨 机器 呵呵
1,开始 大房 单人间 告诉 预订 刚要 打电话 询问 告诉 一间 小小 刚好 一张 于是 商务 行政 套间 套间 不错 设施 凑合 价格 偏贵 一般
1,机器 不过 买回来 格式化 系统 安装 过程 顺利 内存 单根 三星 条子 我装 系统 好后 系统 全认 显卡 认成 运行 多分 更新 官方 驱动 认成 反正 分数 只有 来分 一千多 明白 那个 摄像头 不是 一般 清楚
1,价位 合适 屏幕 散热 不错 开一 早上 尤其 现在 夏天
0,一分钟 一块钱 网费 惊人 三个 只有 中间 转门 开放 其他 不知 原因 门童 推门 行李 只有 两之手 行李 脚踢 门转 早餐 难吃 罢了 午饭 点菜 告知 只有 自助餐 提供 浴巾 放在 浴缸 希望 更换 晚上 看到 更换 浴巾 竟然 毛发 希望 只是 小姐 浴缸 毛巾 过放回 浴巾 架上 而已 不然 真的 恶心 真不知道 标榜 四星 这家 怎么 不如 三星 住此 不如 一家 商务 旅馆
1,不厚 全部 下来 需要 心力 汤用彤 先生 儿子 一介 所述 父子 学界 汤用彤 先生 佛教 研究 造诣 据说 深刻 理解 一些 佛经 要义 亲自 学习 梵文 然后 笔去 老先生 治学 态度 一向 恭谨 起初 先生 教学 讲稿 后来 编订 成书 了解 魏晋 玄学 渠道 不厚 很多 可见 先生 学术 广博
1,一口气 读完 教授 通俗易懂 书中用 相当 数据 说明 值得 深思 反观 新闻媒体 集体 报以 经济 形势 已经 回暖 局面 显得 难能可贵 建议 大家 读一读 中国 应该 不是 最早 危机 出来 相反 可能 人家 走过 危机 危机 里面 建议 那些 一天到晚 增长 政府 官员 应该 看一看 不要 基础 建设 名义 一天到晚 纳税人 乱花 投资
0,第二次 入住 客户 很近 图个 方便 先说 第一次 入住 空调 不冷 桑拿房 一样 归类 运气 略过 不计 可是 网络 速度慢 只能 不可思议 形容 中国电信 宽频 服务 这个 居然 速度 拨号上网 还慢 算是 眼界 再说 第二次 开始 就让 决定 不会 这个 第三次 前台 那个 男员工 吊儿郎当 加上 一副 爱理不理 腔调 三句话 勉强 几个 搞不好 老板 儿子 要不然 想不出 员工 原因 何在 早餐 烹饪 厨师 知道 怎么 教育 躲来躲去 想下 一碗 面站 半天 硬是 不到 后面 服务台 小姐 索性 装作 看到 估计 希望 多一事不如少一事 设备 这次 正常 赶走 客人 这么 轻而易举 办法 发现 管理 适用 员工 管理 只能 根本 不想 做个 四星级 为了 吹毛求疵 道歉 绝大多数 兢兢业业 员工 表示歉意
0,这个 很烂 大堂 嘈杂 设备陈旧 地毯 卫生间 床铺 很脏 孩子 一晚 脸上 长出 许多 红色 豆豆 螨虫 所致 电话 客服部 几乎 得不到 有效 服务 根本 所持 星级 不符 强烈建议 这家 预定 名单 删去
0,其它 配置 还算 不过 内存 运行 肯定 不够 正版 系统 光盘 不能 接受
1,价格 实惠 看着 讨人喜欢 升级 仓上 易碎 标签 知道 是不是 鼓励 升级 或者 忘记 包装盒 完好 封条
1,大堂 环境 以前 有所提高 可能 是因为 鲜花 摆放 原因 设施 干净 清爽 舒适
0,重了 上下班 背着 累人 还有 系统 气死人 分区 好多 办法 分区 系统 搞坏 备份 没用 只有 拿到 服务 还要 二百 大洋 搞好 分区 换个 系统
1,已经 多月 性能 不错 稳定 很快 速度 的话 这个 价位 不过 这台 手提 内存 一点 另外 一条 内存条 处理器 速度 各个 功能 部件 十分 好用 轻便 现在 硬盘 还够用 建议 放在 移动硬盘 电池 续航 能力 超强 达到 小时 普通 运作 标配 只能 用个 小时
0,系统 不好 装成 知道 为什么 色差 自然 还好 应该 系统
0,非常 糟糕 通过 商务中心 包了 一辆车 西湖 该车 正规 景点 茶叶 然后 中途 突然 家中 有事 最后 中断 包车 服务 想象 一下 人生地不熟 扔下 感受 过后 商务中心 致歉 司机 惦记着 回家 打麻将 客房 消费 说明 单有 手工 涂改 极易 误导 之后 承认 一点 今后 改正 误导 消费 仍然 强迫 顾客 承担 标准 小农意识 管理型 建议 正规 国际型 连锁 通常 误会 清楚 顾客 利益 宾馆 反馈 年月日 提出 非常重视 商务中心 单位 此事 造成 不利 影响 杜绝 此类 事情 再次发生 商务中心 承包人 进行 批评 处罚 商务中心 司机 进行 开除 处理 另外 消费 单已 更换 感谢您 意见
1,其实 算不上 一本 成功 绘本 真正 绘本 应该 图画 为主 就算 去掉 文字 图画 讲故事 可是 一本 不是 图画 不够 而是 文字 实在 动人 已经 超过 画面 就算 图画 只念 文字 已经 心满意足 这个 故事 已经 完美无缺 即使 严格 绘本 要求 不算 成功 关系 这个 故事 已经 这个 故事 直击 心脏 故事
0,网卡 垃圾 除了 意外 甭想 驱动 根本就是 存在 驱动 官方 提供
1,喜欢 一句 人生 如初 这书 名字 人生 如初 所有 往事 化为 红尘 一笑 留下 初见 惊艳 倾情 忘却 也许 有过 背叛 伤怀 无奈 悲痛 这是 何等 美妙 人生 境界 时光 匆匆 已经 不到 过去 也许 曾经 一见倾心 再见 也许 伤心 之时 如此 不如 初见 那份 介绍 不仅仅 诗歌 感受 古代 美丽 爱情
1,学习 很多 外企 规则 生存之道 不少 开阔 眼界 培训 一次 似的 喜欢 拉拉 性格 幽默 善良 聪明 思路清晰 佩服 一点 值得 学习 一直 寻找 方向 通过 开启 一些 思路 比如 获得 财务 自由 比如 早日 实现 退休 奋斗 需要 继续 加油 推荐 朋友 相信 他们 喜欢 相信 对于 初入 职场 学子 同样 受用
1,不错 柳州 属于 最好 周围环境
0,具体 看书 质量 太差 盗版 算不上 缺页 甚至 整页 露印 第一次 失望
0,基本上 硬件 很差 服务 尚可 入住 第一晚 空调 出风口 没装 金属 碰撞 声音 不大 足以 晚上 床上 思想斗争 是否 起来 人修 一下 总之 没睡 卫生间 很窄 灯光 昏暗 非得 开浴 才能 亮堂 毛巾 一条 不掉 估计 计划经济 开使 这么 多年 容易 还好 床上用品 干净 家具 陈旧 服务 不错 入住 离店 很快 门童 几乎 挑衅 眼光 目送 一堆 行礼 入店 前台 办理 入住 问候 帮忙 还有 之前 那位 老兄 提到 电梯 真的 方便 三部 电梯 分散 联动 中间 有个 拐角 挡住 运气 不好 来回 决不 这儿 后面 条街 一家 肥肠 门脸 好吃 上桌 塑料绳
0,键盘 手感 开始 散热 一般 机器 硬盘 温度 一度 达到
0,多年 近百家 这家 服务 餐饮 简直 无话可说 大堂 经理 反映 大堂 经理 答复 投诉 入住 当天 强悍
0,半天 气愤 晚上 入住 适逢 变天 天气 变冷 半天 空调 竟然 冷风 晚上 空调 床上 只有 床单 到处 被子 无问 半小时 三次 电话 要求 一床 被子 服务员 再也 没回 打到 总台 半天 回复 被子 顾客 当人 一晚 睡成 凌晨 点多 知道 哪里 低沉 轰鸣声 吵醒 半天 查出 哪里 来得 声音 服务员 半小时 三四次 六点 服务员 解决不了 这么 一夜 没睡 买气 受来 总台 要求 当班 经理 解释 几个 来说 几遍 不断 落实 事情 真相 最后 自称 客服 经理 其事 表示 道歉 小时 冷板凳 一口 热水 喝口 他们 诚意 总结 硬件 老旧 服务
0,不到 五星 水准 价格 环境 服务 一般
1,买书 绝对 没想到 儿子 如此 青睐 半年 读晚 带到 几乎 翻烂 不得不 一本 多数 自由 阅读 偶尔 一起 练习 对话 也许 适合 喜好 基本上 兴致 自学 完成 并且 日常生活 中试 运用 其中 句型 表达 对于 而言 绝对 物超所值 开始 阅读 大约 左右 已经 一些 英文单词 阅读 基础 接受
1,国际 大酒店 不到 试试 态度 这家 不错 环境 不错 尤其 被子 真的 舒服 国际 好得多 唯一 缺点 地点
0,对于 几岁 女生 个人 似乎 不太 适合 有些 过于 简单 有些 俗气 不到 十分钟
0,本来 喜欢 寄过来 之后 发现 封面 折痕 特别 严重 里面 失望 下次
1,总之 了解 中医 甚少 绝对 好书 一本 对学 中医 来说 可能 泛泛 自有 黄金屋
0,沙田 河边 风景 不错 似乎 大陆 入住 原因 服务员 态度 十分 恶劣 晚上 他们 要求 上网 有个 服务员 外面 上网卡 后来 投诉 不理
1,不错 下个月 办事 打算 那儿
0,奉劝 大家 不要 入住 这家 国营企业 客房 服务员 恐怖 中午 退房 时间 磁卡 取消 私人 物品 里面 他们 大吵一架 解决 打电话 求助 浪费 不少 时间 补充 点评 年月日 早餐 不怎么
0,预定 方便 宾馆 顾客 关怀 不足 冷得 睡不着 服务 人员 暖和 宾馆 反馈 年月日 首先 感谢您 入住 汇宾楼 提出 由于 五台山 海拔 气候 潮湿 温差 较大 由于 冬天 停业 开业 温度 夜间 可能 带来 不便 深感 歉意
0,系统 不会 只有 两个 然后 自带 驱动 支持 网上 下载
0,公平 定律 兄弟 恩怨 一章 一个巴掌拍不响 孙寅 贵在 辩解 洗冤 反而 观者 反感 老板 有钱 炒作 此书 为什么 迫不及待 地要 天津 百龙 公司
1,以往 小说 一样 悬疑 重重 女主角 命运 父母 依傍 原来 良人 遇上 经济 打击 退化 魔鬼 伸出 援手 友人 有所 朋友 丈夫 暧昧 等到 觉察出 危机 灭顶之灾 看得人 冷汗 出来 女主角 某种程度 缺乏 决断 性情 软弱 透彻 托付 未来 以过 安定 日子 可惜 往往 事情 大不相同 可怜
1,规模 楼层 设置 服务 人员 不到 服务员 尤其 一层 时务 必要 二层 以上
1,优点 便宜 机器 不带 操作系统 麻烦 还好 懂点 电脑知识 要是 这个 非要 气死 为止 首先 好像 这个 机器 使用 南桥 芯片 还有 接口 一般 盗版 放进去 压根 不能 直接 安装 每次 选择 安装 报错 只能 下载 支持 南桥 版本 可是 本人 喜欢 进入 居然 不到 超级 郁闷 后来 发现 这个 另外 集成版 才能 显示 马上 下载
0,布置 简约型 那种 被子 廉价 空调 极冷 温度 调节 不灵 只能 睡前 关掉 因此 感冒 早餐 质量 非常 一般 以后 不会
1,饭店 设施 服务
1,刚才 选择 心情 指数 应该 受益匪浅
0,鼠标 没配 还有 本本 散热 右边 右手 鼠标 不行
1,第一次 底层 窗户 酒吧 跟前 要求 一间 前台 态度 不错 三层 一般 窗户 前面 应该 走廊 建筑 挡住 另一半 朝着 酒吧 屋顶 偏小 软件 应该 达到 三星级 水准 硬件 稍差 空调 温控 不好 暴热 呵呵 地毯 出门 左转 地铁站 东四十条 打个 方便 地段 不错 来说 北京 这个 性价比 还过得去 餐厅 口味 不错 价格 合理
0,这家 失望 简直 不能 服务态度 一般 除了 天台 泳池 以外 不如 海景 离天 后车站 价钱 便宜 下次 香港 肯定 不住 这家
1,瑞雪 老师 书读 肯定 不止 一遍 王树 作为 瑞雪 教育 机构 讲师 多次 应该 多年 儿童 心理学 研究 成果 语言 通俗易懂 容易 理解 同时 具有 可操作性 书中 其它 家长 教子 例子 尤其 启发 一面镜子 通过 其它 家长 教子 行为 看到 不足 还有 许多 方面 需要 改进
1,不错 机器 做工 惊喜 外观 漂亮 包括 灯光 系统 设计 人性化 机器配置 均衡 来说 配置 不错 运行 想像 流畅 以前 一直 从来 没用过 原本 打算 不行 使用 发觉 起来 顺手 该机 双通道 内存 完全 保证 流畅 运行 打算 折腾 显卡 完全 够用 接口 非常 齐全 来说 满意
1,对于 浙江 介绍 全面 风格 类似 系列 显然 功力 不足 也许 是因为 面面俱到 反而 对于 重点 景物 介绍 显得 单薄 实际 应用 不少 欠缺 不过 同类产品 应该 已经 相当 不错 一本 希望 对于 景点 典故 介绍 加强 一些 类似 那个 系列 的话 也许 更好 个人 希望 能够 不要 导游 深度 游览 相关 景点 了解 一些 历史 文化
1,外观 很漂亮 小巧 携带方便 收到 建议 大家 外置 光驱 简单 很多
0,机器 散热 不是 特别 理想 底部 发热 厉害 预装 系统重装 系统 费劲 不过 网上 教程 很多 摸索 一下 电池 不怎么 耐用 两个 小时 左右 电源 随身携带 一不小心
1,服务 非常 很快 硬件 设施 太老 卫生间 味道 目前 装修 早点 动工 机器声 打扰 美梦 结帐 前台 主动 咨询 意见 抱歉 非常 人性化 服务 还有 电梯 主动 客人 不错 服务 早餐 中式 习惯 西餐 恐怕 宾馆 反馈 年月日 尊敬 客人 您好 感谢您 惠顾 唐山 锦江 贵宾楼 饭店 下榻 深感 荣幸 留言 已经 收到 首先 谢谢您 前台 服务 给予 良好 另外 关于 提出 硬件 设施 太老 意见 可能 已经 留意到 我店 正在 进行 装修 改造 力求 广大 宾客 创造 舒适 优美 居停 环境 为此 打扰 休息 感到 十分 抱歉 施工单位 接洽 尽量 避开 客人 休息时间 恳请 给予 理解 支持 同时 收到 提出 西式早餐 品种 意见 餐饮部 特别 给予 关注 针对 客人 口味 适当 调换 品种 相信 下次 临时 有所改善 关于 提出 卫生间 味道 意见 由于 离店 无法 当面 进行 交流 进一步 加强 客房 服务员 操作程序 环境 更加 整洁 干净 再次 谢谢您 中肯 真诚地 感谢您 唐山 锦江 贵宾楼 饭店 支持 恭候 再次 下榻 祝您 身体健康 工作 顺利 万事如意
0,太烂 服务 一般 地点 卫生间 居然
0,噪音 稍大 再就是 系统 确实 蓝屏 几率比 较大 算了 别的 缺点 暂时 发觉 水平 有限
0,联想 系统 里装 乱七八糟 玩意 杀毒 试用版 别装 累人 另外 电源适配器 担心
1,附加 设备 散热 顺利 驱动 官网 快捷 使用 个人感觉 够用
1,拿到 随手 一般般 晚上 回到 吃完饭 女儿 学习 拿出 看看 看着 女儿 症状 是不是 这些 疗法 有没有 试试 女儿 一直 一个月 不见 好用 六瓣 大蒜 放到 小碗 放到 锅里 女儿 连续 两天 真的 不咳 看来 我要 好好 研究 一下 里面 方法 真的 有用 正在 考虑 朋友 不要 犹豫 值得
0,一般 位置 超烂 设施 大洋 心疼
1,以前 经常 参与 好多 有奖 竞赛 经常 遇到 有关 数独 一段 看到 一部 香港 新片 其中 主教 公交车 那里 答数 独题 一种 境界 工作 闲来无事 突发 灵感 当定 四本 数独 家里 床头 一本 车里 一本 办公室 一本 手里 余下 这本 已经 有主 儿子 开发智力 锻炼 逻辑推理 能力 随手 一本 路上 家里 工作 之余 任何 闲暇 时段 尽情 娱乐吧
1,此书 堪称 经典 无论 是否 研究 历史 无论 是否 爱好 历史 甚至 无论 是否 了解 哪怕 一丁点 历史 应该 看看 通篇 历史 研究法 并且 高屋建瓴 独具 慧心 讲解 历史 研究法 重要 宝贵 一代宗师 处事 做人 哲学 一代 大儒 对于 国学 史学 乃至 中华文化 深沉 感悟 治学 之道 首要 治心 体现 淋漓尽致 一种 什么样 人生态度 生活 看看 钱穆 启发
0,服务 很差 供暖 不足 两次 才行 态度恶劣 床上 别人 毛发 服务员 高兴
1,硬件 不错 服务态度 不错 下次 附近 的话 还会 选择 这里
1,孩子 前后 好几本 育儿 书看 下来 这本 实用 体贴 最能 消除 妈妈 紧张 妈妈 需要 担惊受怕 事情 已经 很多 总是 没关系 只要 孩子 常常 活力 不要紧 身高体重 大便 颜色 喜欢 其中 有些 日本化 语气 相比 其他 真的 日本 事情 真的 体贴 做出 经典
1,无论是 完美 五白彦 傻丫头 宁默 无不 过往 感情 停留 孤独 安全 感情世界 两人 寻找 一种 安全 感情 方式 彼此 吸引 害怕 再次 受伤 再次 失去 两人 一直 保持 适当 距离 暧昧 态度 非常 符合 现代 男女 心态 个人 认为 保持 暧昧 态度 有理 暧昧 一种 安全 感情 方式 事实证明 距离 暧昧 不会 阻碍 两人 感情 发展 真诚 最后 收获
0,经不住 这么 好评 诱惑 本来 打算 再来 决定 体验 一次 决定 取舍 果然 这次 基本 失望 上次 精致 客房 这次 行政 套房 一分钱 一分货 卫生 一些 床单 多处 黑迹 细节 注意 一下 餐券 怎么 时间 打电话 卫生间 排气扇 噪音 太大 飞机 一样 装修 玻璃 眼花缭乱 卫生间 应该 透明 年月日 点评 曾经 提到 君临天下 后来 一次 失望 浪费 这么 大楼 这个 好名 装修 业余 档次 服务 太差 居然 取暖 措施 告知 客人 害得 空开 一宿 空调 直接 感冒 前台 结账 发现 服务员 感冒 症状 明显 带病 坚持 工作 想想 对面 客户 感受 正赶上 发票 那儿 服务员 五分 多钟 换上 发票 自始至终 一句 表示歉意 的话 补充 点评 年月日 不好意思 点评 君临天下 宏裕分
1,昨天 到手 平时 上上网 便宜 实惠 不用 讨价还价 颜色 多点 出粉 自带 正版
1,非常 喜欢 文笔 从中 找到 人间 相处 之道 不管 交往 情侣 婚姻生活 夫妻 大家 相互 迁就 努力学习 应该 一生 用心 经营 课题 不分性别 年龄 人生 历练 程度 人生 每段 时光 了解 深知 哲理 希望 大家 相互 分享 感悟 谢谢
1,价钱 配置 没什么 机器 也好 配置 合理 此外 摄像头 清晰
0,收到 发现 键盘 有些 触摸屏 太难 主要 开机 打开 关上 光驱 导致系统 蓝屏 知道 是不是 这个 原因 其他 目前为止 正常
0,上当 实质性 一些 生活习惯 理念 这儿 卖弄 书名 有绰头 嫌疑 本人 喜欢 内因 决定 外貌
0,个别 按键 加工 有些 粗糙 表面 不够 光滑 三维 软件 画图 出现 一次 蓝屏 重启 出现 可能 误操作 屏幕 看起来 手里 送货员 要求 付款 验货 有些 不爽
1,配置 相当 不错 满足 一般 家用 散热 不会 明显 感到 不适 有些 驱动 需到 官网 下载安装 系统 顺利 己用 二天 目前 正常
1,吴瑞君 简单 小时候 喜欢 随便 乱涂乱画 画个 小鸡 画个 乌龟 画个 蜻蜓 开心 简单 一幅 刻画出 每个 人物 每个 情景 不同 表情 以后 自觉 嘴角 露出 一丝 微笑 淡淡的 之后 陷入 沉思 漫画 那个 已经 那样 不止 我变 你们 他们
1,配货 速度 越来越快 值得 不错 完美 功能强大 实惠 老百姓 极佳 之选 这个 价位 机型 实在 难得 加油 支持
0,早餐 不大好 周围 偏僻 服务态度 一般
0,不错 小巧 不错 小巧 不错 小巧
1,半个 发现 多少 有些 一天 微热 其他 本本
1,地点 方便 舒服 服务 价格 便宜
0,内存 以后 要是 的话 需要 加装 一根 内存
1,超值 大家 不要 任何 误解 安装 其实 容易 操作系统 事情 不含 软件 费用 不要 为此 给予 不好 客观 废话 说些 实用 安装 几点 注意
0,摄像头 不够 鲜艳 知道 不会 颜色 不了 能调 告诉 我下
0,应该 称为 五星 恶心 服务 不好 不好 早点 不好 听说 老板 讲究 好好 改改 麻烦 推荐
0,这决 黑心 完全 河南人 丑陋 特性 展现 出来 床单 掉色 内衣 染红 一点 事实证明 洗掉 她们 其实 床单 只值 开始 不想 开发票 我要 税务 他们 作罢 朋友 千万别
1,华丽 语句 任何 修饰 词语 读来 家常饭 一样 温馨 随意 书中 小豆豆 随时 出现 身边 不时 讲话 无论 哪个 孩子 出世 具有 优良 品质 如何 发扬 孩子 身上 这些 优良 品质 孩子 多写 几套 练习题 更为重要 小豆豆 无疑 幸运 学园 肥沃 土地 几个 学园 小林 校长 教育 本身 深奥 事情 绝对 不是 考试卷 分数
1,花园式 城中 花园 不错
0,真的 失望 本来 期待 套书 早上 收到 发现 以前 一套 噼里啪啦 从书 大体 相同 只是 几小本 而已 特别 失望 套书 白买
0,印刷 质量 只是 个人 物有所 不值 有种 包装 豪华 不是 而是 包装
0,套书 最大 原因 很多 套书 买回来 发现 失望 首先 印刷 质量 好多 非常 精美 个人 幼儿 书籍 应该 属于 粗糙 其次 看书 大部分 过时 现在 社会 差别 最后 故事情节 毕竟 老外 很多 情节 国情 相去甚远 小孩 知道 不会 以后 带来 影响
0,根本 没收 到订 两本书 收到 只有 一本 幸好 到货 付款 当当 难得 出错
1,收到 货比 想象 速度 对于 从外 观看 不错 惊讶 实在 小巧 更换 系统 试开 不到 两分钟 有些 知道 属于 正常 希望 起来 以后 不要 毛病
1,相对 这个 价位 来说 非常 干净 洗手间 设施 诚意 水龙头 很大 洗得 舒服 早餐 品种 不多 居然 自助餐 厨房 餐厅 服务员 做好 食物 拿出 来看 温馨 真的 一点 隔音 效果 不好
0,最差 简陋 大堂 肮脏 可怕 卫生间 绝对 一场 恶梦
1,位于 沙田 空气清新 液晶 电视机 放在 很大 窗台上 宾馆 门口 沙田 城门 河河 对面 沙田 最大 商业区 还有 香港 文化 博物馆 每周三 香港艺术馆 香港 科学馆 香港 文化 博物馆 免费 开放 兴趣 旅友 参观 一下
1,豪华 很漂亮 套间 一样 大有 专门 行李 阳台 很大 洗手间 既有 浴缸 淋浴 还有 梳妆 服务 一流 见过世面 姑娘 专业 得体 餐厅 好吃 丁山 价格 五星级 总之 超级 专为 这儿 值得 南京 一次
0,系统 附带 驱动 系统 必须 华硕 官网 下载 驱动 麻烦
1,一次 真是 才疏学浅 一次 看到 天外 高人 风采 这个 纸醉金迷 时代 怎么样 才能 保证 一颗 本性 不变 外部 纷纷扰扰 迷惑 需要 思考 认真 阅读 中国 高兴 仅仅 中国 为什么 高兴 已经 祖国 沾沾自喜 毕竟 欠缺 很多
0,钢琴 表面 容易 留下 指纹 划痕 有人 盘太大 分区 方法 几乎 所有 出厂 通用 方法
0,实在 失望 之前 其他人 点评 大跌眼镜 这家 以后 无论如何 不会
1,原来 系统 收到 却是 正版 原来 硬盘 收到
1,返现 特价 时买 这个 配置 性价比 电池 七个 小时 左右 找到 所谓 节电 小时 设置 键盘 漂亮 系列 较大 改进
1,刚才 提到 如家 快捷酒店 应该 如家 深圳 火车站 渔民 村小 区内
1,外观 不错 速度 键盘 舒服 发热 电池 时间 送货 性价比
1,前台 服务 热情 周围 交通 方便 只是 卫生间 相临 地毯 潮湿 发霉 价格便宜 性价比 还过得去
0,早餐 差劲 不过 一般 四星 差不多
1,优点 第一款 本本 好不好 概念 明确 目前 实况
0,冲着 排行榜 书籍 晓得 为什么 非常 而言 鸡肋 为什么 这么 其一 如果说 立志 书籍 谈不上 其二 如果说 在职 场中 大家 碰到 事情 擦边球 其三 书中 一点点 所谓 爱情 更加 淡到 不能 淡书 实在 不合 胃口 一边 觉对 不会 翻阅 第二次
0,这个 居然 三星 简直 无法 相信 差太差 可惜 没分 有分 一定 打分
1,收到 完好 快递 不快 一周 时间 喜欢 哪里 哪里 可爱 原因 我嘘 这个 故事 主线 财产 分配 子女 父母 财产 分配 聚到 一起 最后 各取所需 各奔东西 没想到 这才 故事 主要 故事 结束 孑然一身 继续 往前走 继续 发生 故事 想起 大学校园 阶梯教室 看书 日子 静静的 大饼 充饥 凉开水
0,删除 系统 麻烦 屏幕 太小 分辨率 只有 舒服
0,这所 永不 采用 我于 一周 透过 预订 入住 一天 竟然 入住 当天 中午 机场 打车 途中 收到 短讯 预订 入住 杭州 最佳 西方 梅苑 宾馆 政府 征用 早上 之前 必须 退房 知晓 查询 回说 他们 当天 才刚 收到 如是 通知 前台 无法解释 为何 如此 安排 作为 住客 逗留 中午 基本 权利 如何 能够 临时 短讯 要求 客人 提早 离开 真是 荒谬 严重 亏损 国际 集团 之名 晓得 日后 政府 名目 亏待 住客 一番 理论 前台 致电 改说 特别 安排 不用 提早 离开 令人 生气 一方面 房客 动气 争取 基本 住宿 权利 另一方面 原来 政府 征用 其实 弹性 一定 执行 十分 不是 怎能 接受 合作伙伴 如此 安排 活动 不能 出租 早作 处理 可能 接受 预定 出租 同时 牺牲 客人 基本 权利 这么晚 发此 短讯 未有 主动 客人 提供 应变 安排 推说 事情 无关 令人 难以 接受 宾馆 反馈 年月日 回复 尊敬 宾客 此次 应该 出现 错误 深感 遗憾 带来 愉快 经历 真诚地 表示 道歉 衷心 期待 得到 谅解 再次 支持
0,发热量 惊人 风扇 部分 软件 不能 更新 有些 试用 不能 分个 最让人 郁闷 完货 今天 变成 喜欢 总好 没得
1,半生 智慧结晶 中国 古文化 现代科学 重大贡献 怀着 十万分 崇敬 心情 拜读 此书 深深 感激 无私 胸怀 毫无保留 后人 贡献 才智 那些 成就 就要 靠着 知识产权 赚取 钱财 伪学者 高明 万倍 这位 学者 致以 崇高 敬意 代表 子孙后代 表示 敬意 感谢 中华民族 文化 传承 工作 功泽 后世 永受 尊重
0,儿子 喜欢 刚看 星星 大海 弟弟 看遍 换换
1,产品 细分 策略 值得 学习 王文京 个人 客户 那种 热情 值得 学习 不过 用友 执行力 似乎 一般 战略 层面 决策 执行 下来 不怎么样 了解 用友 一些 项目 不好 甚至 包括 用友 公司 不怎么样 中国 市场 用友 行业 地位 业绩 应该 百亿 现在
0,是否 鼠标 是否 内置 麦克风 事先 说明 客服 咨询 部分 客服 回答 有些 不负责任 害得 鼠标 耳麦
0,系统 安装 顺利 网卡 驱动 怎么 一直 装不上 郁闷 没用
0,必须 承认 宣传语 实在 深深地 打动 于是 一次 可惜 拿到 一看 除了 印刷 精美 几幅 漫画 插图 真的 生硬 搞笑 而已 根本 不会 忍不住 大笑 吸引 一口气 读完 对于 单词 记忆 自然 谈不上 多么 生动 深刻 有效 这样的话 一点 上当受骗 因此 套书 印象 真的 大大 大于 希望 其他人 慎重
0,快递 送到 楼上 下去 拿货 别扭 希望 快递 送货 完善 一些
1,比较满意 位置 不错 门前 已经 修好 装修 设施 细节 服务 接到 骚扰电话
1,收货 包装 完好 配件 齐全 性价比 显示屏 不错 发现 坏点 造型 看着 轻便 简洁
0,工作人员 号称 按星 标准 非常 放心 预订 大跌眼镜 很小 卫生间 设施 一塌糊涂 热水 龙头 下水 工作人员 半天 设施 完全 不是 想象 充其量 查房 一阵 服务态度 只是 一般 街边 第二天 皇冠 假日 天壤之别 推荐 此家
0,边框 太粗 相经 放在 一起 边框 过份 系统 鸡肋 装花 大量 时间 建议 光驱 同志 做好 准备
1,动画片 大量 文笔优美 文字 套书 亮点 女儿 套书 现在 开始 一直 套书 保有 浓厚 兴趣 尤其 那本 鼹鼠 老鹰 知道 多少 女儿 爱上 阅读 鼹鼠 故事 提姆 莎兰 一样 梅拉 法布尔 昆虫记 等等 功不可没 非常 推荐 父母 几套 确实 吸引 孩子 好书
1,本身 环境 不错 楼台 庭阁 安静 园林 里面 还有 游泳池 免费 开放 惊喜 可惜 没带 泳衣 一般 没什么 特殊 服务 不错 服务生 帮忙 行李 小费 公司 安排 出差 回到 广州 发现 忘记 发票 打电话 同意 寄过来 感激 他们 电梯 很矮 好像 只有 外面 环境 不是 周边 比较落后 距离 中心 还有 分钟 车程
0,隔音 真差 隔壁 有人 鱼水之欢 一夜 睡好 房价 不算 华阳 便宜 块钱
0,第一天 送来 第二天 心里 平衡 驱动 支持 自动 装上 可苦 摸索 满意
1,机场 算是 规模 看上去 不错 服务 不错 餐厅 不错 最赞 大床 很棒
1,喜欢 自从 买回来 女儿 一起 女儿 怎么 数学家 作家 任何 科研 即使 不是 作家 需要 一定 写作 功底 然后 才能 观点 告诉 别人 为什么 经常 阅读 练笔 李毓佩 院士 可贵 很多 头痛 数学 童话 方式 轻松 自然 表现 出来 这么 感染力 作品 孩子 喜欢 数学 不再 数学 烦恼 奇妙 世界
1,优点 不错 外观设计 做工 精美 质量 可靠 送货 速度 很快 质量 放心 多大 包装 不错 发货 速度 基本 当天 发货 刚用 不错 想象 中要
0,建议 餐厅 预备 当地 酒水 以备 外地 客人 品尝
0,鼠标 舒服 显示器 分辨率 刷新率 太低 系统 麻码 下午 时间 建议 厂家 盘中 一份 详细 安装 说明书
0,价格 太贵 宏基 整个 机器 硬盘 盘带 家庭版 系统 改装 其他 系统 麻烦 保留 数据 无损 分区 还有 操作系统 启动 系统 音箱 音质 明显降低
1,夜间 点多到 青岛 安排 免费 接机 服务 这时 开始 机车 司机 消毒 毛巾 矿泉水 带来 一股 清凉 车快 司机 通知 客人 马上 进入 直接 入住 门前 早已 服务员 等候 打开 车门 送入 紧接着 送来 两杯 果汁 告知 天色已晚 影响 休息 明天 办理 入住 手续 贵宾楼 新装修 北房 安排 一楼 房间内 设施 不错 床上用品 标准 一夜 睡得 舒服 第二天 白天 听到 装修 声音 提了 意见 立即 更换 升级 海景房 真是 没得说 露天 海水 泳池 正常 开始 有晨泳 习惯 游泳池 服务生 只要 招呼 一下 就行 高兴 破例 睡懒觉 次晨泳 一次 晚餐 用餐 咳嗽 几声 餐厅 服务生 立即 送来 一份 银耳 一会 送来 止咳 含片 这么 无微不至 关心 真是 难得 见到 每一处 见到 一位 员工 真诚地 微笑 感到 这里 大家庭 家里 每个 友好 微笑 很多 细微 体现 管理水平 接触 员工 身上 看到 他们 热爱 以能 这个 工作 为荣 真是 难得 这家 一流 服务 一流 微笑 一流 管理 留下 深刻 印象 以后 青岛 莫属
1,非常 漂亮 运行 速度 很快 值得 推荐 键盘 耐脏
1,不错 一点 较硬 点儿 其它 不错
0,预定 时间 前台 进行 登记 服务 人员 告诉 进行 预定 后来 通过 多次 电话 另外 预定 价格 门市 价格 只有 价差
1,接受 里面 设施 齐全 唯一 镜子 老婆 洗澡 各个 角度 看到 唯一 不好 交通 方便 每天 门口 小巴 九龙城 才能 地铁 价钱 小巴 点多 行李 免费 寄存 不过 锁好
0,机器 本身 驱动 驱动 好长时间 官方网站 驱动 触摸板 无法
0,表面 漂亮 代价 指纹 收录机 已经 朋友 机器 表面 内屏 保护膜
1,喜欢 喜欢 那种 买回来 一天 一遍 第二天 复习 一遍 现在 仍然 爱不释手 当初 版本 王贵 安娜 我称 那个 版本 剧本 丰富 笔锋 里面 真正 接触 体会 六六 笔下 细腻 文字 那种 晶莹 清澈 缓缓 流入 内心 久违 夏天 里面 冰凉 泉水 一样 心旷神怡 谢谢 当当 谢谢 六六 谢谢你们 提供 精神食粮
1,现在 粗略地 一遍 心里 非常 沉重 这是 事实 不能 接受 事实 作为 母亲 震惊 无法 责备 那些 孩子 毕竟 责任 多方面 庆幸 找到 知道 这个 事实 老公 一起 断断续续 有时 实在 不忍心 下去 知道 教育 方向 这个 暑假 送给 初二 女儿 认真 地读 共同 探讨 成长 过程 健康 快乐 成才
1,第一次 阅读 那一刻 开始 越来越 发现 里面 细节 竟然 之间 有太多 太多 雷同 之处 算是 巧合 不管 还有 这个 电影 千遍 依然 泪流 不止一次 一次 更加 伤心 痛心 可是 知道 为什么 哭泣 不是 里面 情节 不是 电影 感人 甚至 甚至 枯燥 可是 自觉 流下 眼泪
1,优点 条件 简洁 气氛 温馨 住宿 环境 安静 价格 合理 服务态度 不足 窗户 几乎 后面 房顶 加上 防盗窗 安全感 不高
1,收到 立刻 开机 换装 使用 将近 十个 小时 进行 收货 确认 散热 不错 键盘 使用 起来 顺手 外接 显示屏 接口 插槽 来说 有用 蓝牙 驱动 以后 蓝牙 装置 实用 开机 进行 出厂 驱动 备份 光驱 起来 一般 本本 光驱 一些 噪音 振动 正常 坏点 亮点 下载 网上 驱动 起来 顺手
0,接口 设置 不太 合理 不过 外接 插口 鼠标 灵敏 容易 操作
1,速度 人性 设计 买来 系统 备份 系统 随时 安装 正版
1,配置 日常 办公 家用 应该 外观 时尚 蓝色 背景灯 洋气 按键 手感 不错 可是 右边 快捷键 第一个 第二个 知道 功能 摄像头 效果 不错 可惜 不能 旋转
0,可惜 机器 支持 最后 限定 不设 密码 连接 机器 磨具 大上 估计 感觉不好 网速 太慢 使用 驱动 兼容 不好
1,很多 提过 左边 手托 位置 的确 声音 不怎么样 外音 效果 没法
0,上当 每篇 文章 看起来 过瘾 刚刚 不过 后来 知道 张爱玲 作家 文章 这个 风格 就算
0,开始 进去 后来 知道 一半 时要 卡尾往 一下 才能 到底 插口 好像 只能 一半 锁杆 弹出来 不用 至今 研究
0,首先 快递 满意 本来 货到 应该 送来 快递 请假 休息 第二天 等不及 自提 开箱 打开 看到 键盘 出来 肯定 引起 不过 机器 毛病 为什么 华硕 应该 贪污
1,环境 非常 服务 非常 交通 方便 价格
1,非常 不错 预定 套间 服务 非常 随叫随到 结帐 非常 顺便 一句 这个 三楼 高级 里面 服务 小姐 非常 漂亮 机会 看看
1,终于 认真 哈哈 男人 来自 火星 女人 来自 金星 全面 文字 有趣 既有 实用性 可读性
0,一半 看不下去 半本 犹豫 几次 放下 继续 激情 故事 平淡 连个 波折 起伏 场里 那点 事儿 学得 模糊 具体 描述 拉拉 行政 而已 个人 技术含量 工作 描写 这么 技术含量 真是 为难 本来 冲着 畅销 排行 第一 买来 看看 不至于 大部分 品味 证明 这个 残酷 事实 一本 如同 嚼蜡 畅销书
0,经过 配合 验货 箱子 不开 闪人 打开 说明书 包装 电池 封口 褶皱 轻微 摩擦 系统 面板 小时 电源 变压器 热得 烧烤 还有 滋滋 响声
0,不错 朋友 朋友 比较满意 接口 全是 左边 图片 有误
0,确实 风扇 转速 待机 风扇 声音 不算 比大 一点 全速 热量 有些
1,外观设计 十分 流畅 采用 超薄 设计 视觉 效果 触控板 手机 味道 颜色 搭配 很酷 适合 美眉 使用
1,提点 检测 算是 完美 方面 性能 不错 没什么 不好 改装 样子 好看 网上 搞定 分区
1,性价比 机子 做工 好奇 美的 完美 屏幕 可惜 键盘 起来 舒服 摄像头 清楚 话筒 音量 不错 喇叭 音质 机子 不是 华硕 售后 不错 总而言之 这个 价钱 这个 牌子 配置
0,看到 网上 好评 如潮 失望 没什么 意思 儿子 喜欢
1,中银 大厦 前台 服务态度 非常 及时 解决 预定 满意 保定 市区 最好 饭店 中银 四星 标准 保定 中银 大厦 其他 选择
0,这个 电池 着实 奇怪 一点 鼓出来 影响 美观 还有 连接 平衡 不错 角度
0,驱动 超级 麻烦 已经 轻松 无线 网卡 驱动 上面 网卡 型号 型号
0,收到 推荐 迷惑 没什么 忽悠 不如 网上 搜点 相关 文章
0,这家 三星级 屋里 进去 知道 味道 浴室 毛巾 脏得 要命 洗澡 热水 第二天 隔壁 宾馆 价格 便宜 干净 希望 不要 推荐 这家 宾馆 失望
1,性价比 模具 适合 女性 选用 红色 搭配 不错 硬件 搭配 平衡 安装 不是 十分 复杂 文件系统 有所 了解 很快 宝贝 安装 熟悉 系统
0,一般 性价比 很差 上海 快捷酒店 相比 价格 服务 外面 空气 不错 内部 装修 亟待 改善 窗户 高度 太低 小心 摔下去 令人 匪夷所思 大床 却是 不好
0,偏僻 禮賓部 根本 沒人 服務 幾天 時候 空調 借口 經開 一點 風聲 這樣 誇張 下次 一定 不會 入住 該店
0,这家 三星级 屋里 进去 知道 味道 浴室 毛巾 脏得 要命 洗澡 热水 第二天 隔壁 宾馆 价格 便宜 干净 希望 不要 推荐 这家 宾馆 失望
1,星期六 第一次 入住 不错 往来于 港澳 香港 不少 悦来 性价比 最高 香港 来说 干净 交通 便利 分钟 旺角 逛街 购物 方便 很多 其实 香港 购物 一定 得到 旺角 铜锣湾 一般 商铺 荃湾 齐全 价钱 旺角 便宜 除非 真正 名牌 中环 出差 旅游 只求 一张 干净 实惠 悦来 不错 选择
0,大家 不要 入住 这个 号称 四星 标准 可是 房间内 物品 非常 抵挡 尤其 毛巾 不如 锦江 之星 商务酒店 进去 之后 真是 大呼 上当 除了 海景 标间 风景 尚可 其他 真的 没法 满意 月底 入住 非常 打电话 答复 现在 暖风 多盖床 被子 可笑 不可
0,巨大 指纹 一张 联想 视频 软件 挺烂 那个 噪音 吓死人 声音 勉强 接受
0,失望 乱糟糟 一点 意思 整个 精神病 医院 哪里 心理诊所 看后 大脑 空白 心情 一点 轻松 看书 消遣 朋友 绝对 不是 最佳 选择
0,多少 时间 一下子 翻完 翻完 没什么 没什么 意义 奉劝 各位 不买
1,配置 散热 使用 小时 机体 明显 发热 光管 接口 设计 合理
0,风格 特别 服务 糟糕 月初 当时 空调 吹冷风 服务员 反映 三次 任何 效果 他们 被子 差点 感冒 本来 三天 第二天 起床 落荒而逃 五华 性价比 相比 五华 好得多 同样 价格 房子 一半 不止 风格 家庭 特别 拐角处 弧度 落地 玻璃 芙蓉路 河西 景点 应收 眼底
0,屏幕 玩游戏 或是 浏览 网页 字体 小看 费劲
0,散热 不行 还有 店店 确认 货款 麻烦 确认 确认 三天
0,纪事 不像 小说 文学 爱好者 看不下去 上班族 打工者 看看 消遣 文学艺术 谈不上 欣赏 心情 宣传 过于 夸张 读书 速度 偏快 这书读 晚上 多页 喜欢 晚上 读页
1,这个 价位 配置 品牌 值得 机器 起来 外观 时尚 功能 满足 大多数 需求
0,一本 看到 灵魂 而于 书里 泛泛而谈 值得 值得
1,真想 一套 之后 不过 当当 真诚 邀请 呵呵 其实 想想 确实 值得 写刚 盛名之下 其实难副 想象 平淡 看着 看着 下去 记忆 那个 明朝 开国 皇帝 朱元璋 一样 大家 知道 建国 之后 如何 对待 以前 战友 可是 这人 符合 皇帝 标准 哈哈 皇帝 标准
1,这个 价位 品牌 本本 不错 大厂 做工 散热 屏幕 效果 不错
1,初见 书名 暗自 猜测 书中 打开 一看 天呐 整个 一小 百科 由于 之前 工作 性质 这些 知识 敏感 茶余饭后 细细 品读 别有洞天 涵盖 之广 涉猎 之多 足见 编辑 苦心 金无足赤 此书 知识点 广度 足够 深度 不足 开拓 眼界 拓宽 知识面 可谓 良友 深入 了解 借助 专业 著作 总而言之 不错 值得 一读
1,开始 几位 朋友 不敢 入住 没想到 现在 改观 很多 虽小 整洁 下次 的话 还会 选择 这个 只是 希望 宽带 一直 免费
0,网上 很多 好评 欺骗 叫好 画面 阴沉沉 睡觉 不要 孩子 其实 原本 旨意 国外 拷贝 过来 画面 真的 太丑 真的 一点 兴趣
0,付款 第三天 至今 收到 由于 点错 进到 这个 介面 无奈
0,环境 服务 一般 卫生间 洗澡 起来 水灾 一样 未评 星级 可气 一楼 歌厅 晚上 吵得 简直 没法 大家 知道 高原地区 没睡 好觉 多么 难受 通过 所订 安排 最差 希望 以后 会员 应该 严格 审查
1,发热 控制 不错 性价比 收到 显卡 配置 一些 飞车 细节
1,白色 钢琴漆 不错 电池 使用 时间 满意 本子 重量 合适 杜比 音响 键盘
1,基本 设施 服务 热情 早餐 一般 江西 特色 感到 墙壁 隔音 效果 不太好
0,除了 湖边 这点 好处 之外 任何 一提 优点 老旧 卧具 破烂 脏兮兮 真服了
0,送货 挺快 外包装 只用 塑料袋 快递 拿来 本本 自身 包装盒 破损
1,起来 波特 死而复活 那段 圣斗士 打倒 迷迷糊糊 想起 女神 或是 美好 回忆 然后 一句 燃烧 宇宙 神勇 无比 起来 打败 老怪
0,威龙 原本 看上 两点 四星级 香港 公司 管理 之后 发现 名不副实 首先 服务水平 绝对 香港 服务 影子 即便 国内 水平 谈不上 第一天 晚上 洗手间 消灭 巨大 蟑螂 四星 应该 不会 蟑螂 客人 有个 游泳池 公开 开放 时间 每天 下午 一点 七点 这个 时间 从来 客人 前台 要求 游泳池 前台 临时 人才 打开 池水 一般 人能 勇气 跳下去 游泳池 因此 形同虚设 游泳池 顶棚 已经 发霉 掉皮 不爽 值得一提 大堂 几个 门童 小街 里面 出租车 他们 几次 路上 帮助 客人 打车
0,宣传 实际意义 从书 中学 新鲜 知识 想法 质量 不好 随便 看看 睡觉
0,说明 一下 对于 这本 图书 购书 图书 支付 完后 没货 交易 关了 事隔 一个月 本应 退回来 起来 快单 多元 准备 投去
1,拿到 完美 清晰 细腻 背光 电影 不错 散热 还好 不好不坏 键盘 看起来 挺好用 起来 这个 配置 一般 游戏 要求 不高 的话 够用 性价比
0,系统 预装 起来 不爽 另外 要是 内存条 更好 呵呵
0,纯粹 一本 自辩 书上 浅显 总是 滔滔 不觉 辩解 纯粹 一本 炒作 包装 自我
0,很多 只能 适合 大概 浏览 一下 书里 讲述 早已 知晓 不用 提及 兴趣 下去
1,喜欢 张小娴 文字 面包树 系列 早就 看过 所有 喜欢 回来 珍藏 面包树 系列 故事 讨厌 女主角 个性 喜欢 结尾 为了 所谓 完美 爱情 放弃 可能 适合 优秀 男人 不值 爱情 执着 也许 打动 很多 确实 书里 伤感 情节 而落 过泪 感叹 唏嘘 不是 我要 每个 追求 爱情 一样 有些 感受 却是 一样
0,降价 太快 订购 时才 不到 一周 消费者 公平 虽说 电子产品 降价 无常 应该 带头作用 规范 电子产品 市场
1,外形 设计 美观 配置 适合 大多数 需求 独立 显卡 配合 镜面 显示 效果 一流
1,入住 豪华 海景 大床 通过 预定 之前 蓝天 宾馆 电话 当时 告知 没房 郁闷 试试看 想法 提交 订单 没想到 居然 给我发 短信 确认 当时 惊讶 宝宝 有误 后来 到达 威海 打电话 总台 确认 一下 告诉 预定 这才 放心 下来 不愧 网友 最高 服务 提前 准备 婴儿床 整体 服务员 待人接物 礼貌 热情 海景 前面 启明 假日酒店 破坏 一些 不错 床上 看到 早餐 不错 丰富 中式 西式 南朝鲜 日式 个人 喜欢 西式 早餐 樱桃 巧克力 奶油 布丁 蛋挞 不错 蛋挞 冰过 喝粥 小声 随便 一句 勺子 服务员 听到 拿来 主动 宝宝 准备 婴儿 早餐 午餐 哈哈 以后 威海 度假 这里 提个 建议 晚报 每天 一份 不过 八毛 广州 每天 羊城晚报 水果 每天 两个 一般 出来 一天 回来 客人 吃个 桃子 柿子 高兴 成本 不过 一两块 呵呵 补充 点评 年月日 忘记 第一天 那里 浴缸 水阀 似乎 严实 漏水 导致 我放 大半 水漏 下去 不少 洗澡 只能 边放 水边 泡澡 哗哗 环保 浪费 第二天 早上 出去 服务员 晚上 回来 发现 应该 处理 不漏 服务 上心 后来 有些 小漏 呵呵 宾馆 反馈 年月日 尊敬 宾客 您好 感谢您 留言 提出 需求 尽力 满足 欢迎 提出 宝贵 建议 希望 下次 入住 提供 优质 服务
0,发货 奇慢 无比 我下 订单号 发货 现在 没收 下次 这里 卖书 炒股 几招 收到
0,钢琴 容易 指纹 模具 风格 死板 原装 驱动 不能 性能 全部 释放 官网 下载 驱动 玩游戏 不会 再卡 开机 转换 输入 密码 指纹 界面 时会 出现 花屏 换成 原装 驱动 目前 几次 发现 花屏
1,上帝 眷顾 女主 优秀 男主 痴痴 心甘情愿 女主 等待时间 七年 悠悠岁月 该是 多么 同样 优秀 女主 呵呵 可惜 女主 只不过 莽莽撞撞 可爱 毫无 心计 傻傻 马马虎虎 男主 相差 十万八千里 哼哼 只能 缘分 缘分 分分 最终 如愿以偿 也许 女孩 必然 男人 呵护 依靠 可惜 情况 书本 偶像剧 发生
0,键盘 容易 本来 灰色 可是 想想 显卡 白色 刚刚 键盘 不过 上海 本地 没货 调货 不知 才能 收到 不过 话说回来 确实 白色 漂亮
1,背面 少个 螺丝钉 键盘 周围 平整 下去 发现 声音 意识 双面胶 下去 上来 过会儿 弹上来 明显 仅靠 双面胶 不住 不如 起码 粘得 严实 心里 舒服 只是 弥补 质量 何必 声音 闹心 还有 双面胶 我换 内存 发现 键盘 下部 盖子 左侧 打不开 一直 不敢 用力
1,只花 三个 晚上 全部 粗略地 完后 借给 小姑子 书上 很多 方法 观念 借给 小姑 希望 帮助 来说 不错 不会 枯黄 甚至 当做 小说 来看 有趣 当然 书上 观点 有些 将来 母乳喂养 了解 不至于 出现 知道 处理
1,小巧 实用 外观 好看 系统盘 所在 其它 已经 分开 尽管 只有 两个 不过 已经 足够
1,知道 答案 一口气 是因为 太好了 人体 语言 水能 结出 美丽 结晶 要是 之间 好话 人类 控制 情绪 人有 心情 干什么 成功 社会 处处 可见 和谐 和谐 环境 生活 幸福 生活 幸福生活 知道 答案
0,屏幕 看起来 不太 习惯 前排 哥们 字体 模糊 拿到 售后 这个 亮丽 本来 建议 条件 哥们 实体店 体验 体验 大写字母 松动 售后 看能 不能 换换
1,很多 听说 林语堂 算是 有名 一位 作家 为什么 中国 现当代 文学史 不到 林语堂 身影 吾国 吾民 其中 原因 之一 起来 习惯 半文半白 以为 文言文 白话 一本 剖析 一部 巨著 希望 以后 完整版 吾国 吾民 思想 禁锢 相信 人民 眼睛 雪亮
1,作为 信息系统 服务 管理 最佳 实践 借鉴 价值 不过 正如 以往 很多 国外 标准规范 样板 我国 推广 面临 一样 不同 文化 社会 体制 管理 理念 传统习俗 导致 东西方 思维 差异 因而 必须 充分 理解 别人 经验 实践 基础 可能 借鉴 作用 价值 了解 基本 条件 不过 拿来 需要 功夫
1,总体而言 卫生 尚佳 不能自己 烧水 早餐 房价 显得 偏高 地理位置 还好 建议 住客 对面 早餐 店去
0,男人 不好 稍微 屏幕 清晰度 比起 其他 品牌 一点 机身 鼠标 按键 手感 不好 显示 率用 起来 一些 玩游戏 不爽
0,真是 郁闷 当当 速度 真是 崩溃 发货 没收 半个
1,网络营销 其实 现实 经济社会 已经 扮演 不可 缺少 角色 直到 阅读 得以 认识 一种 长尾 模式 恍然大悟 原来 存在 生活 各个 行业 活动 万花筒 任何 角度 任何 方位 找到 一份 精彩 感受 令人 不曾有过 震撼 长尾 理论 模式 运作 不仅 网络营销 开辟 新世界 社会 个性 释放 提升 认识 理念 巨大 变化 长尾 真的 魔力 四射 无不 神奇
1,大卫 经历 童年 真的 不可思议 怎么 这么 残酷 母亲 直接 大卫 经历 激励 不少 懦弱 认为 不是 傻傻的 挣扎 生活 而是 努力 改变 不好 情况 改变 生活 大卫 一直 等待 期待 一旦 期待 限期 那个 不是 期待 所要 改变 不过 真的 好看 完后 深思 感谢 大卫 经历 写给 每个
1,对于 多一点 这个 价位 来说 设施 基本 卫生间 不太好 洗澡 隔离 洗完 马桶 全湿 空调 电视 冬天 暖气片 服务 热情 提供 接机 接站 服务 行李 员会 主动 行李 送到 补充 点评 年月日 还有 一点 热水 洗澡 不是 舒服
0,银色 按键 突兀 整体 不是 非常 结实 至少 惠普 系列 结实
0,这款 指纹识别 人脸识别 资料 上要 改改 还有 摄像头 光线 距离远 情况 下才 正常 否则 颜色 超淡 运行 超慢 很棒
1,一般 国内 品牌 不错 惠普 起来 距离 左手 上网 优盘
0,价格 不低 档次 不高 环境 糟糕 大厅 很小 一般 早餐 难吃 一般
0,屏幕 设计 留边 浪费 机子 刚才 出现 蓝屏 请问 怎么回事 刚买 优惠 以后 小心 提醒 一下
0,遗憾 春节 期间 竟然 这里 一晚 空调 总台 厦门 只有 以上 空调 其实不然 很多 经济型 误导 便宜 态度 不好 也许 生意 太好了 要求 棉被 只有 一条 两个 投诉 给予 解决 干吗 床单 不太 干净 上面 竟然 一个脚印 要求 掉换 发现 床单 很多 毛发 要求 干净 服务员 回答 反正 上面 床单 不要紧 不过 装修 已经 好多年
1,最近 福建 每次 曼哈顿 建联 大酒店 第一次 商务 不大 物品 齐全 床上 公仔 有家 服务 也好
0,押金 结账 不能 刷卡 要交 现金 双人房 两张床 靠墙 很小 设施 陈旧 简直 一间 招待所 以后 不会 这里
1,轻便 不过 散热 时间 键盘 附近 热气 袭人 整体 不错 不过 硬盘 分区 只有 兼职 扯淡 建议 其他 朋友 以上 预装 软件 开机 不过 接受 建议 优化 启动项
1,位置 不错 价格 合适 推荐 大家
0,系统 真的 很多 起来 习惯 运行 硬盘 一直 响声 声音 对于 本来 说真的 挺厚 原来 一样 警告 很响 硬盘 只有 分区
0,入住 首先 外观 门口 名字 金山 大酒店 不是 叫做 金山 混扰 大堂 算大 设施 行政 客房 走进 浴室 首先 发现 地板 很多 毛发 好像 完全 清洁 一样 地毯 好久 清洗 好多 污渍 空调 制冷 服务员 讲过 人来 处理 晚上 没能 睡个 好觉 不过 赞一赞 算是 软硬 适中 下次 杭州 的话 不会 考虑
1,行政 大床 实在 喜欢 西郊 环境 院子 黑天鹅 丹顶鹤 还有 西郊 野猫 繁华 上海 安逸 休息 之地 以后 上海 这里
0,今年 五一 期间 入住 标间 卫生 一般 异味 对面 有个 超市 东东 赶早 好像 晚上 点多 关门 晚上 路边 小吃 很多
1,基本 阅读 一遍 已经 第二遍 尽管 相对 杂些 起来 容易 语言 温和 吸引 生动 基本上 养生 治病 经验总结 同时 辅之以 基本 理论 支撑 容易 不错 只是 真正 起来 可能 难度 需要 改变 个人 生活习惯 中医 深奥 经络 部分 基本 需要 花费 一定 时间 学习 同时 已经 老师 个人 网站 诊病 非常 满意
1,悦华 通过 泉州 其实 泉酒 整体 比悦华 大气 装修 讲究 唯一 不过 悦华 服务 早餐
0,最差 完全 服务 意识 朋友 机场 飞机 接到 朋友 不说 连个 电话 朋友 外国 回来 无法 联系 只有 随便 机场 旁边 锦江 之星 晚上 点多 那边 竟然 不负责任 接到 可能 飞机 晚点 答应 朋友 打电话 完全 胡说 建议 大家 不要 这个 实在 太差 最后 接到 好意思 后来 打电话 要钱 实在
1,简洁 适用 需要 配置 当时 担心 坏点 收到 品质 令人 放心
1,品牌 值得 信赖 功能 很全 强大 手感 重量 适中 几天
0,传说 当地 最好 主观 各人 要求 不同 三点 非常 不能 接受 正对面 火车头 维修站 机务段 整晚 呜呜 一晚 三个 性骚扰 电话 有个 居然 三点 分别 不同 打来 桑拿 中心 根本就是 那个 以后 内江 宁愿 坐车 自贡
1,拿到 退款 这个 退货 干脆 此本 配置 不错 散热 发现 硬件 缺点
0,画面 凌乱 习惯 细腻 画风 另外 故事 枯燥 小孩 一长串 外国 命名 够呛 貌似 炒作
0,订单 收到 知道 当当 配送 是否 这个 效率 投诉 过去 客服 回复 属于 正常 现象 处理 订单 时间 当当 说了算
1,单位 用户 千万别 支付 方便 一定 支票 发货 支票 居然 两天 不到 财务 那里 一天 找到 支票 那里 订单号 送到 支付 现金支票 依然 知道 那个 单位 忍受 服务
1,这句 真的 道理 心声 出租车 有事 不到 没事 看见 空车 到处 串见
0,散热 一般 开始 以为 安装 系统 温度 后来 发现 实际 使用 起来 底部 最好 搭配 散热装置 做工 细致 细致 不够 完美 盖子 一点点 倾斜
0,卫生设施 毛巾 下水道 堵塞 床垫 不好 睡上去 不是 舒服 服务态度 对面 长途汽车站 出租车 出行 方便
1,朋友 推荐 位置 不错 交通 方便 服务 贴心 入住 前台 适时地 送上 一杯 柠檬茶 感受 细心 服务 夏日 夜晚 坐在 露天 啤酒 花园 啤酒 朋友 畅谈 惬意
1,宽敞 整洁 灯光 柔和 来说 不错 前台 服务生 态度 只是 宽带 需要 收费 这点 是否 应该 改进
0,放弃 不要 标题 迷惑 根本 适合 中国 父母 根本 实际 值得 记住 大声 孩子 读书
0,系统 麻烦 长时间 搞定 放电影 有条纹 后来 改了 显示 标准 触摸板 一点 可能 耗电 商用 的话 建议 以及 寸屏 以下
1,本来 买来 送人 小孩 发现 喜欢 不得了 硬是 几个 晚上 舍不得 送人 首先 质量 不错 第二 看得出 编者 用心 整理 真的 小朋友 读本 文字 简洁 易懂 第三 每个 故事 附注 说明 故事 所属 民族 还有 讲述 搜集 丰富 故事 背景 知识 第四 插图 精美 特色 小朋友 发挥 无限 想象 附带 说明 适合 二年级 以上 小朋友 阅读 拼音
1,很多年 东芝 已经 进入 中国 这款 重量 做工 屏幕 音色 不错
0,安静 旅游区 适合 这里 步行 几分钟 景区 秦堰楼 入口 市里 办事 几个 一是 当天 入住 由于 客人 锅炉房 根本 开水 前台 还有 服务员 一直 开开 开多流 一会 分钟 凉水 第二天 几个 人来 稍微 一点点 温水 二是 同样 由于 人少 早餐 自助餐 服务员 一碟 小菜 几个 馒头 环境 舒服 这里 吃饭 米饭 非常 好吃 注意
1,初次 平凡 世界 初三 那年 感触 很深 后来 陆陆续续 好几遍 总是 深陷 其中 以前 盗版 总有 很多 错误 还少 情节 终于 一本 正版 好书 以后 介绍 孩子 一代 农村 生活 现在 孩子 根本 知道 这些 只有 这些 描写 农村 作品 孩子 了解 农民 农村 确实 一本 值得 值得 好书
0,说实话 满怀 期望 等到 发现 里面 三分之一 治病 方法 剩下 只是 主观 比喻 比喻 比喻 加点 遐想 特别 繁冗 明显 篇数 悲哀
1,中山陵 安静 晚上 睡觉 一点 声音 早餐 服务
1,地段 非常 高级 商务 有些 空调 制冷 效果 不行 不过 门童 服务生 热情 免费 水果 地毯 装修 有些 陈旧
1,不错 好好 推广 起来 不及 生病 智慧 那样 更加 贴近 生活 细心地 指导
0,书写 中间 很多 页码 混乱 颠来倒去 麻烦 调换 这本 但愿 不是 上当
1,印象 最深 拉开 窗帘 外面 高尔夫球场 惬意 不错 停车 不太 方便 太远 刚好 碰到 下雨
0,带有 强烈 主观 色彩 武断 不能 大局 出发 不能 文学 时事 只是 局外人 想法 色戒 引起 热潮 一次 张爱玲 出来 不够 当当 上面 买会 今生今世 一遍 里面 引人注目 自然 民国 女子 其实 除了 这篇 还有 蛮多 值得 一读 比如 母亲 童年 故乡 凡是 涉及 其他 女子 不能 下去 关键在于 不是 多情 而是 无辜 明白 为什么 不能 爱玲 小周 为什么 爱玲要 吃醋 为什么 范先生 他们 吃醋 呵呵 真不少 可是 但凡 离开 身边 女子 马上 接着 打算 批驳 容易 冠以 女权主义 向来 这个 古怪 互相 尊重 权都 无所谓 已经 高楼 文采 文采 世上 文采 男人 独独 爱玲 不能 忘却 关注 而已
1,性价比 价钱 本本 回来 系统 超值
0,机身 散热 右掌 托较 价钱 要是 便宜 为什么 绑定 全球通 强烈要求 取消 限制 上网费 不是 显卡 性能 测试 估计 不了
1,其他 尽管 不够 标准 干净 宽敞 不能 忍受 度假区 自助 海鲜 晚餐 整个 苍蝇 包围 眼看 食物 上落 苍蝇 不少 钱落 一肚 火过 海滩 很静
0,无论 硬件 软件 非常 令人 失望 一家 前面 朋友 本不愿 入住 这家 屯河 华美达 由于 旅游 旺季 订房 不易 原因 只得 前来 入住 一晚 离开 建议 朋友 不要 随便 尝试 该店 大堂 偏狭 面积 不小 家具 少且 残旧 清冷 空荡 地毯 较脏 装修 暗旧 洗手间 浴具 洁具 颜色 陈脏 毛巾 邋遢 电视节目 奇少 服务 意识 极差 前台 大堂 副理 态度 倨傲 俾睨 房客 争风 好辩 接线生 宛若 生手 答非所问 门童 主动 客户 行李 尚显 敬业 早餐 招待所 一般 向来 内部 缺少 培训 上下 人员 完全 以客 思想 知道 华美达 中国 品牌 管理 操作 根本 够不上 四星 听说 比起 三星 新融 大厦 一截 能够 加强 调研 多为 客户 提供 更加 准确 信息
1,刘林 坚强 文章 那位 医生 那样 医院 这个 最能体现 是不是 真的 坚强 刘林 属于 坚强 那种 坚强 变成 一种 保护色 然而 坚强 心疼 人们 靠近 不近 佩服 文章 刘林 坚强 那种 坚强 女人 真的 需要 眼泪 孤单 伪装 起来 尽管 现在 女生 勇敢 做到 独立 坚强 几个 好书 一本 后会 有所 深思 好书
1,明晓溪 书中 女孩 不少 朋友 尤其 闺中 密友 感情 旋风 少女 百草 和晓萤 那样 完全 不会 妒忌 之类 负面 情绪 相互 扶持 相互 鼓励 一同 成长 温暖 感人
0,看到 一半 几页 空白 间断 一截 退货 可是 已经 书上 笔记
1,地理位置 不错 出门 公园 偏小 早餐
0,用餐 一般 价格比 一般 稍贵 签单 付账 千万 注意 明细 只会 零点 然后 总金额 零点 集团 划账 千万 注意 收费 现象 周期 很长 可能 会花 一个月 时间 对账 分清 销售 对账 不是 财务
0,一般般 印刷 制作 恶劣 不知 垃圾 纸墨 恶臭 根本 不得 近身
0,第三次 入住 以前 经历 一直 选择 不过 这次 遇到 不能 刷卡 为了 节约 手续费 故意 幸好 现金 结余 不然 真的 麻烦 下回 不想
0,我订 行政 很小 除了 上网 跟普 标有 差别 本身 很小
0,光驱 少数 几张 声音 惊人 大多数 光盘 大概 几张 盘有
0,看到 首先 杂乱 开始 好几页 互相 吹捧 的话 然后 几十页 废话 接下去 一会儿 谈谈 这个 一会儿 谈谈 那个 偏要 按个 标题 每段 里面 的话 重写 一边 浪费 纸张 着重 表示 完全 黑体 加粗 印刷 人为 增加 篇幅 增加 页数 提高 定价 实用 上当
1,总的来说 满意 距离 市中心 稍微 有点儿 干净 整洁 大床 面积 服务 免费 内衣 每天 水果 香蕉 加个 苹果 服务员 礼貌 缺点 早餐 丰富 餐厅 价格 太高
1,月份 青岛 顺便 朋友 他们 选择 干净 整洁 卫生间 设施 简陋 房间内 冰箱 考虑 周到 卫生间 设备 一点 更好 服务 人员 态度 非常 青岛 丢脸 电话 随叫随到
0,地理位置 不错 交通 便利 外观 设施 陈旧
1,通过 看到 俞敏洪 老师 个人成长 过程 明白 其实 每个 不同 经历 不同 时期 不同 阶段 碰到 不同 情形 不能 过去 关键 心态 一种 积极向上 心态 整个 人生 而言 非常 帮助 特别 讲述 大学生 就业 里面 不少 现在 很多 大学生 碰到 不仅 大学生 帮助 年轻人 启迪 作用 一部 非常
1,确实 朴实 建议 大家 认真 阅读 一下 肯定 一样 收货
0,隔音 真差 隔壁 有人 鱼水之欢 一夜 睡好 房价 不算 华阳 便宜 块钱
0,三个 星期 前定 配送 公司 星期六 送货 公司 他们 三天 后会 竟然 当作 退货 处理 耽误 时间 气死我了 以后 当当
1,好看 模样 招人 喜欢 功能 齐全 起来 舒适 价格比 国美 那些 便宜 不送 鼠标 原装 包包
1,总共 天晚 每天 有块 巧克力 早餐 服务员 热情 只要 出去 回来 打扫 不管 出去 几次 这点 负责 很大 枕头 超大 舒服 不错 满意
1,性价比 经常 玩游戏 朋友 试试 月份 同事 联想 配置 基本一致
0,分区 不合理 必须 重新 分区 驱动 物流 服务 到位 门卫 代签 验货
0,这个 上门 家庭 高级 拿到 手是
0,员工 态度 超级 恶劣 特别 前台 餐厅 接待客人 气愤 说完 电话 大家 最好 不要 不然 气死 交通 方便 周围环境 复杂
0,此书 装帧 彩色 插页 文字 略显 空洞 总之 这么 类似 书籍 这个 价位 值得
0,之前 三次 早餐 服务 这次 入住 没想到 这次 九楼 非常 应该 装修 不如 对面 三星 紫薇 之前 天壤之别 同志 预定 千万 注意 挑选 楼层 自助 早餐 水准 不如 从前 服务 水准 还好 再也不会
0,预装 系统 鸡肋 不如 直接 旗舰版 或者 专业版 为了 驱动 头疼 一番 想换 提前准备 驱动
0,用户 安装 系统 驱动 服务 支持 不好 随机 资料 网上 任何 相关 安装 说明 用户 摸索 查找 下载安装 过程 中有 暗门 设置 安装 容易 导致 了解 不能 装全 驱动
0,朋友 一圈 不过 考虑 键盘 电池 时间 接受 不过 自带 实在 太难用 方便 全部 格掉 重装 不少 功夫
0,服务 一般 太差 里面 太旧 妈妈 还要 这么 四星 根本 不到 第二天 终于 忍不住
1,性价比 目前 看来 最高 品质 键盘 现在 开机 直接 安装 系统 果然 全新 价值 美金 游戏 好玩
1,不错 服务 人员 礼貌 干净 清静 交通 方便 缺点 退房 狂慢 花掉 半个 小时
0,非常 纯朴 故事 包含 主人公 坎坷 生活 痛苦 不得不 佩服 生命 韧性
0,想象 重点 适合 女生 携带 官网 此款 驱动
1,同学 介绍 此书 一读 之下 果然 受益匪浅 文中 石破天惊 之语 挑战 传统 理念 独有 建树 老先生 很多 阐释 另辟蹊径 人性 角度 挖掘 文化 内涵 想想 身处 年代 确实 佩服 读完 此书 中国 文化史 基本 心中有数 对于 愿意 花大 力气 博览 全书 文化 历史 感兴趣 朋友 来说 值得 收藏 因书中 并非 白话文 夹杂 古文 需要 精心 慢慢 品尝 同学 已约 此书 准备 研读 一生
1,位置 市中心 不远 交通 方便 大堂 装饰 带些 欧式 风格 空间 虽不像 有些 温馨 晚上 大堂 还有 专业 演奏 人员 表演 入住 赶巧 团队 客人 随着 演奏 一起 气氛 喜欢 这家 非常 宽敞 服务 人员 热情 有礼 一家 管理 不错
0,名不符实 订货 多日不见 送货 询问 客服 只会 推托 只会 要求 用户 再下 订单 如此 服务 留不住 顾客 别的 网站 服务 更好
1,已经 儿子 念完 两本 好书 发现 双语 非常 不好 孩子 故事 激起 兴趣 肯定 选择 中文 失去 用来 提高 英语 阅读 能力 意义
0,背单词 方法 适合 某些 不是 每个 适合 包括 大家 不要 一拥而上 防止 一样 上当 哈哈
1,位置 火车 地铁 机场 大巴 汽车 方便 恒基 商城 很近 逛街 打法 时光 服务
0,效率 服务 旅馆 就让 宁夏 国际饭店
1,认为 奇迹 天使 确实 很多 认为 孩子 相处 一定 充满 快乐 不知 一份 责任 快乐 有时 并不一定 微笑 方式 出现 真实 反映 孩子 相处 真实 在读 故事 一起 同样 庆幸 从事 一份 孩子 生活 工作 工作 拥有 美妙 人生
1,这本 绘本 不错 亲子 阅读 合适 少儿 图书馆 来看 儿子 喜欢 一直 舍得 干脆 每次 母子 情感 升华 浓浓的 亲情 感染 换种 方式 孩子 家里 每当 读着 小兔子 方式 夸张 肢体 语言 体现 深刻 难忘 喜欢 永远 成为 一大 经典 绘本 加之 原有 逃家 小兔 完美
0,我订 只是 发现 一页 后来 申请 换货 不管 建议 大家 不要 当当 说完 谢谢
1,性价比 配置 平衡 电影 普通 游戏 流畅 实惠 价位 双核 处理器 独显 硬盘 已经 非常 两条 金士顿 兼容问题
0,知道 不是 错鱼 熊掌 不可 兼得 可人 贪心
1,开始 一种 积极向上 后来 随着 越来越 复杂 事情 发生 悲凉 一种 那样 奋斗 那样 付出 最后 也许 人生 很多 职场 潜规则 终究 小说 偶像剧 小说 女主角 总是 同时 或者 或前 碰上 两个 优秀 男主角 不过 学习 很多 值得一看
0,入住 期待 不过 到达 失望 这个 价值 七斗 星如家 不到 房价 经济型 一定 差距 同去 同事 后悔 服务 这方面 清楚 退房 速度
1,新装修 浅色 温馨 布局 合理 宽敞 选用 布草 讲究 放在 手里 厚实 柔软 服务周到 特别 本人 出差 衣服 服务员 考虑 客人 实际 需要 随时 增加 衣架 饭菜 特色 去过 不同 楼层 满意 细节 过人之处 某些 改进 一下 完全 当地 五星 媲美 卫生间 放置 挂钩
0,泰山 实际 环境 价格 不符 漂亮 外观 陈旧 破烂 内里 隔音 极差
0,介绍 本来 于是 孩子 一套 本来 希望 孩子 看过 之后 能够 变得 想像力 勇敢 程度 能够 增加 可是 孩子 打败 怪兽 之后 孩子 勇敢 变得 胆小 晚上 不敢 屋里 必须 爸爸 或者 妈妈 屋里 卧室 拿到 别的 屋骗 之后 胆小
0,箱子 标签 割掉 一部分 本本 底部 标签 揭掉 说明
1,这个 偶然 想到 女儿 喜欢 客厅 走廊 墙上 看到 一直 然后 双手 拍打着 非常 兴奋 特别 小兔子 小女孩 小树 几张 简直 不得了 放在 书房 地上 抬头 看到 挂画 一直 然后 一会 就要 抬头 真的 神奇 于是 推荐 邻居 几个 朋友 她们 反映 孩子 喜欢 总有 一张 孩子 发笑 只要 不断 尝试 翻动 这些
0,网口 电源 口全 左边 习惯 电源适配器 噪声 烫手 没送 鼠标
0,江门市 中心 很远光 的士 就要 莱茵 西餐厅 服务 非常 水有 异味 三个 两个 声称 食材 鲜虾 带子 拼盘 侍应 带子 新鲜 不敢 番茄 牛肉 侍应 说此 牛肉 但生 牛肉 牛扒 非要 顾客 其他 较贵 菜式 牛肉 牛肉 明摆着 说谎 侍应 态度 绝对 不敢恭维 取消 动作 还要 脸色 客房 其中 一张 被子 正面 破洞 翻过来 还有 破洞 伴有 污点 水壶 已坏 不能 正常 水沸 断电 浴室 开始 热水 工人 整修 一段时间 终于 供应 竟是 黄色 放水 好长时间 洗澡 一件 心寒 晚上 睡觉 还有 蚊子 骚扰 为什么 开业 四星级 如此 现象 本来 休息 一下 没想到 积了 一肚子气
1,设计 方方正正 键盘 商务 散热 不错 连续 用个 小时 风扇 蜂鸣 性价比 不错 显存 设计
1,主要 数字 集成电路 之前 图书馆 借阅 不错 一本 很大 优点 容易 读懂 物理 专业 出身 能看懂 书中 绝大多数 只要 学过 半导体器件 物理 了解 布尔代数 基础 吃透 书中 不过 需要 指出 对于 特性 数学 描述 一般 课堂 所学 公式 一样 看起来 习惯
0,散热 声音 稍微 有些 大装 麻烦 两天 网上 无数 帖子 许多 努力 最后 失败
0,可能 是我太 霉新 本本 竟然 原装 系统 无法 启动 客服 服务 当天 快递 原装 恢复 现在 已经 正常 使用 希望 以后 不要 出现
1,饭店 前台 非常 服务周到 快速 有效率 服务态度 也好 五星级 水准 这要 表扬 一下
1,星期 左右 时间 整本书 刚看 有种 想法 不过 既然 咬牙 来说 不错 女主 大胆 儿时 坚强 五体投地 文章内容 穿插 进去 倒叙 手法 不过 总给 男女 主爱 勉强 不是 推荐 好看 不过 文章 现实 描写 早婚 人士 社会 抱怨 周遭 朋友 羡慕 这些 刻画 真实 成功 文章 不过 看一遍 不想 第二遍
0,内存 不得不 敬佩 员工 你们 多大劲 两条 螺丝
0,十一 开车 宾馆 接线员 热情 引领 下较 容易 找到 然而 进入 一切 只有 一楼 电视 遥控 空调 不是 全天 电话 不通 询问 服务 小姐 一问三不知 旅游 咨询 三天 两夜 一尘 不变 不过 宾馆 餐厅 好象 外面 菜馆 烹饪 一些 价格 下次 再也 不去
0,书中 拼成 正文 背面 错误 出版商 读者 合理 解释 纠正 此错 商家 信誉
1,一天 时间 一气呵成 之前 看过 一样 感人 浪漫 起来 就让 欲罢不能 幻想 遇到 男主角 感叹 女主角 悲剧 命运 出来 清醒 一想 这个 小说 真的 远远 脱离 现实 主人公 生活 奢华 充满 糜烂 气息 灰姑娘 受到 王子 如此 理智 热爱 现实 稍稍 成熟 理智 不会 如此 生活 生活 这个 只是 一本 现代 童话故事
0,格局 风水 中属败 卫生间 马桶 堵塞 无奈 一晚
1,已经 多次 入住 窗外 景色 对面 超市 购物 方便
1,设施 不错 周边环境 不错 紧邻 金沙滩 推荐 海景房 不足 吃饭 不放 自带 餐厅 性价比 价格 太贵 口味 不好
0,简单 易懂 色彩 柔和 教会 宝宝 日常生活 应有 礼貌 行为 玩耍 时要 学会 排队 谦让
0,早餐 差劲 不过 一般 四星 差不多
0,环境 很脏 干净 床单 好象 很久没 破旧不堪 宾馆 反馈 年月日 谢谢您 宝贵意见 设施 设备 现已 全面 更换 欢迎您 下次 入住
1,总是 浑浑噩噩 生活 苦恼 总是 足够 时间 无所适从 时间 管理 虽说 一些 老生常谈 技法 坚持 下来 真的 有效 每当 下班 回家 一种 满足感 一种 发自内心 充实 兴奋 回家 加上 执行 过程 进行 温故知新 实在 知道 如何 安排 时间 一本 看看 好处 起码 心里 工作 学习 欲望 时间 不会 任何 事情 停止
0,同等 配置 下比 别的 不少 品牌 广告费 光驱 装得 凹陷 添装 内存 麻烦 不过 瑕不掩瑜
0,横纹 设计 整体感 显得 跳跃 尤其 打开 键盘 区域 布满 横纹 显得 杂乱
1,轻薄 外观 典雅 内敛 除了 内存 其他 配置 不错 内存条 散热 噪音 极小 运行 起来 几乎 不到 声音 机器 稳定性 不错
0,优点 不错 本本 屏幕 小点 不足 不错 本本 屏幕 小点
1,一家 不错 如果说 两次 打开 请勿打扰 情况 服务员 敲门 门口 他们 已经 擅自 开门 呵呵 以后 入住 特别 正在 进行 敏感 事情 朋友 注意 补充 点评 年月日 网上 订房 补充 说明 要求 或者 最好 能够 看到 柳江 安排 满足 要求 宾馆 反馈 年月日 非常 感谢您 服务 提出 宝贵意见 带来 不便 深表歉意 一定 加强 员工 培训 避免出现 类似 服务 差错 五星级 标准 装修 豪华 观景 客房 即将 竣工 期待 光临
0,当当 客服 垃圾 态度 超级 礼品 支付 订单 然后 取消 这个 订单 重新 生成 订单 想要 礼品 支付 发现 礼品 余额 已经 然后 打电话 客户 回复 我要 工作日 才能 礼品 回复 金额 怎么 这么久 很快 过去 知道 是不是 生活 火星 然后 等到 以后 现在 订单 货物 缺货 怎么办 回答 换个 时间 的话 明明 系统 这么 垃圾 反而 客户 承担 损失
0,太偏 冷清 场所 糟糕 早餐 郁闷 补充 点评 年月日 建议 不要 推荐 过去
0,这里 服务 方面 不达 五星级 标准 早餐 特别 不好
0,肤浅 论述 特别 小学生 范文 那种 模范 议论文 总分 中间 几个 例子 有种 上当 喜欢
1,机子 噪音 很小 散热 不错 携带方便 性能 不错 内存
0,有些 空洞 絮絮叨叨 多少 故弄玄虚 标榜 实用性 相差 较大
1,不太 喜欢 看书 自从 温度 决定 生老病死 一连 几遍 非常 喜欢 身体 免疫力 非常 经常 感冒 还有 其他 很多 不适 症状 书上 很多 现象 存在 一直 不知 如何 调理 发愁 现在 已经 开始 艾叶 泡脚 希望 效果 进行 食补 但生 泥鳅 不敢 尝试 我会 有书中 其他 方法 身体 改善 此书 推荐 朋友
0,首先 散热 触摸板 右侧 难熬 夏天 放在 桌子 不平 右下角 需垫点 说明 磨具 工艺 系统 就算 随即 光盘 居然 只有 驱动 驱动 麻烦 新手 头疼
1,繁华 地段 价位 适中 较大 骚扰电话 不少
0,味道 实在 难闻 接受 不了 画面 杂乱 儿子 一定 不会 喜欢 懒得 任凭 小鸡 个性 兴趣 看才行 失败
1,除了 硬盘 小点 赶得上 山寨 本本 屏幕 边框 视觉 误区 不过 系统 顺利 价格 实惠
1,我刚 开始 以为 真的 当时 失恋 导致 脑残 异地 思念 毒死 热爱 知道 知道 放弃 知道 一些 不得已 景致 文采 著作 痕迹 大师 精美 只是 心情 纯粹 记录 记录 难免 空洞 虚构 显得 薄弱 异地 失败 一杯 温水 灌溉 貌似 枯死 能力 小说 的确 艺术 可言 对于 追求 精致 阅读 网络版 足够
1,环境 不错 服务 环境 隔壁 香格里拉 差不多 便宜 许多 游泳 告知 泳池 装修 开放 郁闷 前台 小姐 吝啬 笑容 一次 马自达 到达 门口 受到 服务 一次 进口 奥迪 到达 有人 行李 下车 没人 帮送 行李 估计 中国 小费 难道 两句 日文 可是 不想 二楼 西餐厅 吃饭 一楼 大堂 喝茶 看到 里面 很多 打扮 妖艳 说话 口音 不同 女孩子 希望 她们 吃饭 不太 舒服
1,设施
0,这个 最近 两次 那里 两晚 以上 每次 离店 不象话 影响 积分 这点 小心眼 应该
0,发热量 大不带 系统 随机 光盘 只有 系统 驱动程序 驱动 下载
1,一家 三口 年月日 至日 入住 泛海 名人 之前 看过 网上 试试看 心态 本身 从事 航空 服务 专业 眼光 真切 体会 物有所值 名不虚传 无论是 明亮 大堂 楼层 过厅 洁净 客房 布置 特别 典雅 舒适 充满 温馨 位于 四楼 海景房 真是 面对 大海 春暖花开 窗台上 装饰 漂亮 花花草草 放眼望去 一望无际 大海 栈桥 近在咫尺 推开 窗户 迎面 和煦 海风 关上 窗户 一丝 都市 喧闹 真正 感到 来到 青岛 真正 享受 海景房 惬意 舒适 特别 泛海 名人 大堂 经理 个子 高高 眼睛 大大的 女孩 青春 倪萍 年青 倪萍 漂亮 态度 特别 和蔼 客人 服务 特别 周到 真正 客人 所想 客人 所急 特别 主动 关注 客人 需求 及时 了解 客人 解决困难 总是 面带微笑 举手投足 言语 特别 礼貌 周到 规范 专业 即使 外面 只是 有些 蒙蒙细雨 特别 周到 主动 客人 送上 雨伞 青岛 形象大使 美丽 端庄 特别 中国 传统 女性 风采 气韵 青岛 泛海 名人 希望 朋友 认识 这位 优秀 漂亮 大方 东方女性 特质 大堂 经理 感谢 泛海 名人 带给 美好 假期 谢谢 这位 大堂 经理 楼层 服务员 优质服务 来自 北京 客人
0,所说 很多 误导 大众 看看 网上 很多 知道 个人 值得
0,没什么 主要 纸张 印刷 所用 非常 粗糙 一般 盗版书 还要 差裁 不好 实体书 店里 质量 当卖
1,女人 一生 热烈 沉默 无声 厮守 无尽 争吵 每个 女人爱 表达 独有 方式 释放 她们 挣扎 盲从 为了 心底 孩子 无私 爱人 无声 寂然无声 动作 表情 心底 沉积 特殊 年代 两位 女性 挣扎 最终 为了 细腻 来自 语言 心思 故事 表达 严歌苓 擅长 层层叠叠 峰回路转
1,拜托 各位 贵族 拜托 各位 小资 拜托 各位 中产阶级 拜托 那些 海归 所谓 红酒 雪茄 名表 普罗旺斯 草来 彰显 社会 地位 品质 按照 长物志 方式 生活 生活品质 真是 够呛 长物志 东方 中国 国人 华人 描绘 一幅 现实生活 精神 世界 水乳交融 图景 由此 知道 原来 咱们 老祖宗 可比 现在 那些 家伙
0,装修 陈旧 下水管 堵塞 晚上 折腾 小时 修好
1,一本 女儿 共享 小书 原版 精缩 完整 有趣 女儿 只是 文字 明白 其中 含义 并且 容易 开小差 优点 在于 大量 插图 利用 插图 宝宝 讲述 效果 不错 只是 享受 美妙 故事 亲子 时刻 是不是 物超所值 女儿 拇指 姑娘 忠实 书迷 这套 其他 图书 统统 买下 细读 其乐融融
0,说句实话 想到 这次 太叫 失望 一直 相信 你们 可能 你们 企业 现在 这些 一直 默默 支持 你们 客户 开始 疏忽 服务 性质 龙头 企业 来说 你们 已经 渐渐 丢弃 不仅仅 一群 客户 而是 你们 企业 文化 企业 精神 下去 你们 服务 才能 取得 市场经济 优势 企业 市场经济 竞争 这么 激烈 情况 生存 下去 致命伤 重视 最后 一天 你们 推荐 景德镇 开门 大酒店 全国 挂牌 最差 四星级 不仅仅 硬件 设施 服务 无法 恭维 简直 无言 临走 他们 价格 服务 怎么 挂牌 当地 旅游局 怎么 复查 他们 级别 你们 不负责任 怎么 随便 推荐 客人 地毯 有水 整个 周边 地毯 全部 白色 粉末 卫生间 设施 不如 婺源 设施 不经意 看到 很多 剥落 墙纸 游泳 还要 换上 他们 桑拿 其实 一楼 直接 进去 问过 知道 桑拿 承包 出去 客房 他们 几个 一次性 拖鞋 另外 收费 第一次 四星级 第一次 听到 收费 项目 交涉 以后 收不说 大家 不信 一次 唯一 欣慰 大堂 服务 够星 标准 你们 重视
1,不错 地址 不错 市中心 服务员 态度
0,知道 为什么 大家 这书 个人 只能 一般 而已 起码 一本 小说 角度 文学 素养 真是 不好意思 恭维
0,自带 内存 配合 系统 吃力 快捷键 奥特 蓝星 音箱 比起 惠普 奥特 蓝星 音箱 层次
1,不错 一家 五星 很大 设施 重要 位置 金融中心 哪里 方便 以后 考虑 再次 入住
1,套书 担心 宝宝 是不是 有点儿 以后 发觉 故事 简单 宝宝 接受 中学 很多 知识点 现在 通过 套书 知道 动物 夜间 活动 还有 各种 动物 睡觉 姿势 大象 平时 喜欢 小蚂蚁 下雨 前要 蛐蛐 发出声音 壁虎 尾巴 会长 出来 还有 动物 为了 保护 丢掉 身上 部位 云是 怎么样 形成 为什么 消失 下来 套书 真的 不错
1,周边 不算 繁华 基本 市中心 外围 交通 便利 好找 我订 行政 大床 一般 不够 价格 不算 早餐 品种 偏少 游泳池 不小 没带 泳裤 试试 服务水平 达标 价格合理 一些 以后 还会 考虑 入住
0,键盘 习惯 尤其 光标键 太小 散热 部分 不过 说得过去
1,非常 电源 平时 放在 大包 背来 这下 负重 减轻 原来 戴尔 小黑 起来 噪音 运转 基本 没什么 声音 散热 连续 长时间 使用 温度
1,隔音 设计 实在 不行 墙壁 玻璃 外墙 之间 明显 其他 还好
0,驱动 支持 完美 唯一 散热量 希望 一两年 不会
0,糟糕 去过 一次 朋友 带我去 那里 皇家 吸引 这次 南楼 已知 主楼 没想到 那个 样子 哪里 四星 不如 我家 楼下 招待所 很小 很小 床米 超硬 床上用品 舒服 电视 有个 机顶盒 超过 台寸 清晰 没法 隔音 听到 别人 开关门 等声 夸张 本来 自然 早上 起床 爸妈 早起 房门口 走过 小声 不要 肯定 没醒 居然 好像 耳边 有人 一样 本来 第二天 下午 广州 路上 开始 身上 开始 疹子 我同 那个 朋友 现场 全身 小小的 中央 水泡 奇痒 无比 知道 过敏 传染 皮炎 反正 不是 好事 最后 剩下 一点 楼下 泳池 方便 为了 客观 一点 出来 千万千万 不要 像是 上当 本来 为了 度假 心情 生气 生病 补充 点评 年月日 留意到 前面 有人 损失 南楼 套餐
0,看着 便宜 说不上 没什么 得益 网上 找个 在线 阅读 好了没 必要 浪费 十块
1,经典 书书 精致 拿到 兴奋 写作 流畅 通俗易懂 深入生活 心理学 理论 知识 联系 人们 日常生活 工作 同样 成为 一般 大众 了解 心理学 极好 读物 正如 心理学 一门 人类 幸福 密切相关 科学 贴近生活 深入 实践 独特 风格 同样 一般 大众 了解 心理学 更好 理解 人性 提高 自身 全面 素质 读物
0,随机 附带 驱动 光盘 系统 还要 惠普 官网 下载 驱动 麻烦
1,由于 新装修 一些 可能 来得及 解决 工作 需要 经常 那里 慎重 提出 以下 意见建议 新装修 单人间 淋浴间 淋浴 喷头 位置 一样 不好 新开业 一些 管理 服务 到位 尤其 前台 入住 结帐 时代 效率 太低 每次 结帐 超过 分钟 好像 符合 四星 宾馆 要求
0,现代 商业性 语言 调侃 历史 第一页 放下 不想 历史 来说 做到 类似 罗贯中 三国演义 或是 二月河 雍正皇帝 那样 演绎 就算 极至 程度 再进一步 调侃 给人以 批戏 噱之感 历史 尊重 真实性 很大 疑问 普通 小说 诙谐 幽默 历史 如此 铺陈 难以 接受 凡此 读书 氛围 愈发 浮躁 静下来 潜心 读书 实在 越来越少 无怪 出版 机构 其他 要素 顺应 趋势 书籍 本身 要素 偏偏 越来越 忽视
1,服务 环境 不错 舒服 餐厅 舒服 温馨
1,羡慕 主人公 从小 孤儿院 长大 正如 所说 正是 从小 孤儿院 长大 才能 体会 大学 以后 享受 种种 乐趣 不像 那些 家庭 条件 优越 女孩子 感到 一切 发生 理所当然 衣服 舞会 旅游 一样 他们 一样 兴奋 重要 一直 默默 注视 关爱 最终 一起 试问 还有 女孩子 羡慕
0,好烂 前台 登记 只有 服务员 服务员 同事 直呼其名 同事 臭美 大学 美女 同学 所谓 商务 房在楼 电梯 只能 一看 这楼 应该 后续 改建 客房 甚至 可能 违章建筑 洗手间 很小 飞机 上用 那种 一体化 产品 不了 电话 一下 按键 起来 同事 打电话 服务员 半天 跑上来 两个 愣头愣脑 东北 小妹 态度 热心 完全 出来 菜鸟
0,不能 想象 地毯 恐怖 天花板 上面 居然 两大团 多年 打扫 蜘蛛网 疑似 可能 十年 前评 四星 现在 评他 两星 闲多 建议 中国 饭店 星级 全部 取消 骗人
0,服务 人员 服务态度 不好 按照 规定 收取 房费 并且 乱收费
1,山月 不知 心里 事水风 空落 眼前 宋代 美丽 哀愁 并生 那段 风雨 颠簸 历史 留在 此人 独特 感受 时光 打磨 鲜亮 那些 旧事 历史 词史 更是 心史 轻巧 触动 心房 走进 一场 真实 穿越 张溪琳 敏感 人不知 为什么 一首首 宋词 解读 如此 完美 软软 文字 清丽 词句 宋词 演绎 一个个 故事 透过 尘封 历史 朦胧 月色 娓娓道来
0,原本 以为 一些 配合 插图 整页 图画 简单 内涵 就象 婴儿 画报 一样 不够 丰富 价格 便宜 不划算
1,地理位置 环境 不错 早餐 服务 不错 特别 室内 游泳池 设施 舒服 陈旧 特别 拖鞋 太薄 不像 四星
1,位置 早餐 丰富 上网 很快 只是 不再 万豪 管理 希望 服务水平 不会 下降
1,环境 不错 交通 方便 购物 吃饭 方便 公司 天津 出差 入住 这个
0,宣传 那样 好且 实用性 娱乐 价值 现在 糊墙 真不知道
0,散热 不行 一热 起来 系统 散热 底座 效果 郁闷
0,喜欢 从中 得到 一些 借鉴 拉拉 幸运儿 除了 自身 努力 成功 原因 特别 机遇 一些 好心 领路人 现实 即便 付出 努力 不见得 回报 付出 努力 机会 来时 成功 不要 抱怨 公平 人生 出来 平等 推荐 刚入 职场 朋友 看看 此书 不少 收获
0,不论是 作为 小说 职场 教科书 精彩 不论是 任职 外企 国企 公务员 值得 学习 参考 男人 读读 收获
0,客观 同档次 宾馆 差劲 一家 无论是 环境 设施 的确 一位 评友 所言够 不想 以后 不去 补充 点评 年月日 刚才 一件 事是 不快 这个 宾馆 前台 服务 小姐 入住 手续 好象 似的 那个 不理 模样 差点 没逼得 她们 上司
1,人生态度 感染 里面 介绍 方法 量力而行 根据 体质 适用 不是 每个 体质 小美女 里面 西红柿 青瓜 美白 效果 以后 肚子疼 下午 内分泌 失调 原因 两种 太凉 好像 凉性 体质 样子 喝下去 后果 可想而知 任何 不要 偏听偏信 使用 之前 要查 清楚 可别步 后尘
0,这个 差劲 火车站 服务 一般般
1,完美 显卡 估计 马甲 老把戏 估计 下去 倒闭 一点 责任 毕竟 价格 摆在 那里 显存 散热 的确 网上 评测 完全 枪文 升级 内存 起来 设置 调试 几次 不错 水准 保持 流畅 全屏
1,我订 行政 免费 升级 公寓 房是 他们 房子 设施 装修 非常 不错 延迟 退房 地理位置 交通 方便 餐饮 附近 方便 下次 南京 这里 非常 喜欢
0,买回来 一段时间 三岁 孩子 爱看 一方面 里面 卡通 造型 简洁明了 一方面 很多 确实 中国 习惯 出现 没法 孩子 解释 还有 书中 所用 名字 语言 方式 孩子 习惯 知道 为什么 套书 畅销书 第一名 周围 孩子 家长 冲着 名气 在家 闲置
0,答应 当初 包可到 消灾 一个月 准备 退货 诚信 以后 必须 付款
0,看过 日文版 看过 合适 很淡 深意 绘图 不怎么
1,早餐 品种 交通 便利 服务态度 不怎么样 地图 竟然 别的 客房
1,配置 性能 算是 稳定 游戏 运行 安静 散热 不好 质量 知道 好不好 没用 多长时间 路遥知马力 呵呵
0,屏幕 暗点 外壳 一处 轻微 划痕 光驱 那个 声音 法拉利
1,感慨 百年 动物学家 能够 写出 这么 适合 孩子 口味 科普 书连 这个 大人 学到 不少 知识 第一本 亲子 共读 后来 孩子 读真 爱不释手 晚上 睡觉 早上 起床 屁股 趴在 床上 需要 提醒 孩子 小岁 以下 最好 巩固 一下 读书 效果 比如 提问 一下 书中 知识 总之 不错 值得
0,网速 快且 方便 公司 内部网 负责人 网络 设置 不错 表扬 一下 前台 服务员 态度 不到 满意 标准 熨斗 因要 客户 只得 拜托 一件 衬衫 结帐 要价 服务费 加急 费要 打开 玻璃 淋浴间 发觉 右手 至少 够得着 浴巾 只好 出来 琢磨 一下 浴巾 不能 小小的 淋浴间 不知 设计 找到 其他 宾馆 优点 大洋 花得 不再
1,机子 外观 不错 惠普 品牌 信赖 配置 方面 性价比
0,另外 要说 这个 本子 散热 设计 实在 厉害 北桥芯片 铝片 覆盖 铝片 风扇 只是 起到 抽风 气流 流动 效果 散热 担心 知道 其他 上网 是不是 这么 设计
1,想象 看来 金钥匙 联盟 一定 质量 控制 设施 烟味 太重 回来 睡衣 全是 烟味 早餐 一般 选择 不过 那个 巴基斯坦 服务生 态度 鸭绿江 边上 周边环境
0,没什么 太大 缺点 反正 上网 不能 性能 要求 太高 实在 要说 缺点 重装 运行 速度 预想
0,男友 报纸 看到 介绍 吹得 上天 于是乎 一本 当当 送会 非常 三天 收到 垃圾 书嘛 现在 买书得 开始 妙作 不让 人活 食疗 看看 这书强
0,一句 相当 有没有 搞错 旅馆 水平 大厅 过得去 里面 消毒水 味道 奇大 无比 进去 半个 钟头 适应 不了 卫生间 元店 水泥 玻璃 老天 丢人 丢到 强烈要求 退钱
1,时隔 一周 再次 入住 这次 商务 大床 好像 原先 豪华 大床 房订 不到 商务 房里 传真机 浴室 浴缸 并且 墙上 一面 大窗 看来 价格 接受 不过 豪华 实用 宽敞 这次 入住 水果 不知 是不是 商务 缘故 舒服 细节 之处 改进 比如 浴室 之间 墙上 窗玻璃 很漂亮 可否 考虑 加装 百叶窗 不然 访客 方便 洗手间 这次 餐厅 晚上 熄灯 好像 继续 营业 不知 是不是 上次 意见 作用 如是 应该 原来 地下 停车场 这次 地下 下楼 复杂 不过 停车 宽敞 车库 老伯 负责 不错
0,想象 中重 很多 接口 还有 这个 系统 起动 太慢 可能 习惯 原因
1,宝宝 喜欢 现在 一岁 九个 看到 买来 看看 一岁 大风 本时 能够 并且 喜欢 很多遍 画面 细小 能够 注意 经常 自问自答 可爱 并且 这个 绘本 质量 不错 只要 宝宝 喜欢 满意 一套 中有 现在 不是 很感兴趣 年龄 增长 他会 喜欢
0,不过 系统 最好 安装 两次 不同 有些 最好 只能 现在 发现 不妥
0,地理位置 公认 不错 缺点 不少 主要 电梯 走廊 狭窄 设施 有些 陈旧 临时 一晚 时间 建议 入住
0,精致 泡菜 女人 喃喃自语 一般 见面 不如 闻名 建议 上网 下载 一本 花钱买
1,孙波 简单 炽热 内心 最深处 那个 依然 小浪 有波 浪有 有波 经典 认真 她们 爱恨 情仇 一次 她们 一定 一起 从头开始 一直 充满 悲伤 坎坷 始终 感受 她们 如此 真实
1,设施 不错 设施 新床 被子 洗手间 干湿 分离 服务员 态度 出入 打招呼 餐厅 大堂 适合 吃饭 桌子 太少 还有 房价 衢州 应该 属于 偏高
1,客户 佛山 工厂 拜访 安排 这家 老牌 三星 尽管 客房 设施 稍显 成就 价格 不贵 关键 地处 市中心 购物 吃饭 方便 对于 这个 房价 来说
0,国产 代工 电池 部分 设计 不合理 电池 键盘 平行 一面 一点点 起来 可能 接触
1,景房 景色 不错 里面 收拾 干净 设施 稍旧 一些 交通 方便 厦门市 出租车 太贵 景点 公交车 方便 不过 饭店 早餐 一般 选择 几乎 每天 重复
1,不错 一揽子 内存 附件 其他 价格 便宜 不过 本身 不错 毕竟 不用
1,处理速度 很快 屏幕 键盘 手感 主要 这点 这么 品牌 摇杆
1,与其说 这是 一部 小说 不如说是 一套 简易 系统 自我完善 套餐 按照 细嚼慢咽 就餐 规则 一定 受益匪浅 得益 终生 书中 引领 读者 一步步 接近 本真 探索 自我 发现 自我 接纳 自我 提升 自我 终至 完善 自我 境界 芸芸众生 指明 一条 自性 之佛 沟通 捷径 起来 轻松 轻松 蕴含 深刻 哲理 难得 灵修 普及 教材
1,孩子 问及 怎样 出生 孩子 之类 话题 躲躲闪闪 避重就轻 或许 大多数 父母 搪塞 孩子 办法 不是 不想 而是 不知 从何说起 父母 当初 看得 避讳 含糊不清 偶尔 图书馆 这本 告诉 孩子 真相 洗洗 脑子 本身 正常 很多 成人 复杂化 教会 如何 引导 孩子 关于 爱情 真实 自然 实属 好书
1,服务 尚可 大小 适中 被服 设施 颇为 陈旧 宾馆 反馈 年月日 感谢您 服务 认可 其他 方面 努力 欢迎您 再次 光临
0,实在 一直 协程 定房 一直 方便 这次 这儿 简直 无法 就算 粘着 会展中心 不是 糊弄人 有车 市区 开车 会场 方便 之前 徐家汇 开车 一进 房门 墙体 斑驳 窗户 漏风 走上 咚咚 作响 铁板 象是 工棚 晚上 空调 开度 没用 没车 地铁 入住 方便 总之 上海浦东 千万别 这里
1,一行 人订 两件 海景 豪华 一间 豪华 标间 无意间 一家 住进 景色 真不错 不但 看到 大海 看到 市景 夜景 不错 干净 整洁 设施 齐全 不足之处 窗户 玻璃 窗户 只能 撑开 一点 窗边 天花板 漏水 现象 进去 已经 两个 盆在 接水 还有 浴室 龙头 太高 花洒 不能 调节 水散 太开 周边环境 吃饭 购物 方便 旁边 一家 台湾 风味 餐馆 味道 来说 满意 机会 威海 的话 还要 这里
1,几个 之后 再次 入住 进门 大厅 一位 工作人员 得出 名字 一般 服务 没得说 位置 位于 威海市 中心
0,其他 读者 知道 为什么 不少 三分之一 实在 无物 没什么 收获 里面 网上 随便 找到 帮助 性不大 现在 失望
1,刚看 豆芽 随心所欲 想到 人物 事件 感想 回忆 景物 无不 如此 看时 粗糙 细细品味 在理 每个 人所处 环境 不同 这些 短短的 文字 不时 拨动 内心深处 某根 有时候 描述 情景 或事物 产生 很多 一样 感触 正是 不同 不停 地读 下去 随心所欲 随心所欲 轻松
1,城南 旧事 大学 时读 第一本 文学 书籍 当时 留意 原来 名家 手笔 只是 老照片 似的 场景 回味 略带 感伤 流畅 文字 深深 吸引 现在 再次 找到 珍藏 大学 生活 留念 逝去 岁月 回味 喜欢 英子 父亲 一句 无论 困难 只要 硬着头皮 闯过去 徘徊 坚定 之间 闯过去 很多 幸运 读过 文字
1,每次 网上 点评 发现 这个 不错 价格 合理 除了 一间 之外 客户 也定 一间 到达 之后 真是 不错 考虑 客户 接触 方面 升级 一次 遇到 升级 开心 宽敞 干净 服务员 热情 水果 地理 原因 窗外 风景 不是 万象 近带 客户 溜达 高兴 深圳 不去 香港 的话 这里 天才 点评 香港 的话 选择 渔村 小区 楼下 饭店 水果店 药店 非常 方便 不好
0,你们 质量 真是 不可思议 第一 包装 太差 光盘 纸盒 咣当 咣当 容易 摩擦 我试 一下 共个 竞有 张碟 出来 真是 便宜 没好 建议 小心 质量 盗版 不如 应该 很烂 盗版
0,一般 受不了 骚扰电话 晚上 能响 每晚 打来 单身 男客 信息 非常 准确 严重 怀疑 小姐 摆平 前台 服务员 拿到 客人 入住 信息 心里 踏实
0,外观 漂亮 功能 指示灯 好看 价格 中关村 划算 一些 女孩子 适合 电影 音乐 音效
0,系统 无线 网卡 驱动 很难 装好 信号 稳定 知道 开机 光驱 部分 卡拉 卡拉 声响
1,外观 好看 键盘 舒适 触摸板 屏幕 富士通 系列 顶级 屏幕 欣赏 摄像头 蓝牙 无线 读卡器 刻录 指纹 反正 设备 齐全
0,这个 唯一 优点 位置 好离 徐家汇 地铁站 很近 逛街 方便 隔音 相当 床垫 早餐 基本 服务员 态度 一般 上网 另外 收费 一天 一分钟 网速 掉线 前台 服务员 态度 一般 餐厅 服务员 更差 基本 一起 聊大天 以后 宁愿 远点 可能 不会 选择 这家
1,环境 还好 当地 算是 设备 一般 免费 注册 网站 导航 宾馆 索引 服务 说明 关于 诚聘 英才 代理 合作 广告业务 联系
1,相当 不错 行货 质量 保证 至于 价格 的话 实惠 水货 要贵 一些 蓝牙 摄像头 指纹 不是 必须
0,看个 电影 听歌 偏偏 麻烦 运气 一直 不好
0,优点 地处 繁华 服务员 友好 缺点 马路 晚上 一夜 没睡 第二天 中午 回到 发现 居然 打扫 宾馆 反馈 年月日 感谢您 选择 入住 西湖 四季 此次 入住 愉快 深表歉意 客房 清理 时间 一定 要求 拨打 房间内 座机 一键 前台 通知 管家 及时 进行 打扫 感谢您 点评 期待 再次 光临
1,服务 不错 隔音 走廊 声音 像是 一样 早餐
1,儿子 一岁 八个 套书 儿子 每天 拿出 好几 本来 孩子 行为 举止 很大 影响力 比如 睡觉 孩子 每天 总是 十一二点 不肯 睡觉 昨天 精神 时间 不早了 十一点 于是 就让 孩子 关了灯 慢慢 系列 睡觉 故事 竟然 睡着 要是 平时 躺下来 半个 小时 安静 下来
1,同事 出差 北京 事先 通过 查询 选择 中船 宾馆 于是 携程网 上订 中船 宾馆 日日 两间房 当日 飞机 晚点 小时 担心 未能 预定 时间 入住 宾馆 因此 北京 打电话 宾馆 总台 请求 保留 总台 服务员 热情 回复 说会 保留 于是 心安 中船 宾馆 月坛 北街 靠近 三里河 东路 月坛 小街 米处 位置 幽静 半夜 客房 不受 外面 道路 人车 声音 影响 适合 休息 入住 床间 房内 总面积 平方米 左右 其中 卫生间 平方米 一张 床大 睡房 平方米 睡房 地板 木地板 一张 大床 衣柜 一张 床头 小柜 圆桌 座椅 一张 木桌 方凳 长木 桌上 配备 彩电 台灯 圆桌 配备 电烧 水壶 杯子 茉莉花茶 装有 调节 空调 满意 房间内 基本 许多 宾馆 闻到 霉味 气味 枕头 被子 床单 床上用品 整洁 干净 明显 应该 添置 用品 卫生间 干净 全天 热水 供应 隔音 效果 略微 差点 隔壁 客人 开关 卫生间 水龙头 明显 响声 传过来 每天 服务员 及时 清理 举止 规范 文明 作为 个人 休息 比较满意 宾馆 一楼 总台 旁边 设有 餐厅 每天 早餐 自助餐 收费 打入 房费 一般 油条 面饼 包子 馒头 花卷 鸡蛋 茶叶蛋 荷包蛋 粟米 绿豆粥 豆浆 牛奶 凉拌菜 咸菜 腐乳 菜色 供应 丰富 抵值 宾馆 出门 方便 出租车 宾馆 东边 不远处 著名 金融街 西边 不远处 钓鱼台国宾馆 月坛 北街 向东 西单 约元 车费 晚上 西单 徒步走 宾馆 小时 大家 没事 四处 转转 瞧瞧 方便 宾馆 周围 有些 小吃 排挡 饮食 摊店 十分 方便 宾馆 往北走 多米 有个 小时 营业 便利店 随时 很多 适合 消费 生活用品
1,酒店设施 服务 周到 尤其 前台 迎宾 热情 谢谢 他们
0,看着 便宜 说不上 没什么 得益 网上 找个 在线 阅读 好了没 必要 浪费 十块
0,这个 价格 来说 糟透了 大堂 很差 很脏 我订 商务 套房 客厅 居然 窗户 灯光 昏暗 所有 用品 包括 毛巾 质量 一股 味道 上网 时好时坏 后来 索性 连不上 只好 无线 反正 以后 不会 考虑 这家
1,位置 市中心 不错 旁边 公园 早餐 品种 不是 丰富
1,环境 一流 庭院 深深 小桥流水 枯藤 昏鸦 多次 入住 只是 早餐 极其 惨淡 无论 中西 希望 改进
0,第一次 所谓 畅销书 本来 教育 一下 可能 哲学 大脑 淡如水 一本 好书 要么 受到 启发 学会 思考 要么 纯粹 务实 起来 小女生 既不长 学问 务实 纯粹 纸上谈兵 肤浅 值得 阅读 换句话说 不了 书架 浪费时间
1,性价比 非常 附赠 原装 自提 以前 去过 一次 上海 张扬路 那个 上次 相比 改进 提供 顾客 座椅 无线网络 接入 服务 不错
1,二十四史 整整 中华书局 这些 字眼 怎能不 心动 象极了 小时候 一套 连环画 过程 先到 书店 选好 版本 价格 然后 一次次 最后 经过 多次 选择 最后 寻找机会 父母 提出 要求 老婆 要求 立刻 股票 收益 里面 拿出 部分 买点 这些 留给 儿子 影响 成长 搬到 家后 立刻 书橱 里面 旧书 挪到 床底 这些 煌煌 巨著 放在 显眼 喜新厌旧
1,这是 一本 实用 简洁 语言 附着 孟德斯鸠 背景 生平 简述 其他 作品 恰似 一本 传记 简写本 论法 精神 主旨 教会 专制 三权分立 地理环境 决定论 一一 体现 称为 孟德斯鸠 论法 精神 妙语 心语 对于 了解 孟德斯鸠 囿于 时间 精力 翻阅 原著 朋友 来说 这是 不错 选择 其中 涉及 中国 成分 堪称 优点
0,网上 儿子 一点 这么 孩子 孩子 兴趣 应该 适合 以上 孩子 并且 故事 没什么 意思
1,环境 服务 不错 最大 缺憾 早上 非常 方便 往往 需要 分钟 时间
1,小巧 外观 漂亮 珍珠 效果 外观 工艺 不错 塑料模具 不错 速度
0,无线 功能 每次 开机 需要 组合键 重新 打开 才能 系统 麻烦 需要 解决 各种 软件 冲突 上网 设置 电池 延保卡 注册 需要 过多地 填写 个人信息
0,号称 目前 满洲里 最好 进去 大失所望 很小 干净 设施 齐全 服务 反应 非常 迟钝 提供 收费 无线网络 速度 老牛 拉车 一般 经常 要断 一楼 自助餐 非常 整体 来说 推荐 满洲里 其他 选择 余地 除非 新建 香格里拉酒店 落成
0,很小 楼道 黑暗 其实 旅馆 设施 建议 不要 吉林省 宾馆 不错
1,一直 以来 拥有 细细 品读 张爱玲 所有 作品 喜欢 骨子里 表现 出来 上海 味道 尽管 年代久远 时空 转换 今日 起来 发生 身边 昨日 直到 当里 找到 所有 作品 团圆 拜读 甚憾 斯人 已去 重新 找到 影子 重新 回味 童年 一本 发黄 红玫瑰 白玫瑰 那种 懵懂 那种 激越 那种 冲动 感谢 当当 周到 服务 抱歉 时值 今日 发表 观点
1,第一次 本本 这么 开始 用点 担心 知道 东东 好不好 现在 真的 便宜 发货 超快 昨天 今天 收到 下次 一定
1,悲伤 压抑 日子 阅读 那些 曾经 踮脚 张望 时光 不知不觉 已经 时间 永远 过去 美好 高中 校园 不是 经历 而是 过来人 文字 背后 透露 熟悉 亲切 味道 那些 成长 故事 或多或少 经历 类似 方式 成长 喜欢 寂地用 色彩 文字 源源不断 给予 力量 心底 深处 缓缓 升腾 温暖 无论如何 微笑 下去 勇敢 地去 迎接 未来
1,交通 便利 价钱 算是 国际展览中心 附近 偏低 参加 展览会 入住 这里 合适 前台 预定 信息 搞错 承认 服务 人员 素质
0,性能比 想象 网上 电影 风扇 转个 不停 运行 能力 吃力
1,妹妹 告诉 送给 其他 朋友 不错
0,此书 价钱 太贵 适合 以上 小孩 阅读 页面 太少 值得 值得
1,孩子 别的 书上 看到 图片 一套 为什么 讨厌 那个 女孩 讨厌 裤衩 讨厌 喝牛奶 孩子 开始 感兴趣 为什么 讨厌 裤衩 几天 一下 决定 为什么 讨厌 那个 女孩 规定 每次 只能 选一 买回来 天天 一天 甚至 有时 一次 几遍 起来 不错 不过 担心 不会 误导 小女孩 想法
1,看到 读者 好评 如潮 准备 狠狠 感动 一把 失望 看到 后面 越有 韩剧 影子 同样 癌症 欣赏 匪大 佳期 感动 泪流满面 这个 故事 里沥川 深情 固执 对方 真正 一直 最后 搞清楚 深爱 平白 许多年 读者 看着 本来 所剩 不多 日子 怎么 相互 扶持 好好 珍惜 地过 也许 认同 沥川 做法 产生共鸣
1,介绍 买来 试着 儿子 不想 儿子 放不下 这些 书中 精美 无比 寓意 表达 明确 小孩子 一看 不愧 图画书 大师 梅瑟 迈尔 杰作 整套书 文字 可是 通过 图画 表达 意思 非常 明确 幽默 讲述 过程 小孩子 知道 为什么 朋友 朋友 之间 友谊 如何 对待 朋友 这些 小孩子 同样 面对 通过 图画 他们 懂得 道理 更加 深刻
0,豪华 单人房 双人房 设施 甚至 茶几 圈椅 可是 价格比 双人房 好多 真的 不可思议 双人房 常客 也许 不靠 外出 悄悄地 搬进 两张 圈椅 原来 靠背椅 可是 由于 空间 太小 椅子 实际上 无法 坐人 只能 前台 服务 身份证 忘带 告诉 常客 一下 资料 就让 入住
0,这个 机子 做式 实在 一般 塑料 感太 强拆 后盖时 档板 内存 不是 网上 内存 知道 不能 双通道
0,看到 开心 印刷 质量 不错 一天 脱页 一页 一页 郁闷 不知 当当 怎么 解释
1,洲际 价格 确实 竞争力 应该 沈阳 便宜 五星级 地理位置 位于 商业街 太原 附近 交通 方便 门口 老是 堵车 建议 打车 的话 对面 然后 马路 很小 看到 街景 不错 健身 中心 居然 拍照 其他 同类 没此 规定 礼宾 部门 服务 不好 可能 沈阳 冬天 太冷 出来 迎接 客人 糟糕 一点 礼宾 部打辆 出租车 机场 上车 是否 打表 收费 确认 上车 机场 开口 喊价 车费 司机 当时 因赶 飞机 原因 追究 事后 投诉 洲际 现在 解决 相当 失望
0,一般 前台 服务员 善意 提醒 预定 有些 靠近 高架 只有 收费 宽带 查看 服务员 不能 等待 下楼 登记 而是 要求 必须 马上 登记 好像 担心 他们 似的
0,说明 书写 比较简单 三星 内存 知道 怎么 说明书 由于 这方面 经验 打算 保修 专业人士 稍微 麻烦
0,定得 豪华 套间 一点 豪华酒店 周围 打车 方便 特别 上下班 困难 地铁 或者 公交 周围 没什么 饭店 早餐 餐厅 吃饭 很少 铁轨 太近 火车 山摇地动 从没 中途 退房 最后 告诉 退房 最后 解决 不爽 唯一 工作人员 热情
1,一个月 时间 之前 课程 时间 关系 后来 网上 收集 一些 这方面 资料 看看 其他人 评语 同样 一本 天资 差异 相比 专业性 低点 实用性 较强 涉及 工作 方面 运用 多一些 实际 应用 买来 参考 建议 天资 差异 结合 一起 看会 收益
1,占地面积 很大 号称 花园式 迎宾 条件 一般 干净 一楼 宽带 据说 三四 楼才 提前 订好 到达 时一看 要求 已经 提前 加好 不错 考虑 安庆 房价 便宜 一切 计较
1,对得起 这个 价格 主板 便宜 不过 玩玩 一般 游戏
1,环境 不错 室内 色调 温馨 满意 窗户 收拾 马虎 拉开 窗帘 凌乱 不足 淋浴 太小 洗澡时 水时 大时 中间 几秒
1,下班 上单 准备 昨天中午 下午 拿货 昨天下午 点多到 准备 十几分钟 取货
0,吓人 画面 大人 有些 恐怖 喜欢 儿子 不大 喜欢 太大 孩子 比如 超过 三岁 简单 两大 页码 一句 没太多 教育 意义 三岁 以下 恐怖 后悔 选择 真的
1,便宜 物有所值 早餐 相对 单调
1,不错 本人 经常 入住 周边 环境 熟悉
1,一本 小说 特别 纪念 初恋 读物 何必 在乎 意义 所在 只要 看到 想起 曾经 单纯 执着 不顾一切 最后 落荒而逃 就够 做到 开始 看孙嘉 遇合 赵玫会 轻轻 浮上 嘴角 一点 恍惚 真实 后来 后来 很多 那样 眼泪 轻轻 落下 既然 独有 无法 纪念 就让 代替 回味 最初 感动
0,建议 别的 省得 心痛 这家 在我看来 多么 糟糕
1,几次 只读 开篇 十个 约定 再也 下去 眼泪 每次 充盈 眼眶 真是 感动 约定 十个 约定 不仅仅 狗狗 约定 亲人 渴望 追求 终于 继续 下去 文笔 清新自然 仿佛 身边 朋友 娓娓道来 故事 翻译 文笔 流畅 看得出来 感情 翻译 感染力 一本 值得 收藏 好书 将来 我家 宝宝
0,本别 英文单词 一起 收到 后单 封面 看出 高低 翻翻 版面设计 真的 一般 只能 一直 放着 欲望 现在 出页 一些 不太 专业 值得 个人感觉
1,这个 品牌 里面 性价比 还算 发热量 其他 还好 启动 光驱 声音 较大 内存 够用
1,读卡器 买来 坏点 这点 不错 包装 不错 避免 运输 过程 机子 伤害 来说 满意
1,身边 居然 他们 每个 介绍 别人 赞美 只是 简单 好看 看看 每个 之后 选择 沉默 甚至 一句 慨叹 可是 张嘴 只能 一声 叹息 一本 好书 力量 心间 沉浸 明明 震撼 无法 语言 展开讨论 第一次 语言 苍白 似乎 大家 心照不宣 默许 保留 各自 心中 体味
0,简直 受不了 居然 蟑螂 一共 消灭 作为 家星 居然 失望 上网 速度 简直 太慢
1,无意 看到 此书 买下 可能 一种 缘分 身体 不好 一直 别人 衡量 以后 尝试 书中 接近 生活 食物 容易 找到 只要 照着 相信 身体 慢慢 起来 使用 身体 帮助 物品 时请 相信 感受 感激 身体 吸收 更好 相信 日后 身体 呈现 出来 健康 与否 此书 所作 贡献 贡献 希望 朋友 幸福 安康
0,收到 随手 翻看 大概 一般 那种 各种 中医 书上 摘录 整理 语言 加工 粗糙 像是 随口说说 后悔 知道 工作 此书 看来 非常 专业 也许 出点 出书 作家
1,原因 老板 经人介绍 认识 京城 一家 投资 公司 公司 进行 融资 由于 手续 简单 融资额 利息 老板 十分高兴 对方 融资 资料 拿来 像是 私募 基金 于是 赶紧 来看 一看 方知 原来 利用 人们 私募 基金 神秘感 一笔 不怎么 可靠 交易 融资 自然 没成 不少 知识 有用
0,塑料 感太强 华硕 联想 惠普 档次 的话 考虑 之类
0,服务 意识 很差 餐厅 不能 签单 消费 高于 授权 服务生 明显 经过培训
0,印刷 质量 盗版 当当 其他 质量 一样 幸好 不是
0,从来 没花块 朝着 轻轨 不能 睡懒觉 隔音 不好 楼上 哪里 似乎 舞厅 吵闹 很小 最让人 受不了 上海 发现 冷气 电话 服务 对不起 中央空调 现在 接到 通知 需要的话 服务员 送个 电风扇 接受 建议 于是 一夜 闷热 非常 满意 这家
0,一般 单一 教育 不是 深刻 很多 实际 生活 列子 意思
1,经典 造型 钢琴 非常 漂亮 看着 舒服 机器 性能 速度 很快 没得说
0,系统 麻烦 一点 光盘 电源 管理软件
1,宾馆 大门 显得 时尚 大厅 个性 保持 一样 风格 绿色 木纹 砖石 墙面 简单 不失 个性 快捷酒店 价位 来说 值得
0,怎么 下去 一段 故事 结束 其他 事后 接上 前段 有时 一塌胡涂 前段 接下去 是不是 印刷
1,不错 送达 书角 轻微 折损 最初 网络 已经 无货 现在 重新 上来 买来 收藏 闲时 翻阅 其实 对于 女子 来说 男子 写出 如此 细腻 文字 确是 大跌 眼睛 清清 淡淡的 令人感动 至深 多么 轰轰烈烈 却是 摄人 心弦 其他人 所说 最终 尚未 完成 还有 延续 故事 总是 要个 结局 不错
1,大床 房以 四星 标准 衡量 的话 家具 太旧 太小 早餐 品种 单一 别的 来说 地段 不错 服务 满好
1,东芝 确实 做工 这个 价位 配置 不错 总之 性价比
1,入住 软件 硬件 价格合理 停车 车库 不能 直接 进入 要出 车库 正门 进入 不是 方便 不过 下次 太原 首选
1,降价 太快 找到 几天 一个月 现在 无线 路由器
0,唯一 不足 硬盘 两个 每个 要是 分成 呵呵
1,同事 反映 方面 不错 下次 出差 他们 希望 这家
1,外观 重点 的确 好看 风格 不过 拿到 机器 上面 知道 还好 擦掉 郁闷 这款 显卡 评分 竟然 高要 知道 可是 顶配 那款 那款 郁闷 女友 满意 看着 不错 及时 郁闷
1,外观 漂亮 白色 键盘 抢眼 功能键 设置 合理 键盘 材质 触感 扎实 触摸板 凸点 处理 手感 不错 同时 具备 简便 触摸 缩放 功能 实用 目前 最好 低功耗 处理器 显卡 玩游戏 强大 同时 显卡 这个 档次 高端 试用 一下 日常 使用 条件 电池 充满 电在 平衡 设定 可用 小时 加上 电池 不重 兼顾 性能 重量
0,看过 很多 改编 电视剧 书比 电视 这次 例外 电视 几乎 一模一样 不够 细致 令人 失望 关于 许三多 变化 大得 接受 不了 以前 方面 表现 怎么 单杠 以后 忽然 变得 遥遥领先 如果说 通过 努力 赶上 其他人 差不多 怎么 可能 突然 之间 超过 曾经 许多 难道 别人 落后 变成 天才 本人 当过兵 见过 很多 刻苦 这么 进步 神速 没见
1,虽小 干净 以后 还会
0,好烂 宾馆 一点 不好 大堂 一边 临时 门口 任何 安保 人员 窗户 旁边 停放 自行车 毫无 安全感 酒店设施 陈旧 提供 纯净水 烧水 非常 卫生间 条件 连好 招待所 不如 早餐 样式 难吃 最差 星级 经济性 快捷酒店 没法 真不知道 为什么 推荐
0,发热量 太大 开机 没多久 上网 机器 过度 一直 以上 知道 正常 这台 希望 有人 指教 一下
1,五星 网络 服务 人员 业务 能力 很快 搞定
1,双胞胎 儿子 他们 喜欢 他们 阅读 他们 安静 聚精会神 倾听 中间 感动 眼泪 哗哗 以致于 下去 孩子 催促 只是 奇怪 看着 静静地 等待 继续 前面 很多 妈妈 孩子 流泪 儿子 只是 皱起 眉头 表情 沉重 地问 是不是 好像 懂事
0,本来 喜欢 这部 卡通 说明 清清楚楚 英双语 对白 英双语 字幕 绝无 重复 买回来 一看 里面 竞然 还有 米老鼠 唐老鸭 不说 根本 中文 对白 字幕 更气 还有 重复 缺德 骗子
0,泰和 不错 入住 退房 手续 时间 入住 时先 告诉 未整理 不能 先办 入住 行李 因急 其他 事情 后来 分钟 办好 入住 手续
0,首先 你们 承认 上当 以前 小孩 基本上 纸要 这个 很多 这个 拿在手上 很小 质感 下本 一起 厚度 不到 厘米 另外 装订 订书 固定 小孩 危险 小宝 以前 割伤 过嘴 小孩子 看书 老实 以后 大家 看好 明白 不要 价格 不贵久 现在 一点
1,同类 算是 配置 实用 外观 简洁 大方 高清 接口 测试 内存 现代
0,预定 这么 多次 遇到 最烂 行政 豪华 早上 点半 起来 洗澡 热水 开发票 时说 发票 帮帮忙 不要 放在 你们 网上 害人 谢谢
1,做工 不错 原来 马来西亚 制造 使用 几天 系统 稳定性 不错 屏幕显示 效果 出色 电池 时间 行个 小时
1,每一款 机总有 一处 吸引 有失 这个 价买 机子 键盘 不错 手感 打字 舒服
0,宾馆 估计 二星 三星 硬件 忍受 前台 服务 就让 难以忍受 前台 服务 很差 红梅 女服务员 态度 极其 恶劣 已经 口头 大堂 经理 投诉 希望 下次 兄弟姐妹 不要 碰到 这么 补充 点评 年月日 宾馆 估计 二星 三星 硬件 忍受 前台 服务 就让 难以忍受 前台 服务 很差 红梅 女服务员 态度 极其 恶劣 就算 大街 碰到 态度 晚上 前台 一直 知道 干什么 不耐烦 干什么 只好 小心 住宿 然后 不耐烦 办理手续 退房 碰到 这么 上帝 态度 不敢 想象 好象 深仇大恨 已经 口头 大堂 经理 投诉 希望 下次 兄弟姐妹 不要 碰到 这么 同时 希望 宾馆 回复 宾馆 反馈 年月日 关于 反映 情况 客房 领导 高度重视 立刻 召开 总台 员工 所有 管理人员 专题 当事 员工 进行 批评 教育 培训 保证 今后 工作 提高 服务质量 树立 以客 为先 服务 意识 努力 做好 对客 服务 工作 再次 真诚 致歉 期待 再次 入住 镇江 大酒店
0,开机 风扇 直接 运行 出风口 热风 呼呼 一直 不停 一大跳 不过 装完 系统 驱动 建议 华硕 赶紧 加上
1,教案 案例 适合 这边 教育 模式 实验 条件 不管 学生 或是 教师 生物 不够 重视 马马虎虎 就行了 中考 即使 看书 一定 能过 教室 上课 视频 看够 北京 她们 学校 学生 这方面 重视 学生 生物 学习 准备 充分 实验 数据 讨论 起到 相当 教学效果 配合 不过 这个 初中生物 教学 重视 教师 帮助
0,要不是 熟悉 地看 张爱玲 不会 翻开 这个 男人 要不是 为了 更加 心安理得 了解 张爱玲 不会 这个 男人 张爱玲 见解 为了 别人
1,看过 活着 一书 催人泪下 深感 生命 脆弱 世事 无常 主人公 福贵 历经 磨难 从不 命运 低头 从不 抱怨 生活 顽强 姿态 继续 生活 精神 值得 每个 人来 学习 正如 书中 所言人 为了 活着 本身 活着 不是 为了 活着 之外 任何事物 活着 不管 遇到 多大 灾难 多少 痛苦 应该 选择 勇敢 坚毅 顽强 活着 活着
1,性价比 挺高 特别 特惠 划算 性能 足够 一般 使用 反正 上网 少量 文本处理 相当 充分
1,之前 一本 朋友 拿到 手后 喜欢 下单 质量 真的 不错 只是 知道 是不是 运输 过程 碰撞 关系 破损 希望 当当 加强 送货 包装 强度
1,地毯 很脏 用具 水壶 马桶 老化 服务 非常 地热 矿泉水
0,发错 退款 居然 不肯 退还 运费 快递 公司 已经 送过 承认 快递 公司 已经 提供 服务 当当 理应 由当 当来 承担 运费 不合理 简直 抢钱
0,说实话 满怀 期望 等到 发现 里面 三分之一 治病 方法 剩下 只是 主观 比喻 比喻 比喻 加点 遐想 特别 繁冗 明显 篇数 悲哀
0,不想 不想 买来 无用 觉着 意思 可是 看多 一次 感到 内涵 不深 不想
1,月份 入住 大床 非常 满意 的确 水平 当时 价格 低下 机会 还会
0,比起 摄像头 钢琴漆 键盘 硬盘 价格 仅仅 比少 除了 颜色 选择 理由
0,我家 宝宝 两岁 套书 对于 来说 简单 吸引力 大家 理想
1,性价比 除了 集成显卡 其它 不错 玩游戏 绝对 只能 才能 物尽其用 过程 辛苦 一下 备份 以后 好办
1,整体 不错 下次 还会 这里 几楼 火锅 推荐 一下
0,好大 一本 少字少 一点 孩子 看开 本太大 硬硬 一点 孩子
1,拿到 下巴颏 哪里 分明 小册子 厚道 可是 价格 便宜 便宜 是从 消费 角度 把它买 小说 看看 后悔 别的 是从 投资 角度 学到 短线 操盘 技巧 这本 小册子 绝对 超值 相当于 五毛钱 买到 武功 秘籍 如来 神掌 不带 忽悠 真的 如来 神掌
1,位置 不错 上海 徐家汇 中心地带 性价比 一般
0,装修 成旧 浴室 出水 很小 洗澡 方便
1,刚刚 看到 这篇 小说 非常 期待 看到 真真正正 读时 起初 吸引 注意力 跟着 慢慢 体会 其中 酸楚 尤其 最后 第十章 读边 掉泪 真的 伤心 知道 感受 一定 放弃 写作 实在 太悲 读完 突然 有种 念头 以后 悲情 小品 实在 伤心 不过 间接 说明 月影 写作 实力 加油 支持
0,插图 很大 生动 形象 里面 故事 小孩子 碰到 事情 并且 启发性 女儿 以后 喜欢 碰到 类似 事情 大卫 呵呵 看来 受到 潜移默化 影响 总的来说 个人感觉 不错 难怪 获过 大奖
0,看到 拉拉 仿佛 看到 现在 一名 销售 助理 行政主管 我视 拉拉 其中 人物 内心 感受 惊人 相似 体会 主人公 拉拉 感受 理解 拉拉 举动 迷茫 拉拉 前进 动力 作为 踏上 社会 来说 总是 感情用事 做事 太直 不断 吸取 社会 经验 为人处事 知道 不断进步 书中 很多 道理 实用 有时 刻意 要求 怎样 怎样 有时 我会 埋怨 公司 看起来 似乎 最忙 可是 薪水 依然 最低 拉拉 榜样 同行业 榜样 我要 进步 只要 努力 一定 进步 拉拉 升职 值得 阅读 一本 好书
1,价格 适中 地理位置 稍微 一点 不是 路边 但离 商业街 北京路 很近 门外 一条 小食
0,无线 网卡 无法 使用 系统 不爽 改装
0,内存 实在 浪费 升级 内存 驱动 光盘 对应 容易 蓝屏
1,体质 类型 怎样 养生 一下子 找到 方向 以前 饮食习惯 不合理 荤腥 蔬果 长期 下来 便秘 非常 痛苦 为此 养生 不少 针对性 不够 中医 体质 养生 重视 个体差异 根据 书中 建议 一味 中成药 见效 很快 产生 平时 泄药 副作用 体质 分析 非常 透彻 目前 发现 一本 隆重 推荐
0,光驱 发动机 声音 很大 系统 难装 根本 不到 驱动 发热量 很大
1,轻薄 绝对 令人满意 做工 来看 似乎 延续 品质 散热 预想 很多 原以为 这么 连续 使用 肯定 速度 不错 那个 动辄 就要 确认 是否 继续 提醒 令人烦恼
0,可能 是因为 国情 不同 可能 期望 过高 粗粗 教条 理论 较强
0,日本 风格 人物画 看起来 吃力 营养 用个 小时 搞定
1,大床 非常 值得 推荐 游泳池 免费 长途电话 缺点 大堂 太小 以及 门口 出租车 只要 机场 肯定 要钱 机场 来时 只元 机场 要元 时间 理论
1,帮别人 拿到 书后 粗略 一下 真的 由浅入深 第一 部分 基础 对话 练习 接着 设计 完形填空 阅读 理解 练习 最后 一部分 阅读 常见 谚语 成语 比较简单 适合 基础 不好 提高 阅读 能力 学生 初级 自学者 认真 利用 提高 阅读 能力 帮助 建议 要是 提高 学生 学完 这本 继续 提升 能力
1,拿到 书到 昨晚 读完 不到 一周 时间 开始 运用 书中 描述 方法 改变 日常生活 知道 达到 那种 平衡 状态 还要 修炼 很久 现在 以前 平和 积极 很多 明白 内心 喜悦 任何人 不管 周围 事物 怎样 变化 我会 推荐 亲爱 朋友 家人 生活 喜悦 希望 一定
1,外观 时尚 亮丽 精致 无可挑剔 系统 很多 软件 喜欢 剪辑 视频 电影 片段 还有 很多 功能 有待 发现
0,终于 拿到 开机 屏不亮 本人 总部 退机 现在 检测 工作日 呵呵 买个 容易 时间 浪费 请问
1,体积小 携带方便 发热量 电池 待机时间 一般 广告 时间 短个 小时
1,性价比 不错 东晖楼 商务 早餐 不错 门童 不是 主动 押金 最高 大堂 主管 现在 带够 密码 输错 导致 押金 不足 主管 舒心
1,儿子 恐龙 迷买书 看见 这么 多种 恐龙 名称 似乎 非常 丰富 拿到 以后 发现 每本 不是 不是 故事 形式 讲述 而是 科普 形式 儿子 非常 喜欢 连续 两个 基本上 现在 只要 翻开 第一页 指着 每种 恐龙 头像 说出 名称 恐龙 化石 地球 分布 恐龙 出现 年代 等等 饶有兴趣 只能 孩子 孩子 视野 大人 眼光 一定 适合 孩子
1,大概 很多 中学生 乃至 大学生 成人 所处 这个 世界 这个 宇宙 充满 好奇 不错 选择 立足于 高中 基础知识 深入浅出 满足 好奇 同时 不会 很多 知识 了解 自卑感 烦躁 同时 能够 扩大 知识面 于是 朋友 面前 话题 不至于 提及 一类 成为 局外人
0,本人 清明 假期 一家 三口 高高兴兴 通过 订房 入住 想来 豪华 自驾游 哪知 小得 可怜 对比 国内外 四星级 以上 环境 环境 算得 恶劣 前台 办理 入住 手续 工作人员 告诉 我米 以下 小孩 早餐 免费 于是 成年人 早餐 第二天 早餐 餐厅 经理 小孩 需付 半价 对外 收费 全价 最后 经过 一番 交涉 大堂 经理 折价 已经 一家 游趣 全无 环境 根本 不值 四星 水平 装修 地理位置 如此 高价 不解 补充 点评 年月日 还有 上网 居然 收费 国内 第一 碰到 不可思议
0,满怀 期待 毕淑敏 心理 阅读 之前 这部 作品 充满 期待 读过 不少 毕淑敏 作品 非常 喜欢 平实 富有 哲理 简洁 语言 讲述 故事 特别 读过 女工 连续 多次 非常 喜欢 说句 心里话 读完 心理 有些 失望 学理科 非常 喜欢 阅读 这部 作品 主人公 贺顿 由于 自身 出身 卑微 聪明 一定 追求 不断 努力 获取 心理咨询 资格 为了 开办 诊所 嫁给 内心 厚道 根本 感情 男人 知道 主人公 带给 读者 同时 作品 几个 故事 远远 脱离 日常生活 看着 纯粹 为了 写作 写作 毫无价值 除了 几句话 留有 一些 印象 其余 书后 忘记 真是 失望
0,一般 洗手间 浴缸 有些 下不去 标房 大堂 餐厅 窗户 晚上 好象 还有 用餐 音乐
1,位置 重新 装修 设施 还过得去 我订 房型 里面 还有 网速 不错 只是 浴缸 垫子 竟然 还有 黑印 不好 早餐 丰富 不过 好像 重庆 早餐 雷同 不错
1,其实 品牌 小厂 太大 不同 质量 控制 体系 售后 特别 笔记本电脑 一般 上网 文件 处理 看看 照片 足够 盲目 要求 配置 啥意思 两年 再换
1,性价比 不错 其实 一直 关注 不过 性价比 不好 一直 犹豫 未买 幸亏 没买
0,我住 安静 上面 还有 很多 毛头 早餐 非常简单 很差 水平 牛奶 味道 很淡 除了 桔子 番茄 水果 每天 早上 总台 领餐 离谱 即使 嫌烦 增加 总台 工作量 况且 早晨 总会 有人 退房 本来 瓶装水 好事 那个 质量 实在 首先 瓶子 发黑 各个 瓶子 发黑 程度 不同 开启 明显 回收 原料 违法 本人 塑料 材料 说水 股怪 味道 这个 实在 太过分 前面 这个 价格 这个 质量 合适 你们 仔细 北京 远有 价低 质优
1,不错 动人心魄 缠绵 两个 凉薄 男人 彼此 靠近 找寻 温暖 保持 适当 算计 距离 人性 如此 以为 无可厚非 应该 先爱 才能 别人 爱情 说到底 不外乎 人情 怎么 爱人 靳辰 萧志皓 身处 娱乐圈 他们 同性恋 身份 计较 宽容 需要 环境
0,南方周末 看到 眼泪 检验 文学 唯一标准 一文 承认 当时 小资 写得 煽情 题目 到手 翻而阅 故事 小说 电影 电视 常见 套路 文革 背景 生死恋 血疑 情节 甚至 更为 简单 可能 区别 只是 悲剧 死亡者 男同胞 老三 鄙视 封底 推荐 一系列 大小 名人 随后 一本 颇为 有趣 职场 小说 拉拉 升职 使得 生活 生活
1,双核 硬盘 摄像头 经济 实惠 分布 合理 安装 不错
1,朋友 推荐 本来 网上 链接 本人 习惯 传统 阅读 模式 感人 尤其 看到 正东 佳期 悄悄地 回来 唏哩 哗啦 结局 完美 他们 对待 爱情 态度 全心全意 地爱 伟大 诠释 最近 身边 很多 朋友 莫名其妙 分手 不禁 几分 迷惑 看过 之后 坚定 爱情 信心 决定 好好 地去 珍惜 身边
0,怎样 价格 贵有 上当 特别 纸张 太差 朋友 怀疑 盗版 下次 网购 之前 书城 看看
0,所有 旅馆 最差 预订 时说 希望 无烟 房门 以后 烟味 各种 体臭味 一夜 未眠 旅馆 可能 根本 无烟 竟然 事先 一下 算是 失职 设施 破旧 毛巾 发黄 床单 被套 旧旧 搞不清 有没有 换洗 服务 人员 全是
1,原以为 套书 对于 刚满 女儿 简单 兴趣不大 没想到 深得 女儿 喜爱 读完 还要 仔细 阅读 一遍 主要 看图 并且 进行 角色扮演 自封 跳跳 妈妈 蹦蹦 画面 简约 好多 有趣 生动 细节 故事 简单 蕴藏 令人 回味 哲理 温情 适合 年龄 层面 应该 性价比
0,散热 系统 以前 差多 小时 烫手 说道 检测 耽误 三包 没法 国家 质检 总局 不了了之 显示屏 遇到 次品
0,预订 小姐 推荐 怎么 字烂 两个 真烂 三个 实在 典型 政府 国营 单位 痕迹 根本 服务 三星 勉强 花多 红酒
1,发货 速度 真的 以前 当晚 五点 付款 过会 确认 小时 发货 第二天 申通 快递 送到 华硕 起来 真的 不错 光驱 只要 几分钟 硬盘分区 起来 非常 内存 机器 认出来
1,性价比 服务 延迟 退房 对于 晚班 飞机 离港 游客 非常 有利 只是 希望 早餐 收费 一样 自助餐 吸引力 广九东 太贵 建议 金钟 坐地铁
1,配置 显卡 卖点 包装盒 典藏版 内存 简单 官方网站 驱动 提供 下载
1,整体 不配 系统 安装 系统 方便 几个 系统 呵呵
0,屏幕 尺寸 原本 更大 液晶 尺寸 小于 上盖 尺寸 自带 软件 有个 禁止 运行 亮度 调节 关闭 无线网 功能 失效 希望 这个 能够 兄弟 提醒
1,母亲 身体 不是太好 注意 养生 经常 关于 这方面 电视 由于 节俭 习惯 从不 来看 经常 不有 身边 为了 有效 帮助 母亲 保护 身体 买来 送给 价格 心怡 正版书 母亲 收到 特别 高兴 相关 电视节目 这些 业余生活 主要 还会
0,出差 太差 最糟 环境 旁边 一家 商店 饭店 旁边 运营 火车站 马路上 不时 驴车 经过 内部 装修 根本 不是 开业 至少 开业 几年 地毯 其脏 卫生间 独立 淋浴房 只是 浴帘拉 一下 洗澡水 蔓延到 整个 卫生间 毛巾 不敢 第一天 洗澡水 大约 温度 不足 同事 蟋蟀 两晚 房费 中含 早餐 更是 总共 品种 大约 只有 六七个 不到 几粒 只能 喝粥 汤水 其余 冷掉 起得 不晚 早饭 小馒头 冷得 硬梆梆 同事 盘子 一圈 回去 真是 差到 不想 这个 唯一 可能 尚可 服务
1,宽敞 大堂 星级 差距 较大 电梯 速度 尤其 高层
0,前台 服务 极差 观景 第一天 入住 前台 人员 坚持 我订 套间 打电话 确认 我订 观景 退房 发现 前台 人员 私自 改动 当时 确认 房价 房价 当初 确认 改成 这个 过程 从未 确认 可笑 前台 收款 小姐 连水单 确认 怀疑 是不是 黑店 客房 服务 原本 睡个 懒觉 早上 点钟 睡梦中 电话 吵醒 几点 起床 打扫 睡醒 居然 追问 小时 后能 不能 毛病 据说 岛上 最好 不如 三星
0,声音 不好 电池 的确 不经用 小时 温度 一直 在度 以上 知道 回事
0,一般 一般 一般 一般 一般 一般 一般 一般 一般 一般 一般 一般 一般 一般 一般 一般
0,屏幕 尺寸 比寸 小键盘 容易 进灰 建议 键盘 贴膜 摄像头 刷新率 好像 不高 总闪 官方网站 下载 所有 驱动 统统 发现 还有 三个 未知 设备 郁闷 告诉
1,性能 不错 驱动 支持 驱动 精灵 手动 驱动 费劲 不过 机器 满快 屏幕 玩游戏 很爽
1,性能 配置 算是 中等偏上 大多数 用户 足够 外观 低调 不失 大气 回家 台式机 放在 家里 不错 屏幕 中老年人 家里 上上网 之类 舒服
0,说实话 不太好 不会 学到 只是 一些 平时 日常生活 中用 网上 随便 搜一
0,换书 要求 客户 邮寄 北京 邮费 相当于 书费 还有 必要 一本 更好 你们 服务 失望
0,配件 太少 配版 居然 主机 电源 一大 鼠标 内胆 包外 别提 擦布 应该 再配 一标
1,漂亮 质量 还有 独立 显卡 学生 不错 上学 妹妹 真的 合适 要是 红色 更好 需要 独显 那个 模具 集显 超值
1,身处 纷繁复杂 社会 难免会 遇到 各种各样 不同 境况 充分 了解 才能 其中 游刃有余 这本 遇见 未知 受益匪浅 发现 愉快 成长 方法 明白 生活 许多 不快 其实 造成 介绍 知己 觉得很有 感悟 发现 彼此间 共鸣
1,轻松 闲暇 时间 简短 加西亚 以一 历史 故事 背景 引出 关于 人为 人为 浅显 道理 道理 浅显易懂 所有人 参透 加以 运用 成功 少数 能够 真正 参透 成功 法则 人才 睿智 此书 希望 迈向 预备 迈向 成功之路 指引 方向 提供 心灵 捷径 薄薄的 小册 起来 简单 起来 不易 无论是 从政 从商 一本 受益 一生 好书
0,早餐 很差 服务 预定 无烟 大床 发现 张床 他们 发现 大床 没错 吸烟 后来 发现 床垫 上放 屁股 处有 大大的 凹陷 绝对 劣质
0,于丹 心得 电视 看过 上网 看过 记得 大学 老师 还放 看过 现在 看有 一本 还有 书签 印刷 彩色
0,一点 以前 屏幕 使用率 一些 不过 分辨率 提高 弥补 显得
1,性价比 高找 好多 商场 找到 合适 同样 别的 好贵
1,懒散 家伙 女扮男装 混水摸鱼 成为 神秘 酒楼 鬼马 店小二 迎来送往 尽遇 风流倜傥 玉树临风 贵公子 小小 女子 如何 帅哥 丛中 游刃有余 玩得 风声水起 酒楼 主人 神秘 贵公子 天生 八字 不合 小说 帅哥 如林 乐事 多多 情节 曲折 紧凑 极具 看点 起点 中文网 超人气 签约 作家 林家 成继狐戏 红尘 鼎力
0,客房 服务态度 早餐 不错 灯光 满意
0,特别 关于 总监 同志 感情 一直 脱不了 琼瑶 影子 一厢情愿 自我感觉 甚好
0,当当 送货 真是 太慢 下单 收到 快递 起码 电话 快递 本城 几天 送来 首先 下雨 不送 后来 一直 没人 尽量 安排 几本书 一套 一共 每本 几块钱 发错 一本 一本 重复 一本 没发 打电话 当当 的话 整套 邮局 汇给 他们 然后 换货 不过 实在 不想 这么 麻烦 几天 一次 交易 暴露 当当 很多 总之 这次 交易 愉快
1,好看 孩子 特征 不是 一味 向前 讲故事 而是 停顿 留给 孩子 许多 时间 思考
0,先说 硬件 设施 经济 套房 预订 注明 无烟 入住 重新认识 套房 很小 家具 地毯 很脏 特别 烟味 非常 刺鼻 难以忍受 立刻 要求 前台 服务 人员 说要 先到 确认 一下 服务员 门口 味道 木头 味道 呵呵 进屋 闻到 怪味 可想而知 这味 不是 新装修 不是 特殊 木料 哪来 木头 味道 坚持 于是 同房 味道 服务员 看好 顺便 行李 出门 服务员 我关 晚上 回来 发现 打不开 打开 推不开 无奈 一脚 总算 犯愁 关不上 仔细 明白 门框 太紧 于是 第天 早上 又费 九牛二虎之力 开了门 卫生间 毛巾 旧都 灰色 一开 洗脸盆 冷水 龙头 发出 发动机 一般 巨响 立刻 关掉 服务 一人 入住 早餐券 早餐 结束 但点 已经 很多 种类 品种 很少 餐桌上 一双 筷子 调羹 刀叉 方便 退房 顺便 剩下 餐券 还给 前台 正好 大堂 经理 过来 询问 入住 情况 入住 人数 餐券 大堂 经理 委屈 大床 张券 服务 一下子 反应 过来 联系 那台 莫名 收费 成人 节目 恍然大悟 可惜 出差 不是 娱乐 补充 点评 年月日 只能 服务 人员 热情 高分 服务水平 一般 设施 实在 居然 冰箱 提供 不是 瓶装水 桶装水 不是 敢喝 诸位 下定决心 失望 怀疑 这些 高分 怎么 评出来 宾馆 反馈 年月日 尊敬 先生 允许 称呼 入住 姓名 宾客 意见反馈 姓名 一致 非常 感谢您 留言 提出 宝贵意见 对于 指出 关于 各类 硬件 已有 计划 年底 客房 相关 设施 进行 装修 同时 对于 服务 方面 出现 引起 高层 高度 关注 方将 对于 此事 进行 彻底 调查 相关 员工 做出 相应 处理 同时 方会 员工 进行 方面 培训 加强 服务 意识 提高 服务 品质 希望 下次 机会 提供 优质 服务 信息 存入 客史 资料 下次 入住 提供 个性化 服务 最后 再次 感谢您 对本 提出 各种 建议 以便 更好 客人 服务 提高 服务 品质
0,全说 客观 大家 参考 电话 不能 外线 为什么 说明 拖鞋 不是 一次性 买点 小东西 不能 计入 房费 单独 结帐 插座 竟然 外面 是不是 安全 关键 服务态度 招待所 态度 满意 不能 退房 补充 点评 年月日 早餐 七点 供应 宾馆 反馈 年月日 感谢您 己经 意义 建议 反映 上级领导 并且 改进 服务 希望 下次 入住 时会 真正 体会 进步
0,打开 包装 发现 电池 已经 装在 机器 如何 安装 光盘 请问 是否 上个月 电池 机器
0,不好 为何 有些 不错 霉味 非常 跟前 抱怨 前台 居然 每间 发火 调整 只是 情况 稍微 好点 依然 一股 霉味 设施 不好 空调 午夜 突然 失去 功能 一点 冷闷 晚上 不好 饭店 下层 办公楼 电梯 共用 速度 浪费时间 停车场 保安 很差 下雨天 不愿开 栅栏 靠近 门口 直到 开口 人才 服务 很差 宾馆 反馈 年月日 尊敬 宾客 您好 得知 愉快 经历 深表歉意 接受 诚挚 道歉 谢谢您 宝贵意见 领导 对此 非常重视 召开 专场 会议 查找 落实 改进 管理 不断改进 提高 服务质量 确保 每位 客人 宾至如归 谢谢您 支持 衷心 期待 再次 莅临
0,强烈要求 物流 邮政 快递 太慢 五个 工作日 到手 慢机 的话 暂时 发现 毛病 系统 难搞 希望 改进
0,接口 只有 两个 机身 右下角 位置 外接 鼠标 碍事 当然 换成 蓝牙 鼠标
1,一种 感慨 西方 书商 服务 中国 出版商 商品 量表 直接 网上 下载 马上 用于 实战 中国 书上 省略 一部分 动足 脑筋 不会 总说 世界 接轨 书价 差不多 服务 差得 现在 大概 非洲 接轨 外国人 只是 注意 文化背景 差异
1,临渊羡鱼 不如 退而结网 深入 解析 平均线 趋势 线布林线 指标 操作 基础 指标股 判断 大盘 趋势 如何 正确 运用 多空 搏斗 如何 追跌 杀涨 回转 交易 以及 利好 利空 影响 操作 策略 逐一 剖析 平和 心态 面对 市场 不以 喜不以 不经意 之间 收获 很多 快乐 老师 股市 投资 得到 一种 提升 谢谢
0,收到 实在 不行 再订 送货上门 别人 过生日 书生 没来
0,朋友 反馈 不好 下次 不再 这个
1,任何 优点 价格 高质量 不好 需要 反面 案例 完全 拿来 样品
0,冲着 毕淑敏 名气 还有 冲着 心理 略带 神秘 玄乎 字眼 首先 文笔 一点 得赞 手法 创新 套用 近几年 时髦 模式 写作 毫无 新意 可言 厌恶 简介 故弄玄虚 地写 几个 病人 的话 还有 目录 各个 章节 主旨 毫无 直接 关联 标题 哗众取宠 人物 方面 人物 个性 突出 尤其 那个 心理学 最高 权威 多么 多么 厉害 来头 对话 个性 不见得 高深 简直 俗人 心理 人生 经历 俗得 不能 再俗 连大演 连续剧 相似 情节 个性 发展 出现 断层 尤其 是从 养老院 心理学 转变 牵强 其他 人物 读完 一点 印象 各人 值得 浪费时间
0,粗略 一遍 同事 一下 这本 书写 难看 下去 里面 描述 粗不太 实用 没什么 意思
1,客户 需要 只住 一次 以前 这次 很多 方面 需要 改进
0,满怀 憧憬 看到 最后 想象 震撼 泪流满面 文笔 很差 初级 叙述 不能 产生 情感 共鸣 建议 学习 那些 作品 同样 文革 看看 余华是 怎么 同样 爱情 看看 琼瑶 阿姨 怎么 描述 还有 这篇史 纯洁 爱情 名不副实 艾米 以为 单纯 描写 男女 主角 发生 关系 纯洁 看来 爱情 理解 浅薄
0,要是 蓝牙 摄像头 完美 不过 价格 上去 星期 不爽
0,不想 不想 买来 无用 觉着 意思 可是 看多 一次 感到 内涵 不深 不想
1,电池 强劲 能够 满足 上网 办公 使用 键盘 改用 挺好用
1,性价比 高质量 不错 安装 系统 碰到 难点 驱动 管网 小时 搞定 哈哈 酷冷 底座 不太好
0,我家 宝贝 男孩子 四岁 一套 系列丛书 孩子 不怎么 喜欢 可能 东西方 文化差异 故事情节 大人 接受 不了 比如 长牙 小鸡
1,由于 鼠标 拖到 送到 不过 意外 当天 降价 价保 便宜 算是 额外 收获 系统 怎么 无线 网卡 稳定 驱动 重装 好像 宣传 网卡 可惜 家里 路由 怎么 验证 速度 没什么 已经 升级 耳机 处理 电池 小时 好像 不到
0,来讲 登封 印象 基本上 脏乱差 典型 设施 极端 简陋 洗手间 浴帘 洗个 满屋子 衣服 餐厅 竟然 不到 点去 已经 黑灯瞎火 总之 阴暗 老旧 条件 一般 不过 地理位置 不错 对面 超市 还有 小吃 一条街
1,位置 不错 质量 停车位 一点 停车 紧张 不过 理解 处于 南京市 市中心
0,怀疑 五星 标准 三星 不如 失望
1,借着 央视 百家讲坛 收藏 名声大振 先生 博客 精选 些许 小文配 一些 藏品 介绍 套马 小书 印刷 精美 爱不释手 文章 取材 博客 多为 生活 感悟 以及 往事 追忆 从中 看到 更为 立体 更为 鲜活 收藏 大家 马未 关注 不仅仅 收藏 文化 国家 社会 一份 关切 期许 这一 大半辈子 生活 体悟 或许 满肚子 收藏 经验 更为 宝贵
1,最近 不知 怎么回事 很多 后宫 方面 郁闷 早就 关注 大心 这本 看到 上架 马上 订货 还好 第二天 送到 看到 凌晨 为了 着眼 上班 必须 几个 小时 一句 好看 怎么 这么 好看 一直 看大心 结局 这次 可能 为了 出版 有些 遗憾 看过 大心 色遍 无法比拟 好看 希望 出版
1,看到 很多 拜托 意气用事 静下心来 批评
0,很多 这书 看到 排行榜 排名 完全 故事 胡扯 喜欢
0,设备陈旧 服务 差劲 不如 二星级 水准 令人 郁闷 早晨 七点 火车 赶到 告知 九点 入住 否则 就要 半天 房租 为了 避免 挨冻 多付 不算 结分 真是 冤透
1,性价比 高性能 不错 用个 盘版 搞定 不用 命令行 重建
1,早餐 价格 算是 较贵 设备 陈旧 不过 有个 游泳池 不错 二楼 日式 料理 巴西 烤肉 自助 不错
1,样子 漂亮 键盘 很帅 手感 几天 除了 上面 那个 快捷键 按着 反应 其他 还好 发货 速度 很快
1,出行 非常 方便 地铁 很近 后面 酒吧 一条街 不错 想象 中小 被子 超软 舒服 以后 这里
1,非常 干净 新装修 服务 不错 早餐 被子 很厚 非常 松软 哈哈 满意
1,明明 信用卡 担保 过去 只好 升级 最后 升级 愉快 不过 不错 万豪 管理 不错
1,不错 早餐 也好 客房 舒适 比较满意 一次 预订 宾馆 反馈 年月日 感谢您 对本 支持 一如既往 保持 星级 餐饮 服务 标准 欢迎您 再次 下榻 衷心 祝您 身体健康 工作 顺利
1,外观 很漂亮 键盘 很漂亮 条子 蓝牙 全都 完美
1,长大 以后 喜欢 笔下 看似 无厘头 充满 智慧 皮皮 皮皮 朋友 杜米 阿尼卡 皮皮 离开 航海 一段 撕心裂肺 伤心 竟然 忍不住 眼泪 然后 看到 皮皮 不能 忍受 有人 伤心 毅然决定 留在 朋友 身边 杜米 阿尼卡 一样 雀跃 最让人 欣慰 当然 皮皮 总有 金币 用不完 力气 林格伦 本事 流泪 不得不 承认 仍然 小孩
0,电池 背后 部分 做工 不是 特别 略显 松有 点点 缝隙 仔细 看看 另外 白色 皮质 内胆 显大 一点 表面 皮质 不错 当中 纯粹 薄薄的 海绵 里面 看起来 山寨 电池 突出 当然 底部
1,性价比 外观 很漂亮 改后 很快 装好 不错
1,外观 很酷 商业 喜欢 这个 简洁 键盘 手感 散热 性好 手腕 位置 不怎么 风扇 转过
0,后来 不到 标准 宾馆 反馈 年月日 提出 具体 方面 尽力 完善 改正 谢谢
1,上海 几天 最好 四星级 整体 品质 房台 转角 非常 舒服 儿子 玩得 非常高兴 服务 人员 态度 冷漠 对待 外宾 区别 同样 出租车 居然 客人 回头一看 一对 外国人 这家 难道 不是 客人 出于 礼貌 心里 舒服 希望 价格 低点
0,好多 好处 儿子 三岁 反应 出乎 意料 开始 不想 晚上 睡觉 指定 我要 妈妈 那个 小孩 喜欢 牙齿 好象 想不到
0,这个 国内 四星级 最差 一间 服务态度 质量 很小 早餐 连点 结束 基本 服务员 也许 是因为 旅游景点 附近 其他 三星级 方面 这家 价格 便宜 建议 千万别 一家 公安局 办公 大部分 公安局 客户 普通百姓 服务 很差 墙壁 隔音 设计 很差 因此 早就 显得 嘈杂 根本 没法 休息
1,竞生 先生 爱情观 开国 先河 情海 爱河 自由 遨游 真是 不亦快 老先生 爱情 理念 建立 女性 独立 两性 平等 基础 之上 老先生 生命 那些 独立 自由 勇敢 追求 爱情 女性 多么 可爱 虽作于 半个世纪 以前 其中 观念 今天 中国 仍然 前卫 很多 思考 启迪 书中 优美 语言 潺潺流水 娓娓道来 给人以 美的 享受 真是 美的 漫谈
0,摄像头 要是 磨具 安装 扫兴 宁愿 多个 作为 选配
0,屏幕 侧边 缝隙 系统 分区 不合理 怎么 一张 备份 关盘
0,之前 看到 大家 非常 于是 心动 回来 看看 非常 一般 很多 承认 俗人 很多 重要性 难道 现在 不够 不够 拜金 根本 需要 知道 重要性 估计 知道 关于 拥有 公主 一篇 起来 好象 道理 保养 好好 做事 那些 事情 放着 根本 符合 实际 情况 可能 每个 家里 保姆 还有 整本书 多页 事实上 段落 间距 很大 页面 留白 很多 根本 多少 一句 值得
1,性价比 已经 升级 内存 加装 安装 强大 键盘 手感
1,员工 服务 不错 地理位置 优越 早餐 内部 设施 较为 陈旧 房屋 面积 新建 经济性 相比 优势 不大未 体现 四星级 水准 目前 周边地区 正在 进行 拆迁 建设 楼下 晚上 施工 情况 屋内 听到 施工 声音 性价比 一般
0,知道 到底 了解 一下 具体 方法 一无所获 解决不了 实际
0,我下 订单 此书 送给 其他 送到 真是 奇怪 原因
1,不算 太小 不错 太软 挺舒服 干净 最大 上网 太贵 抢钱 似的 为什么 香港 免费 上网
1,坚持 一直 开始 学会 察觉 现在 生活 感情 非常
0,酒店设施 起码 十年 使用 时间 维护 欠佳 走进 一股 发霉 味道 扑鼻而来 地毯 污迹 斑斑 走廊 木制 衣帽 柜门 无法 正常 关闭 打开 柜门 霉味 衣帽 上面 还有 关不上 柜门 打开 发现 里面 管道 蜘蛛网 以及 厚厚的 尘土 控制台 中间 空地 居然 留有 上次 客人 留下 饮料瓶 卫生间 毛巾 居然 还有 几根 头发 不能 相信 电话 预定 眼中 网友 三星 今后 遇到 上网 条件 不便 急于 情况 绝对 不会 贸然 做出 电话 订房 风险 举动
1,上门 自提 服务 配货 速度 不错 原装 开封 机器 满意 性价比 不错 外形 满意
1,今天 看到 随机数 一段 豁然开朗 一直 有个 疑问 计算机 产生 随机数 怎么 可能 随机 肯定 确定 难怪 称为 随机数 今天 知道 应该 随机数 平反 准确 应该 称为 单向 随机数 见识
0,以前 有着 亲自 入住 失望 一切 显得 有些 有些 味道 价格 太贵 不值 今后 考虑 新开 两家 星河 假日 还有 百汇 或者 国际 假日酒店
0,幼稚 整本书 除了 大卫 几个 小孩 家长 一点 帮助 浪费
1,位置 不错 设施 齐全 价格 停车 不太 方便 收费
1,样子 不错 无亮点 数字键盘 对于 数字 吃饭 来说 方便
0,完全 根据 这部 电影 走红 出版 商业 很不全 里面 收集 很多 长篇小说 简化
1,香港 这个 地址 没想到 失望 当时 预订 时说 不要 楼层 大床 前台 告知 接到 这些 要求 好不容易 大床 窗子 出去 平台 压抑 卫生间 有股 难闻 味道 电视机 很小 很破 那种 服务 不太好 反正 受骗
0,触摸板 鸡肋 其实 压力 已经 完美 触摸屏 没什么 用处 不好
1,设施 陈旧 沙发 大概 年代 卫生间 很小 早餐 种类 旋转 餐厅 不错 交通 方便
1,同事 一下 画面 色彩鲜艳 详细 画出 某些 细节 部分 比如 翠鸟 嘴部 同事 有些 小小的 遗憾 地是 作为 亲子 阅读 文字 部分 趣味性 不够 对于 三岁 小宝宝 来说 需要 单独 解释 因此 套书 适合 较大 宝宝 当然 宝宝 植物 动物 感兴趣 初步 了解 一些 这方面 信息 套书 再好不过 非常 欣赏 书里 图画 细腻 传神
0,既然 鼠标 为何 不送 今天 广州 自提点 差点 就要 其中 前台 耳光 说话 不耐烦 好像 大家 似的 素质 真的 太差 严重 侮辱 晶东 形象
0,主板 减低 配置 版本 搭配 完全 发挥 应有 性能 网卡 无线 网卡 没用 兼容性 不好 至今 改装 无线 网卡 依然 无法 正常 工作
1,外观 漂亮 做工 精致 到货 全新 包装 封条 开封 电池 用个 小时 适合 使用 内胆 材质 单薄
0,终于 寒冬 选择 尝试 这家 新鲜 事物 一向 用于 尝试 愿意 她们 机会 可是 这次 真的 上当 划不来 这个 公寓式 几个 致命 弱点 列举如下 空调 简直 一塌糊涂 功率 噪音 大开 不管 吵得 无法 安宁 层楼 冷得 呼气 看见 洗衣机 不是 每个 这个 虚假 宣传 热水器 水压 冷热 不定 冻死 运气 洗澡间 暖气 热水 不够 强劲 肯定 感冒 阳台 进去 网络 乌龟 速度 一样 说来 这家 需要 空调 热水 季节 其他 季节 就免 晚上 公寓 一个月 这个 价格 上海 能租 房子 建议 入住 考虑 清楚
0,这书 可能 外国 格式 编写 个人感觉 不够 吸引力 不如 国内 儿童 书籍 趣味性 适应 中国国情
1,非常 不错 不是 处在 市中心 钟楼 鼓楼 不远 出租车 起步价 即可 或者 坐公车 车站 对面 环境 不错 干净 工作人员 服务
0,为了 交通 方便 选择 市长 大厦 以为 市长 大厦 可一 进门 失望 大堂 超级 应该 大堂 大厦 外观 不错 内部 糟糕 地毯 陈旧 可气 携程网 预订 看到 高级 套房 双人 早餐 办理 入住 手续 当时 只有 证件 前台 一份 早餐券 提出 质疑 前台 回答 必须 登记 两个 证件 才能 两份 早餐券 国内 很多 没听说过 无理 要求 预订 说明 注明 规定 前台 小姐 回答 这么 规定 竟然 连句 抱歉 的话 真是 恶心 印象 下次 不会 考虑 入住
1,我用 周多 时间 最大 时间 看片 不卡 常用软件 至于 极品 之类 游戏 台式机 好别 指望
1,读完 吴思 先生 潜规则 血酬 定律 一种 了解 中国 历史 工具 以前 不能 理解 一些 史实 迎刃而解 反观 当今 受益匪浅 拿到 发现 之前 潜规则 版本 一样 前者 复旦大学 后者 语文 出版社 看着 一样 版式 放在 书柜 有些 遗憾 后来 翻翻 语文 这个 版本 复旦大学 好些 版面设计 以及 书中 插图 自然 喜欢 吴先生 朋友 不要 错过
0,没多 记住 单词 大家 要是 单词 很多 方式 必要 这个 浪费 可是 后悔
0,环境 不好 气氛 不好 老婆 刚刚 进去 小姐 打电话 问要 不要 特殊 服务 真是 恐怖 老婆 不住 那边 最后 勉强 说服 老婆 晚上 后来 更是 恐怖 居然 开水 供应 然后 还要 烧水 水壶 居然 已经 后来 有个 服务员 勉强 当时 知道 最后 矿泉水 勉强 对付
0,装太 麻烦 网上 无数 贴子 最后 文件 启动盘 装上 驱动 装装 麻烦 特别 声卡 驱动 超级 麻烦 显卡 性能 玩游戏 勉强 凑合着
0,一本 加拿大人 中国 可怜 英文 示范 告诉 正确 英文 且不说 方式 不到 几个 单词 准确 表达方式 那种 嘲讽 态度 无法 接受 没错 英文 母语 如何 价格 不值
0,办事处 装修 原因 旅馆 这家 关系 得到 所谓 旅馆 怎么样 现在 告诉 大家 一下 宜宾 那家 这家 晚上 这里 鸡叫 不停 公母 一直 晚上 总台 那个 告诉 鸡婆 晚上 投诉 他们 他们 没告
1,成钢 刚到 学校 演讲 一段时间 济南 开第届 全国 博会 他来 山大 校内 网上 这次 确实 水平 主持人 去过 很多 国家 见过 很多 场面 风云人物 许多 热点问题 独到 见解 耶鲁大学 年轻 访问学者 一篇 博文 间接 星巴克 搬出 故宫 确实 年轻人 学习 榜样 推荐 此书
0,机子 入手 一下 系统 硬盘 店家 处理速度 相当 满意
0,出租车 司机 开始 为什么 要订 这个 实在 以为 司机 我拉到 别的 好赚 拉客 没想到 一路 开过 繁华 地段 来到 偏僻 角落 看到 看似 招待所 宾馆 第一印象 差进 宾馆 前台 东北 描述 磕碜 简直 地道 招待所 别说 三星 二星 算不上 网上 免费 宽带 一问 不是 每间房 刚好 我要 简直 郁闷 第二天 线板 拿来 特别 不能 前台 人家 回复 现在 已经 买不到 不能 上网 不能 回复 邮件 可能 一下子 损失 几万
0,个人感觉 散热 不是 起来 温手 华硕 散热 另外 键盘 间距 打字 习惯 电源 管理 之类 附加 软件
1,朋友 推荐 朋友 一眼 书皮 一看 唯心主义者 唯心 看起来 舒心 天堂 开始 理解 现实 生活 知道 现在 发生 事情 变成 以后 相信 世界 事情 串联 一起 他们 过去 现在 将来 喜欢 重新 开始 认识 身边 发生 每一件 事情 关注 身边 经过
0,发票 明白 赠包 电话 客服 处理 直接 音信 在线 客服 竟然 来个 优惠 包儿 不合理 既然 就别 赠包 本来 价格 一大堆 赠品 现在 还要 买包
1,朋友 看到 借去 她们 每人 她们 邮购 一套 可见 真的 不错
0,读完 张爱玲 以及 关于 张爱玲 这里 似乎 不错 急切 了解 关于 张爱玲 一切 读完 张爱玲 以及 关于 张爱玲 作品 以后 心情 兴趣 这个 垃圾 淡定 淡定 既然 一下 侧面 了解 一下 也好 可才 一节 不想 下去 于是 某个 角落 再也 不想 才子 文笔 实在 拙劣 絮叨 杂乱 庸俗 不知所言 猪脑子 所有 认为 华丽 词语 堆砌 一起 便成 所谓 华丽 句子 垃圾
1,欧式 简约 装潢 有飘窗 可惜 周围 全是 楼大床 张小床 拼成 看出 很小 羽绒被 枕头 跑马地 住宅区 安静 周边 超市 洗衣店 餐厅 一般 出门 不易 打车 免费 时代广场 收费 机场 穿梭 巴士
0,本来 不想 当当 服务 实在 太差 显示 出库 时间 今天 收到 选择 付款 方式 快递 货到付款 长时间 平邮 哪门子 快递 时间 最最 讽刺 投诉信 回复 继续 等待 先于 回信 一封 这本 书写 邮件 真气书 收到 还评 当当 服务 真的 超级 签收 其他 网站 早就 打电话 或者 发封 邮件 询问 一下 当当 邮寄 当当 来说 可能 正常 不然 怎么 邮递 时间 不闻不问
1,南京 所有 五星 选来 选去 这家 曾经 香格里拉 无论是 硬件 设施 服务 无可挑剔 如果说 缺点 房价 很贵 呵呵 但愿 能谈 优惠 房价
1,完美 打开 轻巧 键盘 手感 摄像头 清晰 东芝 硬盘 处理器 好测 温度 始终 上下 电池 用到 小时 上上网 没人会 小本 玩游戏 这个 足够
1,开始 喜欢 大概 是因为 我特 喜欢 天是 红河岸 这本 漫画吧 一直 期待 结局 现在 终于 完满 结局 真的 一种 很玄 每个 女孩子 看书 自觉 幻想 书中 女主是 就算 现在 年纪 已经 不小 时会 想法 真的 奇怪 其实 年轻 很多 女孩子 应该 感想
1,回忆 过去 总会 人变 安静 思考 同时 那样 安逸 思考 多少 年前 回忆 多少 年前 场景 突然 一下 过去 这么 多年 确实 这个 物欲横流 时代 很少 找到 安静 文字 仅仅 叙事 很多 妄加评论 很多 专家 口吻 很多 浮躁 名利 带来 一些 简单 快乐 简单 毋需 别人 争吵 毋需 别人 争夺 原来 平平淡淡
1,当当 服务 非常 到位 中有 一页 昨天下午 退货 感谢 当当
0,进入 自带 设置 安装 光驱 安装 挑碟 适合 知识 人群 研究 小时 成功
1,果盘 根本 打电话 几遍 开始 马上 后来 下班 第二天 送来 水果 整个 没切 物有所值
1,价格公道 配置 均衡 处理器 主板 芯片 显卡 新一代 外观 另外 轻薄 可能 整天 小黑 缘故 便于 携带 驱动 不用 网上 费时间
1,外观 大气 漂亮 散热 噪音 尤其 小键盘 造价 人员 非常 方便 适用 速度 性能 不错 自带 系统 掌握 方法 起来 更爽
1,重新 喜欢 明晓溪 作品 重新 回到 梦幻 世界 高中 超级 喜欢 明晓溪 作品 尤其 水晶般 透明 系列 超级 大一 宿舍 还有 泡沫 之夏本 以为 同学 知道 出乎 意料 每个 起劲 不是 单纯 谈情说爱 里面 人物 反射 生活 里面 爱情
1,设施 陈旧 一些 良好 服务 温暖 地理位置 环境 极好 年龄 较大 个人 旅游者 而言 入住 不失为 较佳 选择
1,五星 客观 也许 曾经 无愧于 这个 头衔 现在 看到 实在 有些 落伍 强烈建议 重新 装修 更换 设施 不过 服务 得知 满意 经理 主动 升级 服务
0,以后 不住 订房 还要 信用卡 担保 别人 看到 现场 改变 主意 恶心 前台 很差
0,钢琴 收集 指纹 功能 强大 哈哈 不过 没什么 个人 完全 忽略不计 信手 涂鸦 作品
0,去年 开始 广州 开始 不错 地点 好吃 方便 缺点 卫生间 太小 后来 越来越 差月 这次 尤为 不爽 晚上 睡觉 隔壁 客人 洗澡水 特大 声音 隔壁 装修 餐厅 服务态度 极差 可能 早餐券 部长 脸色 似的 一份 普通 拉肠 半个 钟头 没上 最后 不吃 前台 态度 不好 从头到尾 笑容 下次 肯定 不住 这里
1,上周日 接到 妈妈 电话 说书 已经 差不多 按照 书中 方法 进行 几次 操作 发现 餐后 血糖 明显 好转 看书 第一周 练习 测量 第二周 练习 餐后 血糖 降到 已经 趋于 正常人 水平 爸爸 高兴 妈妈 糖尿病 三年 多餐 血糖 最好 一次 希望 妈妈 病能 起到 一定 作用 希望 糖尿病人 真正 福音
1,不错 价格 实惠 服务 到位 推荐
1,性能 不错 回来 分区 个区 慢慢 享用 白色 再配 绿色 内胆 包酷 来说 不错 电池 时间 超长 喜欢
0,打扫 干净 桌下 竟然 一只 袜子 设备 早餐 还有 洗澡时 一半 竟然 冷水 差点 烫伤 总的来说 以后 不会 选择 入住 该家
1,宝宝 一岁 两个 套书 非常 喜欢 浅显易懂 重要 几乎 一页 宝宝 翻动 折起 小小的 马桶盖 五颜六色 泡泡 丰富 冰箱 激发 宝宝 探索 欲望 值得 推荐 提醒 一点 注意 最好 大人 宝宝 同时 引导 鼓励 宝宝 翻动 书中 活动 部分 不要 宝宝 自由 翻看 否则 宝宝 容易 活动 撕下来
0,电池 不行 连续 充电 小时 电池 只能 小时 分钟 电池 剩余 电量 显示 可用 小时 分钟 实际 使用 小时 分钟
0,三分之一 看不下去 一套 不值 大家 忠告 先买 一本 回去 看看 然后 剩下
0,垃圾 相当 垃圾 好多 重复 总是 关子 这个 详细 第二本 多少 那个 第一本 诸如此类 数不胜数 变相 手段 相当 下贱 字大行
0,新贵 多比贵 信任 天津 还有 自提贵 不爽
1,两本 准备 送给 某个 神经 超大 刺激 刺激
0,速度 一般 应该 适合 年轻人 字体 算是 老爸 看不清
0,实话实说 实在 不行 套房 居然 只是 一张 大床 一张 小床 加个 桌子 浴缸 热水 好几分钟 才能 出来 寒碜 早餐 早餐 两个 馒头 一点点 面条 一碗 稀饭 实在 想不通 收费 这么 早餐 拍照 存档 你们 实地考察 双早 忽悠
0,屏幕 坏点 不过 影响 电池 的确 不禁 一个多 小时 散热 键盘 右下侧
1,房型 有限 不过 商务 标准间 不错 设施 服务 到位 不过 这次 入住 边上 温度 保温 较差 自助式 早餐 午餐 口味 价位 适中 这个 不缺 客源 位置 偏僻 出租车 开发区 办事 方便
0,名不符实 订货 多日不见 送货 询问 客服 只会 推托 只会 要求 用户 再下 订单 如此 服务 留不住 顾客 别的 网站 服务 更好
0,连接 电视 接线 本本 接口 不知 为什么 发货 圆通 快递 中通 快递 发来 本本 北京 郑州 路上 两趟 送到 心急如焚 收到 本本 兴奋
0,最差 星级 原本 经过 装修 骨子里 水龙头 家具 地毯 等等 细节 出来 可恨 晚上 朋友 喝酒 回到 已经 点多 机票 要求 明天 送过来 早上 不到 送票员上 送票 可是 门卫 他们 保安 其他人 拒绝 上门 要求 下去 取票 头痛 厉害 他们 帮忙 协调 后来 几个 电话 始终 解决 最后 只好 投诉 他们 副理 晚上 还有 小姐 到处 到处 人管 人家 客人 送票 你们 就要 后来 知道 门口 索要 小费 离开 前台 服务员 态度 不好 门口 狗来 机场 告诉 别人 介绍
0,机盖 钢琴漆 真是 一大 败笔 不能 一摸 印子 真是 大汗 还有 太少
1,送货 慢号 订单号 打款 到货 保单 填写 盖章 送来 保单 没什么 没什么 中文 说明书 两张 文字 发现 微星 任何 标识 一部 直接 打得通 电话 一部 声讯 电话 次次 不通 浪费 消费者 电池 不是 原装 怀疑 水货
0,公寓式 一般 期望 不會 太高 不過 不失 可惜 南油 極度 失望 房間 是夠 裝飾 老土 低質量 豪華 二人 套房 推荐 這個 可笑 那種 套票 多付 六十元 打算 打幾局 保齡球 候給 那些 保齡球 贈券 搞笑 這些 贈券 不能 星期五 六及 日用 天呀 提醒 白白 多付 六十元 雖然 多重 點是 女友 很氣 憤難 平日 珠海 打保齡 那些 贈券 仍然 保留 著想 看看 南油 甚麼 解釋 宾馆 反馈 年月日 再次 表示 深深 歉意 运动 套票 包含 早餐券 高尔夫 保龄球 规定 平日 节假日 使用 由于 保龄球馆 事件 当日 有位 员工 业务 以为 周末 使用 其它 赠券 造成 误会 未能 及时 了解 不快 事后 专门 以此 案例 检讨 保证 不再 发生 同类 事件 表示 真诚 歉意 保龄球 随时 补办 提供 一套 免费 豪华 二人 套房 承诺 提供 优质 贴心 服务 希望
0,晚上 点下 大堂 去续 居然 看见 一只 老鼠 穿堂
0,预定 注明 二楼 入住 一楼 网上 说加 一份 早餐 实际 收元住 还要 停车费 豪华 单间 地毯 呼呼 真是 无语 环境 不错 可惜 环境
0,首次 开机 使用 默认 必须 优化 否则 起来 太卡
1,外观 漂亮 配置 均衡 接口 丰富 超值 散热 不错 不会 太热有 摄像头 麦克风 直接 进行 视频 聊天 读卡器 兼容
0,京次 包有 包好 里面 上次 音箱 包差 清洁 直接 心好 再就是 系有慢 其它 退步 不知 一些 消的 需求
0,预订 江景 豪华 套间 入住 江景 需要 打开 房门 通过 楼梯 通道 公共 台上 才能 看到 江景 可恶 卧室 居然 公共 通道 一面 玻璃窗 窗帘 看不到 江景 不说 楼道 人来人往 走路 声音 清晰 前台 要求 换房 小姐 无奈 要求 退房 小姐 有间 上楼 却是 标间 要求 退房 小姐 说楼 有间 上楼 这回 真是 江景 套房 宽大 舒适 直接 入住 洗澡时 发现 淋浴间 奇小 转身 费力 居然 忽冷忽热 无奈 忍一宿 早上 结帐 走人 四星 连星 不如
1,是因为 书名 起得 太好了 心声 恋爱 不曾 受过 伤害 一样 白羊座 真的 好似 这书 女主角 一样 她们 有着 白羊座 个性 书上 对话 有意思 喜欢 尤其 那句 放弃 代表 不爱 爱才 对方 选择 机会 那时 能够 明白
0,内存 应该 升级 另外 降价 大洋 郁闷 驱动 好找 华硕 客服 不太 满意 告诉 音箱 声音 太小 影响 使用 好暴 郁闷
1,重温 三毛 更加 喜欢 率直 爱情 真诚 三毛 离开 视线 喜欢 不会 因此 忘记 所有 感动 依稀 脑海 回荡 气息 现在 作品 捕捉 也许 正因 这个 世界 如此 虚幻 喜欢 真实 人们 更加 怀念 三毛
1,客房 管家 留言 温馨 下次 石家庄 的话 还会 选择 这里 宾馆 反馈 年月日 感谢您 国宾 大酒店 认可 期待 再次 光临 工作 生活 一切顺利
1,预装 是不是 客服 打电话 不能 操作系统 保修 道理
1,系列 今年 最新款 外观 很漂亮 散热 做工 相当 扎实
1,喜欢 放弃 之前 一直 每天 在家 外面 上网
1,台湾 学者 台湾 学者 蒋勋 中国 美术史 三联书店 作为 一本 普及性 读物 复杂 美术史 化为 简洁 优美 散文 学术性 融于 可读性 之中 称之为 写给 大家 书实 不过 一定 学力 很难 写出 读物 学力 孱弱 我者 中国 美学 总是 失之 晦涩 书店 看到 这本 印刷 精美 图册 决定 买下 读完 推荐 许多 年轻 学子
0,不足 大概 同时 打开 多个 网页 时会 有些 哈哈 这是 想象 得到
1,待机时间 尽管 用到 小时 已经 算够 性能 对于 处理 办公 软件 足够
1,开机 分钟 触摸板 烫伤 手指 仔细检查 风扇 不转 用力 一吹嘿 重启 不行 通过 几天 观察 风扇 真是 冰火 两重天
0,电池 续航 时间 标配 小时 视频 期间 仅用 小时 分钟 左右 不知 何故
1,世说新语 已经 久违 最初 欣赏 开始 用心 钻研 热情 冷却 世说 见证 整个 求学 生涯 无奈 马齿 见长 学问 每况愈下 徒拂乱 人意 每日 价为 生计 奔波 当年 饥若 渴书 许多 大都 高阁 少有 闲情 翻看 回首 尘埃 堆积 不禁 河清 之叹 稻粱 汗牛充栋 何苦 百宋 千元 明清 一卷 困穷 庐借 他人 杯酒 胸中 块垒
1,非常 漂亮 超值 之选 固态 硬盘 果然 不是 实测 非常 满意
1,性价比 整体 使用 外观 漂亮 亮度高 系统 一般 不是 特别 麻烦
1,看过 奥黛丽 赫本 同名 电影 完此 出后 无法 主人公 想象 赫本 那种 气质 美女 郝莉 灵魂深处 一样 骄傲 自我 向往 自由 受约束 扔掉 之后 真正 意识 一点 互相 属于 对方 一生 注定 漂泊 寻找 真正 灵魂 安静 对于 张悦然 不想 任何 似乎 读懂 郝莉
0,只是 招待所 而已 设施 不怎么样 毛巾 前一天 短裤 袜子 浴室 退房 忘记 看见 不了了之
1,以内 本本 完美 键盘 散热 优良 刚好 本本
0,喀什 通过 预定 选择 之一 优点 汉人 附近 夜市 宽带 缺点 喀什 算是 凑合 条件 很差 没错 已经 这里 贵宾楼 陈旧 根本无法 刷卡 他们 门可罗雀 要求 信用卡 担保 宽带 设置 烦琐 需要 设置 用户名 密码 早餐 一楼 设置 旅行社 报价 其他 建议 后来者 不要 看到 这里 宽带 或者 方便 通过 预定 随手 预定 这家 可能 影响 出游 心情 喀什 现在 听说 新建 四星级 西南 石油 管理局 这个
1,机场 接送 起来 不错 适合 一般 客人 那种 大体 不会
0,作为 商务 经济 连锁 过得去 繁华 区域 这个 价钱 过得去 其他 同样 价钱 提供 更好 服务 设施 相形 见拙 设施 管理水平 不高 导致 整洁 不尽人意 本身 设计 清爽 干净 浴室 设施 卫生 平庸 来到 品牌 失望 类型 按照 水准 高低 进行 排序 锦江 之星 宜家 莫泰 宜家 莫泰 之间 还有 省略号 就是说 里面 若干 知道 久悦 台面 考虑 锦江 宜家 品牌 做到 品牌 保证 效果 补充 点评 年月日 空调 漏水 严重 自来水 似的 早上 立即 空调 然后 接水装 半壶
1,打车 客运站 需要 加元 燃油费 经济 勉强 一些 满意 主要 价位 摆在 那里 机会 还会 取得 主要 靠近 山东省 最大 游乐园 富华 游乐园 好玩 方便
0,严重 名不副实 所谓 商务 豪华 一般 标准间 套间 标准间 多出 一块 设施 陈旧 严重 上当
1,机子 还行 朋友 速度 不错 下午 订单 隔天 上午 送到
1,覆盖 语法 全面 初中级 学习者 完全 够用 学法语 老师 推荐 一年 不错 基本上 所有 语法 找到 里边 分类 清晰 详尽 一般 特殊 列举 出来 学习 法语 帮助 但书 里面 太细 复杂 容易 打击 学习 积极性 法语 老师 上面 很多 知识点 法语 专业 不会 讲想 系统 学习 法语 同志 来说 备上 一本
1,不用 这次 发货 很快 上午 单日 上午 收到 满意
0,内存 用太低 散热 方面 提高 上次 用时 硬盘 温度 很快
0,送到 全湿 你们 客服 打电话 安排 过来 取书 退款 手续 可是 现在 你们 那次 没退 没来 是否 效率 太底 已经 投诉 石沉大海 希望 这次 不要 投诉 不是 此书 服务态度 苦于 其他 方式 投诉 电话 网络 留言 使用 效果 试一下
0,系统盘 麻烦 知道 是不是 网卡 原因 本地连接 老是 稳定 待查
0,屏幕 边框 指纹 收集器 屏幕 亮度 每次 调低 重启 变成 最高
0,到手 需要 系统 自带 软件 一大堆 没什么 硬盘 分区 内存条 速度
1,前几次 朋友 一起 这家 不错 停车 方便 这次 宜宾 选择 这里 地理位置 交通 便捷 周边 热闹 晚上 旁边 烧烤 方便 大堂 装修 略显 陈旧 服务质量
1,家人 周围 专业 同事 喜欢 一直 维修 故障率
0,杀毒软件 试用版 摄像头 使用 麻烦 设置 更改 视频 设备 视频 设备 六芯 电池 突出 硬盘 震动 稍稍 一点 屏幕 仰角 过大 的话 容易 翻过去
0,目前为止 看过 穿越 小说 最烂 言情小说 极差 宫廷 故事 里排 倒数 两本书 完全 浪费 银子
1,作为 推理小说 可能 不是 最好 作为 言情小说 可能 不是 最好 结合 一起 惊奇 羡慕 那样 爱情 那样 生活 也许 所有 杀人犯 心酸 一段 生活 一段 历程 一种 常人 无法 理解 痛苦 无助 他们 得到 一份 也许 真的 更好 生活 元元 陆劲 爱情 有情人终成眷属 真的 一件 欣慰 事情 无论 生活 环境 找到 付出 付出 一切 那个
1,性价比 没多久 恢复 原价 很爽 看来 不错 送货 速度
0,非常 垃圾 书本 单词 很多 常用 并且 记忆 方法 说明 相差 很远且 音标 读音
0,最大 优点 价钱 实惠 另外 免费 停车场 古镇 里面 白天 允许 车开进 这个 宾馆 服务员 餐厅 当地 小吃 好吃 实在 不敢苟同 份量 味道 地道 价格 建议 重视 当地 美食 朋友 不要 宾馆 餐厅 就餐 山西 小吃 产生 错误 印象
0,电池 续航 性能 不好 毕竟 芯开 一半 亮度 上网 能用 半小时 左右 买个 备用 电池 必要 供电 不足 喜欢 设备 朋友 注意 显卡 机器 瓶颈 高清 影片 够用
1,打车 客运站 需要 加元 燃油费 经济 勉强 一些 满意 主要 价位 摆在 那里 机会 还会 取得 主要 靠近 山东省 最大 游乐园 富华 游乐园 好玩 方便
0,电源适配器 太热 不了 一会 非常 烫手 害怕 烧坏 希望 能够 改进
1,原先 那款 没货 选择 这款 芯片 硬盘 一点 合算 使用 下来 不错 性能 强大
0,好烂 前台 登记 只有 服务员 服务员 同事 直呼其名 同事 臭美 大学 美女 同学 所谓 商务 房在楼 电梯 只能 一看 这楼 应该 后续 改建 客房 甚至 可能 违章建筑 洗手间 很小 飞机 上用 那种 一体化 产品 不了 电话 一下 按键 起来 同事 打电话 服务员 半天 跑上来 两个 愣头愣脑 东北 小妹 态度 热心 完全 出来 菜鸟
0,没多 记住 单词 大家 要是 单词 很多 方式 必要 这个 浪费 可是 后悔
1,想过 世上 竟然 可怕 恶意 存在 恶毒 情感 来自 人类 脆弱 柔软 心脏 事件 山穷 水复 柳暗花明 结局 一再 反转 心里 越来越 无法 承受 那种 恶意 侵袭 而来 沉重 这个 结局 不是 意外 震惊 形容 没法用 语言 表达 心里 复杂 感受 一直 发抖 知道 是不是 喜欢 故事 揭示 想要 告诉 人们 深重 难以承受 没想到 推理小说
0,酒店设施 不错 位置 太偏 出租车 非常 方便 门童 第二天 早上 出租 竞收 十元 手续费 还有 西餐厅 实在 差点 西餐 出来 不能 后面 厨师 不是 正宗 西餐 难以 接受 价格 其他 一样 下次 决不可
0,大家 普遍 反映 不错 一般 运用 通俗易懂 语言 叙事 不乏 诙谐 幽默 进去 多次 床上 看着 看着 仁者见仁 智者 见者
0,无聊 贴近生活 可能 是因为 贴近生活 反而 没什么 可看
0,选择 货到付款 可是 告诉 不能 送货上门 深圳 安福 永是 属于 镇上 为什么 不能 送到 应该 一下 办法 第一次 订书 这样的话 只会 客户 赶走
0,非常 喜欢 文风 朴素 直白 用词 可是 同事 非常 感动 流泪
1,牌子 老够 响亮 冲着 牌子 伤心
1,的确 一本 家庭教育 好书 孩子 家长 从事 中学 教育 十余年 一方面 反思 教育 孩子 方法 一方面 庆幸 及早 读完 深刻 体会 针对 每个 孩子 教育 方法 一样 教育 理念 肯定 一致 充分发挥 孩子 能动性 孩子 兴趣 学习 孩子 教育 方法 女儿 发现 效果 确实 不错
0,黑白 色调 阴森森 建议 喜欢 该类 影片 朋友 居住 好像 榻榻米 一塌糊涂 建议 日本 朋友 居住 洗澡 居然 玻璃 透明 建议 喜欢 裸露 朋友 居住 马桶 居然 每冲 一下 打开 陶瓷 盖子 修理 一下 建议 喜欢 朋友 居住 补充 点评 年月日 电视节目 不用说 所谓 标准 汗颜 吃饭 出去 分钟 九洲 楼下 餐厅 适合 狂载 人家 请客
0,我于 年月日 下单 订购 其中 之一 拉拉 升职 订单号 请问 一下 编辑 为什么 直接 跳到 书籍 质量 当当 是否 负责 尽快 答复
0,看到 大家 很多 好评 产生 好奇 不过 来看 没什么 特别 看来 好不好 只有 合适
1,教给 很多 引导 教育 孩子 方式 方法 受益非浅 原以为 很会 教育 孩子 以后 意识 掌握 肤浅 孩子 很多 行为 体现 妈妈 教育 方面 效果 孩子 性格 主要 平时 妈妈 行为 引导 完全 遗传 学会 建议 一位 家长 一本 宝贝 健康 快乐 成长 幸福 自信 勇敢 豁达 正直 善良 伴随 一生
0,太玄 反而 不可 信给 爸妈 一个月 全新 完全 不敢 兴趣 多人 追捧 一直 建议 他们 几页 一边 浮夸
1,高分 运气 不错 性能 知道 几天 装个 游戏 外观
1,单人间 价格 物超所值 早餐 不错 服务 也好 人性化 呵呵 第一次 碰到 卫生间 马桶 花瓣 宾馆 不过 洗浴 中心 美容美发 装修 不能 使用 预定 提到
1,总的来说 受益匪浅 看过 许多 中医 沾边 一直 对于 自身 体质 困惑 总是 兼具 寒性 体质 热性 体质 两者 特点 现在 终于 知道 原先 没想到 一些 不经意 生活习惯 引起 这么 后果 原来 身体 已经 发出 这么 预警 信号 养生 很多 通过 穴位 实现 关于 穴位 介绍 适合 中医 基础 可操作性 较强 另外 还有 一些 实用 药方 简单 健身 方式 开卷有益 值得 反复
0,订购 看到 网上 发错 担心 半天 收货 真的 错误 退掉 订购 不知 是不是 还会 发送 错误 担心
0,一直 你们 当当 拉拉 升职 不久 但书 打开 一看 发现 书中 不下 白版 无字天书 你们 你们 邮寄 怎样 以前 一张 发票 一个多月 直到现在 解决 麻烦 效率 高点 回复
0,一般般 道理 知道 操作 指导性 大概 刚入 社会 小女生 看看 扩展 一下 思路
0,酒店设施 老化 严重 作为 一家 五星级 居然 无烟 楼层 这是 前台 登记 服务员
1,外观 养眼 速度 系统 难装 还好 寝室 有位 高手 同学 不过 半个 小时
0,明显 英文单词 一般 拼凑 出来 之后 当当 很多 书托 喜欢 喜欢 过于 明显 跟风 的话 拜托 点心
1,上面 第一条 第一句 错字 进行 修正 一直 谢谢
0,店员 服务态度 一般 领货 秩序 惠普 安装 系统 比较烦 特别 声卡 网卡
0,缺点 暂时 发现 这么 一些 钢琴 容易 磨花 镜面 屏幕 反光 严重 扣盖 不够 严实 风扇 声音 比较烦 装机 寻找 驱动 麻烦 升级 内存 过程 痛苦
1,地理位置 市中心 方便 服务 早餐 品种 丰富 可口 商务 数码 速度 宽带 速度 令人满意 以后 南京
0,入住 因為 電話 攜程 網上 辦理 預定 還是 只是 硬件 實在 盡人意 房價 根本 成正比 本著 考察 態度 選擇 這家 果真 出現 非常 令人 氣憤 事情 這里給 大家 一曬 當時 房間 六層 套房 房門 大力 才能 關上 臥室 洗手 花灑 好像 銹住 不怎么 出水 由于 本人 退房 時候 先檢查 一次 布草 然后 管家 部打 電話 他們 查房 這樣 減少 退房 時間 當時 記得 非常 清楚 外面 洗手 一條 方巾 我用過 放在 托盤 其他 洗漱 用品 有動過 臥室 洗手 兩條 方巾 一條 床頭 一條 洗手 大理石 面上 放著 時候 房務員聲 稱少 一條 方巾 還沒有 離店 要么 你們 要么 給我辦 退房 你們 不能 莫須 罪名 加在 我頭 上前 堅持 不給 辦理 退房 大堂 副理 出面 協調 這件 事情 因為 中午 參加 宴會 只能 賠償 元錢 作為 丟失 方巾 損失 十元 錢事 處理 問題 方式 大酒店 硬件 軟件 服務貴 這樣 解決 問題 實在 令人 擔憂 大家 選擇 時候 一定 慎重 因為 可能 因為 房務員 虎會 責任 推卸 客人 身上 造成 考證 結果 客人 只能 啞巴 吃黃連 一定 入住 推薦 桃源路 如家 快捷酒店 北齊 廣場 如家 快捷 性價 服務 早餐 品種 繁多 美味可口
0,名字 吸引 别人 误导 回来 知道 好笑 一本 分类 单词 集配 不咸不淡 插图 知道 哪来 体现 容易 记忆 有种 上当
1,服务员 态度 晚上 两个 玩偶 酒点 自助 早餐 实在 不感 恭维 餐厅 敞开式 空调 喜来登 封闭 空调 餐厅 客人 选择 海风 习习 有些 现烧 米粉 受不了 苍蝇 蚊子 苍蝇 食物 蚊子 围着 打转 每次 早餐 点现 并且 以超快 速度
1,大堂 前台 服务 快捷 效率高 客房 空气 不好 通风 不良 干净 陈设 配置 过于 简陋 三楼 餐厅 早餐 品种 尚可 服务 培训 二星 水准 二楼 餐厅 菜谱 海鲜 丰富 素菜 品种 一般般 不如 隔壁 金雁
0,文笔 一般 一般 史料 详细 网上 言过其实 业余 玩票性质 建议 下载
0,根本 收到 知道 怎么回事 接到 电话 定书 快个 什么样 商家 希望 商家 尽快 联系 说明 情况
0,不能 直接 光盘启动 使用 方便 大家 试试
1,价格比 中关村 便宜 电池容量 真不错 电影 小时 左右 外形 喜欢 个人 好看 屏幕 色彩 不错 不足 显卡 真是 不行 电影 其他 操作 画面 一下 不过 毕竟 上网 容忍 总结 只有 屏幕 字体 清晰 丝毫 不到 屏幕 很小 轻快 携带方便 中关村 一天 发现 便宜 价格 值得
0,能斗 个性 不是 舒服 个人 不太 喜欢 人人 这个 榜样 职场 变得 可怕
0,硬件 软件 一般 打出 请勿打扰 提示 还有 服务员 早晨 敲门 枕头 舒服 下次 不会 再订
1,性价比 没得说 做工 光驱 物流 厉害 两天 山东 潍坊 免费 一下 两台
1,价格合理 硬件 软件 隐含 价值 很大 物超所值 特别 赠送 内存价格 免去 烦恼
1,性价比 配置 平衡 电影 普通 游戏 流畅 实惠
0,听说 十几年 历史 所谓 三星 一次性 剃须刀 提供 另外 块钱 不如 火车站 周边 商务酒店
1,一口气 读完 一半 发现 绝对 完美 制度 只有 通盘考虑 时代 人事 文化 风俗 各种因素 才能 理解 当时 制定 制度 原委 朝代 初创 建立 制度 当时 有利 后期 各种因素 变化 制度 确不加 改变 反而 称为 一种 负面 束缚 国家 之所以 能够 迅速 发展 可能 正是 得益于 持续 自我 变革 随着 时代 发展 无用 摒弃 有用 发展 这才 真正 强国 之道
0,重装系统 支持 设置 改变 方便 第三方 软件 才能 更改 硬盘 接口 设置 必须 使用 第三方 软件 郁闷
1,潇然 记得 冰依是 无梦 怎么 做梦 冰依 修习 水系 魔法 以后 噩梦 祁然 作证
1,地理位置 西街 街头 购物 游览 交通 方便 闹中取静 房间内 设施 城市 四星 有些 差距 阳朔 应该 最好 心中 一些 舒服 因在 上订 房时 忘记 写订 大床 登记 入住 双人间 要求 前台 给予 处理 答复 实际上 因此 希望 客户 着想 理念 需要 改善 当地 导游 好客 朴实 月亮 山脚下 步高门 中午饭 实惠 好吃 可惜 遇龙 河漂流 时照 照片 遗失 总的来说 此次 旅行 开心 时间 还会 选择 阳朔
0,炒作 可能 只是 一厢情愿 宝宝 平时 喜欢 故事 可是 套书 一点儿 兴趣 只能 外文 基因
0,当天 预定 小时 不到 时间 到达 告知 已经 房型 知道 这个 怎么 管理 诚信 预定 不要 挂靠 反馈 真实 信息 明明 入住 反馈 这次 预定 客户 预订 麻烦事 以后 不会 考虑 这个
1,地毯 很脏 用具 水壶 马桶 老化 服务 非常 地热 矿泉水
1,交通 方便 靠近 地铁站 安静 干净 舒适 价格 偏贵 房价 餐饮 上网
1,外观 时尚 机器 性能 不错 前排 手触 非常 实用 方便 伴有 白色 指示灯 非常 时尚
0,散热 确实 一般 尤其 左上角 一会 当然 不至于 烫手 电源 插口 位置 光驱 太近 阻碍 光驱 自带 喇叭 不过 基本 那样 追求 音响效果 肯定 外置
1,宝贝 非常 喜欢 已经 反复 看过 好几回 印刷 精美 纸张 厚实 黑白 男孩 青蛙 表情 画得 细腻 传神 不亏 大师 作品 左右 不是 相比 质量 内涵 这个 价格 不错 个人 覆盖 年龄段 毕竟 字书 小小的 宝宝 故事 传达 丰富 情感 小学 小朋友 看起来 不会 幼稚 值得 推荐
0,喜欢 书中 图画 风格 故事 简单 没太大 意思 儿子 喜欢
0,收到 摄像头 掉下去 图像 只能 一半一半 其它 不想 散热 不是
1,买入 独立 显卡 接口 接口
0,服务 意识 通过 一间 大床 房进 发现 地毯 实在 不行 值班 经理 交涉 要求 换房 回答 居然 现在 大床 要么 豪华 大床 差价 要么 标房 搞不懂 怎么 服务行业 由于 工作失误 客人 带来 不便 好象 应该 理直气壮 环境 太吵 早餐 只能 惨不忍睹 形容 不吃 也罢 大家 远离
1,内存 速度 挺快 运行 貌似 不错 不错 正是 需要
1,推荐 这里 日式 大床 舒服 千万 不要 窗户 最好 五层 三层 空中 花园 引来 不少 虫子
1,设施 老化 毕竟 闹中取静 洗漱 东东 齐全
0,起来 要是 只有 分区 没法用 没带 任何 系统 光盘 驱动 方便 分区 上网 一下 不是 一般 麻烦 一直 没敢 动手
1,拿回去 儿子 迫不及待 打开 来看 喜欢 建筑工地 飞机场 火车站 几本 总是 翻来翻去 小家伙 平时 老是 嚷嚷 坐飞机 坐火车 头疼 这些 多少 满足 这方面 好奇心 儿子 睡觉 坐下 一小 两个 一起 树上 人物 挺好玩 其实 阅读 本来 应该 愉快 事情 既然 不能 经常 行万里路 先借 别人 眼睛 看一看 多彩的 世界
1,打电话 问路 总机 知道 礼宾 几个 小伙 熟悉 东向西 分不清 不过 总算 标志性 建筑 方向 商务中心 买份 地图 送上来 居然 礼宾 部忙 别的 客人 行李 半小时 足足 一个半 小时 电话 干净 卫生间 不过 退房 时落 服务员 查房 发现 发觉 打电话 总台 再查 找到 来说 吉林 能住 不错 价格 一点 便宜 无论 硬件 服务 四星 标准
1,看过 恶魔 来看 这本 中国 时尚界 小说 只有 一句 首先 生存 再来 其他 眼看 鲜衣 眼看 香车美人 眼看 黑眼圈 苍白 眼看 单纯 走向 城府 是不是 职场 惨烈 公平 环境 一定 会变 聪明 能力 一定 短期内 得到 极大 提高 另外 一方面 真的 好事
0,原本 以为 一些 配合 插图 整页 图画 简单 内涵 就象 婴儿 画报 一样 不够 丰富 价格 便宜 不划算
0,一家 厦门 四日游 最后 一天 选择 这家 简直 后悔 交通 码头 不过 小时 只有 一班 错过 码头 简陋 一家 每次 上下 小心翼翼 再说 环境 豪华 房跑 进去 一看 里面 设施 陈旧 衣柜 难关 地板 没扫 干净 要命 空调 只能 制冷 浴室 浴霸 冬天 岛上 市区 低度 打开 水龙头 水是 热水 很小 不要 洗澡 洗个 勉强 拉开 窗帘 外面 一片 工地 里心 天气 还要 喜欢 清静 大概 喜欢 这里 除了 总台 个人 其他 工作人员 基本 难得一见 办法 本来 打个 市话 告诉 开通 市话 要元 天晕 打个 问讯 电话 手机
1,元券花 入手 价格 而言 无敌 当然 要是 入手 价格 优势 产品 秉承 华硕 一贯 品质 方面 做工 优于 为什么 微星 之前 微星 一台 应该 具有 发言权 电池 更是 达到 难以想象 八小时 以上 作为 上网 基本上 横扫 其他 品牌 性价比 超乎 想象
0,设施 一般 服务 人员 态度 不敢恭维 早饭 很差 一大群 服务员 乱哄哄 一起 人理
0,千万别 绣花枕头 样子 好看 别的 没什么 冷天 空调 他们 必要 开气 要死 第天 搬家
0,朋友 预定 晚上 第二天 早上 服务员 竟然 定个 晚上 要求 退房 态度 极其 不好 朋友 担心 电话 联系 多次
1,另外 联想 朋友 美国 回来 嘻嘻 黑色 原盒 包装 东莞 来看 最好 机子 全新 酷奇 纳米银 键盘 绝对 全新 发票 单据 齐全 一样 不少 有意思 联系 手机
1,位置 中山陵 里面 梅花山 旁边 过去 很近 房价 价格 成正比 大堂 豪华 冷清 干净 服务 不错 只是 设施 陈旧 比如 马桶盖 居然 看起来 旧旧 塑料盖 里面 椅子 价格 降到 差不多
1,性价比 杀毒软件 加上 鼠标 鼠标垫 清洁 套装 加上 券加 起来 不到 看个 师姐 这款 不错 决定
1,方面 一般 只要 期望值 不太高
1,性价比 显卡 不错 能流畅 运行 使命 召唤 保持 以上 散热 不错 小时 使命 召唤 不会 官网 驱动 齐全 现在 方便
1,性价比 送货 速度 前一天 下单 第二天 中午 屏幕 好看 电影 舒服
0,看到 拉拉 仿佛 看到 现在 一名 销售 助理 行政主管 我视 拉拉 其中 人物 内心 感受 惊人 相似 体会 主人公 拉拉 感受 理解 拉拉 举动 迷茫 拉拉 前进 动力 作为 踏上 社会 来说 总是 感情用事 做事 太直 不断 吸取 社会 经验 为人处事 知道 不断进步 书中 很多 道理 实用 有时 刻意 要求 怎样 怎样 有时 我会 埋怨 公司 看起来 似乎 最忙 可是 薪水 依然 最低 拉拉 榜样 同行业 榜样 我要 进步 只要 努力 一定 进步 拉拉 升职 值得 阅读 一本 好书
1,我订 床间 大小 设施 不错 卫生间 淋浴房 实用 欣赏 早餐 不错 中西 兼顾 缺点 餐厅 晚点 打烊 为了 就餐 客人 一半 暗暗 酒吧 吃饭 服务 不够 四星级 停车场 停车 大门口 一小块 豆腐干 似的 住店 客人 收费 方便 驾车 两个 靠近 电梯间 晚上 电梯 上下 停靠 叮当声 此起彼伏 无法 入睡 遇到 多次 客人 安排 相对 理想 但愿 这次 不是 对面 以卖 千张 出名 那个 店家 这次 日程 紧没能 下次 一定 尝尝 高速 傍晚 驶过 南太湖 大桥 黄昏 日光 新亮 灯光 浸染 大桥 沿途 新城区 很漂亮 第一次 湖州 匆忙 留下 极好 印象 计划 下次 度假 还会 入住 国际 希望 下次 电梯 铃声 改进 不过 湖州 消费 不比 上海 这个 房价 不是 竞争力 关于 近年 房价 竞争力 众口 微词 相当于 旅行社 应该 拿到 散客 好得多 价格 这方面 是否 应该 众多 忠实 用户 有所 回应
0,非常 服务 重要 临近 铁路 难怪 生意 不好 很少
1,便宜 好用 经济 实惠 开始 待机时间 超长 可能 专门 电源 管理模式 软件 有关
1,市区 不过 沙嘴 小时 班车 房间内 设施 陈旧 外部环境 非常 空气 不远处 沙滩 非常适合 渡假 早餐 品种 丰富 下次 那里 环境 真的 非常 比如 好多
1,这本 朋友 推荐 星火 以前 没用过 星火 考前 最后 一周 首先 发货 速度 快天 然后 喜欢 里面 赠送 碟片 除了 真题 听力 考试 方法 讲座 还有 高频 词汇 造句 有用 最后 最后 一周 已经 太晚 很大 心理 支持 这本 看好 星火 这个 牌子 以后 肯定 星火 优先选择 哈哈
0,驱动程序 彻底 失望 几个 型号 显卡 经常 蓝屏 这款 例外 明白 这么 公司 驱动程序 为什么 这么
1,安静 位置 不太好 长宁路 遵义 路口 一圈 看到 最后 根据 门牌 找到 中山公园 地铁站 下来 后往 西沿 长宁路 右边 先后 经过 中山路 高架 然后 往前 左手边 一条 遵义路 不要 拐过去 继续 往前走 长宁路 右手 一直 一条 小巷 巷口 长宁路 地铁站 龙之梦 购物中心 非常 逛街 吃饭 交通 方便 物有所值 锦江 之星 价格 实在 太小 价格 再能 优惠 非常 补充 点评 年月日 补充 一下 锦江 之星 会员价 只要 会员卡 不要 会员卡 需要 经常 的话 划算
0,其实 对于 喜欢 对于 这个 质量 非常 今天 收到 网站 邮寄 新书 封面 严重 折痕 难道 这个 网站 经营之道
1,由于 不是 本人 入住 朋友 好像 新装修 不错 性价比
0,非常 服务 几个 朋友 天津 为了 大家 晚上 玩牌 方便 特定 这家 房一厅 先到 自然 登记 开房 超过 保留 时间 留放 遇到 前台 服务员 冷冰冰 吩咐 我要 所有人 身份证 那来 登记 否则 不让 电梯 奇怪 难道 号称 四星级 服务 可气 朋友 办理 登记 后进 居然 发现 洗浴 用品 拖鞋 只有 也就是说 手段 防止 登记 入住 简直 气愤 我花 六白 多元 住进 这家 所谓 星级 享受 低劣 服务 噩梦 没完 第二天 退房 前台 收银 房价 电话 扯皮 将近 分钟 情愿 我结 知道 欺骗 欺骗 总之 今晚 大酒店 太令 失望 强烈要求 返还 房费 补充 点评 年月日 评级 分个 怎么 平均分 继续 误导 消费者
1,依次 铝合金 外壳 升级 质保 验证 待机时间 键盘 网卡 正版
1,热爱生活 夫妻 真是 绝妙 组合 透过 镜头 一网打尽 爱琴海 关键词 深邃 蓝白 童话 浪漫 明亮 以及 一般 忽视 细节 女性 视角 独特 细腻 图片 精美绝伦 文字 轻松 幽默 字里行间 有情 文中 各种 旅行 小贴士 贴心 实用 难能可贵 他们 这份 分享 心意 眼睛 心去 旅行
1,隔音 外人 说话 一清二楚 其他 赣州 奢求
0,发誓 不住 这个 服务 非常 星级 门童 开门 行李 只有 保安 马上 离开 哪怕 行李 补充 点评 年月日 反正 瑞安 这个 城市 印象 非常 不好 经常 拒载 脾气 非常 不好 城市 很脏 服务 全国 最差
1,点错 不好意思 针对 游蜀杂 关于 独行 中国 上面 几位 一样
0,老式 三星级 单人间 没窗 遇上 糖酒会 时往 成都 门口 出租车 半小时 不到 不说 纯粹 受罪 对于 走廊 招待所 早餐 点钟 过去 已经 菜到 吃饭 早餐 不见 供应 看见 服务员 几个 馒头 应付 一下 餐厅 一位 煎蛋 先生 沟通 早餐 点半 结束 好像 估计 展销会 期间 做生意 永远 不会 第二次 光临
1,本本 我用 最好 本本 其他 厂商 不少 老款 一些 现在 还有 几个 基本 垃圾 一款 主要 品牌 以后 除了 不会 其他 品牌 本本 优点 多多 一一 赘述 主要 速度 制作 工艺 坚固 品牌 偏好
0,本来 以为 简单 易学 没想到 单词 认识 音标 知道 怎么样 不用说 天呐 动不动 全中文 英文 下面 中文 太坏 文章 怎么 可能 费心 英文 更气 中文 右下角 中文 左下角 以为 买到
1,喜欢 关于 大学 讲座 只要 看到 从来 毫不犹豫 来看 好好 品尝 知识 文化 大餐 学到 很多 现在 关于 讲座 应该 不会 少于 每次 阅读 感受 决定 不管 看到 学术 讲座 买下来 好好 阅读 好好学习 真正 不想 孤独 寂寞 只有 读书 学习 多年 看书 体会
0,这个 年代 爱情 说实话 无法 理解 很多 情节 意见 不要 时代 悲哀
1,服务 结账 门口 出租车 重要 早餐 单人间 价格合理 标间 人住 合适
0,实在 对不起 四星 称呼 月份 在度 气温 晚上 点后 空调 下半夜 关闭 投诉 还有 理说 响应 政府 号召 节约 能耗 朋友 入住
1,不知 硬盘 运行 咔响 不停 节奏 鼓点 华硕 售后 竟然 正常 怒怒 不敢 万一 抓进去 一年 亏了
1,安装 系统 速度 很快 内存 质量 双通道 内存 速度 相当 芯片组 没说的 差所带 驱动 傻瓜式 直接 安装 就行了 机器运行 安静 能够 满足 大多数 需求
1,安静 也好 靠近 民族村 海埂 公园 晚上 滇池 坐坐 听听 潮汐 非常 享受 唯一 不好 晚上 打车 出去 方便 不过 前台 准备 出租车 提前 一声 就行
1,方面 不错 开始 以为 送货员 发货单 写错 邮局 弄错 误会 商城 送货员 这里 商城 道歉
1,上海市 中心 位置 因此 牛气 不过 周围 几个 性价比 算高 大床 房难订
0,指纹 收集器 外壳 工艺 较差 偏软 发热量 较大 人品 不好 发现 暗点 没地 索性 个点 机器 郁闷
0,扬声器 声音 偏小 单薄 以前 内存 偏小 待机时间 大约 小时 电源适配器 华硕 客服 竟然 不是 不敢 正常 晕死
1,除了 内存 点加 三星 内存 样子 不错 具体 性能 有待 进一步 探索 太猛 不要 轻易 要是 不能 用换个 鼠标 就行了
1,喜欢 一款 可惜 刚买 其他 妹妹 差点 不想
0,各位 注意 提供 饮用水 自来水 这是 前台 服务员 各位 千万 不能 生喝 提供 饮用水 北京 水平 真是 令人心寒
0,缺失 换成 页页 一遍 不爽 图书 随便 看看 史书 看起来 不错 一句 值得 收藏 可能
1,草原 脆弱 平衡 生态 失肉 动物 制衡 老鼠 兔子 濑子 黄羊 毁灭 草原 除了 食物 短缺 少雨 食肉动物 灭亡 草原 牧族 繁衍 依靠 马群 对付 羊群 收入 来源 增加 草原 负担 同时 人口 增加 使得 狼群 减少 水源 分享 草原 平衡 由此 打破 加之 本身 草原 环境恶劣 因此 改变 游牧 习性 人心所向 必然 十年 文革 无知者 加速 过程 而已
0,一般 想象 有些 肤浅 没什么 特别 特别 关于 中医 养生 部分 失望 不过 版面 印刷 质量 文字大小 看起来 舒服 仅此而已
0,散热 这个 说法 系列 比起 其他 好多 那个 太慢 到手 就格 不然 太慢 无法忍受
1,高二 第一次 红楼 迷糊 中看 完整 记得 完后 妈妈 说黛玉 最后 后来 大学 暑假 断续 完整 一遍 完整 几遍 一遍 感受 这次 西岭雪 红楼 解析 另外 层面 更爱 红楼 西岭雪 许多 观点 着实 新鲜 愈发 不可收拾 一口气 非常 品尝 一顿 丰盛 大餐 愉悦 至极
1,面对 鸦绿江 大桥 望远镜 还有 飞镖 设施 没话 下楼 风景区 不错
1,整体 性价比 不错
0,环境 一般 服务 极差 动不动 所有 经理 出来 侮辱 游客 舍得 给钱 房费 政治 搬出来 吓人 态度 太差 去过 中午 房前 电话 询问 是否 要续 凌晨 知道 一睡 下午 一点 交钱 为什么 提醒 规定 经理 员工 德行 大家 千万别
0,入住 一般 对于 降到 星级 服务 很差 服务员 不知 房内 客未 敲门 竟直 开门 进入 吓死人 痛苦 连饭 中午 进来 没到 晚饭时间 退房
1,本本 完美 键盘 散热 优良 做工 精细 正版 系统 使用方便 附带 无线 上网卡 随时 漫游
0,光滑 容易 手印 有时 熊掌 不能 兼得 还有 重轻 不是 这个 价格
0,预订 标准间 拐角 为什么 拐角 很小 隔音 超差 非常 空调 几乎 不好 卫生间 几乎 没法 淋浴 三个 满意
1,全文 来说 搞笑 当然 可能 故事情节 原因 前面 后边 好看 后边 纠结 未卜先知 烦闷 秦科 不是 喜欢 类型 看起来 磕磕碰碰 女主角 性格 实在 特色 尤其 主见 男主角 精明 女主角 不至于 迷糊 掌心 玩吧 失去 个性 总是 有种 恨铁不成钢 无力感 不管怎样 建议 大家 少看 电子 多多 买书 纸质
0,质量 实在 粗糙 人大 倒胃口 目录 粗看 一些 实在 不敢恭维 简直 课件 讲义 毫无 生动性 可言 总之 不像 介绍 那样 几乎 兴趣 翻开
0,一直 看过 这部 电视剧 知道 许多 媒体 收视率 说书 好看 现在 已经 三分之一 说实话 一般 也许 看惯 一般 优秀者 主角 作品 不能 吸引 看着 剧情 人物 着急 心想 怎么 这么 希望 接下来 半段 有所 惊喜
1,大概 一下 医生 角度 分析 人们 日常 坏习惯 造成 不同 程度 肥胖 而后 通过 每种 形成 原因 对症下药 通过 运动 改变 饮食习惯 持之以恒 才能 看见 效果 屏幕 一位 明星 为了 观众 看到 完美 一面 不惜 很多 努力 作品 保养 身材 方面 真的 容易 他们 付出 不为人知 不是 他们 屏幕 表现 知道
0,本来 不想 当当 服务 实在 太差 显示 出库 时间 今天 收到 选择 付款 方式 快递 货到付款 长时间 平邮 哪门子 快递 时间 最最 讽刺 投诉信 回复 继续 等待 先于 回信 一封 这本 书写 邮件 真气书 收到 还评 当当 服务 真的 超级 签收 其他 网站 早就 打电话 或者 发封 邮件 询问 一下 当当 邮寄 当当 来说 可能 正常 不然 怎么 邮递 时间 不闻不问
1,不错 外观设计 做工 精美 质量 可靠 送货 速度 很快 质量 放心 多大 包装 不错 发货 速度 基本 当天 发货 刚用 不错 想象 中要
0,很难 装上 系统 内存 相对 配送 光盘 自带 驱动 难装 鼠标 难以 控制
1,半个 恋爱 痛苦 女孩 诫律 已经 改变 局面 变得 美丽 自信 还有 订婚 前天 出现 已经 结婚 真的 非常 有效 看上去 好像 老套 事实证明 非常 两天 抢空 为了 更好 解答 恋女们 疑惑 昨晚 开始 重新 总结 实操 步骤
0,完全 根据 这部 电影 走红 出版 商业 很不全 里面 收集 很多 长篇小说 简化
0,这个 设备 设施 年代
1,昨天 套书 结尾 不是 喜欢 戏剧 主人公 却是 最好 安排 去过 新疆 时间 太短 加之 新疆 地域 过于 广阔 好多 之后 新疆 念头 深深 喜欢 这个 帅哥 和尚 几本 佛经 看看 看不懂 慢慢来 小春 继续 写作 支持
1,原装 包送 散热器 瑞星杀毒软件 预装 系统 直接 然后 重新 安装 系统 一切 瞬间 搞定 哈哈 现在 烤鸡
1,呵呵 一分钱 一分货 公司 公司 本本 三六九等 这些 本是 新人 配置 差不多 不爱坏
1,很多 一直 强调 研究 红楼 其实 真的 搞不懂 为什么 一定 研究 到底 不可 刘心武 秦可卿 太子 之女 特别 搞怪 根本 弄错 金陵 十二钗 当然 祖籍 金陵 女子 哪里 所谓 探春 番国 哈哈 既然 金陵 真的 太子 之女 应该 皇城 十二钗 不是 金陵 真是 洋洋洒洒 一大
0,实际 可用 只有 两个 电脑包 鼠标 屏保 发现 这些 其他 报价 差不多 系统 去安个 其他 麻烦 很多
1,便宜 实惠 配置 做工 还行 这么 便宜 情况 内置 无线 网卡
1,这书 打算 送给 小侄女 今年 希望 两年 就可以看 其实 另外 记得 书名 前后 故事 新编 上下 两册 几年 记得 抱歉 要是 记得 小说 孩子 来说 毫不费力 里头 前后 历史 事件 名人轶事 表述 异常 丰富 那种 当时 享受 回味 喜悦 告诉 当年 谢谢
1,不错 不够 厚道 钻石 现在 促销价 没差 几分 不是 忽悠 钻石 一族
0,这个 苏州 园区 位置 相当 一般 好象 原先 这个 不是 设计 园区 样子 晚上 入住 可是 门口 路过 两次 发现 最后 人才 折回去 第二天 退房 迷路 圈子 找到 大道 平时 肯定 很少 人会 这个 出租车 不到 两天 房价 一样 第二天 价格比 第一天 自已 安慰 周末 因素 总之 价格 高路 竞争力
0,作为 香格里拉 金环 行政 会员 每次 入住 香格里拉 回家 中山 香格里拉 出现 一连串 低级 服务 留下 及其 恶劣 印象 珠海 机场 接机 服务 到达 机场 出口 看到 接机 第一次 遇到 情况 打电话 催问 分钟 后车 豪华 楼层 豪华 行政 酒廊 办理 入住 安排 东楼 之间 多分钟 入住 豪华 使用 酒廊 方便 为什么 安排 楼层 征求 意见 入住 手续 所有 香格里拉酒店 耗时 最长 一次 当时 办理手续 应该 分钟 老旧 烟味 浓重 升级 套房 事先 说明 绝对 不会 接受 另外 一间 豪华 升级 安排 东楼 六楼 到底 为了 早餐 中餐厅 有元 双人 套餐 先到 几个 点心 并且 嘱咐 服务员 客人 按照 套餐 单再点 几个 点心 应该 按照 套餐 结帐 客人 服务员 递给 一张 零点 菜单 另外 几个 点心 另外 结帐 结帐 这点 小钱 香格里拉 堕落 退房 要求 开发票 事先 说明 两种 发票 一种 手开 一种 定额 撕票 为什么 事先 客人 说明 一下 动手 一路 顺利 一向 美好 香格里拉 中山 怎么 堕落 这么 地步 严重 不爽
0,想象 书评 过渡 吹嘘 很大 很沉 画面 雷同 可能 美国 早期 作品 已经 过时
0,宝宝 一岁 七个 不是 喜欢 也许 是因为 色彩 不够 鲜艳 而言 可能 简单
0,看到 网上 如此 买下 哪里 想到 根本 值得一看 说实话 自我 吹捧 不知 以前 童鞋 出于 目的 如此 简直
1,键盘 插口 操作界面 友好 之前 系列 红白分明 颜色 漂亮 个人 喜欢 金属 可惜 这款 图案 红铜 散热 优点 效果 不错 重要 保持 机器 内部 温度 性价比 双核 随机 恢复 居然 驱动 不全 工作人员 居然 告诉 到货 一直 担心 受怕 到处 怎么
0,硬件 设施 明显 好好 照料 朋友 分别 日式 中式 踏踏 之间 明显 灰尘 卫生间 大门 轻轻 关不上 中式 忽闪 忽暗 卫生间 一样 还有 他们 竟然 提供 喝水 杯子 只有 卫生间 漱口 杯子 走廊 地毯 留下 大块 油迹 一样 脏处 建筑 一旦 缺乏 维护 糟蹋 孤弃 不管 维持 不了 多长时间 另外 服务质量 最大 服务员 一问三不知 服务 关心 消费者 意识 工作 环境 温泉 哪里 出来 那边 服务员 边答 边用 手指 这个 游客 知道 估摸 温泉 方向 可是 作为 员工 温泉 池饭 连个 简单 温泉 知识 这个 温泉 里面 有些 矿物质 知道 可见 这个 声称 四星级 管理 他们 你们 这象 个人 游客 大多 接受 团体 会议 政府 客人 你们 知道 为什么 个人 游客 服务员 沉默 唯一 稍微 一点 温泉 管理 配套 服务设施 太差 太贵 通过 度假 产品 两人 一间 包括 两张 一次性 温泉 注意 一次性 意思 限时 只能 一次 也就是说 晚上 第二天 早上 不能 哪怕 几分钟 感到 开心 电梯 之间 走廊 风挡 玻璃 顶连个 篷子 客人 温泉 只能 冷飕飕 他们 整个 建筑 布局 想法 模仿 日式 温泉 可是 这个 只是 照着 葫芦 真的 内涵 日本 支付 一定 金额 所有 服务项目 包括 饮食 享用 不用 操心 是否 需要 支付 额外 金额 想来 度假 事先 通常 盘算 度假 预算 消费 消费 措手不及 非常 毁坏 心情 试想 几个 小时 享用 多少 服务项目 简而言之 不过 不伦不类 陷阱 多多 某种 机构 吃饭 经营不善 温泉 澡堂 长此以往 其时 可能 不会
0,星级 设施 可能 四星 收费 标准 真不知道 四星级 怎么 下来 宣传 很大 区别 比如说 酒吧 原来 房间内 食品
0,老化 装修 服务 过于 生硬 中午 退房 时间 不到 小时 收取 半日 房费 其它 基本 人性化 考虑 此项 费用
0,临安 算是 不错 现在 越来越 地毯 非常 窗户 隔音 非常 外面 马路 只要 有车 卫生间 毛巾 除非 台板 下面 免费 饮用水 总台 服务 很差 好像 不过 方面 最近 一次 入住 长话 免费打 几乎 早餐 很多 健康 食品
0,不是 质量 上网 共同 特点 字体 屏幕 小看 时间 特别 眼睛 用来 音乐 片子 发邮件 个人 账务 管理 不能 用来 办公 太伤 眼睛
0,性价比 县城 房价 北京 上海 广州 深圳 同级 房价 服务 一般 招待所 差不多 值得
0,不是 奥运场馆 绝对 不住 这家 地理位置 虽说 只有 两楼 电梯 提重 行李 怎么 走廊 超长 吃不消 开始 居然 窗户 小多 价格 不变 价格 门市价 一样 装修 一般 墙上 涂料 受潮 往下掉 看着 斑驳 样子 舒服 弹簧 真是 咯人 上面 难受 被子 毛毯 棉花胎
0,涉嫌 欺骗 显示 行政 免费 上网 实事 并非如此 只有 行政 酒廊 上网 免费 房间内 上网 收费 每分钟 行政 酒廊 上网 前提 上网 激活 帐号 也就是说 最少 要花 两元 才能 上网 不再 房间内 这个 不是 欺骗 早知如此 不会 这里 房费 那里 不比 这里 上网 其他 服务 实在 一般 距离 市区 出行 方便 周围 设施 同等 价位 市里 下次 不会 还有 早餐 实在 一般 速度慢 老外 放下 事情 过去 搭理 人家 这点 很差 拖拉
0,根本 不到 标准 装修 很久 桌子 唯一 宾馆 环境 标准间 糟糕 免费 注册 网站 导航 宾馆 索引 服务 说明 关于 诚聘 英才 代理 合作 广告业务 联系
0,外观 普通 材料 一般 重大 缺点 无线 网卡 标的 实际
0,自带 系统 满意 更改 系统 遇到 简易 通讯 控制器驱动 安装 不了 希望 技术 客服 完整 改装 系统 方案
0,硬盘 居然 只分 发热 控制 一般 音箱 声音 一点 另外 好像 蓝牙 功能 不可 屏幕 比例 适应
1,干净 服务 不错 决定 今晚 再次 入住 宾馆 反馈 年月日 感谢您 多次 选择 国宾 大酒店 入住 予以 认可 一如 即往 优质 服务 热情 微笑 期待 再次 光临
0,从没 服务 这么 洲际 入住 前台 告知 免费 洗衣 取消 再次 确认 还有 保留 后面 结帐 果然 发生 饮料 提醒 楼层 一股 装修 油漆味 非常 超过 平方 晚上 点后 送来 迎宾 水果 这家 洲际 所有 环节 能省 第二天 洗澡 一半 听到 水管 一阵 抖动 接下来 放出 铁锈 水急 毛巾 擦干 居然 浴室 浴巾 只好 手巾 擦干 打电话 分钟 工人 上来 检查 期间 催过 无数次 解决办法 继续 放水 分钟 没见 任何 管理人员 上来 表示 任何 道歉 结帐 同事 账单 表示 异议 应该 免费 洗衣费 账单 签字 前台 然后 本该 免费 上网费 收费 大堂 副理 交涉 联系 我用 手机 接通 手机 副理 分钟 电话 同意 退款 同事 那里 迎宾 水果 昨晚 浴室 事情 跟副理 反映 答应 尽快 答复 目前 尚未 收到 回复 沈阳 北方 服务 了解 网上 洲际 原本 期望 国际品牌 连锁 其他 洲际 比较满意 没想到 这家 洲际 遭遇 这家 洲际 十分 失望 告诫 其他 沈阳 同事 千万 不要 那里 以上 陈述 负责
0,镜面 屏幕 不错 边框 镜面 容易 磨花 屏幕 边框 扣下来 相应 位置 发生 摩擦 安逸
1,安德烈 年纪 差不多 尽管 成长 环境 差别 很大 看到 对话 一些 共鸣 喜欢 浓厚 亲情 贯穿 其中 想起 父母亲 想起 父母亲 小时候 父母 逛街 挑选 衣服 包包 鞋子 后来 只是 他们 很少 他们 意见 后来 忘记 他们 一起 逛街 太久 太久 不曾有过 经历
1,上午 拿到 之前 一款 样子 一样 一点 知道 质量 好不好 现在 发现 现在 使用 半天 发现 一点
1,知名度 不错 机场 打车 一说 十一 经路 如家 天津 机场 基本 黑车 机场 不到 机场 居然 打表 打出
0,自带 系统 不是 使用 起来 有点烦 准备 两天 外置 光驱 重装系统
0,性价比 太差 严重 复合 所谓 标准 周围 环境空气 较差 麻烦 空调 系统 冷气 夹杂 浓重 烟味 开窗 简直 没法 生存
1,地理位置 不错 香港 来说 算大 特别 卫生间 很大 硬件 旧住 这里 只是 涂个 方便 只是 这次 时机 遇上 会展 价格 大概 平时 贵上 平时 的话 多能
0,长沙 国贸 惊魂 同事 入住 外出 一个多 时间 两间房 陌生人 轻易 通过 前台 接待 服务员 擅自 先后 开门 贵重 财物 被盗 报警 监控 录像 笔录 为证 相信 人民警察 为民除害 国贸 引狼入室 玩忽职守 目前为止 一点 真诚 道歉 赔偿损失 态度 行动 事实 赖掉 法院 唯一 黑店 反思 宾馆 反馈 年月日 此事 发生 第一 时间 报警 目前 掌握 资料 来看 此事 几个 疑点 目前 公安部门 正在 积极 侦破 负责 此事 警官 沟通 客人 心情 理解 事实 情况 上面 表达 区别 所有 监控 资料 笔录 记录 客观事实 继续 跟踪 此事
1,不错 大床 舒适 晚上 提供 不能 大堂 环境 不到 四星 标准 三星 一点 补充 点评 年月日 不错 大床 舒适 晚上 提供 不能 环境 不到 四星 标准 三星 一点
0,屏幕 看上去 好像 呵呵 音响效果 预期 价格 变化 太快
1,小说 通过 汉娜 关系 命运 描写 影射 经历 战争 德国人 战争 出生 德国人 生活 经历 书中 一句 爱汉娜 痛苦 一定 程度 这代人 命运 德国人 命运 更好 诠释 战后 德国 社会 矛盾 心态 爱恨 纠葛 人性 道德 正义 缺失 回归 及其 无奈
1,整个 故事 那种 情感 压抑 久久 不能 释怀 正是 性格 创作 这么 一本 极具 特色 人生 感悟 理解 包容 有时候 我会 想象 人生 该是 样子 多点 快乐 积极 乐观 不会 早地 离开 人世 不过 那样 快乐 积极 乐观 性格 或许 应该 绝对 呼啸山庄 昙花 所有 绚烂 一瞬 绽放
1,出差 沈阳 本来 以前 已经 买过 这次 本本 朋友 原来 性能 配置 有所提高 价钱 反倒 降下来 提高 主要 两处 提高 锂电 容量 毫安 提高 毫安 值得 我用 两个 样样 功能
0,真服了 快递 开始 圆通 后来 转到 没人 告诉 送到 签字 验货 不能 验货 的话 退回去 真是 还有 参数 不符 摄像头 好像 蓝牙
0,国际品牌 质量 放心 做工 性价比 超强 国际品牌 质量 放心 做工 性价比 超强
1,那段 神秘 历史 那段 悠远 流长 岁月 文化 那段 关于 深化 传说 藏于 索尔兹伯里 平原 之中 隐匿 古老 建筑物 之上 流行 游走 阿尔卑斯山 扫帚 女巫 艳丽 年轻 脸庞 尽情 畅游 所得 享受 心里 传说 慢慢 慢慢 指引 悠悠 延长 不朽 而生 象征 这是 文明 这是 人类 思维
0,酒店设施 简单 只住 一晚 交通 便利 整体 应该 是因为 原因 下次 另外 一家 不想 没什么 值得 留恋 网线
1,来说 不错 地理位置 不是 想象 列入 陆家嘴 附近 服务 人员 说离 正大 广场 很近 可是 相差 很大 不错 相对 其他 经历
0,散热 每次 开机 不到 半小时 机身 发烫 要是 运行 其他 软件 或者 光驱 直接 关机 知道 是不是 机子 个别 现象 现在 正在 申请 换货 希望 尽快 处理 不然 实在 没法 工作
0,朋友 预定 北方 担心 不料 结房 前台 朋友 有线电视 摇控器 不见 后来 强烈要求 人员 可能 动用 百度 搜索 摇控器 这才 罢休 纳闷 怎么 这么 倒霉 每次 预定 北方 麻烦 不是 偶然 北方 前台 服务 真的 有待 提高
1,实在 不错 九项 关键技术 基本 已经 进行 复买 阶段 书中 通俗易懂 实用性 很强 价钱 合理 其他 用心 这里 一声 赵老师 辛苦 真的 很棒 篇篇 精彩 另外 期待 作品 希望 一本 函数 书到 记得 通知 一定 一定 用心 再说 一声 辛苦 期待 力作
1,确实 商务 特点 缺乏 周到 五星 服务
1,英语 打算 之前 别人 放心 书店 一下 大概 本来 三本 一起 第一本 初级教程 对于 英文 水平 来说 过于 简单 直接 第二本 大家 英语 基础 已经 四级 甚至 三级 完全 开始 学习 英语语法 里面 非常 实用 喜欢
0,知道 个案 得出结论 韩国 居然 逻辑推理 能力 大家 节约 起来 几本 有益 书吧 相信
1,女儿 非常 喜欢 小熊 形象 噼里啪啦 套书 两套 同一个 风格 截然不同 套书 认为 适合 小宝宝 看白 背景 可爱 动物 形象 讲述 故事 孩子 熟悉 容易 每晚 宝宝 喜欢 然后 床上 非常 喜欢 准备 作为 孩子 这个 阶段 纪念 套书 收藏 起来 留着 宝宝
0,春节 一晚 进门 市场 晚上 竟然 人声鼎沸 很闹 进去 不过 卫生间 很差 淋浴 一屋 整体 标准 第天换 香格里拉 以后 不会
1,漂亮 适合 女孩子 系统 不难 只要 装上 硬盘 驱动
0,一本 看到 灵魂 而于 书里 泛泛而谈 值得 值得
1,做工 尤其 一些 经典 传承 下来
1,同事 货一到 下午 上班 高兴 地说 孩子 非常 喜欢 套书 拿到 手中 连饭 不吃 立刻 起来 这么 一说 高兴 有些 心动 思量 是否 我家 孩子 一套 同事 孩子 小学 二年级 七岁 我家 以前 过些 儿童 十万个 为什么 以及 少儿 科学 大观 之类 书籍 现在 孩子 十岁 套书 是不是 有些 太能
1,国际品牌 质量 放心 做工 性价比 超强 国际品牌 质量 放心 做工 性价比 超强 国际品牌 质量 放心 做工 性价比 超强
0,真不知道 受众 针对 怎样 人群 文笔 空洞无聊 小说 究竟 满足 圈子 仰望 职员 蒙骗 从未 踏入社会 搞不清 状况 职场 新鲜 人才 得以 如此 大受欢迎 几十页 实在 下去 充满 矫揉造作 气息 情节 设置 对话 看久 会变 白痴 电视剧 比方 的话 曹颖版 律政 俏佳人 比肩
0,打开 吸引 一口气 发展 复杂 初入 社会 很难 想象 公司 内部 复杂 当然 作为 女性 读者 拉拉 恋情 始终 牵动 心情 最终 不错 结局 已经 准备 第二部 书评 第一部 也许 拉拉 期望 太高
1,地理位置 方便 挨着 火车站 闹心 配置 过去 四星 差点 三星 点亮 卫生间 直接 饮用 水龙头
0,不错 可是 买来 知道 其实 那样 孩子 也许 不会 喜欢
1,五号 相当 不错 无论 客房 餐饮部 员工 客人 真诚 微笑 服务 附近 交通 方便 市中心 景区 不远 下次 还会来
1,此书 多多 幸福 女人 此生 正如 本人 多岁 稀里糊涂 所幸 开始 顿悟 还有 大量 过后 女人 明白 这些 道理 往往 只能 悔之晚矣 还有 大量 女人 幸福 一辈子 明白 这些 道理 这是 命该如此 怎么办 怎么办 建议 多多 前辈 给出 几岁 幸福 女人 如何 改变 人生 命运 确信 一定 读者群
0,说明书 简陋 盘带 软件 详细 说明 知道 的话 有些 快捷键 没法用 的话 知道 那个 那个 另外 键盘 手感 不是
1,对于 了解 中国 古代 工艺 很大 意义 发现 古人 非常重视 经验 积累 对于 很多 工艺 已经 精妙 解决 方式 同时 发现 古人 对于 工艺程序 安全 环保 大部分 忽视 比如 提炼 各种 以及 镀金 操作 少活 还有 采煤 完全 通风 死亡率 应当 相当 高古 君王 重农 轻工 不是 道理 农业 相对 工艺 确实 一项 安全 职业
0,硬件 质量 不行 黑屏 现在 硬盘 不到 刚好 今天 签收 第七天
0,入住 当时 查看 网友 其他 评语 不怎么样 选择 这家 是因为 当时 任何 评语 一样 很差 根本 不够 四星 衣柜 还有 蟑螂 当场 拍死 一只 元晚 绝对 不值 成都 相比 价格 相等 服务 设备 相差 太远 下次 不会 那里 可能 最好 成都 绵阳 成都 车程 只有 小时 分钟
0,之前 发现 手误 两套 居然 一次 真的 真的 后悔 套书 尤其 居然 两套 肠子 都悔青 穿越 书我买 口碑 等级 可见 众口难调 口碑 一定 取悦 所有人 这个 故事 穿越 逻辑性
1,暮光 之城 开始 其他 魔幻 小说 文笔 可能 翻译 原因 总是 周转 方面 有些 僵硬 不过 后来 下去 越来 好看 然后 达到 疯狂 迷恋 程度 怎么 描述 情感 真实 这个 故事 不是 真实 感情 感动 故事情节 非常 西方 魔幻 一贯 特色 结尾 刺激 一下 哈利波 系列 一样 呵呵
1,外观 很漂亮 键盘 起来 舒适 颜色 好看 功能 很多 指纹识别 用过 亮点 划痕
1,外观 很大 认为 经典 商务 造型 配置 一般 这个 价格 接受
1,键盘 下面 腕托 部分 自带 系统 只有 标签 干净 简单 触摸板 细密 凸起 小点 舒服 配置 不错 性价比 不爽 散热 至少 目前 如此 个性 自带 微软 系统 省钱 应该
0,发现 亮点 是不是 这批 机子 亮点 看着 碍眼 第三方 发货 速度 好慢 钢琴漆 太不经 易花 指纹 收集器 用不惯 系统 麻烦
0,非常 不好 装修 太旧 年代 入住 所谓 豪华 标准间 只能 普通 标准间 罢了 老公 睡觉 起来
1,本身 不错 虽说 一篇篇 短小 游记 读来 小小的 散文 一样 身心 放松 周末 早早 坐在 阳台 一两篇 尤其 好能 精神 小憩 不足 好像 不论什么 小镇 介绍 起来 字数 差不多 像是 定好 字数 有些 特别 到位 惜墨 一样 还有 虽说 每篇 一两张 图片 配合 文字 特别 介绍 特点 应该 匹配 图片 更好
0,没货 为什么 页面 显示 告诉 骗人 客户 尊重 最起码 应该 显示 暂时 缺货 白费力气
1,家庭 入住 虹口 商务酒店 到达 之后 临时 订单 前台 小姐 发生 愉快 之后 客房 服务 以及 入住 物超所值 大大 弥补 之前 不快 总的来说 不错
1,机器 做工 不错 看出 公司 区别 当然 用料 一样 毕竟 价格 不同
0,我订 收到 任何 解释 打电话 过去 询问 一句 没货 网页 及时 更新 重新 下单 真服了 当当 订货 收到 一件 足足 半个 时间 网页 更新 不知 速度 第一次 当当 估计 最后 一次
1,不知 是否 删节 或是 大量 删节 真是 如此 遗憾
1,此书 推荐 所有 父母 孩子 其实 所有人 就算 不是 孩子 父母 父母 孩子
0,做工 材料 以前 时代 退步 当然 不是
1,当当 已经 缺货 图书馆 难懂 幽暗 意识 民主 传统 好看 作为 学术论文 当然 可读性 只是 学历 程度 不够 一直 以为 大学 读懂 论文 体会 思想 蕴含 哲理 不过 现在 看来 对于 将要 此书 既然 已经 一定 认真 地看 下去 千万 不要 半途而废 透过 梁启超 研究 儒家文化
1,具有 开创性 介绍性 著作 全面 很多 第一次 译介 国内 值得 一读 编译 一张 长军 博士 一本 著作 美国 情报 失误 研究 对照 阅读 获益 推荐 两本 国内 不多见 态度 认真 著作 还有 很多 明显 校对 失误 机会 再版 的话 应当 好好 修订 一下 此外 相关 研究 领域 好像 关注 认为 这个 研究课题 重要 希望 学者 参与 进来
0,标签 那里 样子 可能 时间 不然 不会 其他 不错
1,这次 第二套 朋友 总的来说 性价比 女儿 第一套 里面 习惯 基本 理会 书中 每个 动物 喜欢 愿意 模仿 后来 波林 世界 只是 喜欢 后来者 本人 后者 波林 世界 不及 前者 清晰 明白 熊宝宝 绘本 值得 学习 家长 两套 的话 建议 小熊 绘本
1,位置 走路 文庙 清凉寺 分钟 不了 周边 公交车 很多 方便 出租车 不太爱 老城区 路窄 堵车 宾馆 设施 陈旧
1,外观 漂亮 屏幕 很靓 呵呵 自提 全新 完美 硬盘 通电 时间 小时 可视 角度 色彩 不错 另外 这个 配置 这个 价格 性价比 算高 准备 升级 内存 硬盘 呵呵 值得 另外 的话 费劲 设置 硬盘 模式 然后 分好区 一下 安装 使用 深度 快速 装机 驱动 奶牛 官方网
0,一般 不是 近几年 审美 时间性 色彩 表现 方式 不如 近几年 作品
0,非常 下次 肯定 不会 入住 强烈建议 各位 不要 这个 五星级 标准 三星 标准 五星 挂牌 前台 游泳池 改造 不能 参与 评星 估计 不敢 入住 设施 非常 桌椅 不少 洗手间 镜子 周围 锈迹斑斑 洗手间 花洒 冲凉 竟然 掉下来 空调 低温 噪音 睡不着 前台 竟然 只有 男服务员 下班 只有 一人 值班 服务 一般 前台 结帐 竟然 一块 保险费 携程网 并未 注明 服务员 提前 说明 唯一 礼宾 态度 硬件 软件 没用 第二天 早就 转到 四星 波斯特 要不是 飞机 晚点 半夜 当晚 建议 这个 前面 不要 五星
1,网上 平米 实际 另外 空调 不是 凉快
0,购物 方便 外滩 太小 早餐 方便 较为 嘈杂 装修
1,特别 轻薄 便携 磨砂 手感 非常 舒服 尺寸 键盘 功能 接口 丰富
1,情倾 天下 这本 完后 两本 不错 不过 结局 理想 尤其 两篇 翻外 知道 阿哥 喜欢 穿越 玉莹 穿越 玉莹 感情 部分 不明 来说 文笔 不错 语言 幽默 十足 可能 幽默感 多于 人物 感情 塑造 言情 蜕变 事体 小说 并且 喜欢 里面 男女 主角 看不出 他们 相互 喜欢 欲望 大于 爱情 读完 之后 没什么 回味
0,几页 下去 欲望 一直 吹牛 一会 某某某 太太 一直 治不好 经过 看用 几位 或者 几下 马上 要么 哪个 医生 一直 治不好 帮忙 关于 真正 根本 详细 说明 烂书
1,芜湖 外甥 喜酒 人订 日间 标房 点评 心有余悸 过去 之后 想象 城市 这个 价钱 应该 不错 缺点 住楼 窗前 一大 平台 窗外 景色 不好 爱好 摄影 遗憾
1,太原 不错 个人 认为 山西 大酒店 国贸 没住 价格 太贵 呵呵
0,失望 不过 正常 北京 这个 价格 住宿 条件 宾馆 建筑 好像 商务楼 连接 一起 电梯 一道 隔开 商务楼 用部 住宿 毫无 享受 一天 凑合 周边 餐饮 超市 不太 方便
1,发热量 重量 控制 不好 不到 价格 这个 配置 不错 模具 造型 设计 好看 系列 漂亮 音质 提升 不少 不像 系列 简直 破锣
1,非常 一般 竞争力 商务 大床 呵呵 白白 多交元 打折 一样 安静 其他 一般 电视机 狂小 估计 看不清 电视 可怜 宾馆 反馈 年月日 目前 已经 公司 申请 更换 电视机 为了 方便 客人 增加 部分 收费 为元
1,服务 人员 服务周到 细致 一种 宾至如归
0,一家人 孩子 去过 五一 协程 网上 半天 选中 看来 除了 套间 格局 其他 可取 本来 不是 酒店设计 里面 家具 北京 上海 酒店式 公寓 落后 陈旧 从进 接待厅 不能 大堂 开始 直到 一股 味道 你们 想象 一下 烟味 汗味 霉味 混杂 一起 出去 味道 该楼 全封闭 一扇 窗户 通风 全靠 中央空调 换风 问题所在 当晚 店方 告诉 冷热 只有 自然风 强烈建议 房前 清除 真是 受罪 晚上 睡不着 浴巾 毛巾 真的 很脏 三星 不如 尤其 新换 枕套 据然 股味 以为 服务员 没换 要求 重新 更换 一样 看来 洗衣房 游泳池 选他 重要 原因 孩子 正在 游泳 乘米 池子 显然 过滤 系统 开水 已经 游客 全是 当地 客人 淋浴间 除了 水龙头 任何 用品 提供 建议 客人 不要 考虑 餐厅 尝试 协程 总是 贪污 早餐 协程订 几乎 没吃过 免费 早餐 唯一 值得 表扬 服务 人员 反映 还算快 投诉 马上 过来 解释 他们 只有 解释 硬件 他们 解决不了
1,知道 这么 一头 抵角 不爱 刨地 不爱 喜欢 静静地 坐下 栎树 静静地 闻着 花香 费迪南 妈妈 开始 担心 费迪南 总是 这么 不会 寂寞 费迪南 告诉 妈妈 乐意 静静地 花香 善解 牛意 妈妈 放心 走开 儿子 意愿 生活 最后 幸福 喜欢 头牛 喜欢 善解 牛意 妈妈
1,东东 不错 重装系统 网上 查不到 怎么 修改 才能 安装 帮忙 解决
0,散热 期望 有点儿 差距 键盘 温度 不高 底盘 热量 较大 知道 夏天 怎样 几天 可能 显卡 用得着
0,绝对 徒有其表 一家 入住 室外 温度 情况 空调 提出 意见 居然 说怕 客人 着凉 可是 鸭绒被 再三 要求 拿来 电风扇 忽悠 第二天 早上 自助餐厅 一样 闷热 堂堂 所谓 空调 舍得 大约 不会
0,价格 高点 市场 差别 越来越 优势 系统 速度慢 摄像头 内存 费劲 屏幕 合上 右边 严实 哐当 这个 价位 随机 赠送 鼠标 分区 不合理
0,开始 本来 预定 凯悦 后来 助理 搞错 君悦 简单 以下 柜台 服务态度 特小 满意 宾馆 车队 开始 预约 一台 丰田 皇冠 后来 我要 用车 柜台 告诉 皇冠 出去 只有 花冠 然后 告诉 价格 只好 订下 一会儿 花冠 司机 过来 价格 立马 抬高 价格 不是 而是 宾馆 信用 中午 时间 我要 吃饭 司机 过来 等到 出现 只能 君悦 打电话 不可 忍受 那个 司机 一直 打电话 开车 那天 用车 小时 其中 小时 以上 司机 打电话 入住 君悦 用车 的话 千万 不要 用君悦 素质 极差
0,拿到 随便 发现 一页 一下子 跳到 然后 从页 后面 正常 看着 方便 影响 心情
1,奥列 消灭 口吃 渴望 创造力 波希米亚 集市 一场 关于 理解 换位 游戏 六岁时 唐优优 开始 口吃 这令 自卑 孤单 来到 奥列 结结巴巴 许愿 精灵 于是 夏多 只好 硬着头皮 三天 小学生 喜欢 神奥 列伞 世界 一口气 全套 读完 这里 无聊 希望 能够 永远 童心 永远 神奥 列伞 世界 遨游
0,穿越 书我买 好几套 看见 蔓蔓 清萝 来看 看看 文章 真的 有些 失望 写得 不是 生动 简单化 反而 喜欢 步步 惊心 穿越
0,安装 之前 网站 上面 下载 系列 驱动 安装 一切 速度 很快 下次 买个
0,系统 麻烦 驱动 不太好 散热 左手 这边 散热 口会 手托处 键盘 上面 不会 光驱 运行 振得 厉害 放在 按摩器 一样
1,很漂亮 性能 不错 很漂亮 性能 不错 很漂亮 性能 不错
0,迷你 真是 迷你 家具 墙纸 不行 齐全 满难 不过 叫车 方便 隔音 很差 总之 对不起 这个 价格 不如 如家 之类
1,买回来 后本 以为 这本 没什么 特别 出乎意料 儿子 好笑 儿子 小蛇 看到 一棵 苹果树 怎样 苹果 下来 一翻到 后面 大笑 起来 那条 小蛇 傻瓜蛋 还有 尾页 前后 照应 每次 这书 前后 两页 数一下 数到 一棵 苹果树 大笑 起来 反复 反复 儿子 这书 真能 感受 天真 可爱 一面 值得 一看再看
0,钢琴漆 外壳 容易 推荐 大家 贴膜 保护 市面上 不少 专用贴 贴出来 效果 系列 磨砂 表面 如出一辙
0,韩国 老师 噱头 而已 对记 单词 实在 没什么 不过 纸张 印刷 不错 当然 成本 之内
0,摘抄 别书 自身 美容 经验之谈 凑字 赚钱 嫌疑 较大
1,大堂 很大 气派 服务 不错 半夜 将近 点到 前台 服务 人员 仍然 热情 速度 很快 设施 窗下 餐厅 服务员 仍然 提示 晚上 要关 不知 为何 难道 真的 安全 听从 劝告
0,需要 安装 系统 外行 可能 做好 心理准备 帮忙 装机
0,电池 时间 显示 小时 分钟 以内 基本 电源 否侧 突然 断电 连个 送还 呵呵
0,十二点 退房 就要 半天 房费 前台 态度 非常 差到 十一点 不能 打开 另外 选择 不住 一家 宾馆 反馈 年月日 尊敬 客人 您好 感谢您 入住 成都 新良 大酒店 提出 非常重视 已经 加强 员工 专业培训 同时 入住 期间 带来 种种 不便 表示歉意 诚恳 邀请 再次 下榻 感谢 赐教
1,其他 还好 早餐 一般 酒店设施 其他 城市 喜来登 出色 宾馆 反馈 年月日 感谢您 选择 下榻 最近 上任 新加坡籍 行政 主厨 正在 根据 客人 反馈 菜肴 进行 改进 同时 近期 不少 餐饮 促销 推广 活动 相信 一次 体验 肯定 不会 失望 欢迎您 再次 入住 衷心 祝您 身体健康 工作 顺利
0,四星级 牌子 他们 真敢 北京 向来 里面 那个 空调 制冷 根本 不起作用 打电话 客房 服务 居然 只有 自然风 冷风 哪是 自然风 明显 室外 气温 高得 最后 他们 建议 窗户 打开 北京 那个 气候 外面 正在 树苗 早餐 西式 难吃 要命 中餐 也好 不到 哪里 还有 电话 根本就是 乱收费 长途 价目表 服务指南 只是 几张 复印 结帐 打出 清单 国内长途 差不多 一分钟 移动 不过 黑店 下次 打死 不住
1,连读 两遍 之后 阴郁 蒙蒙 日子 青云 八大山人 纪念馆 山人 当年 生活 足迹 竹林 幽静 小道 眼看 世界 画前 驻足 不肯 离去
1,当今 社会 工作 压力 年轻 找到 生活 琐事 孝敬父母 借口 其实 古往今来 哪个 伟人 不是 孝子 百善孝为 先孝是 根本 孝心 存在 心里 不如 落实 日常生活 爸爸 医生 一句 现在 现象 只有 孩子 看病 父母 老人 医院 儿女 心寒 父母 哪有 唤醒 所有 孝心 时间 落实 孝心 人们 孝心 不能 等待 此时此刻 做起
0,开学 侄女 五岁 一些 一套 现在 寒假 好看 太少 看不懂 不好 看看 不屑一顾 样子 知道 不该 盲目 相信 网上 销量 排行榜
1,完美 散热 之前 小黑 略有 差距 考虑 价格 差距 更大
0,这个 真是太 行政 空调 漏水 声音 非常 地毯 很脏 家具 然后 蚊子 客房部 蚊香 告知
0,本本 边缘 外观 一点 不美观 凸起 一点 应是 出产 注意 应该 运气 不好 个案 投诉 不想 换货 没人 回答 有人 安慰 一下 礼品 高兴 投诉 始终 无法 显示 回答 这点 希望 改进
1,基本 配置 不错 噪音 暂时 发现 坏点 专业 软件 检测
1,网上 预订 中煤 年月日 宾馆 旅游 旺季 秦皇岛 星级 宾馆 每天 价格 非常 物有所值 每天 早起 每人 自助餐 花样 相当 不错 干净 卫生 住宿 环境 非常 相关 旅游景点 较远 交通 便利 出门 做路 车站 地到 火车站 班次 非常 分钟 上车 价格 优势 其他 景点 做路 四道 桥到 非常 方便 前台 服务 人员 热情
1,实用 只是 书中 材料 外面 很多 实际上 化妆品 中用 很少 有蛮 值得 很多 简便 东东 特别 喜欢 其中 红酒 腮红 做法 简单 实用 喜欢 现在 流行 那款 液体 腮红 颜色 很漂亮 好要 出来 腮红 香味 的话 可是 之后 腮红 几滴 喜欢 香精油 即可 谢谢 牛尔 老师 还有 几款 面膜 唇膏 非常 外面 效果 一点 不差 便宜
1,经典 设计 便宜 价钱 差不多 配置 够用 就行 一堆 实在
0,白天 热水 洗手间 竟然 还有 蚂蚁 很小 淋浴房 浴缸 电梯 早餐 简单 难以想象 还有 病毒 隔音 很差 窗台上 爬进 安全 反正 不像 三星
0,带有 强烈 主观 色彩 武断 不能 大局 出发 不能 文学 时事 只是 局外人 想法 色戒 引起 热潮 一次 张爱玲 出来 不够 当当 上面 买会 今生今世 一遍 里面 引人注目 自然 民国 女子 其实 除了 这篇 还有 蛮多 值得 一读 比如 母亲 童年 故乡 凡是 涉及 其他 女子 不能 下去 关键在于 不是 多情 而是 无辜 明白 为什么 不能 爱玲 小周 为什么 爱玲要 吃醋 为什么 范先生 他们 吃醋 呵呵 真不少 可是 但凡 离开 身边 女子 马上 接着 打算 批驳 容易 冠以 女权主义 向来 这个 古怪 互相 尊重 权都 无所谓 已经 高楼 文采 文采 世上 文采 男人 独独 爱玲 不能 忘却 关注 而已
0,优点 价格 适中 位置 方便 缺点 奇小 怪味 刺鼻 周围 施工 吵闹 非凡 结帐 奇慢 开个 发票 半小时
0,一本 教科书 看吧 适合 职场 菜鸟 看不出 任何 价值 亏得 这么 多人 好评 小说 看吧 文笔 实在 不怎么样 讨厌 书里 主人公 看着 完美 实际上 骨子里 透着 自以为是 上海 女人 形象
0,触摸板 按键 确实 硬练 手劲 大家 禁用 改用 无线 鼠标
1,送货 满快 华硕 没得说 公司 很多 正版 安装 速度 很快 大概 分钟 全部 驱动 常用软件 大概 小时 配合 无限 鼠标 不赖 鼠标 罗技 代工 做工 没得说
0,屏幕 小点 看起来 不是 舒服 不过 要是 太大 方便 特别 出差 背着 回家 小时 火车 然后 倒车 回到 可能 长时间 锻炼 原因 惠普 官网 找到 怎么 注册 升级 两年 质保
0,第三天 出差 第天 拿到 宏基 维修中心 检测 报告 当天 发货 上海 过去 一点 信息 每天 长时间 打电话 客服 得到 只是 一下
0,非常 糟糕 零乱 不堪 弥漫 一阵 腐霉 气味 家具 极其 陈旧 地毯 冷热水 不能 龙头 漏水 灯罩 不翼而飞 不可 想象 居然 三星 标志 有些 营业时间 久远 维护 仍然 入住 但此 简直 无人 管理 一样 破败 不堪 非人 可住 网站 介绍 完全 不是 一回 事情 希望 协议 不能 此类 误导 客户
1,这个 估计 好几年 房门 两个 里外 合力 才能 打开 周围环境 不怎么样 建议 以后 海边 那片 服务态度 餐点 实在 不怎么样 以后 为了 省钱 别住 那儿
0,失望 想象 好书 中教 方法 一点 具体 泛泛而谈 别人 吹水 不关 似的 来说 实用
0,东芝 第一次 启动 过程 真的 冗长 要是 配有 东芝 更好
1,终于 儿子 一起 读完 草房子 儿子 只有 六岁 有些 章节 故事 开始 草房子 桑桑秃鹤 吸引 一样 记忆 童年 书中 美丽 忧伤 童心未泯 儿子 一起 进入 草房子 油麻 小学 文笔 极为 细腻 跟着 描写 心中 轻松 抛开 一切 进入 世界 大家 郑重 推荐 此书 尤其 适合 四五年 小学生 他们 写作水平 帮助
1,好行 送货 太慢 送到 居然 已经 降价 这么
1,目前 配置 应该 最低价 光驱 不是 蓝光 还有 内存 芯片 超好尔 必达
0,看书 发现 这本 根本 网站 介绍 那样 精彩 搞笑 只是 别人 生病 滑稽 郁闷
0,糟糕 所谓 装修 粗糙 大床 地毯 很脏 大片 污渍 卫生间 洗澡 喷头 喷出 身上 难受 难受 特别 靠近 马路 早晨 睡个 懒觉 早早 吵醒 知道 他们 星级 怎么 三星 不算 不如 如家
1,真的 干净 老公 总是 洁癖 版纳 卫生 满意 服务态度 好头 一天 下午 洗澡 打开 淋浴 热水 打电话 服务员 一会儿 热水 后来 服务员 两次 热水 情况 第一次 水多放 一会儿 第二次 检查 淋浴 发现 热水 方向 搞反 总之 服务 非常 及时 态度 有个 露天 游泳池 不错 亲自 下水 看到 其他 客人 游得 开心 游泳池 两晚 遇到 一次 游泳池 换水 应该 干净 酒点 提供 免费 接机 不错 西双版纳 少见 桑塔那 非常 干净 司机 后来 包他 两天 价格 公道 早餐 自助餐 不错 五六个 中式 炒菜 几种 西式 蛋糕 面包 沙拉 培根 还有 牛奶 果汁 另外 米粉 印象 好象 鸡蛋 鸡蛋 呵呵
0,付款 成功 显示 发货 可是 至今 看到 货物 没收 任何 通知 不知 怎么 说好
1,入手 性价比 确实 不错 安装 过程 功能 正常 包括 屏幕 无亮点 无蓝屏 现象 声音 光驱 刻录 网络 摄像头 正常 噪声 散热 接受 颜色 时尚 摆脱 办公 适合 家用
1,青春 任性 不怕 挥霍 愿意 飞蛾扑火 身处 其间 欢笑 眼泪 快乐 悲伤 甜蜜 心碎 可是 应该 不会 后悔 第一个 故事 可是 苏瑾 勇敢 执着 深深 打动 深夜 感动不已 心有 戚戚 花样年华 往事 一幕幕 浮上 心头 多么 庆幸 拥有 美好 恣意 青春 当时 勇敢 一点点 结局 不会 一样
0,网买 华硕 第二天 发现 严重 无法 使用 后来 华硕 维修站 检测 发现 主板 由于 检测 过程 时间 长时间 以至于 超过 包换 现在 要求 新机 或者 退货
1,非常 干净 新装修 服务 不错 早餐 被子 很厚 非常 松软 哈哈 满意
0,翻开 就让 想起 韩剧 里头 那些 不温不火 絮絮叨叨 韩国 女人 可能 文化差异
1,本来 朋友 收到 以后 翻开 放不下 说服力 通过 很多 故事 阐述 优秀 品质 重要性 故事 枯燥 个人 修养 良好习惯 培养 帮助 尤其 男生 责任心 自信心 道德品质 涵养 宽容 提到 推荐 青年 朋友 好好 看看 以后 生活 工作 学习 帮助
0,敬告 各位 不要 晚上 空调 上网 一会 信号 一会 早饭 一般般 价格 我定 最差 宾馆 补充 点评 年月日 最多 两星 过去 招待所
0,预装 系统 内存 内存 情况 系统启动 速度 仍然 启动 加载 程序 实在 太多 桌面上 图标 一大排
0,位置 中心 距离 天河 购物中心 开车 分钟 走路 的话 就免 酒店设施 装修 一般 三星 标准 不会 选择 这个
1,是因为 巴菲特 缘故 完后 的确 名副其实 实在 很值 阐述 艰深 价值 投资 理念 文字 艰深 行文 相当 流畅 巴菲特 好得多 辅以 各种 实例 那个 年代 资产 现在 丰富 基本原理 不变 讲解 清楚 易懂 另外 翻译 令人满意 相信 价值 投资 应该 看一看 反正 不是
0,很空 知道 是不是 理解力 不好 没看 确实 写得 不清不楚 不明不白
1,春天 季节 鸟儿 欢歌 美的 声音 这本 小册子 图文并茂 身边 随时 识别 可爱 小精灵 快乐 招呼 一声 你好 想到 故宫 乌鸦 欢喜 珍惜 还有 这些 可爱 朋友 寂静 春天 一定 感叹 错过 永远 失去 鸟儿 一本 小册子 传阅 朋友 分享 拥有 春天 美丽 心情 鸟儿 一样 放飞 热爱生活 热爱 生命
0,希望 性价比 冲着 四星 想象 不到 脏乱差 首先 进去 一股 很大 烟味 象是 前面 入住 客人 来得及 清洗 第二 马桶 水下 不去 淋浴 喷头 龙头 服务员 前台 却说 下来 知道 整个 邢台市 还有 别的 下次 不去 服务 还好 价格比 前台 便宜
0,不会 系统 系统 真的 无奈 呼吁 以后 消费者 手里 一定 要是 成品 系统 不要 半成品 出厂 求人 系统 可怜
0,四个 糟糕透顶 晚上 十一点 入住 首先 交通 便利 必须 三峡大坝 专用 高速路 同时 还要 路过 几个 武警 拦截 停车 检查 专用 通行证 即使 出示 证件 当兵 盘问 由于 孩子 心里 不爽 安排 专门 通行证 接待 人员 还要 开车 家里 办完 手续 要求 回家 折腾 半天 下来 已经 凌晨 一点 总台 值班 服务员 态度 更加 糟糕 笑脸
0,只因 李安 电影 色戒 张爱玲 小说 读读 失望 短浅 迷惑 导演 如何 以此 获奖 影片 女人 诱杀 男人 汉奸 最后 时刻 突然 这个 男人 也许 钻戒 却是 情于理 说不过去 于是 仓皇 放走 男人 不会 放过 她色 那个 男人 差点 命色 还有 戒使 那个 女人 真的 小说 精髓 大概 在于 主题 其实 新意 写法 耐人寻味 之处 欣赏 其实 只是 小说 标题 色戒
1,收到 货从 发货 收到 很快 机子 磨损 配置 产品 介绍 所说 相当
0,为什么 价格 总是 变来变去 交完 见到 降价 想要
0,差劲 市中心 上网 还要 另外 接线 块钱 小时 抢钱
1,朋友 推荐 套书 女儿 四岁 非常 喜欢 每天 至少 两本 才行 每个 故事 贴近生活 图画 语言 生动有趣 孩子 教育 意义 从中 学习 如何 应对 孩子 成长 各种 大人 孩子 皆宜 好书 故事 太小 宝宝 适合 女儿 这个 年龄 不太能 理解 套书 陪伴 一直 小学
1,从总体上 看当 热点 产生 发展 必然 市场 犹豫 响应 过程 一旦 热点 形成 不会 马上 结束 除非 突然 利空 打压 只有 热点 升温 炙热 状态 退潮 股谚 所说 行情 欢呼声 结束 因此 看到 周围 投资者 愿意 追入 这个 热点 说明 行情 结束 看到 周围 投资者 认同 纷纷 加入 这个 热点 说明 行情 就要 结束 认识 这点 防范 热点 转移 消退 非常 重要
1,现实 腐败 多种形式 存在 工作 反腐败 第一线 深刻 体会 查处 腐败 案件 艰难 正如 小说 侧面 那些 人和事 一定 程度 揭开 腐败分子 光鲜亮丽 衣着 下藏 那颗 肮脏 腐败分子 身边 能够 较为 直接 感性 角度 体味 腐败 滋味 因此 十分 生动 灯红酒绿 世界 一条 归途 绝路 其中 独善其身 腐败 重重包围 独自 清白 谈何容易
0,散热 这些 机器 表面 很凉 通过 检测 温度 一般 之间 硬盘 主板 温度 正常 恐怖 放在 读卡器 里面 居然 出来 明天 客服 搞定
0,系统 进不去 安装 系统 声卡 驱动 费劲 蓝牙 不到 价格 有些
1,女儿 很多 当当 推荐 童书 如斯凯瑞 阿罗 梅拉 女儿 兴趣 不大 唯独 罗米 系列 百读 不烦 每天晚上 我念 罗米 故事 很多 故事 复述 通过 真切 体会 合适 最好 女儿 通过 罗米 那些 事罗米 那些 行为 应该 改正 通过 罗米 行为 了解 一般 常识 罗米 系列 女儿 年龄 相仿 几套
0,书本 质量 很差 收到 书本 前面 几页 装订 几页 本来 装订 直接 下来 寄回 换货 多天 一点 消息 邮件 通知 换货 原因 见到 任何 回复 为了 换货 还要 特意 一趟 邮局 这次 简直 受气 服务 太差
0,一定 一定 不能 理由 如下 管理 不善 服务质量 极差 我定 了佰富 第二天 未到 结帐 时间 找到 钥匙卡 向前 咨询 怎么办 前台 提供 任何 建议 第一句 要求 赔偿 钥匙卡 现金 当时 气结 不算 当天 早晨 服务员 钥匙卡 开门 上上下下 来回 钥匙卡 打不开 服务员 尽快 解决问题 当时 赶时间 可是 晚上 点多钟 回来 钥匙卡 依然 打不开 房门 后来 交涉 换房 值班 经理 前厅 经理 一直 不见 换房 耽误 将近 小时 时间 一起 同事 同时 入住 佰富 晚上 期间 直到 第三天 结帐 离开 服务员 帮忙 收拾 隔音 效果 极差 旁边 工地 施工 打扰 休息 隔音 效果 极差 电梯 旁边 清楚 听到 走路 说话 以及 电梯 开关 声音 听到 隔壁 说话声 并且 半夜 常有 楼上 地板 声音 持续 不断 非常 烦人 后面 还有 工地 施工 常常 早晨 开始 干活 不胜其烦
0,非常 一般 房里 设施 送餐 竟然 要加 送餐费 总之 不到 方面 来说 其他 选择 不要
1,十一 洛阳 这家 地理位置 不错 门口 龙门石窟 公交车 一位 方便 打车 只花 前台 接待 热情 缺点 实在 四星级 这么 说不过去 这点 不错
1,通过 饥荒 幸存 遗孤 叙述 一幕幕 饥饿 死亡 惨烈 情境 撕裂 人们 面前 这些 细节 构成 个人 故事 那场 灾难 变得 具体 可感 逼迫 活下去 人们 不得不 面对 反思 中国 当代 文学史 上以 纪实 态度 文学 形式 直面 书写 这段 饥荒 历史 应该 第一次 愿意 作为 信史 作为 纪录 文学 随着 历史 推移 许多 肉麻 有趣 文坛 泡沫 销声匿迹 文字 将会 永久 留传 下去
0,光驱 读盘 声音 打印机 可能 遗传 惠普 老本行 哈哈 系统 费事 几次 最后 命令 然后 重新 分区 系统 好使
0,电池 不够 强大 续航 差点 内存 无线网络 开关 不好 某个 键盘 松动 软件 试用版
1,相当 干净 整洁 周围 很多 学校 住宅 小吃店 安静 小巴 知道 门口 交通 相当 方便 推荐 这里 换汇 的话 后门 左手边 往前走 拐角处 报摊 摊主 相当 风趣
1,服务态度 不错 遇到 一位 服务 人员 主动 问好 老外 很多 这个 可能 不同 层面 客房 下次 咱得 换个
0,整个 不到 纸巾 厕所 抽风机 知道 是不是 以前 有人 投诉 抽风机 人家 睡不着 水煲 没洗 干净 还有 黑黑的 水垢 倒水 出来 哪里 冲凉 踏脚 塑胶 超级 黑到 吓死人 电梯 空调 大热天 走进 电梯 空调 里面 大家 想想 舒服 朋友 走上 楼上 客房 走廊 好像 走进 桑拿 说明 走廊 多么 这里 有些 朋友 经常 出差 在外 难免 纸张 服务生 竟然 不放纸 国际展览中心 展会 出来 居然 知道 那个 那里 锦江 之星 哪里 有人 知道 小巷 不好 一点 门口 小店 交通 还好 周围 没什么 吃饭 一家 西餐厅 老外 好吃 本身 中餐 没去 知道 好不好 干净 早餐 难吃 还要 前台 服务 马马虎虎 女人 不理 不采 建议 女性朋友 不要 以后 不会 再住 这家
1,优点 不到 唯一 价格 系统 没法用 售后 不关 一大堆 搞定
0,可能 本人 不是 外企 工作 引起 共鸣 网上 吸引 只是 平淡 没什么 收获
0,喜欢 如同 前面 一位 家长 可能 加重 小孩子 叛逆 我家 小朋友 现在 口头禅 总是 不要
0,抓住 女同胞 心里 现在 这个 名字 超烂 千万 不要 后悔
1,交通 方便 机场 快线 香港站 出来 直达 步行 地铁站 分钟 门口 叮叮 虽小 干净 整洁 香港 已算 不错 周边 各式 餐厅 很多 吃饭 不成问题 金紫荆 广场 早上 步行 升旗仪式
0,怎么 三星 招待所 还有 井冈山 可不是 一般
1,本本 外观 大气 时尚 性价比 非常 高质量 稳定 送货 很快 定号 早上 送到 按键 柔和 屏幕 三星 质量 可靠 内存条 速度 很快
0,系统 一点 时间 不能 直接 使用 版本 修改 一项
1,轻便 样子 不错 速度 很快 内存 已经 装上 杀毒软件 黑鼠 喜欢 不错
1,元券花 入手 价格 而言 无敌 当然 要是 入手 价格 优势 产品 秉承 华硕 一贯 品质 方面 做工 优于 为什么 微星 之前 微星 一台 应该 具有 发言权 电池 更是 达到 难以想象 八小时 以上 作为 上网 基本上 横扫 其他 品牌 性价比 超乎 想象
0,服务 怎麼 一間 沒熱水 之前 看到 一月 点评 没热方 不到 现去 投诉 另一家 他们 居然 考芦 马上 别家
0,订单号 收到 可是 本钱 算啦 这本 怎么办
0,键盘 起来 其他 牌子 弹性 紧实 蓝牙 一大 遗憾
0,知道 怎么回事 触摸板 不灵敏 以前 起来 灵敏度 差好 键盘 中间 翘起来 棚空 还有 触摸板 左右 实在 太硬 每次 用力 担心 压坏
1,入住 华侨 大厦 来时 车上 风寒 入住 登记 不住 打喷嚏 总台 服务员 立刻 关切 询问 是否 感冒 感动 刚进 客房 服务员 竟然 送来 一碗 热腾腾 红糖 姜水 人性化 服务 真的 感到 温暖 不愧为 泰安市 唯一 一家 四星级 岱庙 步行 只有 五分钟 距离 还有 金钥匙 服务中心 赠送 市区 泰山 地图 服务 先于 客人 开口 之前 金钥匙 租车 订票 回到 第二天 意外 收到 他们 问候 短信 现在 非常高兴 选择 泰山 华侨 大厦 约定 春天 朋友 重游 泰山
1,前台 传说 整体 服务 不错 当时 月份 洗澡 打哆嗦 网速
0,一天 中午 左右 宾馆 竟然 收拾 屋里 一股 臭味 理由 人员 不够 收拾 过来 无语 建议 大家 选择 别的 顺便 一句 一次性 拖鞋 一双 还有 出门 边上 好像 餐厅 自助 一位 绝对 超值 单点 不用 贵量
0,价格 位置 不错 装修 太旧 干净 还有 异味
0,去取 发现 降价 郁闷 托盘 好象 合不拢 缝隙 开机 硬盘 一下 声音 舒服 设相头
1,以下 机器 估计 一款 性能 最好 机器 设计 实用 电子设备 多有 很多 指示灯 方便 系统 开起 遗憾 开起 正在 研究
0,一套 送给 男朋友 妹妹 妹妹 拿到 开心 立刻 开始 播放 时不时 总是 卡碟 并且 断断续续 好像 剪辑 并且 不好 衔接 不上 送给 妹妹 真是 没面子
1,性价比 不错 浏览 网页 情况 电池 支持 小时 分钟 完美 机器 散热 良好 屏是 友达 第一周 色彩 一般 麻烦 驱动 用户 触摸板 键盘 太近 打字 容易 误触 键盘 手感 一般
1,中银 大厦 前台 服务态度 非常 及时 解决 预定 满意 保定 市区 最好 饭店 中银 四星 标准 保定 中银 大厦 其他 选择
1,白色 不是 想要 指纹 不错 待机时间 电源适配器 小巧 键盘 舒适
0,太小 总台 居然 预定 还要 打电话 确认
1,整体 还行 性价比 毕竟 这个 价位 机器 刚刚 正在 熟悉
0,太大出 这个 配置 机子 这点 不得不
1,位置 中山 广场 卓展 广场 附近 超市 设施 旧有 很大 味道 早餐 还好
1,做工 一流 外形 漂亮 显卡 很棒 奥特 兰星 品牌 扬声器 手拖处 金属 质感 各种 接口 齐全
0,赠送 可是 收到 本本 这时 查看 订单 时赠 条款
0,这么久 遇到 舒适 送给 老人 赠送 全彩 经脉 根本
0,事物 照片 丑多 家里 有台 灰色 本来 以为 一样 收到 黑色
1,装修 新离 购物点 距离 出门 拐右 第一条 马路 大约 分钟 购物中心 周围 有家 电器 卖场 马路 对面 药店 可买 片仔癀 或茵胆 平肝 胶囊
1,星期六 上午 点多定 当天 下午 点多 到手 任何 催促 非常 之快 感谢
1,好看 一篇 小说 写意 可爱 厉择良 不错 人生 相遇 缘分 一段 故事 未了情 未了情 叮嘱 晚风 轻送 柔情 千里 这个 世界 究竟 有情 无情 只要 真心 爱过
1,外形 漂亮 容易 手印 很漂亮 电池 续航 时间 其他 同类 小本 比要
0,看来 盗版 碰运气 十张 四张 不错 第五 不能 还有 四张 图像 不错 上来 声音 可是 后面 声音 呵呵
1,屏幕 不错 键盘 也好 容易 灰尘 以后 清理 麻烦 一条 三星 内存 速度 还行 这个 程序员 凑合
0,环境 较差 马路 噪音 非常 之间 隔音 处理 不好 床上 听到 楼道 讲话声 偏小 另外 机场 非常 出租 司机 外环线 速度 多公里 饭店 周围 环境
0,多年 这次 失望 本来 最好 一肚子火 建在 居民区 周围环境 可想而知 开业 半年 处在 试营业 卫生间 糟糕 下水管 排水 淋浴房 估计 只有 平方 洗发液 卫生间 可怜 坐在 马桶 肩膀 靠着 淋浴房 肩膀 靠着 卫生
0,小熊 昨天 收到 以前 偶尔 个别 图书 有些 陈旧 这次 太过分 一本 干净 其中 本是 受潮 一起 不是 路上 受损 外面 包装 问问 你们 送给 孩子 礼物 我会 宝贵 破书 寄给 你们 仅仅 你们 教材 看看 以后
0,设施 一般 环境 二楼 有个 餐厅 人员 往来 较杂 退房 清理 服务员 竟然 诬告 洁牙 水晕 真是 荒唐 令人气愤 估计 这个 服务员 反过来 诬告 客人 建议 以后 不要 摆放 那些 收费 需要 客人 下面 杂货店 否则 某些 素质 不高 服务员 那些 收费 用品 客人 反倒 恼火
1,香港 这个 地址 没想到 失望 当时 预订 时说 不要 楼层 大床 前台 告知 接到 这些 要求 好不容易 大床 窗子 出去 平台 压抑 卫生间 有股 难闻 味道 电视机 很小 很破 那种 服务 不太好 反正 受骗
0,驱动 不是 很全 应该 改进 退出 历史舞台 可是 现在 主流 系统 应该 跟进
1,装完 系统 所有 驱动 以及 常用软件 之后 速度 满意 显卡 性能 声卡 效果 不错 喇叭 音质 点儿 机器 运转 起来 噪音 还好 不是 很大
1,一般 四星级 环境 不错 实在 不怎么样 服务
0,孩子 心情 放松 一些 儿子 一起 看有 共同语言 喜欢
0,国学 热中火 起来 真正 文化 属于 全人类 提倡 国学 做法 本身 文化 这个 背景 出现 事务 一定 怪胎
0,之前 买过 一次 所有 相当 不错 这次 怎么 质量 不过 不错
0,服务态度 态度 无所谓 好坏 总台 看人用 眼白 门童 门童 样子 没见 过房 内锁 说明 中文 潮州 浙江 不要 英文 介绍 说明 本身 英文翻译 拼写错误 早餐 完后 外面 价格 押金
1,记得 初中 市图书馆 借来 一本 草原 小屋 读后 爱不释手 当时 还有 银湖 岸边 森林 小屋 由于 每次 只能 一本 每次 借书 特别 紧张 生怕 一本 别人 非常 喜欢 罗兰 当时 翻译 劳拉 一家 积极 努力 乐观 向上 生活态度 值得 每个 学习 这次 终于 买全 一套 高兴 有些 像是 儿童读物 印刷 字体 合适 希望 朋友 读读 不是 当成 一套 儿童读物
0,喜欢 张爱玲 购齐 全集 还有 千疮百孔 只是 为了 爱玲 多一些 了解 有些 失望 莫名 悲哀 想像中 爱玲 应该 金枝玉叶 饱受 风尘 之苦 冰清玉洁 不想 碰到 胡兰成 恶俗 混世魔王 记得 看过 一本 人家 虽是 贪官 妻子 冯氏 有情 有意 有始有终 另生 一种 敬佩 爱玲 最后 漂泊 半生 郁郁而终 生不逢时
1,首先 许多 交通不便 诸位 真是 坐惯 地铁 其实 香港 很多 地铁站 分钟 步行 范围 不过 离上 地铁站 确实 分钟 步行 路程 香港 天天 各种 商场 累个 半死 回去 还要 几分钟 确实 崩溃 不过 不过 叮叮 巴士 可乘 晚上 接近 还有 坐在 叮叮 车里 晃荡 晃荡 驶向 终点 有些 意思 事情 不过 中环 铜锣湾 的话 费时 太长 早上 出门 之类 巴士 叮叮 车到 地铁站 为佳 旁边 很多 餐馆 其中 几家 早餐 西式 兼有 味道 不错 价钱 便宜 学众位 街坊 报纸 附近 两家 百佳 屈臣氏 便利店 不过 很小 至于 运气 升级 海景房 不过 海景房 已经 满意 冰箱 卫生间 香港 已经 豪华 海景 无敌 很漂亮 玻璃 敲碎 张照 两张 单人床 拼在一起 电视 几个 频道 不过 影响 几天 欧洲杯 一眼 睡着 服务 的话 彬彬有礼 不过 大堂 所有 服务 人员 普通话 英文 门童 主动 行李 大堂 有个 插曲 上去 发现 门卡开 不了 下去 问问 完换 过卡 上来 开门 一看 房里 全是 只好 下去 发现 写错 房号 各位 所说 每天 手上 明报 不过 退房 那天 真是 温暖 细节 打扫 干净 很赞 随手 乱放 贵重物品 井井有条 总之 之后 号称 以后 香港 这家 交通 不便 其他 方面 弥补
0,此书 装帧 彩色 插页 文字 略显 空洞 总之 这么 类似 书籍 这个 价位 值得
0,电视台 介绍 针对 外国 宝宝 对于 小孩 不太 适合
0,我订 二个 隔音 夜间 此起彼伏 开门 关门声 其它 门铃 电话声 走廊 交谈 声声 入耳 这些 声音 停歇 凌晨 马路上 拖拉机 大型 车辆 开始 行动 整晚 睡着 三四个 小时 订房 开始 预留 朝内 窗外 大型 空调 机组 前面 网友 卡拉 吵才 马路 强烈建议 朋友 不要 再订 这个 同时 地毯 脏得 出奇 上面 各种 液体 留下 印记 包括 呕吐物 还算大床 不小 优点 另外 向东 二百米 位于 王街 蟠龙 路口 一家 豪顶 饭店 味道 不错 价格 不贵 五个 人点 十个 二瓶 啤酒 一大 瓶雪碧才 三百多元 几种 野菜 土鸡 临安 大酒店 看样子 不错 下次 试试
0,键盘 想象 光驱 有时候 声音 摄像头 鸡肋 功能 不错
1,完美 上帝保佑 散热 安装 系统 还好 萝卜 系统 然后 大家 参考 注意 一下 第四步 一切 真的 强悍 强悍
1,一些 有些 着急 发现 一些 家长 看书 关键 注意 大人 经络 孩子 不同 千万 不要 人体 经络 使用手册 经络 穴位 手法 对照 孩子 对于 价值 个人 取其精华 糟粕 必要 全信 必要 一棍子打死 一无是处 最为 家长 孩子 一些 必要 医学 常识 家长 掌握 百家 之长 必须
0,原配 驱动 不错 只是 安装 无线 网卡 遇到 麻烦 自带 光盘 后来 上网 查找 知道 机器 无线 网卡 网上 搜索 驱动 下载 测试
0,草草 通看 一遍 一般 末流 相去 步武 印数 多卖数 如此 炙手 不知 何因 出版商 外加 某某 热炒 吹捧 实在 妨碍 成为 一本 快餐 列论注 实为 末流
0,地毯 很赃床 彈簧 凸出 舒服 隔音 很差 吵離 市區 距離 不是 方便 我覺 糟糕 补充 点评 年月日 外覌很美 很棒 進去 房間 大失所望 什麼 外會 這麼 多本來 打算 二天 一天 退房
1,漂亮 系统 难搞 进去 修改 不行 后来 安装版 装进去
1,此书 常看 博客 书后 基本 一气呵成 读完 长期 研究 经济 关注 民生 国家 不可多得 人才 书中 全面 介绍 金融危机 产生 过程 当今世界 经济 生活 影响 全面 串联 全球 货币政策 经济 各个方面 战略 普通 民众 启发 如对 资源 人民币 国际化 国家 应对 危机 提出 很多 可行 战略 政策 一本 及时 好书 殷切希望 各级 领导 好好 读读
0,糟糕 之一 以下 几个 第一 图画 太小 图画 布局 拥挤 适合 幼儿园 托班 阶段 女儿 甚至 舒服 第二 文化差异 里面 人物 场景 图画 风格 西方 适合 中国 孩子 认知 他们 很难 书里 物体 现实 周围 物体 对应 幼小 孩子 来说 可能 无法 理解 一些 西式 幽默 内涵 第三 缺少 鲜明 主题 比如 其中 一本 讲故事 明显 一些 故事 简单 集合 故事 之间 联系 故事 主题 分工 比如 分工 大自然 智慧 运动 等等 之后 想不起来
0,本来 高兴 书读 一部分 发现 里面 竟然 有页 空白 真是 没处 网上 买书 风险
0,低端 散热 做工 设计 用料 高端 一些 价格便宜
1,小巧 轻薄 一直 希望 拥有 类型 现在 已经 喜欢 什么游戏 上网 或者 电影 非常 游戏 哈哈
1,通过 网上 别的 妈妈 介绍 第一辑 第二辑 共九 作为 六一 儿童节 礼物 送给 宝宝 送货员 送到 手上 真的 买错 图画 非常 精彩 生动 易懂 适合 小孩 看当 拿给 小孩 宝宝 非常 开心 激动 爱不释手 不及 父母 经常 送礼物 小孩 宝宝 开心 受益 礼物 花点 值得
0,方便 机场 近有车 接送 方便 极度 不满 骚扰电话 不停 电话 那头 你们 打电话 我要 报警 得到 嚣张 答复 有种 赶紧 电话线 大堂 里面 商店 矿泉水 零钱 张块 找回 一张 假钱 过后 发觉 建议 大家 那里
1,环境 不错 前台 礼貌 服务 到位 好评
1,昨天 这个 本本 收到 一看 开始 活动 内存 硬盘 订单 完成 办法 厚道
0,从头到尾 性压抑 大量 篇幅 放在 重复 毫无 变化 心理 活动 意义 本来 简单 故事 这么 显得 单薄 人物形象 一张 可是 受到 如此 众人 追捧 意思 难道 现在 中国 纯爱 渴望 这个 程度 压抑
1,外形 很漂亮 冲动 不过 没买 屏幕 太小 适合 近视 人士 朋友
1,轻便 小巧 做工 精致 屏幕显示 效果 不错 可视 角度 左右 上下 键盘 超赞 打字 舒服 玩过 华硕 打字 痛苦 电池 持续 较长 基本 小时
0,很空 不如 简介 文字 行距 大多 分钟 基本 翻完
1,大学 老师 推荐 第一 光荣 梦想 可惜 当时 读完 不然 距离 记者 梦想 一些 美国 记录 历史 方式 中国 传统 修正 或民修 野史 迥然不同 基本 涵盖 当时 社会 生活 方方面面 大到 二战 经济危机 阿波罗 登月 宏观 叙事 话题 小到 百姓 服饰 流行音乐 广告语 家长里短 一应俱全 不让 繁琐 无趣 起来 妙趣横生
0,第一次 一家 是因为 四星 牌子 价格 江阴 同级 便宜 确实 差劲 四星级 建议 四星 牌子 摘掉 二星级 某些 方面 开始 做起 然后 三星级 看齐 等到 所有 三星级 标准 符合 四星 牌子 重新 空调 实在 太吵 卫生间 设施 就算 不换 不会 太旧 居然 有些 发黄 上海 路边 公共厕所 不会 二星级 水准 糊弄 客人 不是 糊弄
0,唯一 优点 明白 炒作 世道 三教九流 一不小心 还成 畅销书 凭良心 可能 影响 其他 顾客 选择 大都 经验 至于 科学依据 清楚 个人 认为 不可 希望 大家 好好 考虑
1,月初 一夜 不错 特别 钟山 一面 隔壁 南京 博物馆 许多 楼下 淮扬菜 餐厅 点菜 一般 一句 几次 南京 补充 点评 年月日 记得 缺点 上网 要钱 作为 五星级 必要 小气
1,第一次 发表 希望 留言 能够 人来 动物 档案 一只 蚂蚁 领着 相信 动物 尚未 发现自己 动物 自然 人能 蒋子丹 两本书 作出 更加 积极 言行 共同 爱护 地球 所有 生灵 一定 要读 两本书 当然 读完 一丝 感动 沉思 只能 对不起 浪费 时间 确实 不是 一路
0,非常 麻烦 需要 准备 外置 软驱 光驱 南桥 驱动 官方 驱动 下载 只有 客服 电话 他们 发给你 尤其 声卡 极其 麻烦 建议 菜鸟 要装 不要 机子
0,算了 一下 待机时间 差不多 六个 小时 好像 宣传 有些 差异 还有 郁闷 才刚 两天 返元 现金 活动
0,装订 拿到 一天 裂成 好几份 仔细 一看 这书 立面 长条 胶状 所有 书页 这层 胶粘 容易 分裂
1,装饰 不错 干净 环境 也好 泳池 清洁 适合 度假
1,很少 宜昌 同事 介绍 性价比 不错 宜昌市 算是
1,郁闷 三星 反正 还行 使用 朋友 一起 交流 交流 基本 没出
1,这本 书写 相当 真实 相当 感人 看似 平淡 语言 简简单单 话语 有关 母亲 所有 细节 描写 清清楚楚 完美 文字 表达 母亲 那份 挚爱 眷恋 文章 看起来 平淡 说实话 真的 感动 树欲静而风不止 子欲 孝而亲 不待 抓紧时间 孝敬 父母
0,书中 随处可见 不得不 承认 包装纸 干净
0,长时间 使用 左手 托出 微热 系统 分区 麻烦 目前为止 安上 高手 指点 一下 已经 改了 下装
0,预订 电话 几天 安排 晚上 十一点 发现 前台 回复 明天 一晚 老大 坚持 下换 一楼 外面 停车场 晚上 完全 睡不着
1,宾馆 服务 早餐 品种 打车 起步价 海边 走路 分钟 好又多 超市 开发区 里面 出差 这里 方便
1,这里 免费 宽带 预定 豪华 人大 床房 下面 一些 优缺点 优点 环境 不错 别墅 房子 到处 椰子树 游泳池 地里 位置 不错 属于 市中心 分钟 路程 大型超市 对于 本地 来说 分钟 路程 吃饭 方便 走路 分钟 不到 水果市场 晚上 周围 马路上 相当 热闹 干净 早餐 随便 对付 一下 应该 缺点 热水 好像 时间 下午 洗澡 一般 热水 晚上 上网 速度 一样 根本 打不开 网页 知道 原因 服务台 回答 来说 房价 对于 算是 出门 不能 要求 一样 再说 在家 可能 有时候 抱怨 卫生间 味道 厨房 太小 出来 总是 随遇而安 大家 旅程 愉快
1,本本 质量 不错 值得 信赖 另外 服务 的确 很快 服务态度
1,同等 价位 来讲 配置 不错 品牌 知名度 高品质 保证 商务机型 外观 一般 按键 手感 戴尔 电源适配器 造型 轻巧
1,交通 方便 服务 不错 附近 不远 很多 电梯 需要 钥匙 麻烦 补充 点评 年月日 电视 台少 十来个 很多 外国 国内 大部分 看不到 这点 不怎么
1,不错 实用 系统 千万别 网上 傻比 功略 纯粹 没事找事 用盘 虚拟光驱 忽悠 简单 然后 分区 清空 重新 分区 系统 半个 小时 搞定
0,看到 书评 买回来 儿子 一点 喜欢 只好 好看 怪不得 吸引 不到 儿子
1,不是 特别 满意 位置 不太好 价格 合理 知道 星级 外表 旧旧
1,伤心 咖啡馆 之歌 麦卡 勒斯 第一部 长篇小说 最具 震撼力 代表作 现代 文库 世纪 百佳 英文 小说 第位 评为 百部 最佳 同性恋 小说 之一 故事 背景 类似 伤心 咖啡馆 之歌 炎热 南方 小镇 小说 主要 讲述 两个 聋哑 女孩 同性 之爱 她们 自言自语 不到 对方 心声 同性 之恋 若有若无 主旨 凸显 麦卡 勒斯 主题 孤独 绝对 深切 无法 改变 人类 最终 孤独
0,好烂 宾馆 一点 不好 大堂 一边 临时 门口 任何 安保 人员 窗户 旁边 停放 自行车 毫无 安全感 酒店设施 陈旧 提供 纯净水 烧水 非常 卫生间 条件 连好 招待所 不如 早餐 样式 难吃 最差 星级 经济性 快捷酒店 没法 真不知道 为什么 推荐
0,设施 陈旧 卫生间 真的 有够 电梯
0,本来 喜欢 钢琴 面得 对于 来说 容易 熊掌 不可 注意
0,距离 市区 接机 服务 选择 司机 态度 不好 老旧 看到 房间内 以为 设施 不错 可问 知道 只要 收一正天 费用 就算 睡觉 不值 综合 适合 背包客 年轻人
1,林汐 算是 小说 喜欢 同样 迷失 界限 旅途 失望 感动 故事 结尾 那句 再见 再见 程介 再见 加井加井 始终认为 属于 那个 世界 选择 离开 选择 继续 回到 世界 始终 办法 看着 程介 离开 看到 加井 离开 突然 值得 只不过 回到 世界 而已 回去 而已
1,相比 电池 突出 待机时间 更长 上网 基本功能
0,处理器 发热 显卡 好像 支持 半透明 效果 效果 大打折扣 本身 性能 要是 版本 完美
1,坦白说 想象 三星 属于 一类 员工 服务 意识 很强 象是 内地 城市 价钱 不够 竞争力 火车站 遇到 拉客 导游 提供 更好 价格 路遇 旅伴 尝试
0,优点 交通 便利 缺点 符合 心中 四星 泳池 不如 漂亮 三亚湾 不是 亚龙湾 这个 价位 优势 得不到 相应 要求 之前 不符 距离 春圆 海鲜 广场 楼下 金凤凰 广场 总之 下回 不会 选择 不如 花少 三亚湾 小型 度假村 或花 同样 环境 亚龙湾
0,不爽 驱动 上官 下载 下午 时间
0,显卡 强些 现在 内存 偏贵 价格 降下来 内存
1,表面 一般 里面 装修 精致 干净 舒服 以后 宜兴 首选 宜兴 宾馆
1,不错 服务 总台 主管 不仅 免费 升级 亲自 很大 舒服 很大 液晶 显示屏 并且 免费 饮料 小点心 刚进 不久 服务员 泡来 咖啡 尤其 离开 服务员 饮料 路上 并且 准备 两份 报纸 总之 来说 服务 意识 很强 贴心 满意 唯一 美中不足 一间 电视信号 不是 稳定 不是 清楚 希望 加以 改善 下次 还会 选择 入住 这里
0,居然 其它 附件 鼠标 怎么 还有 太热 随便 摄氏度 六十度 以上 夏天 使用 担心
1,以前 去过 大连 今年 选择 博览 这里 日本 讨厌 日本 个人 习惯 在意 卫生 尤其 卫生间 卫生 重要 这里 卫生条件 满意 服务 不好 服务 人员 态度 热情 友好 很快 得到 解决 打扫 及时 视野 看到 大连 美丽 夜景 下次 大连 决定 这家 不错 不错 补充 点评 年月日 另外 值得一提的是 地理位置 不错 这里 各大 景点 购物 直达 公交车
1,外观 非常 漂亮 扬声器 不是 音箱 系统 自带
0,房价 贵楼 大堂 宽敞 硬件 设施 八十年代 九十年代 水平 显得 旧家具 洁具 老一代 科勒 排队 光泽 洗手盆 下水 口里 卡者 牙膏 盖子 卫生条件 绝对 四星级 新换 床单 还有 不知 体毛 电梯 地毯 好像 已经 出来 原色 找到 一尘不染 服务 不够 四星级 门卫 冷漠 看着 提着 行李 行李 估计 头上 估计 不会 主动 帮忙 客房 服务 不敢恭维 半夜 三点钟 入住 纲要 服务员 敲门 一次性 用品 精神可嘉 时间 宽带 插头 不知 为什么 不了 地点 后来 想通 估计 石油 兴建 公款消费 为主 价格 服务 重视 管理 要是 旅行 少住
0,操作 说明书 摄像头 一番 好找 最后 不能 很多 方法 知道 芯片组 其他 原因 等待 高手
1,非常 不错 一家 挑剔
1,喜欢 干净 很漂亮 窗口 出去 美的 市中心 区域 出行 非常 方便 机会 一定
1,位子 不错 海边 直接 游泳 海景 打开 窗户 想住 热闹 地带 这里 不是 选择 不过 威海 城市 真的 打车 相当 便宜 晚上 门口 出租车
1,几乎 一口气 完时 先生 完后 心情沉重 世界 原来如此 格局 中国 命运 如此 坎坷 世界 从此 不再 平静 惊涛骇浪 令人震惊 相信 看过 此书 从中 受益 或许 它会 改变 一辈子 相信 已经 改变 世界 从此 不再 模糊不清 谢谢 先生 感谢 倾尽 心血 如此 伟大 独特 有效 利益 分析法 广阔 不失 细致 视角 教会 世界 应该
0,很大 服务 不错 二楼 早茶 不错
0,此书 几章 读完 好像 宣传 逆来顺受 凡事 忍气吞声 强调 调节 心情 类似 精神 自我 释然 不能 精神 气爽 不能 励精图治 散文 清净 总之 超作 胜于 价值
1,外型 漂亮 漂亮 漂亮 漂亮 噪音 几乎 噪音 键盘 超好 舒服 散热 电池 时间 真的 很长 白天 视频 效果 好好 喜欢 喜欢
0,所有 观点 泛泛而谈 点到 即止 实际 效用 失望 任何 受过 教育 女性 来说 作用
0,机子 本身 电力 不够 必须 接上 电源 显示 频才 拔掉 电源 变得 灰暗
0,重量 稍重 然后 电池 出来 这个 电池 太小 竹竿 差不多 难怪 标称 小时 使用 时间 然后 这个 内胆 差点 进去
0,满意 到货 不由分说 立马 付款 不让 验货 霸道
1,牌子 这个 价格 本本 国内 出货 美国 造型 紧凑 适合 女生 使用
1,一直 儿子 国内 科普读物 原因 说教 其实 科学 应该 平时 生活 之中 套书 孩子 很快 喜欢 后来 科普 方面 国外 那时 儿子 别人 一套 中国 少儿 百科全书 严谨 枯燥 孩子 多年 动过 一样 套书
1,轻巧 外观 图片 一样 喜欢 带电 时间 经过 实际 运行 检验 小时 立体 音效 非常 不错 蓝牙 功能 手机 连接 方便
0,分辨率 最高 字体 细腻 有点累 眼调 字体 细腻
1,整体 外观 时尚 大方 钢琴 主流 配置 内存 大大 提升 运行 速度 完美 亮度 节能 使用寿命 更长 杜比 声音 效果 不错
0,实在 太烂 以前 浙大 老师 怎么 怎么 哪些地方 误导 相信 终于 一本 一下 发现 真是 出来
1,性价比 特别 感谢 餐厅 服务员 早晨 早餐 小包 留在 椅子 很快 服务员 送到 总台 感谢 表扬 走廊 遇到 服务员 他们 微笑 打招呼 总之 对大 世界 服务 满意
0,我要 送错 至今 知道 怎么 办理 退货 当当 售后服务 果真 网上 一样
1,外观 喜欢 来说 不错 四五天 发现 驱动 上官 下载 挺快
0,看过 朋友 我订 迟迟 未到 已有 半个 收到 打电话 以后 你们 订书 一定 考虑 当当 实在 太慢
0,电池 占据 后部 全部 位置 致使 其余 三个 方向 接口 位置 显得 较为 拥挤 操作系统 反应速度
1,儿子 六岁 看书 这是 送给 六一 礼物 中午 看着 动画片 妈妈 放在 怀里 走开 一眼 看电视 瞟一眼 再也 放下 整整 一周 出门 吃个 着迷 一般 一遍 一遍 发现 孩子 看书 全部 领悟 照样 乐趣 无穷 六岁 与众不同 理解 可是 高中 接触 东东
1,笔下留情 深圳 自由 作家 远远 离婚 未遂 笔下 潇洒 事实上 深圳 典型 文化 城市 文学院 歌舞团 解散 越剧团 解散 深圳 不是 文人 立身 之地 小说 确实 不错 仍然 强烈推荐
1,好友 孩子 似乎 好书 真得 太多太多 这套 插图 简要 文字描述 吸引 毫不犹豫 订单 预期 希望 朋友 孩子 喜欢 果然 不负 所望 上星期 拿到 书后 朋友 告诉 孩子 每晚 几个 重复 动人 故事 入眠 成为 枕边 最好 朋友 所有 故事 人物 可爱 生动 故事 简单 令人感动 孩子 喜欢 讲故事 大人 激起 童心
1,作为 一家 五星级 各项 设施 陈旧 面积 显然 达到 五星 标准 速度 极慢 无比 晚上 左右 到达 分钟 房价 太贵 除了 地段 因素 实在 不到 五星级 水平 早餐 价格 卫生间 不错 水压 很大 水温 舒适 非常 局促 建议 大家 考虑 不远 粤海
0,早餐 不好 服务 到位 晚餐 西餐 早餐 晚餐 相同 条件 不好 餐厅 吸烟区 不分 无烟
1,帮助 小学生 理解 数学 很多 应用 直接 小孩子 数学题 更能 引发 孩子 数学 兴趣
1,性价比 外观 中看 音响 满意 部分 声效
1,开始 附带 大量 历史 知识 不耐烦 组织 头绪 很乱 似乎 大家 不错 耐着 性子 下去 第三本 开始 真的 发现 渐入佳境 开始 找到 事情 进展 开始 那么些 意思 最后 一口气 完全 部五本 发现 喜欢 套书 看来 还要 继续 追下去 只是 可惜 没出 完真 希望 看到 后面 知道 怎样
0,大堂 整体 环境 看起来 不错 一进 太糟 脏兮兮 臭臭 卫生间 不想 进去 所谓 宽带 上网 提供 电力 宽带 根本 无法 接通 将近 小时 其间 无数个 电话 投诉 仍然 无法 上网 大堂 经理 交涉 不能 上网 退房 告知 其他 楼层 去试 上网 的话 那个 楼层 断然拒绝 大堂 经理 提出 调换 二楼 二楼 大家 常用 那种 宽带 不用 再接 电力 不过 这时 已经 小时 过去 无力 理论 二楼 一直 以为 调换 标的 房型 后来 退房 入住 豪华 房要 附近 几间 经济型 干净 上网 新华 房价 太贵 价格 一点 便宜 前台 其他 客人 标和标 以后 不会 这里 入住 周边 这里 好多
1,非常 喜欢 终于 买到 遗憾 当当 货书角 折及 破损 对于 很爱书 珍惜 来说 需要 完美 看书 书签 人能 忍受 破损 该书 已经 包好 希望 当下 发货 注意 不要 残损 发来 读者 尊重 你们 尊重 前期工作 做到 为什么 最后 失望 希望 改进 谢谢
1,香港 面積 方面 需要 強求 什麼 這家 設施 已經 不過 交通 比較 方便 服務 方面 尚可
1,听说 柳州 最好 饭店 原来 市政府 招待所 靠近 一条 景观 不错 出行 交通 留下 特别 印象 底楼 中餐厅 服务员 态度 特别 勤快 亲切 顿饭 几次 毛巾
1,拿到 晚上 时间 早先 已经 听到 一些 关于 这部 小说 主要 来自 香港 台湾 读者 的确 张爱玲 本人 估计 很多 读完 小说 对号入座 起来 小说 知道 不是 自传体 小说 实在 困难 这本 小说 文学 价值 之高会 忽略 情节 生事 相似性 张爱玲 那种 出离于 眼光 分明 平凡 女子 柔弱 情怀 以及 那些 简练 精辟 笔法 不能 不让 惊叹
1,品牌 各项 参数 对比 便宜 一款 拿到 手里 发现 外观 不错 起来
1,九月份 入住 晚定 普通 标准 简但 前台 主动 免费 升级 海景房 态度 风景 其实 西环 电车 巴士 方便 便宜 上次 附近 缺点 壁纸 不太 干净
0,销售量 然后 侄女 知道 智商 反正 外国 小说 怎么 明白 何况 侄女
1,酒店设施 稍显 陈旧 干净 整洁 早餐 六点 开始 品种 明档 食品 六点 不到 略显 遗憾
1,性价比 屏幕 大小 来看 适合 家用 电影网 游戏 很爽 声音 很大 键盘 习惯 以后 方便 机器 发热 数字 小键盘 下面 平时 不到 双系统 所有 硬件 兼容 驱动 全是 自带 光盘
1,今年 第二次 入住 这次 好友 一起 购物 首选 市区 沙嘴 半岛 那里 免费 班车 整点 一趟 很大 大约 二十几 平方 二次 无敌 海景 入时 选择 游艇 俱乐部 这边 看到 另外 六楼 以下 还有 露台 非常 早餐 非常 丰富 值得 一试 坐在 露天 花园 边上 早餐 花园 走走 真的 不远 沙滩 不远处 小时 便利店 超市 里面 新鲜 水果 还有 东南亚 餐馆 名字 记得 唯一 另人 满意 房间内 设施 陈旧 不过 洗手间 不错 单独 沐浴 如是 一家 渡假 这间 一定 不了
1,不错 大床 不过 经济 实惠 塌塌米 可惜 席梦丝 可能 不是 第二天 起来 酸酸的 两瓶 有些 小东西 不错 海宁 中心地段 方便
0,如何 指纹 人才 告诉 一下 软件 打开 好像 软件 打不开 来电 反应 散热量 比太热
0,这款 本装 肯定 不行 必须 升级 华硕 提供 主板驱动 系统 驱动 客服 只能 官网 下去 官网 打不开 页面 刷新 多次 才行 打开 运气 预装 客户 选择 太懒
0,介绍 最差 早饭 很差 一大群 服务员 坐在 一旁 鼻屎 化妆 大声 说话 恶心 补充 点评 年月日 设施 简单
0,入住 强调 不要 靠窗 晚上 休息 发现自己 根本就是 马路上 凌晨 一点 窗户 传来 嘹亮 汽车 喇叭声 连绵不绝 拉萨 司机 一点多 频繁 喇叭 床上 听到 大街 上人 高声 说话 声音 楼下 店铺 关门 声音 噩梦 马上 要求 答应 原来 还有 其他 空着 他们 条件 空着 客人 安排 靠近 马路 实在 可恶
0,炒作 这么 热才 所谓 希望 越大 失望 越大 大概 这个 意思 有点像 读者 杂志 文章
1,入住 上面 点评 有些 不安 入住 芜湖 这个 实在 宾馆 应该 不错 以后 芜湖 还会 选择
0,不错 不过 床头 部分 发霉 迹象 价格 太贵
0,根本 不到 星级 标准 当地 工商局 估计 原来 招待所 前天 晚上 我刚 一晚 室外 室内 温度 不会 超过 晚上 空调 关闭 网速 很慢 当地 消费水平 标准间 水平 预定 价是 不值 早餐 很差
1,不错 地点 火车站 出来 一楼 吵有 旅行团 吃饭 客人 不过 影响 住宿
0,精致 泡菜 女人 喃喃自语 一般 见面 不如 闻名 建议 上网 下载 一本 花钱买
1,电池 果然 待机 九个 小时 以上 使用 七个 小时 左右 难得 做工 精细 电池 外观设计 合理 键盘 打字 顺畅 也许 本人 手小 麦克风 收音 不错 除了 所谓 以外 功能 齐全 即使 品质 一般 至少 具备 作为 第二台 职能 便携 够用 当然 光驱 除外 游戏 免谈 关于 正好 限制 上网 时间 优点 哈哈
1,不错 超值 板子 大家 一般 使用 足够
1,设备 太破 喷头 不好 空调 几乎 不到 我开 最大 另外 设备 维修 及时 洗澡 用品 廉价 味道 奇怪 洗头 等等 服务 设备 招待所 水平
1,饭店 地理位置 非常适合 夏天 度假 硬件 设施 差于 服务 达标 早餐 自助餐 比较简单 困难
0,出于 第一次 所谓 星级 来说 两句 蓝天 实在 太烂 程度 服务态度 简直 垃圾 宽带 不好 晚上 直接 不能 故障 中午 意大利 牛肉 差点 吐出来 白天 应酬 签完 协议 回来 晚上 性骚扰 电话响 气人 早上 退房 总服务台 联系 楼层 第一次 楼层 矿泉水 直接 告诉 总服务台 里面 可能 接着 楼层 可乐 晕死 第三次 楼层 卫生间 避孕套 盒子 差点 气死 到底 怎么回事 你们 星级 后来 样查 住客 消费 呵呵 足足 分钟 弄清楚 同时 开车 机场 朋友 分钟 看着 冒汗
1,封面 很漂亮 纸张 不错 只是 送过来 时间
0,说明书 简陋 盘带 软件 详细 说明 知道 的话 有些 快捷键 没法用 的话 知道 那个 那个
0,收到 随手 翻看 大概 一般 那种 各种 中医 书上 摘录 整理 语言 加工 粗糙 像是 随口说说 后悔 知道 工作 此书 看来 非常 专业 也许 出点 出书 作家
1,同事 推荐 现在 公司 人手一册 第一次 养育 宝宝 意想不到 收获 重要 教会 注重 宝宝 个性 保护 宝宝 个性 如何 避开 护理 误区 如何 第一 掌握 病情 如何 第一 时间 解决问题 如何 预见 防护 宝宝 安全 宝宝 信心 处理 在你看来 意想不到 对于 宝宝 来说 却是 非常 自然 生理 情况 经历
1,工艺 设计 做工 不错 电池 无线 散热 出色 性能 超出 预期 一般 应用 足够 华硕 品质 值得 为此 多花 几百块
0,海天 中间 采光 不是 里面 设施 不太好 地毯 很脏 那间 热水管 当时 同屋 已经 心情 不好 喜欢 他们 服务态度 整理 下来 分钟 期间 电话 提醒 必须 马上 下来 前台 它们 不停 质问 怎么 这么晚 下来 语气 不好 三遍 前台 小姐 两遍 后来 不知 是不是 前台 嘴里 一遍 当时 特别 火住 这么 从没 见过 质问 住客 以后 不会 这家
0,故事 有些 深像 伽利略 哥伦布 这些 小学 才能 明白 不过 故事 小鸡 可爱 女儿 看不懂 喜欢 小鸡
0,入住 正赶上 附近 施工 第一印象 不好 离开 大厅 钢琴 小提琴 表演 订房 时大双 没得 入住 告知 两间 豪标 双人间 其实 想要 一大 一双 总之 尽如人意
1,绿野仙踪 华丽 词语 惊险 故事情节 复杂 情感 描述 有的是 一份 纯洁 真是 一部 小孩子 读得 津津有味 大人 容易 怀念 从前 童话 一边 绿野仙踪 脑海 出现 一幕幕 画面 小时候 动画片 一样 画面 轻松 流畅 每天晚上 睡觉 前读 一下 不过 只有 仙境 术师 格林 部分 中间 故事 起来 意犹未尽
0,包装 皮实 送过来 外面 包装盒 看着 心疼
1,故事 上来 认识 发丘族 行家 知道 是不是 特意 安排 本人 老是 自觉 系列 进行 发丘 正好 霸唱 提到 种族 不过 上来 王胖子 出来 后来 发现 其中 主角 不得不 想到 三叔 不会 同人 麒麟 这个 耳目一新 那种 青铜 制品 贯穿 整个 故事 路线 期待 吴邪 这个 初哥 带到 另外 未知 领域 好好 一场 精神
0,失望 以为 具体 朗读 根本 略略 一下 一边 失败
1,可是 一直 停留 普通 拍照 水平 前不久 朋友 作品 实在 有愧 于是 提升 这是 一本 单反 基本原理 结构 操作 摄影 构图 人像 风光 纪实 攻略 入门 指导书 粗粗 通篇 读完 收益 多多 于是 相机 起来 小试 牛机 真是 提高 不少 朋友 作品 不错 那个 得意 哈哈 再接再厉 继续 努力 研读 希望 赶上 业余 高手 希望 如此
1,第一次 入住 宁丰 宾馆 地处 市中心 购物 方便 装修 时尚 温馨 用品 干净 舒适 鲜花 水果 赠送 有家 服务 热情周到 唯一 不足 门口 修路 不过 听说 五一 修好 感言 同样 服务 他们 惊喜 同样 微笑 他们 真诚
0,虽说 并非 专业 医务人员 算是 医者 充斥 自我 吹捧 膨胀 首先 应当 该书 主题 读者 浅显易懂 重大 特色 本身 存在 重大 隐患 顾及 涉及 读者 本身 体质 地区 气候 习惯 方面 不同 单一 模式 解决 所有 显然 可取 当当 推荐 排行 进行 翻阅 没多久 至少 本人 表述 无法 苟同 希望 作为 医者 浅显易懂 易于 读者 理解 掌握 前提 下少点 自我 褒扬 同时 差异性 基础性 知识 传扬 以便 读者 正确 方便 掌握 其中 有益 知识 不会 失之毫厘 谬以千里 应该 初衷
0,不太 喜欢 背光 色彩 看上去 舒服 普通 英寸 显示 背光
0,可能 美国 男女 中国 一样 对于 丰富 生活 阅历 来说 很多 实用 唯一 实用 一条 建议 时刻 记着 男人 女人 两种 完全 不同 生物
0,系统 过时 失败 分区 折腾 半宿 外观 大失 前面 那些 鼓吹 外观 漂亮 满意 绝对 忽悠 塑料 感强 打开 包装 味道 扑面而来 一处 镀金 显示屏 太矮 看不惯 烤漆 面易脏 电池 二手 差不多
1,这个 上网 性价比 相当 不错 回家 已经 仔细 测试 这个 上网 对于 价格 超过 来说 这个 性能 已经 超级 不错 抢购 获得 别的 牌子 同类 配置 至少 要贵 做工 不错 本本 很轻 超频 非常 喜欢
0,此书 阅读 价值 无需 质疑 好书 送来 这书 质量 特别 差读 第二天 中间 装订 如今 已经 十几页 出来 真让人 烦躁 真没想到 质量 这么
0,钢琴 容易 指纹 并且 进入 不了 系统 开机 声音 很大 已经 发回去 回来 希望 快点 我发 回来 第一次 碰到 这么 倒霉 运但 相信 并且 希望 你们 更好
1,整体 不错 性能 介绍 其实 显卡 升级 白下 驱动
0,十一 期间 展楼 网上 四星 一看 怎么 服务员 这是 四星 大门 上用 胶纸 四颗 红五星 四星 我昏 大堂 人员 解释 迎宾馆 四星 鸿展 附楼 四星 原来如此 很大 设备 床单 不过 价钱 一天 早餐 不太好 牛奶 牛奶 餐具 不是 干净 不过 不能 小看 这家 每间房 一本 画册 上面 满是 朱容基 李鹏 经叔平 国家 政要 这里 提字 合影留念 补充 点评 年月日 停车 还要 收费 第一次 遇到
0,不是 高分 不过 不能 要求 价格 那里 看片 好好 端口 塑料 粗糙
1,名头 特别 响亮 不过 设施 可不 怎么样 尤其 人大 床房 居然 安静 入住 只好 更换 双人间
1,招牌 基本 属于 换汤不换药 下次 应该 不会 性价比 一般般 宾馆 反馈 年月日 感谢您 对本 支持 最近 客房 周末 促销 推出 一如既往 保持 星级 服务 标准 欢迎您 再次 下榻 衷心 祝您 身体健康 工作 顺利
0,大堂 住宅 公寓 一楼 大厅 所谓 套房 卧室 任何 五星级 一间 普通 标房 两张床 挨得 紧得 半米 距离 不到 令人气愤 卫生间 小得 两个 里面 打架 垃圾 套房 竟然 卖元 一晚 真是 人民币 看得 不值钱 美国 豪生 集团 旗下 一家 真是 招牌 认真 考察 一家 签约 协议 往来 客户 真实情况 不要 忠实 客户 一次次 受到 欺骗 补充 点评 年月日 一家 性价比 十分 失望 酒店宾馆 反馈 年月日 感谢您 选择 入住 上海 绿地 豪生 套房 给予 忠恳 建议 首先 允许 简单 介绍 一下 概况 属于 一家 国际性 连锁 集团 提供 优质 标准 酒店式 服务 迎合 不同 种类 客户 需求 希望 及其 客人 带来 回家 客房 最小 面积 平方米 最大 平方米 每间 套房 配备 简洁 齐全 现代化 厨房设备 提供 餐饮 商务中心 酒吧 健身 一系列 设施 此次 入住 行政 套房 面积 平方米 每晚 房价 我店 客房 设计 风格 建筑 布局 比例 客厅 为主 区域 五星级 具有 性价比 客户 追求 更加 豪华 舒适 套房 选择 贵宾 套房 房型 平方米 其次 旅行网 合作伙伴 关系 总是 优惠 价格 最好 房型 提供 客户 保持 长期 友好 合作 关系 相信 旅行网 秉承 同样 宗旨 认真负责 一家 签约 推荐 忠实 客户 最后 再次 感谢您 忠实 建议 希望 下次 机会 提供 优质 服务 谢谢
1,此书 拍成电影 建议 张柏芝 扮演 长恭 不知 各位 书友 有何感想
1,一家 实惠 交通 方便 宽敞 晚上 电话 骚扰 两次 一次 洗澡间 排水 畅通 也许 个别 服务质量 入住 宽带 服务员 很快 帮忙 解决
0,异味 空调 整体 破旧 根本 不能 称为 四星
0,个人 值得 一买 喜欢 乱糟糟 画法 喜欢 大多 单身生活 女子 与其说是 喜欢 不如说是 喜欢 传达出来 态度 单身生活 大家 产生 共鸣
1,亲爱 沙皮 可爱 拿到 想象 一样 原本 以为 普通 差不多 大小 到手 一本 四四方方 整体 不错 文中 淡淡的 忧伤 淡淡的 惆怅 絮叨 刀刀 沙皮 一种 所有人 羡慕 爱沙皮 形象 可爱 一圈圈 眼纹 迷茫 大眼 这么 直视 心里 没来由 些许 怜惜 人海中 那个 小点 何尝 不是 喜欢 那种 脸蛋 月亮 蒙娜丽莎 安静 祥和
1,魔鬼 出没 世界 之前 标题 好象 显示 出来
1,推荐 大家 了解 萨提亚 看一看 本萨 提来 冥想 对于 希望 能够 自我 成长 认识 来说 这是 一本 非常 文字 透露 宽容 爱看 完后 明白 传达 什么样 信息 然后 来看 家庭治疗 模式 可能 更深 体会 其实 决定 来看 已经 渴望 幸福 家庭幸福 试一试 不会 后悔 选择
0,装修 隔音 较差 宽带 上网 服务 中规 中举 没什么 特别 往来 客人 复杂 骚扰电话
1,这个 酒店设施 早餐 位于 路段 方便 商务 电脑房 配有 上网 速度 很快 很小 电脑台 走路 不能 浴室 透明 适合 情侣 夫妻
0,价格 要是 低点 更好 应该 特价 活动 快递 服务态度 不是
0,朋友 预定 晚上 第二天 早上 服务员 竟然 定个 晚上 要求 退房 态度 极其 不好 朋友 担心 电话 联系 多次
1,不但 地铁 设计规范 地铁 隧道 细节 很多 介绍 来说 帮助 掌握 关于 铁路 隧道 二次 衬砌 基本 规范 还有 地质 雷达探测 基本 步骤 理论 地铁 隧道 检测 提供 较为 全面 知识 规范 从事 铁路 隧道 检测 工作 从事 地质 雷达 探测 工作 一定 参阅 肯定 收益 丰硕
0,那条 装饰 衔接 平整 功能键 手指 下去 浮动 屏幕 应该 升级 屏幕 电池 果然 不是 耐用 最高 性能 只有 小时 其他 没什么 不好
1,小孩子 发笑 大人 有所 深思 书本 拿到 一点 失望 纸张 太薄 背面 图画 影响 正面 阅读 另外 图画 不及 淘气包 尼古拉 每个 倒霉 故事 前面 图画 一样 淘气包 每个 故事 不同 生动 漫画 趣味 只有 一点 较大 淘气包 小孩子 看起来 辛苦 适合 大人
0,这个 旅馆 实在 太差 卫生条件 很差 夜间 到达 热水 洗澡 设备陈旧 水池子 锈斑 累累 卫生间 墙角 污物 随处可见 忍受 对付 一夜 作为 携程网 竟然 天津 国际 机场 已经 启用 半年 竟然 极力推荐 这个 机场 很远 旅馆 咫尺 可见 实在 最为 不可 理解 预定 距离 机场 很近 宾馆 预定 这个 机场 宾馆 推荐 距离 机场 几百米 可是 航班 凌晨 点下 飞机 机场 大客车 大客车 管理员 这个 旅馆 打车 辆车 这个 旅馆 怎么 最后 打听 这个 旅馆 原来 机场 遗留下 产物 距离 我下 飞机 国际 机场 公里 机场 大客车 此处 出租车 嫌太近 赚钱 少不去 大雨 这个 旅馆 打电话 接听 怎么办 这时 机场 大客车 办法 打了个 出租车 先到 市区 花去 出租车 这时 已经 开始 放亮 信息 更新 害得 多花 耽误时间 建议 立即 这个 旅馆 预定 目录 删除
1,通过 预订 入住 价格 差距 较大 陈旧 卫生间 特别 电视机 估计 成都 招待所 电视机 早餐 不错 服务 体会 价格 元间 应该 差不多
1,位置 不错 交通 方便 硬件 环境 显得 依旧 不失 档次 服务态度 基本 令人满意 宽带 网络 速度 不错 需要 单独 联系 前台 开通 帐号 提示 说明 方便 准备 灭蚊器 药片 需要 联系 服务员 索取 离店 那天 早餐 理想 没到 结束 时间差 小时 一边 服务员 一边 旁边 各种 餐具 菜品 收走 令人 尴尬 另外 卫生间 看到
1,性价比 外观 别致 官网 提供 驱动 安装 十分 简单 系统 运行 流畅 昨天 装好 系统 今天 几个 游戏 回去 看看 效果 机身 容纳 键位 使用 起来 更加 方便
1,答应 当初 包可到 消灾 一个月 准备 退货 诚信 以后 必须 付款
1,散热 性能 多媒体 触摸 按钮 新意 方便 操作 触摸板 灵敏 本本 做工 不错 外观
0,最近 下单 其中 一套 易经 智慧 带光盘 为了 得到 解决 两次 二三天 无人 回复 然后 打电话 客服热线 分机 反映 情况 回复 令人 失望 全面 回去 办理 换货 不管 哪儿 个人 处理 麻烦 你们 忘带 光带 寄过来 不行 不行 小事 处理 个人感觉 购物 出现 麻烦 罢了 出现 倒霉 计划 光盘 不会 再寄 回去 他们 态度 放心 自认倒霉 只是 考虑 往后 购书
1,屏幕 配置 还行 硬盘 应该 很快 里面 显示 一键 关闭 摄像头 无线 方便
1,漂亮 适配器 小巧 精致 白色 好看 屏幕 亮度 挺高 晚上 开到 最亮 刺眼 续航 时间 大概 小时 左右 不过 够用
1,提点 回来 拆开 一看 本本 体积 很小 六芯 电池 续航 时间 金属 质感 拉丝 外壳 做工 手感 一流 键盘 打字 顺畅 舒服 一般 本本 好用 散热 开得 时间 再长 烫手 风扇 声音 几乎 不到 屏幕 很靓 好看 电池 耐用 维持 六小时 基本 满足 外出 需求
1,一样 手感 几乎 一样 使用 感受 指纹识别 那个 噱头 不要 也罢 屏幕 最高 亮度 白色 很白 发蓝 或者 发黄 现象 暂时 看见 坏点 使用 一段时间 手托 出现 明显 升温
1,原来 其实 不错 可是 试了试 硬盘 彻底 重新 全过程 异常 顺利 不能 选或装 常用 各类 办公 软件 基本 感到 慢试 最低 分辨率 运行 高清 电影 确实 流畅 电池 确实 很棒 想想 知道 至少 小时 其他 一些 品牌 类似 产品 便宜 电池 一般 华硕 这个 设计 确实 定位 明确
1,驱动 网上 三星 内存 下午
0,最大 缺点 吵闹 对面 喇叭 白天 一直 里面 餐厅 白天 几乎 没发 休息
0,塑料 外壳 电池 时间 键盘 布局 凌乱 总之 用惯 以前 档次 下降
0,不送 美中不足 不过 多花 几十块 联想 原装 不错 还有 包装 到手 封条 快递 联想 包装 封条 不是 现在 没什么
1,整体 做工 精细 白色 基本 不会 手印 困扰 选择 白色 主要 原因 键盘 手感 触摸板 多点 功能 惊喜 电池 续航 能力 确实 很强 满意 想象 日常 文案 工作 上网 绝对 够用 主流 数值 计算 软件 顺利 安装 运行 运算 速度 主流 要慢 一半 超频 主流 视频 播放 非常 流畅 系统 容易 系统 应该 更好 尝试
1,外观 漂亮 性能 优秀 观看 流畅 运行 高清 视频 当前 主流 游戏 尺寸 机型 重量 发热 控制
1,收到 封面 质感 喜欢 不得了 一口气 读完 这本 书写 不错 呵呵 喜欢 小鱼 陈苏雷 喜欢 那首 亲爱 小鱼 故事 男主角 无论 职业 生活 背景 电影 风月 俏佳人 男主角 看过 女王 进化论 逃爱记 多多 嫁人 记都 不错呀 男人 一张 不是 女人 想要 全部 太好了 女人 要是 自主 自立 金融风暴
1,火车站 出来 去过 巴士站 巴士 皇后 大道 到达 门口 车费 不到 十元 港币 尼敦路 上车 交通 其实 方便 小时 一班 中环 湾仔 免费 穿梭 巴士 金钟 地铁站 湾仔 码头 机场 快线 中环 港澳 码头 司机 沿路 地点 停车 司机 说话 还会 帮忙 行李 其他 其实 方便 码头 中星 小轮 尖沙咀 不过 两块钱 门面 不过 里面 装修 香港 来说 确实 四星级 不算 不过 两张 双人床 显得 局促 飘台 改成 座位 设计 实用 洗手间 相当 不错 基本 用品 除了 牙刷 牙膏 之外 齐全 服务 满分 毕竟 国际 连锁 经济型 软件 相当 水平 周边 其实 购物 吃饭 方便 不是 以前 某些 点评 那样 偏僻 繁忙 商业街 标间 窗外 没什么 景色 安静 价格 这么 价格 素质 相当 令人满意
1,美丽 俏佳人 认识 该书 当当 正是 人生 一段 低潮期 心情 不好 看到 首先 漂亮 设计 吸引 赏心悦目 就象 小时候 在读 插画 一样 文笔 细腻 一种 亲切感 晚上 失眠 用书 提到 色彩 想法 真的 很快 进入 梦想 慢慢 色彩 带到 生活 真的 心情 慢慢 变得 好好 走过 那段 低谷
1,硬件 设施 偏差 服务水平 一般
1,海边 很近 入住 看到 火车站 长途汽车站 太远 交通 不太 方便 天问 服务员 早上 左右 退房 是否 需要 预定 的士 服务员 随时 的士 不用 预定 第二天 早上 寒风 门口 半天
1,可能 是因为 周围 修路 环境 安静 入住 标间 大床 暖风 充足 浴室 很大 水温 不错 干净 空间 大房 高床 舒适 骚扰电话 唯一 缺点 电视 太小
1,订单 宝宝 家里 第一辑 复习 一遍 一把 新书 拿回去 宝宝 特别 高兴 告诉 妈妈 一天 班真 这么 图片 故事 非常 宝宝 总是 读读 不想 吃掉 里面 狐狸 一只 大鞋 套住 宝宝 特别 开心 乐个 不停 讲完 正本 故事 总是 翻倒 一页 一遍 故事 精彩 大人 好看 哈哈
0,不错 服务 质素 极低 服务员 态度生硬 冷淡 入住 两晚 大部份 时间 在外 游玩 没少 服务员 白眼 好象 咨询 的士 状况 打扰 高贵 服务员
0,为了 交通 方便 选择 市长 大厦 以为 市长 大厦 可一 进门 失望 大堂 超级 应该 大堂 大厦 外观 不错 内部 糟糕 地毯 陈旧 可气 携程网 预订 看到 高级 套房 双人 早餐 办理 入住 手续 当时 只有 证件 前台 一份 早餐券 提出 质疑 前台 回答 必须 登记 两个 证件 才能 两份 早餐券 国内 很多 没听说过 无理 要求 预订 说明 注明 规定 前台 小姐 回答 这么 规定 竟然 连句 抱歉 的话 真是 恶心 印象 下次 不会 考虑 入住
0,订房 无数 唯独 这家 实在 不感 恭维 走廊 开始 一股 窗户 封死 可恶 明明 两份 早餐 前台 一份 餐券 一份 的话 就餐者 身份证 登记 中国 吃饭 身份证 两份 一份 一份 餐券 别人 事此 宾馆 实在 霸道 以后 离之远点
0,非常 非常 一般 无法 如家 或者 泰比 居然 称之为 环保 经济型 第一次 见到 燃气 热水器 前锋 那种 之后 发出 哄哄 声响 舒服 垫被 移动 毛毯 古老 毛毯 已经 十年 没见 过乐 唯一 称赞 地理位置 附近 很多
1,灵活运用 不能 死板 单词 开动脑筋 不同 单词 不同 方法 词根 词缀 联想 谐音 逆向法
1,日常 真的 不错 上网 本强 速度 挺快 噪声 发热 一般 体积 家用
1,主要 非常 协程定 不到 豪华 水果盘 唯一 不足 据说 周边 开了个 香格里拉 应该 实惠 价格 吸引
1,机子 不错 发现 特价 买下 现在 便宜 心里 舒服
0,键盘 有待 提高 电池 电源线 太粗 电源 用得着 这么 开水 白白 增加 成本 主要 增加 重量 削弱 上网 轻巧 优势 微星 售后
1,之前 一直 咕噜咕噜 孩子 喜欢 一周 时间 总是 看着 第二本 斯凯瑞 受欢迎 故事 出来 贝贝好 兴奋 故事 前前后后 两三遍 感兴趣 几篇 无数遍 万能 先生 说话 面包 墨菲 警官 这些 常挂 嘴边 篇篇 故事 生动 画面 表现 到位 两本 真是 不错
0,实在 卫生间 环境 整个 有点像 马路边 招待所
0,静音 快捷键 不灵 有时 静音 有时 打开 浏览器 触摸屏 烫手 上面 鸡蛋 做生意 老实 芯片组 标出来 以为 真的 受骗 垃圾 垃圾 典型 入门
0,喜欢 从中 得到 一些 借鉴 拉拉 幸运儿 除了 自身 努力 成功 原因 特别 机遇 一些 好心 领路人 现实 即便 付出 努力 不见得 回报 付出 努力 机会 来时 成功 不要 抱怨 公平 人生 出来 平等 推荐 刚入 职场 朋友 看看 此书 不少 收获
0,恶偏 早餐 比美 招待所 服务员 素质 巨差 坚决 不去 第二趟
1,不错 应该 符合 三星级 标准 不算 太贵 可能 签约 价格
0,不足 份量 不轻别 看个 不大 差不多 屏幕 边框 设计 好看 模具 屏幕 漂亮 漆爱留 指纹 美观 实用 两难 底部 温度 不低 放腿 夏天
0,这是 一本 不值一看 这么 简单 道理 还要 解说 解说 精彩 大路货 浪得虚名 水平 庄子 心得 坚决 不买
0,一下 用处 好象 是非 专业人士 业余 写作 网上 发表 值得 鼓励
1,观景 主要 方便 出门 太平洋 广场 繁华 地段
0,个人 值得 一买 喜欢 乱糟糟 画法 喜欢 大多 单身生活 女子 与其说是 喜欢 不如说是 喜欢 传达出来 态度 单身生活 大家 产生 共鸣
0,安装 系统 使用 起来 习惯 改装 系统 自带 系统 底下 驱动 需要 安装 驱动 需要 一定 顺序 麻烦 另外 散热
0,喜欢 文章 啥意思 后悔 张爱玲 那段 懂得 避重就轻 虚伪
0,看来 类型 口味 繁杂 可能 就象 生活 喜欢 简单 一点 这么 查点 以为 菜谱
1,宝贝 最近 开始 每幅 迷宫 下面 名字 认识 途径 欣然 配合 一般 两个 名词 动词 格式 孩子 也好 呵呵 处处 留心 学问
0,买回来 本想 看看 孩子 可是 刺鼻 气味 已经 熏得 头疼 一直 放着 没敢 孩子
0,服务 实在 太差 居然 窗帘 取走 打电话
0,关于 这次 入住 情况 不想 这花 太多 篇幅 只是 简单 一下 情况 希望 以后 遇到 情况 启动 快速反应 机制 处理 以免 耽误 行程 是夜 班机 关系 凌晨 两点 疲惫不堪 情况 按照 预定 时间 来到 宾馆 台上 十分钟 有人 后面 出来 睡不醒 样子 我报 名字 查不到 后来 于是 快快 办好 手续 入住 两天 退房 竟然 预定 房价 前台 解释 当时 房型 房型 商务 大床 竟然 只有 大概 平方 难道 还有 回答 马上 晕倒 最后 协调 两个 半小时 六七个 电话 解决问题 解决 相当 愉快
1,便宜 物有所值 早餐 相对 单调
1,来说 不错 中午 自助餐 小孩 同往 门前 知道 小孩 需要 一半 费用 孩子 口味 挑剔 基本 结帐 方面 主动 免除 孩子 费用 只有 多元 体现 服务生 每位 客人 关注度 管家 服务 这个 特色 不是 明显 电话 上多加 按键 而已 很多 其他 提供 这项 服务
0,服务 硬件 条件 一般般 十分 睡个 好觉 千万别 火车站 已经 搬家 坐火车 方便 晚上 方便 呵呵 一晚
1,早餐 丰富 服务 人员 态度 不错 入住 发现 卫生间 积水 检查 未有 以为 小孩子 心情 落差 擦干 半小时 积水 他们 只能 维修 人员 原来 水斗 接头 口头 对不起 快餐馆 味道 不错 服务 价格 上海 差不多 海景 不够 应该 上层 更佳 海港 广东 不够 方便
0,礼券 以后 好奇 一下子 撤单 以后 这个 礼券 不能 竟然 不能 辛辛苦苦 赚来 块钱 竟然 这么 当当 没门 竟然 周六日 上班 礼券 接着 的话 没完 这群 猪脑子 系统 设置 顾客 考虑
0,边框 体积 普通 上网 本大 接受 范围 之内 非专业 人员 麻烦
1,漂亮 外形 喜欢 办公室 噪音控制 基本 听不见 知道 晚上 如何
0,鼠标 还好 蓝牙 键盘 鼠标 凑合着 安静 时可闻 硬盘 寻道 运行 时间 稍微
1,价格 实惠 配置 一点 实惠 家用 本本 已经 强悍 喜欢 造型 键盘 设计 散热 起码 周围 那些 认得 惠普 家用 好多
1,体积 重量 恰到好处 十分 好用 测试 指标 不高 实际 使用 效果 超过 预期 级别 一点 不卡 使用 外置 光驱 安装 系统 极其 顺利 声卡 驱动 安装 需要 用到 微软 补丁
0,差差 差太差 不是 一般 希望 以后 不要 推荐
0,提倡 内调 信任 化妆品 这点 赞同 列举 方法 麻烦 配料 不好 不是 实用
0,黑色 表面 指纹 明显 屏幕 色温 挺高 偏色 挺大 好像 不能 似乎 只能 屏幕 亮度 不接 交流电 屏幕 暗选 耗电 好像 屏幕 没亮 起来
0,生气 缺页 达页 联系 售后 半个 他们 规定 换货 时间 发现 拒绝 处理 出版社 可笑 人家 当卖 此书 根本 不是 他们 那进 人家 无法 负责 十几块 就算 你们 一本 损失 多少 当当 售后 感到 遗憾 不同 应该 灵活 变通 对待 十几元 如何 做好 做久 提醒 大家 特别 大家 一定 小心 买来 一定 页数 当当 售后 不要 看来 只好 正规 书店 买本 正规
0,散热 时间 知道 怎么样 长时间 附带 光盘 驱动 下载 麻烦
0,系统 内存 匹配 装成 好像 不能 还原精灵 那些
0,接口 设计 不合理 鼠标 位置 右下方 插上 别扭 电源接口 右侧 光驱 一侧 内存 应换 不是 现在 好像 充分利用 性能 低于 驱动 盘里 加入 驱动
0,价格 太高 手机 现在 伤心 有时候 反应 不错
1,入住 不错 看到 整个 海景 服务 不错 不过 有些 瑕疵 浴缸 住客 头发 清理 干净 导致 放水 头发 漂浮 上来 恶心 还有 餐饮 实在 达到 标准 选择 很少 晚上 自助餐 很少 上海 一般 自助餐 一半
0,指纹 郁闷 刷卡 增票 知道 怎么 解释 刷卡 之前 说明 订单 明明 增票
1,强于 速度 出众 持续 使用 时间 不错 键盘 大小 手感
0,同事 推荐 于是 满怀希望 当当 订货 两周 之后 寄来 根本 不是 他们 一次 发错 退货 之后 至今 收到 那本书 相当 郁闷
0,最好 别去 差想 他们 服务费 没待 居然 解决 可觉 下次 不能
0,电源适配器 时间 容易 反映 速度 较慢 电池 充满 不是 介绍 小时 而是 小时
1,新装修 硬件 设施 不错 餐厅 实在 上菜 非常 价格 奇贵且 质量 差元小片 鳕鱼 居然 餐厅 经理 品尝 半天 不吭声 最后 竟然 颠倒黑白 实在 不能容忍
1,非常 一般 很小 家具 过时 老旧 性价比 太差订 一晚 又续 一晚 实在 满意 改住 洲际 后面 续订 一日 居然 不算 通过 携城 预定 可能 利益 所驱 相较 之下 洲际 先订 一日 再续 洲际 处理 补充 点评 年月日 还有 通过 携城订 大床 房去 变成 标间 非常 愉快
1,希望 电视剧 出来 一定 演员 选择 重要 千万 不要 天使 我爱你 一样 看书 看得 感动 电视 出来 只想 祈祷
1,性价比 硬件 设施 过去 更加 改善 满意
1,宾馆 服务 非常 环境 宾馆 吃饭 太贵 地角 交通 方便
0,缺点 优点 吼吼 或许 硬盘 不够 这么 本本 要求 不用 方便
0,免费 接机 轿车 宽带 上网 只是 摆设 根本 不能 上网 几次 前台 解决 最后 只能 电话线 拨号 客房 面对 公路 隔音 效果 不好 早上 卡车 经过 晚上 小姐 骚扰电话 对面 韩国 旅行团 入住 小姐 进出 频繁 朋友 那里 小姐 宰客 谈好 价钱 只是 台费 最后 还会 另收 天价 小费 的话 鸡头 进来 恐怖 最好 不要 尝试
1,心里 刘墉 老师 父亲 一样 一盏 心灯 肯定 创造 成长 路上 启示 明白 很多 道理 这一 工作 以后 发现 社会 良莠不齐 尤其 女同事 感到 同样 心态 面对 所有 不明智 不去 害人 不能不 好好 读读 好好 想一想 以后 懂得 道理 喜欢
0,系统 无线 网卡 驱动 驱动 精灵 解决 机器 散热 有待 改进
1,五位 百家讲坛 主讲人 历史 五位 医学 大家 介绍 其中 张仲景 主讲人 万山 教授 由于 北京中医药大学 教授 医圣 张仲景 不但 介绍 人物 运用 阴阳五行 结合 病例 读者 普及 许多 有益 中医 基础知识 使人 读后 受益匪浅 主讲 篇幅 达到 百余 感谢 教授 其他 四位 主讲人 由于 不是 医学专业 只是 人物 本身 讲解 了解 人物 足够 感谢 诸位 老师
1,散热 当然 不用说 性能 不错 系统 感觉不好 打算 换成
0,书本 送给 宝贝儿子 礼物 六天 看到 心情 变坏 看到 没法 好坏
1,双人房 飞机 大巴 然后 宾馆 外面 不怎么 里面 不错 冷气 里面 不错 不错 对面 海鲜 一条街 哪个 个人 走不动 哈哈 班车 直接 香港 不错
1,总的来说 印象 干净 整洁 时尚 网络 速度 很快 有些 要求 客户 需要 注意 洗浴 花洒 固定 一般 淋浴 拿在手上 冲洗
0,安装 驱动 真是 麻烦 要是 一键 安装 尤其 无线 网卡 惠普 网站 居然
1,配货快 性价比 外观 不错 性能 稳定 噪音 不大 移动硬盘 支持 驱动程序 使用 说明 放在 盘中 电池 有延 保卡
0,于丹 心得 电视 看过 上网 看过 记得 大学 老师 还放 看过 现在 看有 一本 还有 书签 印刷 彩色 上次 分数 知道 怎么 不知 不能 应该 喜欢
1,使用 效果 噪音 不大手 托处 不热 屏幕 三星 内存 三星 日立 硬盘 完美 模具 键盘 舒服 触摸式 快捷键 用面 银色 看着 商务 做工 耐看 电池 大概
0,装是 麻烦 武汉 客服 金牌 客户服务 就算 他们 那里 一样 花钱 花钱 外面
0,硬盘 扣除 系统 预装 程序 只有 要是 硬盘
1,样式 颜色 比较满意 之前 这个 比黑 好看 电池 经典 哈哈 键盘 舒服 里面 符合 习惯
0,喜欢 毕淑敏 不过 心理 除外 知道 心理学 了解 慕名 购书 知道 上部 失望 案例 以及 人物 离奇 背离 普通 大众 生活 也许 深入 专业 描写 心理 师及 心理 咨询业 了解 一门 学科 更是 心理咨询 太远 这些 经历 平淡 思维 平庸 心理咨询 搭界 呵呵 随便 两句 完全 个人感觉
0,有时候 蓝屏 显示 不知 怎么回事 有没有 大哥 解决 方法 磨具 粗糙
0,我定 大床 主干道 加上 隔音 很差 要命 整晚 睡着 睡眠 不好 朋友 考虑一下
0,想象 好书 中心 意思 两句话 概括 只要 孩子 愿意 父母 每天 孩子 亲子 阅读 亲子 阅读 越早 父母 孩子 树立 阅读 榜样
1,好书 蒙台梭 理念 不是 一下子 理解 需要 理论 实践经验 家庭 一般 很难 做到 观念 一致 协调 观念 转变 过程 真的 赞同 理念 唯独 全球 引起 哄动 幼儿教育 很多 教育学家 这个 理念 深入研究 蒙台梭 通过 大量 实践经验 说明 那些 道理 不过 中国 蒙台梭 教育 社会 环境 气氛 影响 真的 很难 实施
0,隔音 效果 非常 非常 非常 里象 马路边 一样 路上 声音 清清楚楚 上该 点评 采纳 网友 意见 预定 以上 非常 晚上 睡不着 只好 打开 电视 掩盖 马路上 车声 知道 几点 睡着 一大早 车声 吵醒 一看 表才 早上 也就是说 就算 晚上 睡着 小时 头疼 白天 还要 工作 闭上眼睛 努力 怎么样 睡不着 坚持 实在 受不了 打电话 前台 有没有 安静 现在 不能 晚上 天花板 起床 餐厅 咖啡 马上 退房 本来 三天 实在 受不了 这个 明白 条件 怎么 评分 电视 播放 复杂 方便 服务员 服务 意识 客人 着想 解决问题 为本 意识 体现 早餐券 开发票 上网 太短 大概 厘米 不能 床上 上网 电源 接触 不好 电源 插座 上时 火花 噼里啪啦 当时 电源 损坏 知道 赔不赔 再次 表示 疑问 怎么 分数 宾馆 反馈 年月日 首先 感谢您 入住 提出 宝贵 意见 由于 环境 影响 休息 为此 深表歉意 对于 提出 一些 酌情 整改 另外 早餐 房卡 早餐券 客房 中心 随时 一些 特殊要求 客人 准备 网线 需要 只要 电话 马上 送到 非常 感谢您 宝贵意见 真诚 期待 再次 光临 提供 更好 服务 机会
1,外观 设置 漂亮 音质 不错 电影 挺爽 键盘 不错 系统 正在 努力 探索
0,卫浴 水准 面盆 下水 居然 要用 手去 下水 抠出来 衣橱 开关 把门 关上灯 还亮 卫生间 两个 灭蟑螂 盒子 舒服
1,整体 机子 不错 包包 比较满意 轻便 显卡 肯定 很爽 游戏
0,志美 光驱 做不了 系统 电池 后边 麻烦
0,第一次 当当 遇到 缺页 情况 郁闷 之极本 想着 换购 手续 实在 麻烦 只能 先退 以后 考虑 重新 订购
1,知道 为什么 其实 心里 一直 存在 吸血鬼 情结 那个 生活 夜中 种族 神秘 邪恶 力量 知道 暮光 系列 最初 是因为 去年 出来 电影 迷恋着 吸血鬼 单纯 少女 恋爱 传奇 直到 读者 开始 推荐 这书 终于 决定 读一读 故事 爱情 总能 温暖 喜欢 爱德华 带来 那个 为了 保护 贝拉 不顾一切 男孩子 知道 是不是 哈里波特 在我心中 地位 太高 个人 无法 抗衡
1,自带 一堆 鸡肋 软件 配置 均衡 芯片组 怀疑 热源
1,小巧 电池 强劲 电影 正常 观看 不玩 大型 游戏 的话 日常 应用 足够 送货 速度 很快
0,第一次 开机 过程 死机 第二次 死机 不知 为什么 第三次 开机 成功 拆过
1,来说 门口 不是 很多 金门 路上车 很多 游等 直接 火车站 寒山寺 留园 虎丘 定园
1,散热 当然 不用说 性能 不错 系统 感觉不好 打算 换成
0,小木屋 隔音 相当 间隔 很近 门口 由于 游客 作息时间 一样 隔壁 洗澡 马桶 早上 起来 日出 声音 严重 干扰 门口 公共 隔壁 韩国 半夜 出来 打电话 叽里呱啦 知道 出去 英文 离开 还好 识趣 走开 床小 只有 热水 热水 不错
1,模具 结实 很多 屏幕 亮点 散热 价格 便宜 独立 显卡 不错
0,标榜 四星级 糟糕 很小 设施 陈旧 价钱 实在 差太远 不好 第二天 转移
1,帮别人 配置 还好 玩些 游戏 这边 市场 便宜 很多 不错
0,十分 明白 为什么 显卡 显存 还有 屏幕 再有 太重 要是 流苏 版有 相同 配置 建议 考虑一下 流苏 应该 这款 不少
1,喜欢 新颖 键盘 整机 运行 平稳 噪音 很小 使用 几个 小时 明显 发热
1,太漂亮 图片 已经 流口水 见到 真机 更令 哈哈 夸张 不过 真的 不错 不仅 外观 还有 内涵 好力 国货 送货 很快 送货员 态度 满意
0,打开 吸引 一口气 发展 复杂 初入 社会 很难 想象 公司 内部 复杂 当然 作为 女性 读者 拉拉 恋情 始终 牵动 心情 最终 不错 结局 已经 准备 第二部 书评 第一部 也许 拉拉 期望 太高
1,方便 速度 一般 办公 续航 时间 很长 这个
0,重装系统 麻烦 默认 系统 习惯 好几个 小时 萝卜 家园 总算 装好 大家 宏基 客服 电话 他们 指导 操作 如何 重装系统
1,性能 搭配 速度 使用 方便 第二 无法 更换 系统 更换 启动 不了 官方 提供 驱动 全有 很多 硬件 无法 识别 办法 更换 内存 开机 占用 老是 能够 使用 左右
1,强于 速度 出众 持续 使用 时间 不错 键盘 大小 手感
0,海口 特别 便宜 这家 例外 不过 实际 情况 应该 价钱 成正比 酒店设施 游泳池 户外 特别 下次 不会
0,原版 鼠标 只能 另外 鼠标 还有 电源 前面 隐蔽 看起来 方便
0,不知 为啥 自带 内存 标配 系统 根本 跑不动 这个 系统 起码 起来 这个 不合理
0,不如 想象 只是 宣传 罢了 亲自 看看 知道 不能 单凭 排行榜 或者 别人
1,以往 看过 医学 一类 书籍 前几日 朋友 求医 不如 求己 实用 于是 一本 真没想到 爱不释手 书中 深奥 医学知识 通俗易懂 语言 故事 身体 经常 遇到 病症 解释 淋漓尽致 重要 中医 了解 经过 大师 点拨 充分认识 我国 中医 具有 多么 神奇 效应 建议 大家 读一读 看一看 相信 没错
0,前些时 心理学 感兴趣 上下 好久没 小说 放在 床头 每天 一点 失望 从来 寄予 很重 希望 只是 俗套 俗得 反胃 佛洛依德 人类 心理 结归到 遵循 原则 但书 桥段 整本书 高起点 龌龊 之地 心理 只是 空洞 光环 第一次 毕淑敏 最后 一次
0,这个 宾馆 王府井 步行街 地点 相当 价格 优惠 原本 预定 住天 第二天 退房 因為 宾馆 空調 竟然 停用 原因 北京市 供暖 系統 已經 停用 其他 飯店 求證 知道 胡扯 我度過 一個 寒冷 北京 之夜
0,我要 强烈 投诉 接线 小姐 电话 这间 客人 反应 入住 知道 入住 这里 条件 如此 恶劣 建议 大家 不要 入住 这家
0,介绍 图片 以为 指纹 拿到 知道 还有 预装 舒服
0,毕淑敏 顶顶 有名 作家 顶顶 有名 心理 之前 看过 一两篇 散文 这个 细腻 心理 描写 适合 敏感 掂量 过后 买女 心理 这部 小说 看看 没瘾 内容简介 故事 主线 本事 题材 想不到 繁琐 带坏 应该 不是 每个 深远 影响 一生 深远影响 几本 寻找 基本 过程 收藏 本本 来说 无疑 考验 钱袋 无奈 有名 一两本 以上 成名作 除了 名声大噪 书外 其余 一定 经典 定律 名人 一定 明书
1,轻松 笔调 历史 轻松 语言 风格 喜欢 读史 总是 令人 沉重 具备 那种 思想 历炼 智能 坦然 看待 权谋 机变 尔虞我诈 血腥 杀戮 第一部 不要 后面 几部 尽管 有些 痛苦 所谓 以史为镜 兴替 读史 一样 需要 勇气 智慧 一种 锻炼
1,朋友 不过 同一个 型号 反正 这个 系列 散热 不错 独立 显卡
0,知道 这个 怎么 混到 这么 评分 名不副实 设施 陈旧 服务 一般 我订 大床 先是 窗户 完全 边上 一幢 挡住 灯不亮 以此 理由 要求 换房 换得 第二间 原来 上面 一层 同样 暗无天日 同样 灯不亮 再换 第三 这次 总算 窗外 亮些 不了 只好 再换 最后 第四个 据说 升级 高级 其实 两个 沙发
0,知道 是不是 本人 怎么 联系 不上 客服 查不到 哪里 无语 不是 全球 最大 好象 达到 国际标准
0,当地 实地 这里 硬件 还算 装修 实在 不能 分太高住 套房 卧室 电视 宽带 不能 维修 聋子 耳朵 摆设
1,好书 评分 颗星 喜欢 里面 独特 视角 里面 场合 有用 色彩 方面 有些 读懂 术语 恋爱 部分 喜欢 贴士 使用 准备 朋友 买本 朋友 倒市 不错 选择 里面 绘画 值得 珍藏
1,电池 不错 续航 时间 操作系统 对于 上网 本来 功能 足够
1,服务 人员 服务 交通 方便 价格 适中 一般 缺点 早餐 还要 元人
1,第一辑 之后 儿子 喜欢 三辑 全部 买回来 第一 与会 讲故事 单词 书会 图画 词典 有些 单词 场景 重复 影响 本身 价值 英文 基础 不怎么 海外 生活 一段时间 单词 讲故事 单词 书学起 男孩 喜欢 这个 系列 书准 没错 儿子 现在 二岁 轱辘 轱辘 已经 翻烂
0,其他 用户 不错 选择 这家 失望 前台 小姐 出奇 说话 生硬 郁闷 一晚 浴室 卫生间 一起 玻璃 透明 即使 卷帘 一面 无法 遮挡 洗手间 十分 尴尬
0,各下 单月 日下 收到 可是 单到 今天 没收 知道 回事
1,南师 读来 很爽 有时候 不解 其中 之意 仍然 吸引 继续 下去 行云流水 平地 起勢 对于 佛教 更深 了解 的话 相信 更加 喜欢 作为 无知者 我会 读完 对于 佛教 对于 金刚经 很多 理解 感触 其实 大道 想通 平凡 之人 有慧根 未必 难以接近 金刚经 之理 人生 治学 宗教 应该 相互 贯通 紧密 相连 善哉 善哉
1,很久以前 看见 一直 认为 媒体 炒作 于是 置之不理 一天 网上 下载 版本 知道 一读 不住 华丽 辞藻 谄媚 讨好 只是 自我 反思 自我 激励 面对 急功近利 浮躁 学术界 自我 反省 深思 正是 迫切需要 沉思 不是 灵丹妙药 却是 良师益友 可能 是因为 英译 有些 玩味 不清 沉思 真的 值得 一点 时间 慢慢 品尝
0,买来 宝宝 喜欢 喜欢 这书 如南 橘北 是因为 小朋友 书教 日常生活 常见 事物 可是 套书 比如 很多 车是 国外 中国 根本 不是 这么 叫法 告诉 这些 陌生 翻译 过来 中国 看不见 国外 听不懂 不如 保留 原来 英文 不要 翻译 实用
1,外表 做工 不错 除了 键盘 看起来 结实 处理 效率高 晚上 下单 次日 凌晨 点多 已经 出库 点钟 包装 下午 点钟 自提
0,时间 没事干 一本 最起码 心理 安慰 掌握 规划 一生 其实 看过 之后 只会 象是 妈妈 耳边 絮叨 一番 扔下 反而 清净
0,难以相信 这是 重点 推荐 星级宾馆 单人房 价格 元晚 期间 得知 中石化 试题 题库 会议 房价 元天 地毯 已经 干年 清洗 除尘 看上去 黑乎乎 各种 斑点 污迹 小洞 令人 舒服 过道 地毯 略微 一点 第一晚 安排 二楼 后来 调整 隔音 不好 隔壁 客人 晚上 点回 关门 电视 声音 很大 卫生间 玻璃窗 不能 打开 塑料 窗帘 小于 窗户 面积 因此 女士 小心 露光 那间 下水道 每次 积水 没过 脚面 非常 餐厅 外包 一份 例盘 尖椒 牛柳 多元 鱼香肉丝 可能 只有 这儿 价格 星级 标准 接近 一点 自助 早餐 几乎 一份 汤面 加个 煎蛋 几乎 合口味 东东 供选择 开会 基本 早出晚归 最后 一天 离店 发现 一直 床单 竟然 数个 脚印 前台 服务员 和善 冷若冰霜 不可 一概而论
0,确实 很差 价格 贵山 景房 居然 秃山 实在 无语
1,小巧 可爱 亮度 不错 启动 很快 电池 差不多 五个 小时
1,性能比 微弱 提升 网卡 支持 带宽 共享 其他 机器 里面 片子 不卡 实际 应用 电池 不能 小时 足够 一整天 日常 使用 键盘 舒服
0,紧邻 马路 高架 非常 吵闹 严重 影响 休息 宾馆 反馈 年月日 您好 非常 感谢您 提出 宝贵意见 现在 进行 全面 装修 安装 双面 隔音 玻璃 吵闹声 得到 很大 改善 期待 一次 入住 银河 大酒店
0,河南 旅住 最差 年代久远 非常 残旧 光线 不好 洗手间 异味 除了 相国寺 以外 其他 景点 不是 很近 可能 开封 这个 城市 本身 到处 灰尘 好像 到处 灰蒙蒙 免费 自助 早餐 不过 吃得饱
1,早餐 不太 理想 看到 苍蝇 食物 不敢 想象 其他
0,新月 只有 失望 两个 那些 他们 丽江 太多 便宜 客栈 根本 不用 提前 预定 新月 价钱 别的 更好 客栈 几天 小东西 建议 大家 万古 那条 客栈 景观 便宜 大家 玩吧
1,很少 男主是 痴傻 形象 出现 男主 惊喜 痴傻 简单 执著 女主 聪慧 不失 果敢 两人 任何人 能够 介入 有些 魔幻 成分 算是 有些 新意 创作 方式 看文 心情 愉快 波折 能够 一一 化解 虽是 相公 怜爱 阅书时 能够 过过瘾 算是 生活 一点 补偿 毕竟 生活 可能 精彩 人物 合合
0,鼠标 包沉 操作系统 败笔 安装 起来 麻烦 断续 差不多 小时 搞定 最后 还有 三个 未知 硬件 直接 禁用 随机 驱动 不全 官网 提供 下载
1,服务态度 入住 时有 大型 会议 召开 骚扰电话 靠近 江边 步行 十分钟 即可 当地 有名 三江 西坝 豆腐 特色菜 下次 这里 打车 十分 方便 附近 司机 无人不知
1,先看 相亲 以后 以为 风格 一致 作品 没想到 气质 很大 不同 估计 女性 视角 小说 它们 一个系列 相亲 非常 喜欢 故事 更加 有趣 语言 幽默 里面 展示 状态 更令 好奇 向往 而大爱 晚成 一种 大家闺秀 矜持 凝重 高雅 两部 小说 共同 特点 故事 可读性 能够 轻松 阅读
0,中午 收到 速度 很快 昨天 下去 才定 值得 表扬 可是 收到 之后 失望 任何 包装 可能 原版 就算 可是 书角 封皮 边沿 开口 看书 侧面 整齐 怀疑 盗版 以后 当当 伤心 当当 这么 多书 第一次 遇到 事情 失望
1,键盘 适应 高速 打字 出乎意料 聊天 使用 原来 确实 电池 待机时间 用开 无线 蓝牙 鼠标 播放 小时 高清 电影 小时 电源适配器 小巧 符合 上网 定位
1,从书中 了解 一些 关于 古希腊 神话故事 相当 有趣 对于 成人 来说 消磨时光 增广见闻 好书 选来 儿童读物 的话 可读性 书上 插图本 插图 三幅 插图 作用 性不强 而已 无法 帮助 理解 文章 适合 中学部 学生 来读 小学部 的话 选择 一些 图文 结合 合适
0,物理 分辨率 整体 看起来 屏幕 高清 不错 玩游戏 可能 不太 习惯 需要 适应 还有 杀毒软件 完全 大用处 不如 鼠标
0,按照 排行榜 收藏 女儿 长大 买回来 发觉 印刷 质量 很差 尤其 一股 铅味 特别 浓烈 简单 翻阅 一下 故事情节 为免 一般化 怎么 受到 大家 如此 追捧 是不是 成人 眼光 孩子 不同 决定 退货
0,风格 快捷酒店 不过 服务 得到 优秀 称号 相差 好远 商务 大床 走廊 尽头 单人间 异味 很浓 灰色 沙发 很脏 好几个 洞房 网线 铁通 铁定 不通 周围 商店 以后 不会
1,一直 相信 中国 英语 专家 翻译 水平 失望 多次 因此 这次 英文版 最近 英语水平 提高 不少 马克思 恩格斯 作品 更是 他们 友谊 见证 更是 中国 探明 道路 指明 国家 存在 很多 毕竟 不错 因此 不得不 看看 指导 社会主义 国家 往前走 到底 什么样 精神 政策 觉悟 当然 买下 正在 版本
1,女儿 六岁 看不懂 里面 数学 故事 读过 西游记 封神演义 少儿 哪吒 红孩儿 有些 了解 回来 不停 洗脚 一天 自言自语 知道 最大数 最小 一章 我敢 打赌 一定 这些 意思 打赌 心中 一定 知道 这些 意思 所谓 兴趣 轻松愉快 压力 产生 但愿 陪伴 终生
0,实际上 显卡 系统 官方 驱动 装上 只是 样子 功能 显卡 驱动 只是 兼容 慢慢 显出 残缺 介绍 该品 时要 交代 清楚 免得 人家 误入歧途 只有 一条 正路
0,服务 真的 很差 最差 招待所 几乎 没什么 区别 后悔
1,非常 漂亮 东芝 本本 人性化 指纹 办法 外观 指纹 总得 二选
0,一般 隔音 不是 令人 不满 早餐 口味 品种 理想 希望 能够 改进
0,七月份 我司 客户 入住 六个 晚上 三个 晚上 异味 客人 意大利人 由于 语言不通 无从 投诉 告知 我司 工作人员 予以 更换 第二天 由于 局部 装修 早上 左右 无水 供应 客人 正在 剃须 洗脸 公司 尴尬 店方 开始 仅仅 报以 口头 道歉 客人 表示 非常 不满 后来 公司 极力 要求 答应 所有 共个 予以 会员 价格 其实 每间房 优惠 知道 最后 结帐 三个 优惠 这家 做法 真是太 失望 五星级 五星级 可人 不满 知道 是否 能画 一条
1,喜欢 老师 教学 理念 羡慕 那些 孩子 班上 孩子 只能 希望 家长 角度 帮助 孩子 肯定 比不上 直接 教育 有所 帮助 原来 一年级 其他 缺货 新版 孩子 已经 三年级 准备 随着 孩子 成长 继续 老师 推荐 同事 家中 小学生 阅读 但愿 焦虑 家长 有所 帮助
0,以为 一本 色戒 详细描述 想到 大部分 其他 小说 失望 之前 大部分 作品 看过
1,不到 价格 配备 双核 独显 国际 品牌 很值 当然 这是 同学 看法 同学 本人 喜欢 惠普 呵呵
1,月份 入住 厦门 宾馆 非常 前台 服务员 非常 礼貌 随口 提了 一下 其他 住客 免费 升级 一类 马上 免费 双人间 升到 大床 超大 床上 看电视 呵呵 那位 服务员 第二天 见到 问候 某某 小姐 你好 超好 记性 最后 一天 申请 退房 遗憾 记住 名字 好像 周秀 不然 打电话 表扬 表扬 设施 非常 不错 算新 本身 花园 散步 马路 斜对面 万石 植物园 本人 极力推荐 最后 一天 下午 飞机 游客 朋友 上午 几个 小时 里面 非常 打理 植物园 热闹 步行街 步行 可至 门口 公车 机场 鼓浪屿 厦大 便利 之极 下次 厦门 一定 这里
1,键盘 手感 第一次 开机 需要 恢复 系统 整个 过程 将近 小时 段时间 发热量 正常 使用 温度控制 自带 不过 官网 驱动 全面 型号 安装 哪些 驱动 清楚
0,怎么 质量 这么 封皮 里面 切割 还有 碎末 一点 整齐 是不是 盗版
0,散热 设计 一般 下部 发热量 较大 屏幕 一般 看久 触控板 灵敏度
0,读完 最大 多少 价值 已经 很多 介绍 这方面 书籍 适合 聊天 话题 确实 不是 喜欢
0,前台 服務員 禮貌 有待 改善 做事 效率 三名 服務員竟 同時 處理 一位 客人 問題 其他 客人 服務 台前 竟不加 理會 說話 語氣 欠佳 冷淡 不夠 專業 不能 符合 四星 酒店服 務酒 房間 設施 殘舊 尤其 衛生間 三星 還要 整晚 睡得 不好 唯一 美的 他們 服務態度 良好 笑容可掬 要元住 一晚 實在 不划算
0,可能 黄山 便宜 一家 下午 拿到 进去 看到 美国式 涂鸦 墙壁 脏兮兮 被褥 黑乎乎 地板 吓人 直接 前台 小姐 理论 得到 网上 照片 实物 差别 山上 条件 同层 空置 看去 起码 突然 感受 优势 后来 强烈要求 换房 呵呵
0,专太 费劲 索性 习惯 还有 多长时间 杀毒软件 真是 崩溃
0,我选 分期付款 上海 上海 发票 北京 快递 发出 真是 舍近求远 星期 收到 真是 脑残
0,负面 想法 很多 这个 可能 帮助 本身 知道 这个 世界 看开 一种 甚至
0,宾馆 前台 服务 极差 竟然 携程网 本人 客房 订单 最终 经历 三次 换房 经验 惨痛 教训 早餐 太阳神 饭店
0,蟑螂 可怕 解决问题 方法 送个 果盘 完事 态度恶劣 只能 拎包
0,显卡 低点 识别 可能 驱动 没装 评估 主要 显卡 其他 以上 光盘 网上 找先 网卡 驱动 人生 下载 其他 驱动
0,完美 支持 习惯 装要 简单 系统盘 必须 带有 驱动 只有 开机 一下 爆音 开始 完美 使用 托盘 区有 小喇叭 图标
1,返还 很多 神舟 类似 配置 还要 便宜 用过 很多 笔记本电脑 这个 第一次 非常 满意 外观 不错 配有 正版
1,性价比 硬盘 通电 小时 屏幕 完美 发热 不大 光驱 声音
1,装修 不错 服务 非常 细心 周到 保定 中银 服务 留下 深刻 印象 然后 早餐 自助餐 种类 非常 质量 宾馆 周边 交通 方便 宾馆 对面 保定市 政府
1,价位 双核 处理器 独显 硬盘 已经 非常 两条 金士顿 兼容问题
1,卫生 不太好 整个 环境 陈旧 服务 一般
1,设施 一般 北京 不算 服务 出入 方便
0,左右 不太好 僵硬 自带 系统 太差 很多 兼容 麻烦 得换 系统 才行 还有 自带 输入法 垃圾 出来 页面 屏幕 关系 页面 好几 需要 适应
0,服务态度 景点 入住 不错 可是 晚上 咯吱咯吱 声音 惊醒 以为 质量 不好 可是 开灯 发现 一只 老鼠 正在 麻花 对视 一分钟 恶心 所有 零食 告诉 前台 服务员 过去 一下 难道 老鼠 还会 乖乖 来看 退房 提起 此事 经理 上班 一句 对不起 打发 真的 不能
1,职场 战场 绊马索 暗箭 着实 防不胜防 做到 这些 一定 影响 正常 工作 开展 为了 工作 职位 薪水 地位 前赴后继 勇往直前 先知先觉 领导者 后知后觉 追随者 不知不觉 淘汰 步步为营 毫不 夸张 说出 一层 细细的 冷汗 职场 真是 不见 硝烟 战场 一步步 稳扎稳打 场里 未必 真情 相对 这些 沉默 刀光剑影 庆幸 我身 单纯 善良 团体
1,儿子 最近 作文 考试 跑题 大分 儿子 提出 加强 这方面 学习 搜索 有关 作文 学习 书目 发现 很多 教条 刻板 适应 现在 孩子 特点 教学 成功经验 广为 应用 推广 一本 试试看 拿到 果然 不错 思路清晰 实例 动作 文章 简明扼要 容易 接受 物有所值 这套 作文 三书 一共 三本 消化 看看 其他 两本
0,老乡 作品 客观 来讲 的话 牵强 经历 丰富 文采 不错 喜欢 结构 风格 一次 跟风
1,地理位置 环境 不错 很大 早餐 不如 过去 丰盛 整体 不错 特别强调 服务
0,确实 价超 所值 班机 较晚 临时 这个 硬件 设施 符合 环境 要求 细节 服务 基本上 象个 招待所 接机 服务 需要 要求 不能 帮助 安排 这点 令人 失望 另外 提醒 三亚 度假 朋友 三亚 吃海鲜 不要 出租车 建议
0,系统 修改 系统 界面 单一 酷炫 目前 准备 卸载
1,书中 很多 方法 其实 记住 很难 哪儿 舒服 一翻 收获 两本 看过 按摩 经络 经常 偷懒 督促 坚持 按摩 总是 有人 经络 不能 证明 中医 怎么 怎么样 以前 经常 气愤 现在 中医 不单是 一种 医术 更是 一种 哲学 一种 宗教 一种 艺术 西医 可比性 中医 缘分 不信 无缘 罢了 必要 气愤 中医 魅力 值得 一生 享受
1,服务 服务中心 按钮 提出 需求 很快 有人 对应 不足 有些 房子 有些
1,风景 美极了 窗户 下面 海在 边上 酒吧 啤酒 看着 海景 简直 享受 下次 这家
1,任务 教学 我国 外语教学 备受 关注 国家教育部 英语课程 标准 倡导 任务 教学 途径 培养 学生 综合 语言 运用 能力 写入 教学 建议 任务 教学 视为 改革 我国 传统 外语教学 良方 立足 我国 外语教学 现状 全面 分析 任务 教学 理论 实践 基础 实例 说明 任务 教学 具体 操作步骤 广大 一线 英语 教师 提供 教学 研究 参考
0,之前 看到 大家 非常 于是 心动 回来 看看 非常 一般 很多 承认 俗人 很多 重要性 难道 现在 不够 不够 拜金 根本 需要 知道 重要性 估计 知道 关于 拥有 公主 一篇 起来 好象 道理 保养 好好 做事 那些 事情 放着 根本 符合 实际 情况 可能 每个 家里 保姆 还有 整本书 多页 事实上 段落 间距 很大 页面 留白 很多 根本 多少 一句 值得
1,大连 四星级 找到 这么 便宜 价格 实在 容易 开始 犹豫 什么样 入住 以后 正常 没什么 差异 窗户 上网 人住 宽敞 特别 适合 商务人士 性价比 位置 不错 商业中心 购物 吃饭 方便 夜景 很美 不错
1,定义 儿童读物 认为 每个 时期 得到 不同 感动 小王子 虚构 适合 灯红酒绿 这个 物流 纵横 社会 现今 多少 思想 禁锢 行动 束缚 言行 约束 大家 不约而同 选择 沉默 也许 这是 大势所趋 小王子 正是 一本 感动 心灵 读物 只有 心灵 得以 进化 生活 美好 所有 推荐 小王子 大众 读物
0,飞机 长沙 竟然 这个 空调 只有 所谓 通风口 窗户 订死 只能 个头 出去 透气 差点 热死 要钱 手能 碰到 几乎 贴着 价格 恐怖 以后 免费 不住
1,交通 方便 周边 热闹 香港 自然 总的说来 物有所值
1,占地面积 很大 号称 花园式 迎宾 条件 一般 干净 一楼 宽带 据说 三四 楼才 提前 订好 到达 时一看 要求 已经 提前 加好 不错 考虑 安庆 房价 便宜 一切 计较
1,东莞 出差 的话 东莞 宾馆 老板 起来 东莞 的话 可能 会住 索菲特 喜欢 东莞 宾馆 环境 几个 餐厅 身处 闹市 安静 舒服 宾馆 服务 到位 对于 普通 商务 旅行者 来说 东莞 宾馆 标准间 物超所值
0,读盘 声音 那台 键盘 上边 这块 整体 明显 突出 正面 印花 不是 好看
1,总的来说 干净 地理位置 市区 繁华 地段 进出 方便
1,任何 教育 手段 比不上 家长 言传身教 真是 一身 冷汗 原来 愤怒 遗传 想想 平日 孩子 留下 不良影响 真是太 可怕 第二遍 发现 家庭教育 根本 需要 舍近求远 多书 其实 只要 做好 父母 这个 职责 其实 只要 行为 遗传 孩子 谢谢 出版社 复杂 家庭教育 简单
0,内存 升级 必须 废除 至少 一条 浪费 用户 着想 一点 接口 内存 盖板 偏紧 硬压 才能 盖平
0,这是 一本 别人 漏沟 非常 后悔 这么 一本 毫无 看头 大家 上当
0,不错 不错 不错 不错 不错 不错 不错 不错 不错 不错 不错 不错 不错 不错 不错 不错 不错 不错 不错 不错 不错 不错 不错 不错 不错 不错 不错 不错 不错 不错 不错 不错 不错 不错
1,延续 一贯 写作 风格 血腥 痛彻 心扉 爱情故事 故事 情节 类似 赤裸 特工 脱离 人们 正常 生活 范围 吸引 人人 是因为 空虚 小说 略微 夸张 一点 故事 接受 读者群 年龄 应该 年龄阶段 建议 不要 无趣 不同 适合 不同 人群 根据 实际 情况 加以 选择
1,服务 仔细 陈色 虽旧 用品 干净 服务员 素质 钱包 办法 还给 非常感激
0,员工 最好 一家 三星级 非常 满意 不知 这家 综合 评分 误导 客人 信价 比不高 地段 早餐 最差 肉包 里面 还有 苍蝇 大家 千万别 真的 不如 补充 点评 年月日 工作人员 态度 诚恳 下次 愿意 免费 注册 网站 导航 宾馆 索引 服务 说明 关于 诚聘 英才 代理 合作 广告业务 联系
1,酒店设施 确实 地毯 还好 服务态度 不错 每到 客户 服务生 客房 还有 一壶 保温 设置 附送 进房 温馨
0,侧面 散热 确实 尤其 程序 电源适配器 不是 网上 其实
0,想象 样子 很多 单词 常用 编辑 不算 实用 关键 一点 不好
0,电池 时间 无线 网卡 模板 不是 想象 中小
1,地理位置 实在 人大 床房 进屋 一看 竟然 套房 一样 不过 小屋 桌子 电视 小屋 只能 放下 一张 电视 实在 小得 可怜 工作 早餐 对面 刚刚 羊杂 的确 印象 深刻 唯一 遗憾 只有 中午 开门 晚上 营业 商务中心 飞机票 竟然 告知 不能 刷卡 只能 现金 结帐 因此 没买成 不爽
0,装机 散热 不怎么样 运行 响应 可能 补丁
0,差差 大而 家具 太差 早餐 早餐 质量 太差 宽带 网速 极差 几乎 等于零 环境 交通
0,服务 差书 质量 建议 大家 不要 当当 重要 服务 电话 骗人 推卸责任
1,拿到 手一看 机子 非常 漂亮 系统 顺利 运行 速度 很快 非常 喜欢
1,线条 硬朗 轮廓 清晰 做工 上乘 转轴 屏幕 以度 展开 键盘 手感 极好 打字 噪音 三星 完美 磨砂 适于 商务 应用 长时间 使用 不易 疲劳 自动 调节 屏幕 亮度 电池容量 续航 能力 强可 使用 小时 电池芯 韩国 控制 芯片 三星 内存 三星 双面 颗粒 时序 硬盘 希捷 光驱 三星 模块 电源适配器 薄片 台达 代工 整体 散热 极好
0,一套 纸盒子 同事 硬盒 包装 当当能 合理 解释
0,性价比 一般 主要 体现 早餐 难以 令人满意 希望 增加 花色品种
0,硬盘 分个 实在 无法 接受 随机 内存 吃力 飞快 无法 分区 分区 软件 兼容 办法 换回 预装 没用 系统
0,很差 浓重 潮气 混合 味道 所有 穿过 衣服 浓重 味道 尽管 晚床 卧具 低档 电视 更是 老旧 不堪 像是 十年 型号 信号 极差 早餐 品味 招待所 风格 餐厅 里面 黑乎乎 令人 感到 沮丧 其它 印象 不深 总之 挂牌 实在 难以 理解
1,机器 做工 设计 内联 依然 风范 轻薄 包装 非常 严谨 显示 效果 不错 做工 不错
0,之前 这么 五星 买来 以为 应该 值得 拥有 书后 心目 这本 所谓 称为 五星 真的 差劲 我用 几晚 时间 终于 围绕 如何 朗读 孩子 培养 阅读 兴趣 实在 很多 废话 根本 不应 这么 长篇大论 废话 需然 完完整整 整本书 看书 过程 感到 非常 不耐烦 明白 废话 干什么 家长 已经 知道 从小 陪养 孩子 阅读 兴趣 重要性 必要 这书书 写道 通过 家长 朗读 从而 陪养 小孩 阅读 兴趣 个人 认为 只要 家长 能够 以身作则 阅读 从小 孩子 亲子 共读 孩子 必然 从小 喜欢 书本
0,该套 丛书 画面 生动 注重 生活 细节 小孩 吸引力 阅读 同事 了解 生活 常识 体会 一些 有趣 过程 满意
0,一般 洗手间 浴缸 有些 下不去 标房 大堂 餐厅 窗户 晚上 好象 还有 用餐 音乐
0,蓝牙 功能 摄像头 指纹识别 预留 模块 很难 升级 内存 太小 原来 期望 集成显卡 性能 令人 失望 评分 系统 里成 瓶颈
1,外观 不错 网上 图片 不同 满意 屏幕 舒服 容易
0,设施 陈旧 服务 一般 由于 中午 网络 调试 需要 帮助 居然 中午 休息 以后 上班 早餐 丰富 下次 不会 性价比 不高
0,散热 有些 可能 通病 下面 有时 太过分 价格 速度 太快 电子产品 德行
1,这书 被迫 没法子 我家 老师 命令 有用 枯燥 任何 练习曲 无可避免 台上 一分钟 台下 十年 整本书 各种 指法 练习 条条 提高 基本功 很大 帮助 指法 分类 每种 若干条 大家 慢慢 基本功 只想 追求 速度 真正 高难度 曲子 力不从心 每条 练习曲 简铺 五线谱 对照 各个 程度 方便
0,希望 以后 当当 不要 一本 只发 其中 一本 知道 一本 要加 运费 你们 系统 聪明 一点
1,睡觉 睡觉 总是 睡觉 生活 应该 好玩 事情 这句 梅拉 经典 已经 儿子 纳入 口头禅 不想 总是 那样 方式 生活 显得 不听话 作为 母亲 从小 学会 自主 感到 更加 开心
1,喜欢 芯片 性价比 不错 散热 不错 喜欢 芯片 性价比 不错
0,分区 需要 一番 功夫 小时 搞定 原来 系统 装上 新手 朋友 需要 帮忙 解决
1,原来 颜色 不是 纯白 发黄 估计 折腾 一天 装上
1,优点 大家 很多 确实 不错 战斗机
0,实在 一直 协程 定房 一直 方便 这次 这儿 简直 无法 就算 粘着 会展中心 不是 糊弄人 有车 市区 开车 会场 方便 之前 徐家汇 开车 一进 房门 墙体 斑驳 窗户 漏风 走上 咚咚 作响 铁板 象是 工棚 晚上 空调 开度 没用 没车 地铁 入住 方便 总之 上海浦东 千万别 这里
1,散热 屏幕 效果 绚丽 坏点 杜比 环绕 效果 好加 内存 速度 很多 功能键 非常 实用 接口 丰富
0,胡兰成 看似 有情 实则 无情 胡兰成 处处 留情 用情 深书中 不光 爱情 同样 从小 生活 感受 此书 宣传 过于 大量 渲染 胡与 爱情 书中 一些 别的 文笔 细腻 柔和 适合 中学生 阅读 提高 作文 水平 个人 认为 偏重 喜好 情节 取胜 作品 读者 浪费时间
1,早餐 食物 相当 一般 服务 水准 相符 希望 进一步 改进
1,本来 网上 试读 创意 已经 吸引 符合 阅读 爱好 加上 一般 超级 头衔 第一集 确实 不错 喜欢 值得 收藏 下手 收藏 本集
1,豪华 大床 硬件 不错 可惜 床单 细小 毛发 不过 服务台 获知 马上 自助餐 桐乡 最好
1,主要 非常 协程定 不到 豪华 水果盘 唯一 不足 据说 周边 开了个 香格里拉 应该 实惠 价格 吸引
1,心情 慢慢 进入 悲伤 逆流 成河 当中 心情 变成 阴天 晚上 这书书 现实 现实 写进 小说 现实生活 缺少 小米 那样 牙痒痒 主人翁 易遥 故事 真的 可怜 不好 事情 全部 选择 跳楼自杀 推荐 大家 这部 小说 温馨 提示 小说 可能 旁边 准备 一些 纸巾 好拉
0,介绍 茅塞顿开 总之 记住 单词 效果 不佳
1,做工 精致 屏幕 很漂亮 关于 大家 喇叭 各位 不要 要求 太高 这么 本能 就行了 追求 音效 音箱
0,实在 喜欢 绝对 看头 浪费 精力 一般 放弃 有空 看看 旅行 手册 也好
1,外观 漂亮 电池 耐用 硬盘 安静
1,哪面 结局 之前 很悲 最后 想想 可能 结局 对于 他们 两个 圆满 这个 世界 背负 责任
1,一位 老外 客户 环境 不错 值得 推荐 豪华 只是 价格 太高 希望 再谈 下价 便宜 客户 下次 还会来
1,设计 非常 漂亮 散热 很棒 设计 非常 漂亮 散热 很棒 设计 非常 漂亮 散热 很棒 设计 非常 漂亮 散热 很棒
0,装修 住层 吵得 睡不着 怀疑 装修 声音 头顶 电钻 开始 头痛 欲裂 地点 不好 临街 宾馆 反馈 年月日 尊敬 客人 您好 入住 期间 未能 享受 安静 环境 深感不安 表示 深切 歉意 为了 创造 优美环境 广大 宾客 居住 环境 更加 舒适 我店 正在 进行 客房 硬件 装修 改造 工作 施工 时间 非常 抱歉 施工单位 规定 时间 施工 打扰 休息 为此 已经 施工方 再次 接洽 要求 他们 遵守 工作 时间 杜绝 此类 事件 再次发生 楼顶 装修 安装 本市 最具 特色 标志 建筑 金葫芦 相信 再次 光临 本店 时会 焕然一新 更会 感受 热诚 服务 再次 谢谢您 忠肯 真诚地 表示歉意 恳请 再次 下榻 提出 宝贵意见 祝您 身体健康 工作 顺利 万事如意
1,交通 相当 便利 优点 缺点 十几 其它 四星级
1,金属 质感 拉丝 表面 完美 键盘 按键 舒适 两个 还有 电视机
0,随便 放下 坦白说 图画 可爱 仔细 吸引
1,送货 下午 快点 订货 隔天 上午 外表 做工 看起来 行外 接电源 小巧 发票 注明 质保 两年
1,性价比 显示屏 不错 一条 内存 速度 送货 速度 还行 订货 收货
1,发货 速度 商城 订单 信息 跟踪 及时 商品 拿到 华硕 真的 其它 品牌 包装 很多 双重 箱子 性能 不错 元能 独显 酷睿 超值
0,风景 挺不错 望出去 古运河 古诗词 意韵 淋浴 设施 不好 淋浴 门关 不紧 水龙头 出水 很小 洗澡 舒服 电视 两个 遥控器 起来 方便 主要 前台 小姐 服务 不好 冷冰冰 尤其 那个 脸蛋 胖胖的 小姐 脸上 涂过 糨糊 一样 一点 微笑 舒服 服务生 培训 有待 加强 服务 意识
0,本身 心理学 感兴趣 然后 看到 畅销 排行 前列 一下 上下 两本 以后 一种 说不出 心理 人品 有些 达到 目的 不择手段 一般 情节 玄乎 怎么 精彩
0,散热 控制 不是 可能 独显本 通病 音质 太烂 有待 改进
0,光驱 不大好 散架 哈哈 系统 手害 小时
1,大概 怎么 从书中 除了 了解 人外 了解 当时 社会 方方面面 这个 侧面 看待 当时 清朝 不错 视点 最近 曾国藩 唐浩明 嘻嘻 兴趣 最好 先看 完阿唐 点评 家书 曾国藩 发现 这本 家书 曾国藩 容易 进入 当时 社会 了解 阿曾
0,也许 不算 理由 之所以 喜欢 读书 不是 网上 资料 喜欢 闻着 书香 可能 印刷 油墨 不好 原因 臭臭 不好 里面 一些 关于 中式 英语 趣闻 有些 乐趣 对于 浓重 中式 思维习惯 说英 来说 用处
1,各类 休闲 娱乐 设施 齐全 交通 便利 饭菜 口味 多样 舒适 免费 注册 网站 导航 宾馆 索引 服务 说明 关于 诚聘 英才 代理 合作 广告业务 联系
0,调侃 通俗 手法 明朝 历史 普及 历史 读者 享受 阅读 快感 谢谢 当年 明月 太有
1,我家 小可爱 两个 小老鼠 可爱 非常 喜欢 郑渊洁 一系列 书写 一篇 作文 描写 一只 小狗 星球 故事 写得 生动有趣 老师 打了个 好字 呵呵 妈妈 灵感 哈哈 灵感 偷偷地 笑呵呵 当然 继续 不错
1,应该 中档 机吧 外观 不错 面板 应该 不太会 磨损 质感 速度 还行 想象 中快
0,这个 故事 介绍 吸引 绝对 不是 那个 年代 生活 遥远 关系 事件 主角 神话 通篇 像是 恋爱 互相 情话 绝对 一种 自我 状态 表达 不是 喜欢 感动 故事 美好 缺陷 不到 真实
0,之前 看到 很多 系统 麻烦 果然 一点点 开始 硬盘 找到 半天 不过 最大 驱动 这个 声卡 驱动 真的 有够 还有 很多 未知 设备
1,服务 热情 交通 便利 早餐 品种 干净 下次 重庆 还会
1,各个方面 配置 阔绰 性价比 同样 规格 不算 键盘 触感 不错
0,非常 失望 一周 第二天 康体 中心 设施 最多 个星 标准 真是 奇怪 还有 晚上 点到 黑乎乎 一片 以为 出租车 送错
0,一般 教课 一样 人物 只有 性格 性格 纪实 总结 小说 呵呵
0,一般 设施 床上 可能 虫子 早晨 起来 很痒 同住 同事 同样 今后 不敢
0,宽屏 两边 基本 用不上 只有 两个 左侧 只是 接鼠 真的 方便 键太大 做工 一般 我用 起来 一般
1,机器 来说 非常 速度 简直 飞速 本来 再加 内存 现在 看来 完全 必要 装上 打开 文件 速度 还要
0,所有 决定 确实 讲得 正面 很多 所说 怎样 本人 不够 大众化 书中 方法 只能 适合 部份 短暂 使用 不能 长期 使用 看书 朋友 你们 一定 结合 切身 体质 加以 考虑 运用 书中 方法 商业 性质
1,做工 精致 性能 稳定 主要 魔兽争霸 视频 遇到 障碍 不错 待机时间 不是 非常 满意 大约 小时 正常 使用 情况
1,不足 价格 强大 显卡 性能 内存 硬盘 说得过去 不是 外频 足以 应付 日常 电影 游戏
1,暮色 系列 书籍 堪称 经典之作 认同 大多数 观点 系列 四本 组成 一部 完整 故事 英俊 善良 吸血鬼 顾全大局 深刻理解 他人 贝拉 浓厚 爱情 亲情 感染 每个 意味深长 这部 作品 有史以来 完整 一部 书籍 留下 印象 深刻 期待 看看 根据 这部 著作 拍摄 影片 戏谑 新世界 特此 套书 推荐 爱好 读书 朋友
1,经常 西藏 大厦 主要 出差 方便 周围 饭店 熟悉 还有 物美 卖场 首场 机场 相对 方便
0,长寿路 办事 于是 这个 却是 上海 差劲 单栋 建筑 周边 绿化 任何 美化 环境 门口 叫车 超级 上海 司机 不知 为什么 这个 附近 停车 只有 当有 乘客 正好 这个 位置 下车时 才能 门口 吹风 真是 冷死 冻死 大堂 六楼 楼下 停车场 地下室 停车场 很小 高级 大床 很小 不方 正是 三角形 结构 床上 一种 安全 开门 看到 难道 预订 只能 设施 设备 勉强 三星 将近 六百块 真的 划不来 下次 绝对 不会 踏入 这个 朋友 上海 千万 不要 这个 性价比 太低
1,偶是 菜鸟 第一次 本本 本本 性价比 高刚 系统 运行 不错 还有 无线 上网 很快
1,本身 短篇小说 只是 其中 一篇 少女 小渔 作为 命名 记忆 深刻 这个 短篇 小渔 形象 生活 某个 肉乎乎 邻家女孩 谈不上 思想 深度 生命 高度 只有 明澈 眼睛 内心 随波逐流 贬义 象是 目的 几丝 无奈 从来 不曾 放弃 刻意 坚持 柔软 柳条 春来 绿秋来 少有 这个 个性 生活 典型 如此 令人 印象 深刻
1,柳州 出差 不错 选择 尤其 商务 朝北面 夜景 不错 宾馆 反馈 年月日 非常 感谢您 长期以来 大力支持 关心 朝南面 江景 客房 不错 此外 五星级 标准 装修 高层 观景 客房 即将 竣工 期待 光临
1,价格 不是太好 其他 不错
1,交通 方便 服务周到 不错 唯一 满意 价格 竞争力 比汉庭 普通 会员 还贵 早餐 遗憾
1,镜面 看起来 内置 摄像头 读卡器 无线网络 摄像头 一键 关闭 人性化 驱动 安装 简单 光盘 塞进去 装好
0,成功 女性 推荐 二十多岁 看看 期待 看出 获益 良多 可惜 看到 一半 肯能 一半 实在 心思 一字一句 认认真真 地读 那些 所谓 例子 及其 说明 一些 基本 道理 正常人 应该 具备 素养 二十多岁 女人 至于 要人教 这些 答案 人生 不过如此
1,之所以 是因为 看过 安意 系列 之后 一种 连锁反应 只道 意犹未尽 开始 关注 类图书 爱上 中国 古典 诗词 想要 了解 知道 多一些 每每 读来 像是 唯美 故事 有时 不免 沉醉 其中 久久 不能自拔 其实 故事 不如说是 诗词 历史 过于 历史 过于 血淋淋 忽然 这么 淡淡 语言 诉说 自是 另一番 韵味
1,真正 经典 离奇 情节 完美 文字 无果 结局 青春 回忆 情节 饱和 伤情 含蓄 挪威 森林 悠长 值得 回味 不是 中年人 应该 一口气 下去 读过 很多 本村 书怕 不了 好书 建议 买本 一本 一本 留给 下一辈 或是 送给 心爱 比如 告诉 弹子
1,适合 度假 尖沙咀 汉口 道逢 整点 免费 班车 往返 大小 适中 床上 看海 儿子 游泳池 不想 上来 缺少 浴袍 早餐
0,为什么 商务 摄像头 网上 会议 之类 单配 摄像头 知道 研发 人员 怎么 考虑 电池 只能 两个 小时 不太够 呵呵 不知 是不是 系统 缘故 开机 关机 超级 超级
1,前台 客房 服务态度 非常 早餐 丰富 房价 干净 再接再厉 中国 无烟 或者 烟灰缸 放进 抽屉 无烟 处理 这类 吸烟者 需要 忍受 烟鬼 希望 中国 宾馆 外企 学习 请多设 无烟 楼层 谢谢 原先 房价 无烟 层楼 加付 提升 高级 无烟 沒有 或者 很少 無煙 房間 電梯 內不許 吸煙 還是 一些 吸煙者 仍然 沒有服 規則 抽煙 人成 二手 受害者 中國 人口 中煙民 只有 不到 看到 這條 評論 煙民請 自覺 謝謝
0,名字 吸引 眼球 内容空洞 一点 实际意义 明白 废话 值得
1,幸亏 当时 五颗星 套书 现在 已经 一岁 十个月 儿子 每天 一说到 讲故事 开始 车来 你好 我要 巴巴 不愧 全国 优秀 儿童读物
0,软件 方面 不足 总之 便宜 操作系统 驱动 解决 麻烦 接受 这个 机型 散热 实在 很差 面板 容易 划坏
1,钱德勒 书本 真正 精品 给予 任何 不为过 所谓 真正 艺术 存在 比如 文字 行云流水 酣畅淋漓 情节 出神入化 丝毫 牵强 造作 意境 松弛 回味 悠长 读来 令人 心旷神怡 不舍 放下 比喻 鬼斧神工 充满 智慧 艺术品 中国 作家 作品 属于 农村 钱德勒 小说 属于 城市 王朔 的话
1,几天 去取 发现 其实 一点 难看 屏幕 及其 设计 稳重 配置 价钱 真的 挺值
1,开发区 地理位置 不错 好找 比起 市区 五星级 硬件 稍差 干净 舒适 考虑 价格比 市区 便宜 性价比 旁边 购物中心 餐饮 购物 吃饭 方便
0,鼠标 太难用 华硕 这点 厚道 粗糙 因该 加个 蓝牙
1,上周二 这次 大床 房有 最大 一间 装修 味道 很浓 进去 以后 一下子 鼻子 舒服 开窗 大概 半个 小时 稍微 好些 顾客 最近 装修 以后 不能不要 装修 味道
0,唯一 收获 告诉 爱惜 身体 早已 知道
1,刚才 提到 如家 快捷酒店 应该 如家 深圳 火车站 渔民 村小 区内
0,所有 三星 最差 一家 周边环境 极差 二楼 暧昧 电梯 职业 打扮 怪异 女性 出入 有股 发霉 味道
1,时尚 外观 格调 不凡 高清 播放 处理 能力 速度 快吸 合式 开关 轻松 从容
0,为什么 预装 硬盘 初始 分区 只有 产品 工程师 不用
0,活着 为了 一切 美好 事物 美食 美景 美事 当然 重要 美好 理想 太过 入世 不见得 好事
1,终于 等到 优惠 不过 不太爽 用券 抵消 购入 瑞星 杀毒 周到
1,前前后后 多次 位置 方便 周边 很多 吃饭
1,硬件 不错 相当 大堂 气派 招待 国外 客人 合适 位置 市中心 一点 假如 前台 服务态度 多一点 热诚 理想
1,对于 一本 广受 好评 锦上添花 多少 多余 有所 收获 阅读 愿望 否则 不用 近视 危险 使劲 看书 看书 选择 尤其 对于 青年 男女 手上 一本 连岳 不错 选择 情感 收获 要么 幸福快乐 要么 痛苦 遗憾 准确 连岳 精辟 回答 心中 渐渐 有种 明朗 喜欢
0,到货 不准 写明 休息日 工作日 快递 威胁 一定 要收 投诉 客服 回音 只好 寻求 媒体 帮助 看来 这是 最后 一次 当当
0,唯一 贴膜 没贴 很多 空气 估计 揭掉 很漂亮 现在 舍得 先用 保护 本本 重要
0,送给 皱巴巴 难看 希望 你们 提高 服务质量 这个 样子 高兴
0,拿到 亮点 屏幕 中间 刺眼 不是 平台 发热
0,拿到 广告 那样 画面 一般 谈不上 精美 有些 凌散 孩子 引不起 兴趣 孩子 画太多 总之 有些 失望
1,第一次 接触 视觉 发现 女儿 幼儿园 杂志 每期 一页 女儿 喜欢 不得了 产生 欲望 一下子 回家 没敢 一次 拿给 一段时间 一本 出来 女儿 爱不释手 刚巧 几天 生病 在家 整天 松手 姥姥 不乐意 孩子 眼睛 累坏 知道 长时间 不会 累到 眼睛 总之 以后 后悔 看到 女儿 喜欢 开心
0,鸡肋 本来 排行榜 应该 不错 没想到 这么 无趣 空洞 大道理 不会 没劲 更何况 大道理 怎么 不敢苟同 言论
0,晚上 电话 字烦
0,房价 房价
1,下单 第二天 点多 收到 发货 速度 特别 喜欢 小红帽 整个 机器 大气 散热 优良 完美 钢琴 出差 不用 镜子
1,原来 刚刚 接触 拉拉 知道 人力资源 现在 以及 决定 人力资源 专业 研究生 当然 只是 拉拉 而是 发现 人力资源 浓烈 兴趣 一样 好像 一样 讲述 职场 喜怒哀乐 或者 身不由己 现在 步入 社会 完全 社会 世俗 想法 圆滑 做人 技巧 还有 身边 影子 拉拉 里面 找到 类似
1,华硕 品牌 散热 长时间 这个 价钱
1,制作 上面 来说 无懈可击 印刷 精美 厚厚 一本 二十多块 作为 风水 入门 书籍 风水学 基本原理 各家 风水 学说 状况 初步 映像 深入 必须 挑选 门派 专业 书籍 专门 研究 毕竟 风水 流派 可能 大杂烩 各家 各派 观点 有时候 互相矛盾 只有 精通 一家 风水 学说 前提 才能 取长补短 不过 那个 已经 大师 境界 呵呵
0,好像 文科生 一本 高等数学 教材 一样 流水账 一般 只是 背景 罢了 选择 竞争 激烈 时代 催人奋进 故事 文笔
0,第二次 狗狗 保安 不能 进去 告知 一点 交给 朋友 带走 保安 进一步 意见 前台 未作 任何 提示 顺利 入住 从进 开始 不断 受到 关照 一分钟 敲门 告知 记得 狗狗 出去 五分钟 打电话 告知 狗狗 出去 十分钟 打电话 告知 亲眼见到 狗狗 出去 十五分钟 告知 见到 狗狗 出去 他们 要进 检查 二十分钟 电话 提出 退房 三十分钟 电话 告知 退房 要收 人民币 壹佰块 四十分钟 朋友 狗狗 出去 期间 狗狗 发出 任何 声音 好像 一条 哑巴 不会 选择 这家
1,希望 出版社 一本 关于 国民党 黄金 十年 那本 出来
1,性能 做工 精致 性能 不错 系统 换装 所有 驱动 搞定 运行 流畅
0,单号 急用 朋友 生日 放弃 赠品 杀毒软件 不然 提不到 听说 赠品 缺货
1,外观 漂亮 性价比 杜比 音效 环绕声 质保 原来 一年 变为 两年
0,散热 一般 风扇 声音 大了些 说明书 简约 实用 摸索
1,福建 山水 大酒店 看来 道理 服务 不错 专人 接待 洗衣 及时 送达 早餐 皮蛋 瘦肉粥 不错 尽管 第三天 早上 糊味 二楼 餐饮 值得 推荐 招待 客户 设备 齐备 棋牌室 尽管 打麻将 环境 地理位置 不错 窗户 对面 居然 洲际 打车 洲际 方便 很多 上网 速度 不错 样子 不足 福州 好像 一样 购大 厕所 尤其 马桶 二楼 餐饮 商务 套餐 浪费 单人 餐饮 计算 提过 建议 不知 是否 改进 窗户 隔音 效果 第一天 台风 窗户 一夜 第二天 白天 第三天 白天 楼下 某车 警报器 发癫 似的 直冲 云霄 有个 音响 开到 音量 放着 摇滚 居然 不错 明显 存在 中午 一点多 结账 结账 个人 统计 账单 同一个 柜台 接待处 个人 此时 客人 接待 无动于衷 赶回 来看 奥运会 开幕式 只好 要求 她们 加快 或来 人来 帮忙 遇到 刷卡 没急 结账 那位 风风火火 只会 左刷 右刷 完全 无视 系统 报错 提醒 再三 提醒 看请 看看 错误信息 知道 余额 不足 只好 分别 商务中心 转帐 二次 刷卡 错误 回来 银行 柜台 咨询 知道 是因为 短时间 刷卡 频繁 银行 保护 卡锁 其实 中午 时间 本来 开始 结账 结账 完毕 共有 四位 客人 无人 前台 人员配备 明显 不合理 结账 那位 同志 仔细 一点 发现 刷卡 时多 看下 提示 不会 耽误 客人 如此 时间 不会 导致 锁卡好 彩为 开幕式 归心似箭 提前 小时 否则 出现 时请 冷静 处理 居然 尤其 说话 声音 那么样 一下 吵架 当然 服务 从始至终 包括 最后 处理 知道 另外 一位 接待 处理 服务态度 接受 上此 值得 推荐 希望 百尺竿头更进一步 最后 价格比 前台 价格 少许 接受 价差 入住 加油
1,看多 四十四 那个 时期 穿越 偶然 看见 这本 关于 皇太极 感兴趣 秉承 一贯 作风 史实 加以 想象 虚构 似乎 穿越 别人 身体 本身 之前 身体 穿越 男主 轰轰烈烈 一次 皇太极 自始至终 只爱 悠然 不管 是不是 那个 女真 第一 美女 称号 东哥 实实在在 悠然 爱得 彻底 爱得 缠绵 敬佩 认真 研究 历史 精神
1,配置 不错 现在 同方 网站 上用 积分 兑现 悦读 巧巧 英语 号称 当然 不值
1,一部分 已经 大概 很多 对照 父母 更加 整个 中国 社会 病态 最近 家族 很多 事情 其中 包括 绝症 姨父 极尽 疯癫 小姨 常年 生病 大姨 她们 大概 心理疾病 面对 病痛 伤痛 治愈 消耗 家人 安乐 生活 生活 困苦 无法 脱贫 想来 真是 恐怖 身边 恐怖
0,原装 包装 进去 很挤 音响 想象 屏幕 确实 第一周 色彩 一般般 赶不上 现在 不过 驱动 装不全
1,第一次 想象 好看 朋友 说好 第一 想象 一样 质量 现在 一段时间 确实 发热 没什么 噪音 很值
0,面处 电源 变压器 重了 出门
1,外观 出众 键盘 上网 算是 贴心 舒服 另外 送货 速度 真是 第二天 到货 到位
1,收到 不错 不错 特别 喜欢 封底 这段话 他们 几乎 全是 名牌 他们 银行存款 几乎 等于零 他们 拥有 不低 学历 并不一定 有着 收入 他们 本地人 努力 活得 本地人 一半 他们 医药 销售 代表 精辟
1,不错 到手 五个 段时间 来看 不错 速度 很快 声音 温度 出现 质量 上面 优点 很多 比如 播放 全高清 速度 不比差 工作 安静
1,冲着 电池 性能 电影 大概 用到 小时 以上 节电 模式 应该 再长 机器 整体 做工 不错 键盘 舒服
0,不到 更坏 形容词 形容 以为 幽默 全是 一些 笑话 好笑
0,耳机 右手 略微 影响 鼠标 使用 标配 光驱 习惯 光驱 同学 建议 另购 以备 不时之需
0,估计 中外 文化 差异 反正 特别 动物 造型 可爱 卡米拉 系列 差远了 大家 慎重考虑
0,入住 整个 晚上 隆隆 噪音 电梯 楼上 移动 家具 体育锻炼 起来 明显 枕头 音响 一夜 没睡 本来 预定 天第天 早上 赶快 逃跑 宾馆 反馈 年月日 非常 感谢您 提出 宝贵意见 由于 当晚 紧急 工程 抢修 造成 不便 请谅解 任何 致电 前台 前台 竭诚 客人 服务 欢迎您 再次 入住 中南 海滨 大酒店 提出 宝贵意见
0,不好 很差 特别 服务态度 客人 进来 不闻不问 走时 欢迎 下次 服务员 脸上 基本 看不到 微笑 特别 餐厅 只能 极差 二字 形容 不好意思 实在 找不出 贴切 词汇 二楼 用餐 服务员 大家 不要 浪费 对不起 没菜 一下 表才 晚餐 时间 结束 早就 没菜 饭店 后来 一眼 瞥见 一块 牌子 上面 写道 食物 超出 收费 难道 你们 那饭 金子 抠门 锅炉 加热 服务员 一个劲 一分钟 就够 一分钟 就够 可是 付钱 进来 可不是 受气 不是 你们 现在 菜贵 买不起 之类 抱怨 的话 建议 大家 不是 想来 锻炼 心理 承受能力 心理素质 相当 推荐
0,也许 达到 境界 论述 与其 二哥 恩怨 一段 只能 表现 典型 中国 特色 企业家 具备 世人 惊醒 作用 本人 非常 厌恶 一段 阅读 到此为止 不感兴趣 失败
0,整体 大堂 电梯 走廊 客房 卫生间 不能容忍 那个 大小便 几乎 不能 同时 进行 还有 传染性 危险 客房 壁纸 厉害 停车场 房客 收费 感觉不好 建议 尽快 那个 换掉 否则 真的 没人敢 入住
0,后来 两岁 五个 儿子 睡觉 认真 讲完 喜欢 儿子 来讲 喜欢 有数 几本书 一本
1,本子 性能 办公 够用 屏幕 清晰 键盘 手感 接口 基本 完好 知道 质量 到底 怎样 时间 说话 提心吊胆 一个月
0,窗户 隔音 效果 晚上 听见 隔壁 说话声 隔壁 洗手间 水声 下次 不会
0,味道 实在 难闻 接受 不了 画面 杂乱 儿子 一定 不会 喜欢 懒得 任凭 小鸡 个性 兴趣 看才行 失败
0,这个 故事 介绍 吸引 绝对 不是 那个 年代 生活 遥远 关系 事件 主角 神话 通篇 像是 恋爱 互相 情话 绝对 一种 自我 状态 表达 不是 喜欢 感动 故事 美好 缺陷 不到 真实
1,故事情节 唯美 很多 同学 好看 认为 一本 里面 很多 主题 次要 重要 换位 想人 一生 很多 只是 爱情 一位 同学 结尾 个人 认为 女主角 亲情 单调 期待 那本 代孕 妈妈 前面 前面 里面 丰富 人物 真实 说明 笔锋 成熟 加油
0,太厚 知道 做到 一样 轻薄 价格 促销 白色 能换 黑色 盘用 知道 分出 一些 空间 是否 自动 恢复 系统 造成 不良影响
1,太棒了 第一本 新华书店 感情 大自然 读者 仿佛 田野 一只 动物 身临其境 之感 文笔优美 知识性 趣味性 文学性 后来 孩子 全套 孩子 爱不释手 从岁 妈妈 解读 一直 孩子 了解 大自然 爱护动物 了解 他们 生活 更加 他们
0,加上 一点 脑子 胡言乱语 一通 看看书 语言 看出 白痴 可笑 里面 引用 很多 经书 好像 编辑 加上 强烈建议 绳之以法 不负责任 这家 出版社 直接 国家 接管 害人 伪科学 典型
0,岱宗 这个 三星 领教 一次 就够 应该 马上 合作 客户 去掉 应该 最好 推荐 不是 所谓 三星 简直 招待所 不如 不敢相信 推荐 值得 事情
1,体积 很小 六芯 电池 续航 时间 估计 坚持 小时 金属 拉丝 做工 一流 散热 工作 一段时间 并未 风扇 声音
0,隔音 走廊 有人 说话 说话 一样 关闭 顺畅 用力 服务员 爱理不理 前台 服务员 英语 不会 卫生 一般
1,这个 价位 配置 来说 不错 上盖 没想到 宝蓝色 显得 精美 键盘 设计 以前 来说 改变
1,一直 以为 瑜伽 百益 一害 事情 后来 网上 看到 正确 瑜伽 动作 可能 造成 意想不到 伤害 比如 一些 瑜伽 教练 过分 追求 一些 高难度 动作 造成 关节 韧带 肌肉 损伤 下定决心 一本 了解 人体 骨骼 肌肉 构造 这本 瑜伽 关键 肌肉 全解 满足 这个 需求 彩图 分区 介绍 人体 骨骼 肌肉组织 以及 瑜伽 动作 触发 肌肉 骨骼 美中不足 瑜伽 动作
1,经历 沧桑 变化 怎么 看得懂 隐士 世俗 失望 隐居 追求 更好 世界 离开 丑恶 世俗 失去 追求 美好 天堂 能力 真善美 三者 之中 只有 真离 天堂 最近 强盗 只有 从来不 作假 骗人 不善 不美 隐士 象征 怪物 象征 揣摩 题记 献给 真理 孩子 真理 孩子 真善美 嘿嘿 这是 一点 想法
0,半个 多月 过去 没收 怎么回事 收到
1,响应速度 网上 下单 图书 到手 只用 短短的 几天 真的 开心 很多 牵挂 烦恼 色彩缤纷 绚丽 充满 想像 适合 我岁 女儿 学习 呵呵 用心 包装 过于 简单 当当 塑料袋 装着 绳子 捆着 般配 书好 精美 胶装 胶装 方式 容易 脱胶 不利于 存放 回家 不到 一天 封面 脱掉 不过 总的来说 真是 不错 女儿 喜欢
0,单词 难易 程度 很多 常用 压根 不用 知道 不能 增强 记忆 无趣
1,大家 决定 三岁 女儿 套书 第一次 当当 购书 四岁 有些 女儿 起来 轻松 一些 理解 起来 困难 慢慢来 女儿 感兴趣 带有 学习 每次 主动 提出 学习 挑选 来学 顺便 学会 这个 单词 一套 值得
1,一岁 九个 开始 以为 会太难 没想到 第一页 毛毛虫 一下子 吸引 孩子 注意力 从那以后 每天 一起 毛毛虫 不到 半个 全部 贴完 平时 崽崽是 不太要 自从 套书 每天 讨好 面前 来说 妈妈 毛毛虫 呵呵 看来 谢谢 套书 喜欢 喜欢 一起 看书
0,来说 有些 不是 比如 穴位 知道 大约 位置 那里
1,这个 价位 这个 配置 已经 容易 做工 不错 其实 磨具 不错 发热量 控制 还好
1,不错 下次 机会 还会 继续 入住 价格 便宜 更加
0,整体 不如 本本 设置 不合理 光驱 电源 一侧 打开 光驱 不便
0,单买 多元 很快 收到 可是 五套 熊宝宝 根本 发货 漏发 两周 过去 处理 失望
1,以前 总会 出现 身体 无力 疲劳 懒惰 嗜睡 不爱动 总以为 体质 后来 健康 方面 知道 原来 饮食 存在 饮食 调整 上面 这些 不会 出现 这本 健康 非常适合 现代人 繁忙 工作 学习 如何 调养 身体 最佳 状态 如何 健康 药补 不如 食补 健康 健康 赶紧 回家 作为 养生 宝典 呵呵
1,听说 这本 书写 拿到 之后 简单 一下 目录 发现 平时 饮食习惯 真的 里面 生活 饮食 点滴 之后 两周 果然 之前 气色 好多 父母 固元膏 现在 坚持 每天 食用 食疗 最好 保健 治病 方法 朋友 推荐 很多 饮食 注意 哈哈 大家 其实 上学 生病 看看 真的 不错
1,服务 通过 电话 方便 得到 服务 价格 一定 竞争力 一点 遗憾 打车 不是 方便 同时 取消 机场 客人 多少 有些 方便
0,改下 仔仔细细 老师 推介 以前 的确 没意思 现在 发现 风格 适合 文笔 应该
1,性价比 机子 外观 不错 性能 还行 主要 自带 系统 太慢 装要 很多 时间
0,里面 重点 少废话 搀杂 个人 冗长 原因 里面 不切实际 有钱 不会 保养 一切都是 废话 写出
0,小孩子 有用 对于 错书 大学生 朋友 年纪 大一写 学生 例如 高中生 初中生 不是 大学生 当当 服务
0,惧怕 诸多 经典 书籍 其中 不乏 有太多 人为 因素 就象 肯得基 麦当劳 最好 并非 起来 最好 由于 好奇 为何 如此 好评 来看 惧怕 果然 经典 来说 归宿 只能 纸篓 二手书 市场
1,服务 不错 预定 豪华 大床 后来 预定 类型 自动 升级 商务 套房 这点 舒服 另外 早餐 现在 距离 机场 不远 飞机 噪音 宾馆 反馈 年月日 尊敬 客人 您好 非常 感谢您 厦门 丽轩 服务 早餐 认可 对于 软件 服务 一直 改进 另外 噪音 月份 经过 重新 装修 很大 程度 解决 噪音 欢迎您 下次 光临
1,停车 收元 一晚 服务态度
1,外观 漂亮 电池 外观 漂亮 电池 外观 漂亮 电池 外观 漂亮 电池
1,体积 小心 电池 续航 时间 做工 手感 一流 速度 本人 主要 工作 看片 为主 足够 无线 上网 没试 本人 手机 包月 时用 蓝牙 一下 估计 够慢 重量 一般 上网 本重 接受
0,这个 实在 设施 二星级 差不多 淋浴间 真是 有些 地上 全是 一块 一块 黑点 知道 东东 一次性 拖鞋 包装 已经 一点点 好象 已经 还好 那次 刚好 自带 一次性 拖鞋 否则 穿着 高帮鞋 走来走去 起来 就让 舒服 前台 小姐 无表情 人家 一样 前台 距离 实在 有些 方便 空调 声音 很大 还有 即使 开到 三十度 不到 暖气 幸好 网线 有些 坐在 床上
0,充满 惨不忍睹 比喻 例如 牙膏 沫子 形容 一串 粉红色 珍珠 色泽 人情 何以堪
0,很多 属于 故意 编造 东东 黄瓜 玉米 哪里 这些 东东
0,名不符实 订货 多日不见 送货 询问 客服 只会 推托 只会 要求 用户 再下 订单 如此 服务 留不住 顾客 别的 网站 服务 更好
1,早餐 不错 市中心 购物 方便 号楼 相当于 标准 不过 相对 房价 补充 点评 年月日 另外 提供 拖鞋 太小 根本 穿不下 难道 女士 设计 宾馆 反馈 年月日 尊敬 宾客 您好 感谢您 入住 金陵 溧阳 宾馆 及时 感受 意见 告知 对于 提出 拖鞋 太小 下次 入住 金陵 溧阳 宾馆 需向 服务员 提出 根据 意见 记录 特别 需求 提供 满意 服务 发扬 金陵 溧阳 宾馆 以客 服务 理念 一位 宾客 金陵 溧阳 宾馆 留下 美好 深刻 印象 再次 表示感谢 期待 再次 光临 祝您 工作 顺利 身体健康 金陵 溧阳 宾馆 客务 关系 主任
0,第一次 入住 很差 宾馆 服务 人员 态度 不好 强烈 不满 怎么 五星 退房 时头 一次 碰到 两个 柜台 来回 折腾 才能 退房 第一次 入住 最后 一次 拜拜
1,现代人 生活 免不了 喝酒 抽烟 上网 以及 熬夜 等等 诸多 不良习惯 留意 之间 慢慢 侵害 身体 缺乏 保健知识 的话 忽视 许多 身体 给予 暗示 健康 已经 远离 特效 穴位 使用手册 俨然 一位 保健 医生 教会 各种 应对 不适 方法 告诉 许多 注意 细节 喜欢 第一次 父母 孝心 在于 物质 体现 父母 一位 无形 保健 医生 认为 尤为重要
0,设施 陈旧 尤其 卫生间 设置 不合理 洗澡 方便 前台 服务 人员 态度 极其 冷淡
1,这次 到货 很快 看来 免费 快递 进步 这个 价位 品牌 配置 物超所值
1,十月 二号 方面 设施 不错 离太 古城 很近 还有 免费
0,服务 不好 服务 意识 非常 烂订 双早 早餐 早餐 告知 前台 态度生硬 好像 客人 骗子 似的 早餐 非常 简陋 导游 一天 景点 总是 催促 快点 总是 带你去 一些 需要 花费 比如 烧香 烧高香 算命 护身符 开光 动辄 几百元 甚至 几千元 本人 坚决 不买
0,外观 系统 真难装 系统 根本 不能 版本 刚买
1,今天 到手 不错 流畅 显存 改为 得分
0,大家 这款 时要 注意 内存 做好 安装 客服 他们 负责 商品 维护 客服 这款 内存 不好 安装 弄坏 最后 动手 安装 以后 质保 无耐
1,充其量 四星 根本 不到 五星 尤其 二楼 西餐厅 饭菜 实在 不敢恭维 根本 不像 西餐 口味 有待 提高 品种 环境 乱哄哄 唯一 优势 可能 便宜
0,本身 心理学 感兴趣 然后 看到 畅销 排行 前列 一下 上下 两本 以后 一种 说不出 心理 人品 有些 达到 目的 不择手段 一般 情节 玄乎 怎么 精彩
1,服务 不错 餐饮 重新 装修 补充 点评 年月日 不如 鸳飞 大酒店
1,普通 大部分 来说 足够 性价比 超值 没什么 喜欢 抓紧 神州数码 售后
0,电视 见到 佩服 口才 思维 有些 失望 书里 做人 做事 道理 中肯 舆论 联系 牵强 只是 论语 之名 抒发 个人 感悟 有些 后悔
0,肯定 读过 一些 历史 资料 更加 确定 文学 功底 稍显 不足 此书 历史 明鉴 文学 优美 何用 不是 浪费 时间 个人 偏好 易中天 三国 对于 类型 不是 喜欢
1,马丁路德 中学 历史 上学 好像 没什么 联系 一样 直到 我信 耶稣 知道 基督教 贡献 哪里 信称义 这个 真理 确实 值得 大书特书 通观 马丁路德 朴实 文风 不忍 释手 初看 好像 一本 神学 著作 一读 发现 这是 一本 像是 朋友 之间 谈话 文风 非常 朴实 学识 丰富 不乏 幽默感 喜欢 其中 圣诞
1,入住 这家 环境 服务 不错 只是 礼品 果盘 没什么 大不了 这项 礼品 不写
0,同时 此书 兔子 汤姆 这书 实在 下去 当然 纸张 印刷 无可挑剔 图画 过于 烦琐 心烦意乱 文字 更是 不知所云 压根 不是 中国 说话 奇怪的是 评级 高高在上 甚至 怀疑 阅读 水平 或者 孩子 喜欢 说实话 我家 孩子 喜欢 那个 小黑猫 形象 知道 害怕 怪兽 兔子 深得 孩子 喜欢 一家之言 希望 误导 别人
0,隔音 稍微 大点 声三和板 传音 效果 黄金周 价格 平时 一倍 明显 上当 特别 结帐 听到 别人 居然
1,没过几天 选择 这个 宾馆 怎么办 忘不了 这里 早餐 滋味 方便
0,这里 入住 极端 失望 急忙 来发 评语 提醒 后来者 不要 蒙蔽 不知 评语 怎么 出来 强烈 怀疑 有托 五星 据说 开业 极其 陈旧 地毯 大块 污迹 经理 出来 墙纸 脱落 门都关 不严 肮脏 安全感 反锁 服务员 敲门 直接 拉门 反锁 装置 下来 免费 瓶装水 倒入 水杯 水杯 服务员 可能 太久
0,厚重 单肩 包背 有点累 系统 系统 无所谓 可连 驱动 官网 下载 散热 不错 安静 但面 触摸板 部位 容易 堆积 热量 硬盘 位置 还要 一点
1,许多 一生 忙碌 寻找 幸福 忽略 身边 幸福 有人 寻找 童年 有人 遗忘 童年 无论 那种 情况 失落 园里 找到 那种 每次 难过 拿出 安慰 里面 得到 心灵 宁静 推荐 希望 所有 失乐园 一样 朋友 寻找 开心 遗忘 痛苦 相信 黑暗 背后 一定 有光
0,春节 期间 入住 硬件 环境 马马虎虎 服务 名为 温泉 度假村 住店 客人 任何 泡温泉 优惠 优先 措施 住店 客人 与非 住店 客人 一样 需要 温泉 入住 晚上 第二天 早上 泡温泉 需要 两张 温泉 按理 住店 客人 完全 应该 温泉 绿色通道 否则 度假村 意义 泡温泉 需要 前台 钥匙 很多 住店 泡温泉 排队 跟前 应该 住店 客人 优先 前台 小姐 居然 愿意 怒斥 几句 最终 优先 真是 岂有此理 他们 得不到 应有 服务 前台 服务 意识 淡薄 入住 时问 前台 小姐 不能 第二天 稍微 晚点 退房 经理 经理 之后 根本 回答 以为 已经 面前 总之 这个 温泉 度假村 实在 不敢恭维 服务质量 绝对 配不上 外表 以后 不太会 选择
0,服务态度 极差 设施 很差 建议 不要 那儿
1,补充 知道 怎么 放碟 自动播放 只能 存在 里面 最后 视频文件 直接 打开 光盘 视频 所在 文件夹 然后 看见 所有 视频文件 并且 播放 第二张 怎么 不能 视频文件 直接 拷到
0,一直 以来 买书 喜欢 书店 大力 宣传 一直 打算 次数 每次 买书 推荐 买回来 看看 不到 看不下去 完全 废话 废话 现在 最衰 一本
1,价格 不高 实惠 服务 不错 闹市区 不远 交通 方便
1,公司 较近 选择 这家 餐饮 价格 竞争力 普通 饭店 接近 免费 注册 网站 导航 宾馆 索引 服务 说明 关于 诚聘 英才 代理 合作 广告业务 联系
0,建议 大家 网上 点评 入住 窝火
1,卢卡奇 哲学思想 丰富 混乱 有着 极强 思辨 逻辑 推演 解读 紧要 专著 更要 原著 原著 体会 卢卡奇 那种 强烈 一般 革命 热情 逻辑 演变 魅力 有着 黑格尔 思辨 遗风 有着 走向 纯粹 思辨 嫌疑 所处 历史 背景 思想 哪些 正统 所谓 马克思主义者 不能 匹配 历史 背景 卢卡奇 正名 喜欢 卢卡奇
0,一般 门口 马路 性价比 不高 值得 推荐
1,豪华 双人间 很大 一张 单人床 已经 香港 人大 一些 细节 有意思 放在 床头 信封 一颗 糖果 告诉 明天 天气 毛巾 浴室 晾衣服 补充 点评 年月日 外面 旧和脏 刚到 犹豫 不要 一家 后来 看到 里面 不错 装修 一下 外面
1,白夜 行而 吸引 无意 中买 打开 视线 离不开 昨晚 为了 忍住 疲惫 今天下午 工作 不忙 一帝 偷偷地 青年 创伤 容易 祸根 由此 滋长 不是 深藏 海底 威力 无比 波涛 总是 出现 生活 各种 细节 只是 平日 人们 不太 关注 每件 事情 任何 细节 而已 默认 或许 某种意义 承认 背后 或许 隐藏 某些 不愿 说出 秘密
0,此书 一般 意思 书名 部分 很少 一点 其他 零散 其他
1,记得 只有 三岁 喜欢 告诉 两个 小伙伴 非常 并且 相互 关怀 告诉 朋友 愿意 套书 朋友 共同 分享 现在 孩子 独生子 自私 套书 恰好 告诉 珍惜 友谊 学会 分享 快乐 建议 为了 孩子 看看 教会 从小 学会 分享 快乐 珍惜 友谊 儿时 友谊 最让人 值得 回忆
1,海滩 名过其实 确实 一点 交通 方便 本身 不错 尖沙咀 半岛 靠近 香港 青年会 一边 黄金海岸 专线 巴士 来回 免费 楼上 收费 可能 司机 沟通 不好 班次 网站 下载 建议 其它 交通 方式 忠告 附近 超市 茶餐厅 麦当劳 要求 不高 的话
1,外形 漂亮 电池 强劲 键盘 手感 不错 配置 平时 上上网 足够 并且 流畅 播放 高清 预装 系统
0,上个月 一天 前台 订房 时说 大床 房元 号房 进去 发现 双人 标间 前台 号房 大床 前台 人员 亲手 换房 注明 所换 房价 为元 并未 这个 单子 第二天 结帐 要元 不是 换房 单把 价钱 清楚 他们 矢口否认 我要 他们 拿出 换房 他们 推说 最早 入住 单子 号房 房价 划掉 改成 他们 骗人 态度 无论 怎么 着急 他们 态度 平和 耍赖 我要 时间 只好 交钱 只能 这家 为了 区区 真是 手段 高明 至于 质量 一般 只是 地理位置 重庆 可能 算是 不错 绝对 推荐 入住 一定 多加 小心 保留 一切 证据 尤其 签字 他们 不会 保存 留心
1,环境 服务 不错 最大 缺憾 早上 非常 方便 往往 需要 分钟 时间
0,不像 三星级 到达 楼层 一眼 过去 脏兮兮 开裂 墙纸 设备 陈旧 卫生条件 毛巾 马桶 颜色 泛黄 淋浴 太小 招待所
1,教授 观点 独特 言辞 犀利 尽管 偏激 道理 对于 内地 教育 文化 影响 深远 来说 除了 经济 金融 知识 一定 提升 以外 重要 是从 不同 角度 了解 中国 当前 一些 经济 热点 现象 通过 美国 香港 日本 一些 找到 存在 差距 相当 过瘾 以后 继续 关注
1,最近 福建 每次 曼哈顿 建联 大酒店 第一次 商务 不大 物品 齐全 床上 公仔 有家 服务 也好
1,全是 彩图 印刷 质量 精美 价格 不贵 值得 推荐 原以为 幼儿园 小朋友 来说 困难 以后 发现 小家伙 喜欢 日常 小东西 用来 实验 比如 不落 水中 硬币 冰块 实验 神奇 大人 感兴趣 部分 实验 适合 孩子 个人感觉 适合 幼儿园 至上 小学 小朋友 动手做 操作性
1,明白 日常生活 每个 多么 理智 想法 举动 频频 举到 例子 朋友 他们 惊讶 每个 生活 或者 决策 中犯 低级 看似 十分 正常 错误 同时 大家 这些 简单 事例 就让 受益匪浅 语言 平实 亲切 道理 深入浅出 前后 紧密 连贯 一本 任何人 一口气 下去 越读 过瘾 好书
0,冲着 排行榜 书籍 晓得 为什么 非常 而言 鸡肋 为什么 这么 其一 如果说 立志 书籍 谈不上 其二 如果说 在职 场中 大家 碰到 事情 擦边球 其三 书中 一点点 所谓 爱情 更加 淡到 不能 淡书 实在 不合 胃口 一边 觉对 不会 翻阅 第二次
1,之所以 是因为 这次 实习 我要 跟着 老师 下乡 随州 调查 准备 关于 农村 留守 妇女 社会交往 主题 了解 一下 看过 之后 确实 触动 随着 青壮年 男性 劳动力 城市 流转 留守 妇女 生活 开始 发生 转变 其中 喜悦 不为人知 苦涩 推荐 大家 特别 女性 读者 女人 应该 感受
0,最大 优势 火车站 很近 公交 龙门石窟 关林庙 景点 十分 方便 宾馆 设施 陈旧 电视 效果
1,机器 回来 系统 驱动 直接 附带 全部 驱动 附带 那个 里面 装好 现在 正在 上网
0,买书 这么 时间 怎么 通过 支付宝 这个 迟买 星期 真不知道 怎么回事 是不是 你们
0,对于 来说 难熬 一天 四星级 温度 只有 夜晚 竟然 空调 规定 内部 文件 规定 真是 闻所未闻 知道 是因为 客人 空调 空调 客人 希望 多多 反省 建议 尽快 协议 废除 以免 其他 客人 受苦 影响 信誉 一夜 白金 贵宾
1,激荡 三十年 下册 带到 时代气息 浓厚 世纪之交 面对 世界级 企业 挑战 世界 梦想 中国 企业家 做出 怎样 人生 抉择 随着 改革开放 深入 中国 市场经济 秩序 如何 维护 面对 产权 变革 产生 历史性 突破 政府 民企 进行 怎样 博弈 面对 资本 市场 异军突起 人们 怎样 逐步 摆脱 投机 心态 规范 完善 制度 一切 怎样 揭晓
0,一些 浅显 道理 不过 女人 了解 一点 坏处 一下 前言 后记
0,早餐 不能 不能 期太無理 以后 不再 房間 有味裝 修太殘
1,经济 后来 装修 原来 只是 适合 单人 洗澡间 磨砂玻璃 隔开 浴缸
0,推荐 不怎么样 总台 登记 打扫 大堂 一下 小时 没人 过问 经过 大堂 副理 交涉 亲自 领进 房说 赔礼 水果 退房 没见 水果 送来 如不送 不要 下次 不会
0,不管 服务 硬件 绝对 够不上 四星级 尽管 前台 确实 四星 牌子 依我看 就星 不到 不过 价格 步态 四星级
0,两家 跨国公司 工作 大致 还原 真实 品行 生活 状态 土包子 土包子 精神 层面 永远 不成 白领 骗骗 城市 没见 外企 世面 大概 上海 完全 无视
1,外观 速度 价格低 送货 送货员 态度 极好 包装 再次 感谢
1,预定 曙光 别墅 入住 发现 很小 好像 潮湿 烦心 发现 老鼠 后来 饭店 标间 饭店 晚餐 味道 价格 小贵 毕竟 山上
1,网上 才定 总结 优点 一是 交通 便利 交通 便利 别的 确实 差点 环境 不说 要求 本来 不高 入住 三楼 发现 外面 通风管道 嗡嗡 一夜 入住 同志 千万别 三层 设施 相对 老化 属于 五星 老年 需要 重新 装修 基本 通风 采光 憋屈 总之 我加 好多 银子 不爽 后悔 今天 香港 回来
1,配置 这个 价钱 高性价比 散热 不错 连续 几个 小时 只有 底面
0,不可多得 成功 传媒 人士 为什么 一定 写字 来讲 没什么 可写
0,时间 没事干 一本 最起码 心理 安慰 掌握 规划 一生 其实 看过 之后 只会 象是 妈妈 耳边 絮叨 一番 扔下 反而 清净
0,你们 立即 当当 帐号 礼卷 取消 需要 你们 那破 礼卷 不是 明确 告诉 你们 不要 这礼卷 帐号 本来 那天 接到 你们 道歉 电话 已经 不再 这事 取消 这破 礼卷 继续 你们 怎么 这么 讨厌
0,厚重 不过 这个 价格 算是 接口 只有 位置 不当
1,位置 世外桃源 特别 推荐 早上 之前 块钱 门票 隔壁 明孝陵 遛弯 空气质量 四周 环境 前天 中山陵 好多 当时 预定 是因为 四星级 价格 不高 便宜 没想到 之后 味道 想换 四周 重新 装修 搞不懂 为什么 不赶 国庆节 之前 竣工 硬件 服务 早餐 三星级 标准 建议 大家 不要 期待值 否则 有些 失望
0,位置 交通 十字路口 服务员 一问三不知 原名 华夏 估计 为了 吸引 顾客 个洋 名成 雷梦得 不必 此店
1,发现 爱情 初涉 爱情 恋爱 爱情 失挫 人为 所困 里面 发现 有些 不出 深深 感受 心情 纳兰 已经 明有 不可 错过 好书 几首
0,客户 旁边 一栋 就近 不过 这个 好象 只要 这么 大点 宾馆 同事 好象 日本 人开
0,看一遍 差不多 想要 送给 武汉 需要 联系
0,服务 设施 抽水马桶 应该 自动 装置 出现 每次 冲过 水后 不断 为了 节约用水 宝贵 不能 浪费 马桶 后面 水阀 关掉 本来 准备 两天 可是 设施 太差 一天 义乌 义乌 两天 这家 价位 义乌 假日 之星 连锁 设施 假日 之星 设施
1,停车场 干净 安静 方面 不错 只是 价格 肇庆 来说 偏高 上次 肇庆 皇潮 活动 设施 方面 星湖 大酒店 最起码 级别 需元
0,主要 原因 是因为 炒出 名气 好奇 是因为 附有 穴位 老婆 想要 对书 说实话 抱太大 希望 买来 一看 封面 正中 印着 一尊 菩萨 预料 一样 文字 玄乎 武功 秘籍 中医 下去 真是
1,优点 干净 地点 不错 那里 方便 服务态度 缺点 发现
1,大厂 放心 性价比 工业 设计 比不上 索尼 不错
1,运气 晚上 突然 降价 呵呵 一台 功能 而言 够用 其实 其它 品牌 上网 核心技术 差不多 模具 不同 蓝牙 描述 不符 其它 小桌子 非常 方便
0,环境 设施 不好 提前 预订 不靠 铁轨 保留 整晚 火车 汽笛声 影响 睡眠
0,聪明 小妮子 老兄 怎么 陷阱 不放 诱饵 别人 不屑一顾 嗤之以鼻 最后 反倒 进去 一身 你们 鲜红 洁白 恩恩不 不错 孔子 你们 鲜艳 你们 这些 美女 心目 孔子 样子 真是 美女 心中 之仁 难怪 书前 一再 提醒 大家 此书 不能 以人 之心 以妇 之心
1,品牌优势 做工 细致 散热 声音 接口 左右 设计 合理 键盘 舒适 附送 内存 售后 不错 我安 内存条 安上 系统 不少
1,外观 不错 硬盘 家庭 普通 描述 一样 物超所值
0,收到 好像 盗版 几页 已经 发现 好几个 错别字 印刷错误 郁闷
1,庭院 环境 设施 一些 总台 有位 小姐 服务 稍差
1,开发区 地理位置 不错 好找 比起 市区 五星级 硬件 稍差 干净 舒适 考虑 价格比 市区 便宜 性价比 旁边 购物中心 餐饮 购物 吃饭 方便
0,系统升级 麻烦 耽误 几天 时间 打电话 客服 一共 两次 得到 答案 不同 不是 一家 公司
0,安排 电梯 附近 极其 吵象 飞机场 补充 点评 年月日 早餐 不错 预定 不能 优悦卡 积分
0,临安 不错 干净 不足 隔音 不好 早就 听到 外面 汽车 电视频道 临安 已经 数字 有线电视 不知 为什么 免费 饮用水 提供 前台 服务员 不够 专业 热情 礼貌
0,实话实说 当当 最差 以为 理论 没想到 没完没了 几个 一点 恩怨 鲁迅 笔下 祥林嫂 一样 啰嗦 厌烦 老板 看要 打个 大大的 疑问号 老板 需要 炒作 需要 费尽心思 几个 稿费
1,综合性 介绍 马利坦 思想 其实 不仅 这位 托玛斯 主义 哲学家 思想 整个 传统 古典 思想 继承 发展 一点 值得 一读 细读 综合 概括性 很强 本人 拙见 作为 西方 传统 哲学思想 开胃酒 或者 饭后 甜点 来读 更为 适宜 各位 智者 阅读 得到 真正 享受
0,色戒 小说 以后 不会 靠色 戒作 卖点 别的 小说 文章 其他 书里 心意 瓶装 新酒
0,入住 記住 以下 幾點 提議 最好 不要 入住 通過 攜程 還有 很多 選擇 電視 機要 投訴 金苑 預定 二晚 金苑 預定 要求 三個 房間 同一 樓層 可是 一個 房間 在座 另外 兩個 在座 前台 工作
0,硬盘 声音 太响 以前 光驱 读盘 声音 差不多 开始 以为 一下 据说 很多 整个 通病 影响 使用 相比 同等 配置
1,不过 系统 最好 安装 两次 不同 有些 最好 只能 现在 发现 不妥
1,公司 光盘 复制 加工 非常 需要 音像 电子 出版社 联系方式 两本 中国 音像 电子出版 名录 陆陆续续 联系 几十家 出版社 其中 有些 电话 他们 暂停 使用 更新 方面 可能 有待 加强 对于 业务 来说 算是 帮助 哪怕 明显 直观 效益 起码 通过 电话 邮件 传真 方式 出版社 了解 公司 了解 桂林 有家 非常 专业 光盘 制造商
0,之前 看到 很多 系统 麻烦 果然 一点点 开始 硬盘 找到 半天 不过 最大 驱动 这个 声卡 驱动 真的 有够 还有 很多 未知 设备
0,这家 绝对 四星级 隔音 马路上 车声 楼上 乱七八糟 声音 硬是 晚上 睡着 强烈建议 取消 这家 大堂 餐厅 承包 个人 自助 早餐 只能 大堂 咖啡厅 设施 完善 品种 强烈建议 取消 推荐
0,设施 远达 不到 四星 水平 勉强 三星
1,在校 大学生 对书 一些 术语 完整 概念 之后 仍然 感触 颇深 甚至 热血沸腾 作为 总是 冠以 自大 张扬 不知天高地厚 名号 咱们 看看 此书 发现 未来 生活 其实 艰辛 书中 提到 很多 处世 法则 不仅 外企 很多 国企 同样 适用 感谢 更加 看清 这个 社会 明年 就要 工作 打算 几遍 认真 考虑 选择
0,偶然 一篇 精彩 失望 也许 年龄 关系 应该 适合 十几岁 二十 在我看来 无聊
0,广大 会员 注意 旁边 地铁 之类 施工 噪音 灰尘 完工 还有 一段 日期 出门 出租车 方便 入住 考虑 这些 方面 因素 客房 茶叶 不是 免费 收钱 注意
1,奥威尔 展示 极权主义 现象 哈耶克 明白 极权主义 为什么 必然 导致 这些 现象 本来 很多 极权国家 制度 相似性 考虑 归结 民主 观念 深化 人性 贪婪 以及 一些 偶然 因素 直接 论述 整个 思想 必定 导致 极权 过程 完后 狂呼 一句 原来 个局 翻译 确实 不好 很多 句子 需要 耐心 读完 收获 绝对 巨大
1,第一次 通过 朋友 这里 合算 于是 试试看 通过 这次 当当 送书 速度 很快 隔天 以前 书店 走遍 德国 一下 发现 外研社 标志 知道 是不是 正版 翻看 印刷 质量 应该 没什么 很快 就要 这本 教材 以后 还会 选择 整体 挺不错
1,总的来说 比较满意 提供 免费 接车 接车 发生 一点 意外 涉嫌 无证 经营 被扣 接站 员工 打车 送到 并未 耽搁 行程 不错 后门 莫高窟 火车站 汽车 一般 分钟 长点 时间 一班 旅行社 通过 包车去 雅丹 玉门关 服务 不错
0,儿子 喜欢 刚看 星星 大海 弟弟 看遍 换换
0,特价 对外 窗户 隔音 效果
0,一种 调侃 方式 解读 历史 也许 大家伙儿 掌声 过后 认真 思考 一下 好像 留下 作序 专家 未必 认真 地读 此书 书中 语言 不够 严谨 逻辑 有些 混乱 已经 下去 二三 静静的 一边 恐怕 不会
0,另外 两本书 一起 任何 解释 这本 漏掉 发票 两本 价钱
1,犹豫 终于 下决心 外观 漂亮 附带 操作系统 漂亮 不错
1,日本 一直 道教 研究 重镇 取得 十分 令人羡慕 成果 校注 其中 之一 南朝梁 陶弘景 整理 重要著作 记录 早期 清派 历史 对于 认识 早期 道教 产生 发展 极为 有用 用词 简古 不易 通览 用典 繁多 难以 深究 历来 一本 十分 读的书 日本 不惮 劳苦 用尽 十年 功力 做出 完整 校注 不仅 文字 进行 考订 用典 术语 进行 校释 方便 阅读 利用 此书
1,当当 买下 实际上 已经 详细 读过 只是 喜欢 拥有 一本 作为 母亲 真的 教育 孩子 难事 教育 方法 学到 不少 触动 值得一看 好几年 看过 池莉 牵手 电视剧 跟上 错过 后面 剧情 甘心 当时 喜欢 蒋文丽 表演 过来 孩子 发现 池莉 文笔 现在
0,看到 网上 好评 如潮 失望 没什么 意思 儿子 喜欢
1,外观 不错 出乎意料 待机时间 一般 系统 正在 试用 发热量
0,再也 不想 那里 交通 方便 五星级 根本 不到 五星 标准 如家 快捷 一样 甚至 不如 快捷 服务态度 有些 态度 真的 太差 那天 正好 四川 地震 那天 晚上 近点 一到 服务 人员 却说 收到 预定 当时 很多 大部份 本地人 这里 躲避 这家 新开 楼层 不高 当时 已经 空房 他们 再三 确认 他们 前台 服务员 非常 耐心 脾气 打电话 男服务员 兴灾乐祸 那种 后来 他们 确认 确实 这张 定单 他们 内部 交接 再也不会 那里 一定 不去
1,免费 宽带 速度 很快 将军 行署 很近 参观 时间 选择 这里
0,一般 紧临 马路 双层 有些 平时 价格 低于 节日 价格 属于 过高 总体而言 一般 包括 服务
1,孩子 周岁 迷宫 喜欢 迷宫 主要 知道 合适 不全 买来 看看书 质量 不错 只是 个人 简单 对于 这么 孩子 来说 需要 动脑筋 题目 感到 索然无味 可能 这岁 孩子 迷宫 正合适 这本 送给 同事 孩子 快岁 小男孩 喜欢
1,好看 本来 儿子 可是 后来 情不自禁 拿来 翻阅 书中 漫画 好笑 还有 很多 知识 大人 小孩 看看 只是 可惜 这么 题材 科学 漫画 确是 韩国 作品 国内 为何 放弃 轻松 科学普及 科学 方式 阅读 场所 厕所 实在 是我太 时间 其他 占领 只有 厕所 放松 常常 看到 麻掉 起来 呵呵 见笑
0,预装 不如 不装 中关村 微星 代理 帮忙 系统 没收 代理 价格比 进货 价格 至于 意图 不言而喻
1,位置 不错 只是 搭乘 德士 不便 早餐 品种 不多 相当 实惠 可口 补充 点评 年月日 服务态度 热情周到 入住 由于 本人 预定 房型 主动 免费 给予 升级 火车站 咫尺之遥 周围 商店 餐馆 林立 十分 方便 下次 徐州 公干 还会 再次 入住
0,触摸板 那里 知道 是不是 正常 现象 外壳 塑料 不太 结实 买个 内胆
1,外观 做工 不错 键盘 手感 应该 一贯 作风
1,抢购 运气 这个 价格 还有 品牌 价格 不错
0,太旧 中午 进房 吓了一跳 晚上 进屋 好多 灯光 昏暗 关系 第一次 经济型 不好 不过 干净 淋浴 很大 这个 价钱 北京 只能
1,黑色 外观 朴实 喜欢 光屏 散热 声音 很小 即使 深夜 不大 有声 硬盘 动静 旁边 台式机 就算 键盘 顺溜
1,作为 经济型 连锁 锦江 之星 比如 家莫泰 高出一筹 明显 本身 宽敞 厕所 局促 马桶 加长型 早餐 丰富 整个 色泽 基调 看着 舒服 如家 土点
1,小且 放在 背包 查不多 白色 干净 上网 速度 挺快
0,外甥 原本 以为 一本 很厚 至少 单调 收到 货时 打开 一看 失望 值得 价钱 相比 这书 不值
0,按键 不是 舒服 可能 缘故 触摸屏 不是 不过 平时 鼠标
1,开始 网上 看到 连载 该书 不错 决定 买来 认真 读读 拿到 新书 书封 暗红 底纹 暗藏 危机 预警 用心 读完 全书 人物 个性 鲜明 故事性 不错 不错 实在 难得 好书
1,以前 图书馆 来看 一次 一口气 好久 后来 听说 徐静蕾 拍成电影 不禁 重温 一遍 这部 悲情 孤曲 看点 不仅仅 限于 读者 跟着 浪荡子 回忆 虚空 人生 无比 精湛 表现手法 驾驭 这部 短篇 纠着 读者 一步 一步 感受 痴情 女人 坎坷 命运 译文 如此 精到 传达 不用说 原文 至于 光盘 文字 力量 强大
0,费劲 尤其 声卡 装装 完后 启动 声音 有破音 后来 莫名其妙 触摸屏 失效 后来 折腾 郁闷 不过 来说 喜欢 老婆
1,入住 不足之处 如下 一号 楼到 二号楼 指示 标志 明显 服务 人员 似乎 知道 主动 见面 打招呼 这点 比起 海景 花园酒店 大厅 走廊 院子 见到 各个 岗位 服务 人员 大部分 知道 应该 主动 客人 打招呼 问好
1,酒店客房 池塘 建池 金鱼 频添 几分 情趣 客房 餐厅 池塘 相隔 安静 优雅 前后 停车场 接客 送客 相当 方便 不足之处 特价 部分 电器
1,已经 几章 韧性 已经 明显改善 感受 呼吸 难以 掌握 俺们 初学者 也许 应该 健身房 跟着 瑜伽 老师 学习 某些 动作 如何 调整 呼吸 不管 怎么样 喜欢 坚持 下去 重要 网友 建议 全面 不是 只想 短时间 专门 减肥 的话 这本 需要 其他 现在 市面上 瑜伽 书太多 好多 是从 里面 拿些 出来 页数
1,感谢 一份 美好 礼物
1,位置 挺远 市区 好久 早餐 一般 选择 余地 小房间 好大 舒服
0,肯定 不会 再住 这里 陈旧 霉味 太重 感觉不好
1,性价比 外观 不错 性能 稳定 噪音 不大 移动硬盘 支持 驱动程序 使用 说明 放在 盘中 电池 有延 保卡
1,屏幕 不错 坏点 键盘 舒服 机器 光盘 驱动 发货
0,本来 打算 这里 入住 由于 网络 极差 导致 本人 网络 会议 数度 中断 严重 影响 工作 匆忙 离开 客房 映像 模糊 唯有 哪位 业余 映像 深刻 大堂 装修 服务员 热情 对于 那些 要求 高品质 网络 用户 提倡 入住
1,物美价廉 第一次 服务 发货 速度 不错 重点 代工厂 工作 看得出来 正品
1,非常 一般 很小 家具 过时 老旧 性价比 太差订 一晚 又续 一晚 实在 满意 改住 洲际 后面 续订 一日 居然 不算 通过 携城 预定 可能 利益 所驱 相较 之下 洲际 先订 一日 再续 洲际 处理 补充 点评 年月日 还有 通过 携城订 大床 房去 变成 标间 非常 愉快
1,开始 当当 推荐 一样 梅拉 套书 亚马逊 五星级 图书 大家 非常 儿子 非常 好动 基本上 很少 安静 看书 将信将疑 态度 一套 然而 大吃一惊 套书 回家 儿子 彻底 迷住 幼儿园 回来 天天 晚上 梅拉 故事 看到 有趣 还会 发自内心 哈哈大笑 感谢 当当 推荐 这么 一套 好书 儿子 从此 爱上 看书
1,一贯 风格 怎么 如家 价格 实在 上海 住店 干净 价格 优惠 就行了
1,重建 轻管 思想 影响 造成 水利工程 管理 研究 十分 薄弱 涉及 工程 管理 特别 河道 管理 书籍 教授 长期 从事 河道 管理工作 十分 丰富 管理 经验 理论修养 该书 系统阐述 河道 基本 理论 国内外 先进 管理模式 发展 方向 我国 河道 管理 法规 现状 进行 梳理 提出 措施 涉河 项目 行政许可 河道 具体 管理 提出 具体方法 指导 理念 实用性 非常 价值 江苏 水利
0,最差 设施 陈旧 一股 霉味 床单 被褥 粘糊糊 可气 服务员 绝然 栽赃 陷害 住客 一共 结帐 前台 客房 服务员 检查 发现 有个 付费 毛巾被 开封 经常 出差 无数 第一次 遇到 事情 我住 从不 那些 付费 用品 人住 其间 任何 访客 打开 那个 包装 毛巾 小口 不用 服务员 硬说是 打开 硬件 设施 差点 没什么 服务质量 差点 有情可原 服务员 不诚实 甚至 栽赃 顾客 本质 奉劝 大家 千万 不要 这家
0,看到 女儿 喜欢 一下 喜欢 不知所云 汽车 过时 生活 明白 为什么 这么
0,环境 一般 之后 价格 服务 不成比例
1,续航 能力 看中 配置 所有 上网 最强 价格公道 呵呵
0,太脏 太旧 太破 厕所 下水道 臭味 地毯 已经 看不清楚 颜色 电视机 只有 频道 真是 前台 服务员 看着 报纸 工作 前台 只有 服务员 客房 服务员 敲门 开门 进来 受不了
0,读书 看过 电视 几次 这次 小说 来看 从中 吸取 一些 生存 力量 以笑 方式 表述 方式 更觉 悲痛 悲痛 之余 理由 好好 活下去
0,散热 不好 包装 实在 太差 盒子 里面 几块 泡沫 严实 危险 系统 不要 吝啬 几块 泡沫
1,性价比 不错 本本 外观 很漂亮 听说 已经 停产 更换 系统 顺利 只是 总线 驱动 附加 显卡 驱动 注意
0,第一次 促销 还要 买包 第二次 建议 套餐 包总要
1,驱动 华硕 网上 下载 驱动 可内 赠送 鼠标 另外
1,轻便 电池 使用 时间 速度 码率 以下 视频 质量 尚可 其他 功能 不错
0,说实话 浪费 不值 后悔
1,系统 习惯 正好 外置 光驱 重新安装 简单 快捷 速度 超快 浏览 网页 清晰 流畅 连接 大屏幕显示器 根本 这么 小东西 工作
0,除了 地点 靠近 地铁 几乎 发现 其他 优点 异味 卫生间 污渍 难以忍受 电话 网络 电话机 起来 怪异 忙音 连续 拨打 七八次 才能 接通 一次 前台 确实 这个 接触不良 下文 眼下 之意 当面 告诉 前台 我要 开通 网络 收费 元天答 开通 自动 分配 地址 不需 手动 设置 可回 房后 发现 本地连接 联系 前台 本地连接 半天 无法 打开 网页 联系 前台 已经 崩溃 十分钟 服务员 过来 胡乱 指点 删掉 公司 地址 只是 备用 设置 不是 默认 连接 根本 必要 然后 默认 连接 自动 获得 改为 他们 手动 地址 彻底 晕倒 以后 再也 不敢 用户 负责
0,散热 设计 键盘 左侧 过热 有关 驱动 混乱 显卡 不好 安装 机子 单薄 一些 不太 结实
1,不错 外观设计 做工 精美 质量 可靠 送货 速度 很快 质量 放心 多大 包装 不错 发货 速度 基本 当天 发货 刚用 不错 想象 中要
0,盐城 那里 最低气温 只有 晚上 冷得 要死 居然 不开 空调 投诉 酒店客房 得到 答复 现在 领导 指示 需要 暖气 冷到 一床 被子 可怜
1,根据 大家 点评 选择 这家 不错 此次 预定 豪华 因无房 免费 升级 行政 宽敞 干净 整洁 隔音 不错 服务 温馨 千纸鹤 便笺 还有 清凉 绿豆汤 水果 点点 细节 体现 四星级 服务满意 再说 插曲 前台 服务生 查看 预订 情况 推荐 升级 谢绝 他们 提议 之后 我订 双床间 床间 貌似 预订 无法 选择 大床 双床 接着 打电话 询问 有没有 豪华 大床 他们 一会儿 一会儿 一头雾水 最后 告诉 现在 这是 缘故 免费 升级 这个 插曲 不快 终究 本着 顾客 上帝 原则 解决问题 比较满意 以后 还会 选择 这里 宾馆 反馈 年月日 感谢您 选择 国宾 大酒店 入住 予以 认可 猜想 可能 通过 网络 直接 预订 通过 网络 直接 订房 特殊要求 选项 例如 大床 特殊要求 订房 特殊要求 建议您 拨打 电话 预订 预订 人员 共同 做好 记录 要求 提前准备 订房 电话 手机 订房 电话 再次 点评 表示感谢 心情舒畅 一切顺利
1,漂亮 小巧 精致 适合 女生 使用 华丽 高贵 运行 不慢 亮点 运气 不错
1,首先 外形 这款 采用 钢琴 显得 格外 时尚 漂亮 创新 键盘 设计 颇感 人性化 手感 尚佳 其次 配置 来看 均衡 并且 评测 显卡 能力 比强 屏幕 舒服 摄像头 实用 最后 这是 一款 商务 稳定性 强于 家用 本是 不容 质疑 难能可贵 散热 极佳 非常 满意
0,内容空洞 讲得 道理 平常人 知道 值得 没事 书店 翻翻 不必 浪费 这个
1,作为 装修 虽较 陈旧 客房 设备齐全 交通 的士 为主 火车站 关城 方便 餐厅 服务态度 不错 回来 餐厅 就要 下班 鱼子 仅元 生意 半天 前台 服务 不敢恭维 非常 喜欢 使用 信用卡 旅客 要求 我交 现金 告知 使用 信用卡 授权 无法 取消 无奈 拿出 里面 只有 多元 这位 前台 登记 人员 要求 现金 想想 我要 出去 吃个 宵夜 打个 咋办 一再 坚持 下才 使用 信用卡 授权 其实 使用 授权 后来 取消 授权 结账 非常 快捷 丝毫 麻烦 明白 为什么 不让 我用 信用卡 这点 事情 足足 耽误 好几分钟 一再 预定 房价 基础 加元 随便 打电话 难道 嘉峪关 旅游 为了 里煲 电话 同意 告诉 希望 预定 价格 没房 安排 我会 投诉 一听 这话 房子
1,很多年 前住 一次 这次 第二次 很大 干净 由于 门前 道理 因此 方便 很多 李南滨路 美食 一条街 不远 早餐 真是 非常 不错 很多 高档次 逊色 这么 多年 外观 太旧 大堂 四星级 气派
0,一个月 内住 四次 认识 前台 几个 每次 入住 前台 无论 男女 低着头 冷冰冰 甚至 你好 不知 他们 干什么 唯一 一家 结帐 从不 欢迎 下次 光临 曾经 观察 分钟 期间 结帐 几位 最后 一句 大多 看着 客人 只是 整理 手上 另外 昏暗 压抑
1,第一次 订房 长安 舒适 餐饮 令人满意 价格 前台 价格低 不是 太有 竞争 优势
0,不是 博客 博客 不用 买书 一点 写书 概念 纯粹 博客 过来
0,今年 长假 分别 西安 重庆 如家 非常 失望 简直 诚信 可言 这里 遭遇 简单 描述 希望 各位 出行 朋友 提供 借鉴 西安 如家 严重 超定 一行 险些 露宿街头 交涉 小时 原定 拿到 同时 到达 不少 客人 因无房 可住 只得 行李 走人 通过 如家 清寺店 吸取 教训 下午 信用卡 付款 担保 到达 办理 信用卡 受权 莫名 好几份 入住 单在 坚决 情况 拿到 房卡 时才 发现 原定 商务 大床 换成 标房 大床 除了 抱歉 房已 再也 任何 解释 大小 设施 过高 要求 毕竟 经济型 最让人 受不了 其中 一间 臭气熏天 服务员 仍旧 臭无语
0,一本 拉拉 升职 记第页 倒数第 行中 左不过 临时 代理 是不是 应为 只不过 临时 代理 知识 浅薄 理解 错误 给予 谅解 确实 出现 错字 请问 是否 正版书
0,格式化 不过 删除 不了 总是 运行 命令 不会 没装 回来 别人 晚上 装上去 知道 哪位 高手 能够 教教
1,想到 开封 这个 居然 服务 宾馆酒店 人员 培训 到位 服务 经历 一些 五星级 差不多 果然 市委 招待所 班子 缺点 哪个 设施 陈旧 交通 便利 步行 分钟 繁华 开封 小吃 一条街
0,屏幕 分辨率 尤其 这个 一段时间 发现 方便 另外 确实 很多 一点 运行 稍微 多点
0,本来 满心欢喜 这本 畅销书 可是 完书 封底 脱落 根据 多年 经验 来看 从书 纸张 印刷 质量 包装 来看 理由 相信 影印版
0,求医 不如 求己 套书 非常 实用 推荐 很多 朋友 订单 好几个 套书 送给 朋友 朋友 朋友 忽悠 其实 不是 我能 忽悠 确实 营销学 产品 推销 出去 营销 不好 产品 推销 出去 骗销 产品 介绍 朋友 共同 受益 显然 不应 销之列
1,干净 舒服 空气 流动 不良 气味 由于 处于 闹市区 交通 方便 同时 嘈杂
0,一小半 没什么 启发 放弃 名气 这么 可能 悟性
1,第一次 网上 价格 以前 乌市 每次 朋友 公司 名义 房价格 优惠 这次 现在 淡季 我定 朋友 需要
1,已经 使用 两天 发现 机器 性价比 蛮高
0,报纸 宣传 冲动 后来 网上 发现 不贵 时间 粗略 一般般 并非 物有所值
0,降价 太快 星期 鼠标 真是 倒霉
0,惠普 节约 成本 代价 预装 小红帽 改装 麻烦 硬盘 指示灯 电源 指示灯 风扇 定时 循环 运转 散热 想象 夸张 忍受
0,系统 崩溃 不好 用要 装装 驱动 麻烦
0,打车 发现 门面 特别 不起眼 前台 办手续 发现 态度 特别 服务 标兵 牌子 一点 一般 第二天 中午 下午 四点 飞机 因此 商量 能否 退房 时间 稍微 延迟 二十分钟 左右 答复 一分 不行 超过 一分钟 就算 半天 口气 友好
0,光驱 读盘 声音 异常 安装 系统 不能 盘费 好几个 小时 搞定
1,朋友 上海 来说 价格 实惠 不过 朋友 特别 不满 呵呵
0,刚看 开头 再也 看不下去 叙事 方式 初中生 水平 随便 一翻 一边
1,原装 习惯 回家 直接 装回 官网 驱动 不是 集成 打包 而是 一个个 麻烦 机器 性价比 很强 这个 配置 这个 价格 已经 不错 这次 赠品 实用 散热 非常 超值
0,国庆 期间 过本 实在 实际 第一 毛巾 不仅仅 而是 破有 一个个 洞洞 第二 洗浴 水龙头 出水 小小 可怜 第三 噪音 很大 三楼 一直 晚上 第四 早餐 几乎 第五 结帐 查房 动作 实在 太慢 一共 半小时 还有 很多很多 比不上 宁波 二星级 补充 点评 年月日 标准间 居然 还要 一间 直接 订要 一间 不值
1,对照 配置 来说 低价 一款 放个 通用 键盘 以后 合适 不怕 灰尘
0,摄像头 清楚 散热 一般 商务 散热 不怎么样 华硕 亮度 不好 声音 音质 以前 原来 音质 真的 垃圾
1,交通 不是 方便 市区 火车站 过来 大约 地处 开发区 过来 大多数 开发区 各个 公司 办事 尤以 奇瑞 供货商 客户 居多 说实话 有些 意料之外 惊喜 没想到 芜湖 性价比 这么 行政 标准间 很大 除了 两张床 还有 不错 办公桌 卫生间 湿两用 淋浴房 浴缸 客人 各取所需 水量 足用 洗发水 浴液 不是 大多数 蹩脚货 分别 大罐 家用 脱普 产品 开水 提供 直接 饮用水 服务 不错 入住 退房 很快 所有 遇到 工作人员 礼貌 你好 门童 非常 客气 离开 门口 一位 门童 烈日 走出 接近 一条 路上 拦车 进来 实在 有些 不好意思 客房 送餐 速度 很快 菜式量 味道 不错 除了 客房 送餐 菜式 他们 中餐 菜单 上来 唯一 不足 可能 他们 自助 早餐 实在 没什么 几乎 服务员 加菜 不是 积极 就算 一丁点 知道 是不是 自助 早餐 客人 缘故 总的来说 环境 服务 不错 机会 的话 会住 那里
0,本来 买回来 朋友 可是 翻开 一看 简单 小汽车 动物 退货
1,外形 很漂亮 冲动 不过 没买 屏幕 太小 适合 近视 人士 朋友
0,处在 以下 建议 尝试 一下 这本 有些 喜欢 浏览 一两页 再也 不想 第二眼 说书 这么 找个 夜市 书摊 随便 翻开 一本 成功 秘诀 人际关系 艺术 之类 找到 蛛丝马迹 也就是说 市面上 流行 各种 励志书 任何 差别 里面 无非 教条 说教 罢了 对于 心智 成熟 来说 这些 完全
0,炒作 可能 只是 一厢情愿 宝宝 平时 喜欢 故事 可是 套书 一点儿 兴趣 只能 外文 基因
0,没什么 特别 其它 同类 一样 常识 半个 小时 可见 空洞
0,晚上 睡觉 心事 强烈推荐 入住 宾馆 同样 高架 饭店 其他 宾馆 采用 隔音 玻璃 陕西 大厦 采用 夜深人静 听到 架上 滚滚 车流
0,走廊 上极噪 估计 乌合之众 住所 根本 没睡 好害 考试 晕糊糊
1,里面 设施 不错 地段 考虑 下次 入住 不过 人性化 设置 上要 予以 改善 宾馆 反馈 年月日 感谢您 入住 世纪 大饭店 提出 宝贵 改进 意见 今后 服务 不断改进 同时 针对 每位 客人 提出 人性化 建议 进行 改进 不断 提高 河北 世纪 大饭店 本着 一切 客人 着想 原则 提供 更加 细致入微 服务
0,遗憾 收到 推荐书 此书 没想到 里面 充斥 广告 自我标榜 遗憾 看到 原本 期待 一步步 走来 真实 经历 遗憾 欣赏 作为 推荐书 带给 读者
1,印象 特别 两段 总理 小时 飞赴 灾区 国家 能够 出动 救援 人员 国家 企业 私人 捐款 达到 数十亿 国家 争相 献血 自愿 救助 伤员 导致 交通阻塞 国家 永远 不会 打垮 温家宝 一句 人民 你们 你们 看着办 即使 灾难 过去 将近 一年 今天 这些 仍然 心中 触动 这些 声音
1,选本 关注 最后 其它 牌子 全部 淘汰 华硕 流苏 系列 然后 公司 同事 华硕 真的 不行 想想 算了 以后 水货 质量 来讲 没什么 太大 区别 一点 喜欢 水货 正好 赶上 活动 便宜
0,说明书 简单 装机 自带 一些 软件 任何 说明 希望 以后 服务 能够 细致
1,性价比 环境 服务 不错 自助餐 不错 每人 块钱 现券 知道 有没有 停车场 大厅 门口 停车位 非常 有限 宾馆 反馈 年月日 感谢您 选择 国宾 大酒店 入住 予以 认可 一层 专门 停车场 门前 后院 负一 停车场 停车 使用 期待 再次 光临 生活 愉快 工作 顺利
1,适合 威猛 男士 红色 触控 多媒体 看上去 很漂亮 很多 明显 发热 这点 不错
0,这次 老公 入住 这家 豪华 客房 单晚 价格 大床 非常 满意 首先 晚上 以后 发现 所谓 大床 原来 很小 里面 一张 大床 一张 小床 家庭 后来 提出 意见 打电话 办法 换房 当天 晚上 心情 非常 不好 第二天 早上 介绍 附近 景观 闸坡 旅游区 附近 一个多 小时 服务 非常 恶劣 尤其 散客 态度 非常 不耐烦 唯一 亮点 梁姓 经理 提供 一车 的士 至少 并且 态度 非常 诚恳 总之 旅游 朋友 千万 不要 这家 宁愿 便宜 当地 当地 五星 希望 教训 大家 一点 帮助
1,购物 选择 入住 非常 方便 海港 一般 设施 陈旧 早餐 非常 一般 个人 认为 香港 最好 早餐 数码港 艾美
1,价格 便宜 功能齐全 外型 不错 上网 价格 不错
1,斯诺 中国 南方 大山深处 两个 近似 世外桃源 小城 湖南 凤凰 湖北 恩施 大致 意思 原话 记不清 引用 查找 原文 山里 长大 毕兹卡 男人 老家 其中 城市 原来 特别 喜欢 斯诺 作品 特意 宁夏 探寻 足迹 而今 更加 喜欢 斯诺 国际 名人 国际 名人 夸奖 别人 未曾 夸奖 家乡
1,本本 质量 不错 值得 信赖 另外 服务 的确 很快 服务态度
1,干净 早餐 丰盛 门童 已经 第二次 以后 还会
0,教授 论语 不能 正确 反映 儒家 原来 思想 除了 论语 不好 别的
1,配置 挺高 相当 专业 娱乐 特别 旋转 触摸 耳目一新 还有 钛合金 外壳 键盘 国产 质量 很难 突破
1,房间内 设施 不错 不过 浴室 淋浴 喷头 不好 用水量 不可 调节 出水 较散 有些 四星级 标准 周边环境 尤其 后边 环境 不太好 大堂 太小
1,超赞 窗正 中环 一点 干净 整齐 舒服 服务 价格 不贵 非常 满意
0,外观 漂亮 功能 指示灯 好看 价格 中关村 划算 一些 女孩子 适合 电影 音乐 音效
0,整体 不如 本本 设置 不合理 光驱 电源 一侧 打开 光驱 不便
1,相当 不错 通过 亲身经历 告诉 传销 内幕 受益匪浅 记得 十几年 身边 参与 传销 积极 鼓励 态度 相当 明确 做人 一定 原则 建议 大家 互相 一下 了解 了解 传销 传销 危害 有些 事情 亲身 体验 有些 事情 一生 绝对 不能 毒品 传销 十多块 了解 一件 事情 值得
1,外观 时尚 精致 显示屏 旋转 手写 很酷 迷你 遥控器 操作 方便 配置 满足 办公 娱乐 需求 功能 强大
1,点评 入住 海景 嘉福 不如 怡东 服务 不好 房间内 通风 不好 异味 看到 水果 巧克力 四星 差不多
1,找到 位置 满足 拥有 善待 人过 一种 生活 不是 关于 物质 而是 关于 爱爱 永远 可遇 不可 看着 跟着 杜威 行为 大笑 随着 杜威 离去 落泪 一只 普通 小猫 为之动容 做到 生命 些微 点点滴滴 并且 坚持 那份 溪流 涓涓 融入 心田 容易 做到 事情 坚持 做到 简单 事情 很难 一直 下去 应该 静静地 品味
1,写意 曾经 那样 揣测 不安 也许 相对 写意 报复 不安 更加 折磨 相信 对于 写意 报复 难过 伤心 应该 感到 释然 终于 清清楚楚 写意 写意 曾经 痛苦 伤口 揭开 痊愈 日子 还会 对于 写意 来说 如此 所有 掏空 剩下 应该 过去 曾经 追逐 阿衍 如今 眷念 厉择良
0,房价 贵楼 大堂 宽敞 硬件 设施 八十年代 九十年代 水平 显得 旧家具 洁具 老一代 科勒 排队 光泽 洗手盆 下水 口里 卡者 牙膏 盖子 卫生条件 绝对 四星级 新换 床单 还有 不知 体毛 电梯 地毯 好像 已经 出来 原色 找到 一尘不染 服务 不够 四星级 门卫 冷漠 看着 提着 行李 行李 估计 头上 估计 不会 主动 帮忙 客房 服务 不敢恭维 半夜 三点钟 入住 纲要 服务员 敲门 一次性 用品 精神可嘉 时间 宽带 插头 不知 为什么 不了 地点 后来 想通 估计 石油 兴建 公款消费 为主 价格 服务 重视 管理 要是 旅行 少住
0,哪里 象个 样子 至少 里面 服务 最差 根本 服务 总台 问候 笑容 道谢 机器人 到处 空荡荡 浴缸 他们 来修 已经 衣服 真的 很差 早餐 情形 跟个 大排档 似的 补充 点评 年月日 当然 总的来说 作为 中等城市 大概 差不多 这个 样子 至少 安全 舒适
0,浪费 光盘 上读 根本 对不上 书上 单词 总是 气愤 真是
1,外置 光驱 速度 那台 快点
1,女儿 四周岁 半年前 女儿 买过 幼儿 神奇 贴纸 当时 女儿 感兴趣 于是 耐着 性子 一起 最近 几本书 出来 以前 贴纸 撕下 妈妈 喜欢 贴纸 正好 女儿 生日 快到 一套 幼儿 神奇 贴纸 拿到 女儿 每天 一起 贴纸 高兴
1,性价比 高用 过寸 上网 这寸全 尺寸 键盘 舒坦 呵呵 系统 一笔 不小 银子 锋锐 好处 拿来 寒腿 这个 年初 买过 超级 冷下 单子 说明 摄像头 拿货 摄像头 方便
1,入住 退房 不错 服务 地铁 稍远 沙嘴 需要 分钟 左右 时间 不是 特别 紧张 考虑 入住 早餐 不错
0,性子 无非 为了 多一点 谈资 罢了 流行 说明 大众 阅读 水准 不怎么
1,年前 酒店设施 这个 价格 还算值 尤其 黄金周 期间 临海 位置 高层 大部分 看到 前台 接待 小姐 态度 生硬 登记 姓名 算啦 影响 计较
1,下单 提货 小时 之内 完成 速度 满意 一个第一次 满意 提货 工作人员 着装 有待 提高 机器 任何 目前为止 整个 安装时间 小时 碰到 任何 意外
0,套房 面积 挺大 吃惊 案头 上放 文房四宝 差点 留下 到此一游 墨宝 念头 最后 罢了 很大 被单 不是 舒服 景观 餐厅 太贵 强烈 推荐 住房 客人 素质 不高 乡镇企业 聚会 下次 选择
1,只要 启动项 改成 开机 出现 华硕 标志 进入 选择 进入 然后 模式 改成 兼容 模式 直接 系统盘 装好
0,设备陈旧 服务 差劲 不如 二星级 水准 令人 郁闷 早晨 七点 火车 赶到 告知 九点 入住 否则 就要 半天 房租 为了 避免 挨冻 多付 不算 结分 真是 冤透
1,少年 时即 阅读 看出 精读 无数 经典 因而 庞大 内心世界 作品 难能可贵 两点 一是 理科 知识 不错 不能 媲及 罗素 理科 知识 很差 作家 相比 文章 可读性 要强 其二 人格 文风 朴实 造作 不买 喜欢 作品 犹如 好友 谈心 常常 唤起 心中 强烈 共鸣 作品 更好 衷心祝愿 周国平 健康 快乐 世人 写出 作品
1,每次 总是 受益 良多 熙熙攘攘 社会 奔波 需要 书来 帮助 懂得 身体 宝贵 珍惜 生命 更为重要 教会 如何 保护 修复 身体 更好 生活 更好 实现 人生 理想 建议 每个 应该 类书籍 有空 多多 读读 更加 轻松愉快 按着 旨意 尝试 也许 获得 身体健康
1,不错 可能 比不上 其他 高级 服务 人员 服务质量 至少 我来 长春 几次 中是 服务 最好 宾馆 周围环境 非常 安静 其他 季节 可能 感受 鸟语花香 晚上 休息 骚扰电话 上网 速度 一般 不过 网络 好像 网络 技术人员 水平 一般
0,毛边 每页 裁剪 一样 盗版书 当当 图书 难道 不管 装帧 质量 难为情
1,五一 单位 领导 一家子 河南 几天 几个 主要 景点 算是 走马观花 一过 之后 山西 老家 之前 已经 粗略 安排 几天 行程 探亲 顺道 观光 不过如此 计划 应该 归咎于 时间 之前 功课 不足 看过 此书 陡增 遗憾 也好 要不然 哪里 回去 念头 之前 最好 功课
0,名字 绝对 讨好 相信 很多 一样 书名 书里 新意 小时候 爸妈 老师 教导 那套 立志 读本
0,到货 客服 每天 下个 工作日 到货 已经 连续 无语 早点儿 陶宝 卓越 上订 尤其 广东省 朋友 当当 送货 保证
0,应该 重新 装修 不然 将会 走下坡
1,门面 太小 出租车 司机 熟悉 有待 改进
1,宝宝 现在 母乳 处于 勉强 阶段 看到 坚定 母乳 决心 奶粉 出现 使得 宁可 相信 交给 奶粉 之后 更加 坚定 有时 动摇 看看 极大 勇气 书里 很多 母乳 好处 可是 对于 母乳 不足 宝宝 拼命 哭闹 给出 建议 个人 认为 理论化 并且 明确 说出 怎么 添加 辅食 只能 鼓动 士气 作用 而已
1,原先 别人 做好 不怎么样 准备 之后 真的 惊喜 富豪 三楼 不是 很大 新装修 不错 情调 四面 镜子 不错 服务 人员 态度 不错 第一天 行李 专门 打电话 询问 老先生 收好 行李 速度 很快 普通话 歧视 交通 地铁 周围 公交 小巴 方便 一共 五个 打车 地铁站 比做 小巴 公交 合算 周围 一城 新城 购物 好去处 附近 小吃 茶餐厅 甜品店 很多 一家 叫口 香舌 甜品店 榴莲 飘飘 不错 总的来说 这家 性价比 不错 以后 还会 另外 定去 迪士尼 直达车 方便 周围环境 不是 现代 没什么 影响
1,配置 高端 同时 运行 感到 运行 缓慢 机器运行 状态 有些 电源 等等 白色 指示灯 很漂亮 内置 话筒 摄像头 视频 方便 人性化 设置 多如 开机 状态 电源 插入 拔出 警告声 易于控制 工作 时间 静音 快捷 导航键 等等 一些 出色 方面 设计 发热量 一般 好几种 电源 模式 送货 速度 服务
0,屏幕 有灰点 换货 屏幕 键盘 比托 手低 驱动 安装 麻烦
0,送过来 机器 屏幕 不是 介绍 分辨率 高后 太小 文档 方便
0,全新 发票 急需 用钱 赔钱 年月日 发票 包装 齐全 李先生 上海 赤峰
1,地理位置 超好 步行 外滩 分钟 真不愧是 黄金地段 黄金 很大 干净 对房 设施 满意 上网 速度 一样 晚上 安静 寂静 欣赏 窗外 黄浦江 景色 真是 一种 说不出 享受 建议 第一次 上海 朋友 选择 江景 试试 早餐 不错 丰盛 食品质量 高可选 样式 超多 晚餐 单点 选择 靠近 窗户 位置 用餐 真的 梦幻 适合 家庭 情侣 用餐 洽谈 生意 三十一 酒吧 去过 最高 景色 特别 服务 到位 酒吧 体会 知道 两个 形容 梦幻 总台 礼宾 服务周到 热情 真不愧是 国际 管理 集团 旗下 无论 方面 服务 真的 周到 细心 以后 还有 机会 上海 愿意 再度 这里
1,日本 真的 超多 布局 地毯 怪味 空气 不太好 窗户 不好 打开 服务 交通 方便 火车站 快轨 景点 方便 火车站 旁边 环境 价格 稍贵 基本上 竞争力
0,儿子 看得懂 这部 已经 初步 显示 出对 此书 兴趣 表示 梅拉 学习 不断 克服困难 希望 当当 多多 出售 有趣 教育 意义 儿童图书
1,性价比 外观 中看 音响 满意 部分 声效
1,今天 闲下来 评分 鸡冻 中要 重新 看一遍 封面 毛毛 质感 个人 很喜 字体 大比大 很多 希望 深刻 能够 深入 每个 心里 以上 四四
1,屏幕 不错 坏点 亮点 这个 价格 配置 一般 毫无 记错 的话 二年 质保 价格 一年 质保 划算 居然 尺寸 键盘 有些 惊喜 不过 由于 多出 数字键 键盘 布局 拥挤
1,这个 价位 这个 配置 应该 超值 整机 下来 工况 不错 外观 整体 时尚 键盘 上部 快捷键 方便 触摸板 支持 简单 多点 触控 驱动 可惜 支持 页面 滚动
1,时间 开头 以后 迫不及待 想要 下面 读完 以后 深深 叹口气 现在 一个个 女孩 母亲 以后 很大 启发 两个 女孩 母亲 母亲 口吻 叙述 几度 迁徙 之中 女儿 故事 不是 怎么样 养育 一对 可爱 女儿 而是 告诉 经历 每个 母亲 养育 儿女 经历 不尽相同 共通
0,发热量 电池 供电 时间 手写 灵敏度 不高 发现 提供 直接 手写输入 方法
1,一次 入住 服务 一如既往 无可挑剔 价格
1,价格便宜 轻省 附带 驱动 光盘 这点 要强 不用 网站 方便
0,质量 还好 实在 没意思 以为 侧重 心理 方面 分析 实际上 婚外恋
0,大家 段时间 不要 他们 施工 吵死 并且 提示 开始 施工 结构 开始 他们 解决 早上 一直 停止 过到 他们 有理 继续 开始 施工
1,套书 不错 价格 适中 关键 手绘 图片 一种 亲近 可能 条件 接触 外部 世界 办法 接触 以往 看到 大概 无非 克塞号 或者 圣斗士 如此 如今 不想 孩子 知道 奥特曼 哆来 梦想 孩子 能够 涉猎 知识 知道 人类 智慧 创造 如此 精彩 文明 孩子 来说 一种 提高 丰富 一种 补偿 心理
1,性价比 散热 不错 噪音 触摸 多媒体 时尚 旋钮 本本 做工 不错 外观
1,实惠 灵活 安排 希望 更加 进步 下次 这里
0,边框 的确 文字处理 的话 显得 眼睛 有点累 硬盘分区 脑残 人士 不过 无所谓 到手 硬盘
0,宝宝 一岁 七个 不是 喜欢 也许 是因为 色彩 不够 鲜艳 而言 可能 简单
0,幸亏 一本 浪费 几元 中国 一直 喜欢 一窝蜂 看待 一些 事物 主观 判断 胡闹 梅拉 一样 下蛋 如此 卑微 下蛋 自作孽 教育 孩子 孩子 走弯路 一样
0,明明 只到 原因 以后 怎么
1,已经 第二次 入住 这家 第一次 面对 柳江 景观 不过 这次 前面 已经 修好 交通 方便 服务员 依然 一如既往 微笑服务 特别 推荐 下楼 旋转 餐厅 夜幕降临 时分 这里 用餐 柳江 两岸 景色 不过 这家 适合 长途电话 分钟 电话费 收费 最高 一家 宾馆 反馈 年月日 非常 感谢您 支持 厚爱 柳州 宾馆 致力 打造 柳州 性价比 最高 宾馆 五星级 标准 装修 高层 观景 客房 即将 竣工 期待 光临
0,痛苦 经历 以上 客房 好像 从楼 开始 夜总会 还有 日式 晚上 开始 非常 整个 跟着 第一天 晚上 睡觉 发现 几乎 怎么 第二天 换到 基本上 接受 震动 震动 强烈 千万别 受不了 不过 朋友 好像 一般 根本 怎么 休息 这个 假日 差点 毁掉 幸好 第三天 香港 房价 以后 打死 不住 服务员 还行 一点 要说 一点 补充 点评 年月日 另外 还有 超小 恐怖 那种 快捷酒店 差不多 还星 标准
1,小汤 很多 同一 版本 名称 很多 样儿 起来 一度 迷茫 当当 工作人员 校对 同意 口径 消费者 起来 不至于 云里雾里 辛苦 印刷 质量 儿子 钢琴 老师 指定 寻找 拿到 以后 不错 唯一 遗憾 附赠 质量 欠佳 孔祥东 讲解 总是 卡壳 其实 无所谓 毕竟 书才 教材
0,小说 文字 角度 来说 非常 一般 成功 快餐 文化 所谓 成功
1,第一次 网上 价格 以前 乌市 每次 朋友 公司 名义 房价格 优惠 这次 现在 淡季 我定 朋友 需要
0,只要 读一读 南怀瑾 老先生 论语 别裁 发现 于丹 心得 多么 肤浅 南怀瑾 一起 就象 大学教授 小学生 一起 一样
1,宽敞 干净 墙上 小型 液晶 电视机 卫生间 浴缸 只能 淋浴 不过 不成问题 长宁路 大马路 位于 弄堂 环境 安静 喜欢 锦江 大厨 价廉 味美 服务态度 房价 的确 竞争力 网络 速度 经常 中断 连接 不上 情况
1,强大 做工 不错 系列 技术 真是 不错 集成显卡 一下 高清 魔兽 世界 极品飞车 没试 据说 效果 开会 流畅
0,商品 满意 主要 服务 方面 第一 客服 电话 不通 第二 我要 灰色 白色
1,档次 环境 绝对 饭菜 质量 属于 只是 离开 市中心 不过 班车 如能 班车 十全十美
0,只有 驱动 其他 系统 驱动 华硕 官方网站 网上 一个个 不好
0,电脑包 鼠标 鼠标 太小 发票 说好 其他 分开 开具
1,第一次 看到 关于 介绍 报纸 许多 评论家 给予 出于 中亚 好奇 买下 刚刚 登山 一无所知 后来 担心 摩顿森 那样 一穷二白 怎样 完成 承诺 历经 艰辛 第一个 承诺 变成 现实 居然 一种 揪心 兴奋 参与 这次 承诺 之旅 感人 一部 小说 值得 大家 品味
1,第一次 这里 针对 大家 意见 特别 关注 一下 如下 标准间 干净 被子 盖得 舒服 暖和 卫生间 商业中心 很多 还算 服务 这里 那样 入住 退房 挺快 总的来说 满意 早餐 环境 不错 江南 品种 不少 可口 可能 或者 火车站 距离 很近 稍微 热闹 办事 方便 停车 还好 这里 地下 停车场 来说 不错 值得 推荐
1,硬件 配置 上网 算是 最高 电池 强悍 黑色 外壳 漂亮 包装箱 居然 提供 系统 硬件 驱动 窃喜
1,教育 孩子 一直 父母 留给 印象 一些 科学 方法 容易 导致 孩子 叛逆 女儿 经常 气得 流眼泪 自从 真的 得到 改善 按照 要求 开始 别扭 习惯 效果 女儿 现在 以前 听话 与其说是 改变 孩子 不如说是 改变 父母 父母 方法 孩子 自然 听话 值得 作为 父母 看一看
1,来说 喜欢 索菲特 一次 本来 不想 索菲特 藏独 事件 客人 喜欢 不错
1,早餐 一般 不过 隔音 效果 一条 大马路 根本 不到 嘲音
1,性价比 非常 附赠 原装 自提 以前 去过 一次 上海 张扬路 那个 上次 相比 改进 提供 顾客 座椅 无线网络 接入 服务 不错
1,酒店设施 一般 被单 毛巾 洁白 干净 服务 热情 可能 早年 建设 地下 车库 直达 大堂 通道 方便 饭菜 辣者 如能 兼顾 南来北往 增加 一些 非辣 菜肴 更好 希望 通过 服务 技能
0,号称 平遥 最高级 四星 实际 只是 二星 硬件 二十年 国营 招待所 服务 极了 可能 住客 长期 空关 西翼 一股 霉味 厕所 泛出 阵阵 臭气 建议 坚持 要求 东翼 信用卡 只收 现金 住客 餐厅 消费 不能 签单 必须 付现金 提供 洗发 浴液 质量 低劣 卫生纸 污迹 霉斑 强烈推荐 自带 洗发水 卫生纸 以免 飞来横祸 床上用品 一客 一换 住客 不离店 不换 床单 早餐 极差 基本 吃素 行李 推荐 包车 服务 疯狂 宰客 王家 大院 包车 半天 夏利 来回 要价 出门 上街 拦车 高速 通行费 来回 另计 桑塔纳 不过 据说 平遥 其他 可怕 打算 平遥 丽泽苑 无可奈何 选择
0,散热 不是 右掌 这里 使用 烫手 别的 还好 还有 屏幕 晃动 厉害 这点
0,屏幕 色彩 鲜艳 是否 调会 朋友 麻烦 告诉 一声 杜比 音响 一般 一点 低音 低音炮
1,飞机 改期 凌晨 入住 挺快 预定 要求 不靠 马路 满足 还有 值班 过来 关心 这点 不错 单人间 不算 很大 布局 合理 空间 足够 简洁 干净 浴室 简单 够用 热水 情况 良好 水温 合适 隔音 效果 差指 对于 而言 早上 听见 走道 人来人往 热闹 早上 一定 牌子 挂出去 不然 服务员 点多 敲门 客房 服务员 客气 要动 事先 询问 下门 打招呼 出门 遇上 她们 她们 铁定 打招呼 宽带网 很慢 经常 断线 还有 晚上 一到 肯定 有人 打电话 问要 不要 足疗 然后 早上 房门 边上 地上 收到 一张 卡片 联想 门口 保安 不太 管事 好像 看到 很多 不会 过来 一下 交通 方便 西直门 西单 动物园 附近 地儿 多离 什刹海 不远 门口 修路 好多 起来 特不 方便
0,小屏 通病 键盘 有些 局促 适合 爷们 使用 内胆 包稍 大了些 续航 时间 貌似 只有 小时 左右 预装 下载安装 系统 分区 本人 分区 魔术师 将盘 调整 其余 归盘
0,读的书 中较 收获 之一 书中 一些 观点 打破 一些 惯有 观念 二十岁 年龄段 出现 迷惑 一定 个人观点 解答 值得 处于 这个 年龄段 女孩 看看
1,长途汽车站 很近 走路 分钟 整体 环境 不错 干净 标准间 作为 三星级 服务态度 满意 沿着 门前 一直 鸣沙山 打车 公共汽车 门口 据说 敦煌 最贵 不过 一晚 无所谓
1,该区 最好 但离 市区 一些 差距
1,没想到 刚过 四岁 生日 女儿 竟然 很感兴趣 说实话 开始 拿到 心里 没底 正如 有些 中所写 画面 知识点 很多 知道 怎么 孩子 于是 试着 海底 探险 没想到 孩子 听讲 之后 还有 听说 总共 十本 高兴 不得了 两天 总在 重复 为什么 她们 校车 神奇
0,无线 网卡 开关 每次 开机 需要 键盘 组合键 开启 无线 网卡 即使 开关 家用机 那样 开机 自动 开启 无线 网卡
0,机子 重不 合适 外出 携带 客服 电话 太难 基本 摆设 触摸板 那里 温度 包装箱 拆开 不知 何故
0,倒霉 发现 麦克 通话 对方 听不清 声音 已经 发回 换货 希望 只是 个别情况
0,稍稍 有些 接受 音箱 质量 一般 不过 低音炮 外面 的话 耳机
1,豪华 双人间 很大 一张 单人床 已经 香港 人大 一些 细节 有意思 放在 床头 信封 一颗 糖果 告诉 明天 天气 毛巾 浴室 晾衣服 补充 点评 年月日 外面 旧和脏 刚到 犹豫 不要 一家 后来 看到 里面 不错 装修 一下 外面
0,银色 以后 可能 磨掉 屏幕 太扁 毕竟 看得 网页 屏幕 建议 屏幕 电影 爱好者 除外
0,交通 方便 门口 黄河 边去 公交车 市中心 路车 设施 陈旧 进门 钥匙 牌取 电后 竟然 发现 开水壶 空烧 后来 知道 水壶 故障 不会 自动 断电 早餐 服务员 此事 未见 反应 床头 靠背 软垫 可能 由于 水质 关系 洗脸盆 浴缸 马桶 痕迹 很多 显得 很脏 地毯 干净 早餐 客人 要求 时间 送到 数量 之多 根本 吃不完 质量 一般般 好象 火车站 旁边 市场 摊子 那些 押金 一天 一天 注意 结帐 服务员 不要 发票 发票 自动 原来 价格 加元 一天 事先 加以 任何 说明
1,本本 不错 货到付款 邮局 送来 收货 确认 运行 事后 运行 不错 质量 保障
1,不错 舒服 下面 只有 星巴克 肯德基 吃饭 新世界 那边
0,一本 简直 象是 盗版书 正规 出版 印刷 封面 质量 怎么 出得 儿子 里面 怎么样 以后 套书 内涵 真是 出来 吓一跳
1,价格 机器 做工 好能 这个 价位 小黑 太值 其他 品牌 更本 考虑
0,中店 一次 总有 电话 成为 他们 会员 然后 推销 大长 保健品 之类 已经 接到 几十个 烦死 当当 对店 中店 管理 太差 怎么 联系电话 随便 别人 至今 半年 电话 真是 忍无可忍 太烦人
1,各类 休闲 娱乐 设施 齐全 交通 便利 饭菜 口味 多样 舒适 免费 注册 网站 导航 宾馆 索引 服务 说明 关于 诚聘 英才 代理 合作 广告业务 联系
0,山里 农庄 算是 墙壁 开裂 干净 镇上 公里 只要 镇上 上海 华联 买些 方便
0,服务 很差 我订 视频 网络 大床 入住 发现 根本 直到 退房 告诉 由于 房型 已满 通知 前提 主动 一间 房是 价格 高级 大床 提出 消费 清单 进行 帐单 合并 服务 人员 竟然 提出 收元 费用 要求 不能 无耻 地步 房号 过小能 看电视 空间 只能 一张 凳子 换句话说 来个 客人 只能 坐在 床上 硬件 配备 不足 行李 行李架 晾衣服 出入 打车 方便 设在 远离 马路 拐角 出租车 出入 卡站 非常 方便 门口 空间 出租车 只能 五六米 停车 方便
0,太重 好像 其他 品牌 机子 还重 怎么 上面 可是 包装 上面 毛重 还有 不知 太背 怎么 本子 到手 好像 售后 维修 麻烦
1,环境 地理位置 交通 方便 舒适 服务
1,五月 入住 宾馆 对于 三星 来说 价钱 可能 位置 不是 繁华 前台 收款 服务员 态度 挺差 不错 可能 是从 原因 一般 安排 位置 不错
1,这是 一本 非常 值得 推荐 读后 收益 并且 推荐 朋友 希望 别人 有所 帮助 生活 纷繁复杂 世界 中要 做到 抱怨 何等 容易 抱怨 世界 运用 简单 方法 帮助 控制 语言 以至于 思想 调整 正向 进而 无意识 改变 生命 共同 进入 抱怨 世界 一定 一样 世界
0,暖气 欺骗 嫌疑 入住 大床 由于 近日 气温 下降 厉害 订房间 特意 电话 询问 是否 暖气 得到 答复 再次 确认 是否 暖气 进入 打开 暖气 简单 洗漱 赶紧 睡觉 半夜 冻醒 非常 冷试 一下 排气口 发现 冷风 晕倒 赶紧 电话 询问 客服 人员 客服 人员 态度 立即 查看 客服 人员 发现 冷风 办法 解决 建议 我多盖 被子 晕倒 看看 时间 此时 已经 凌晨 点多 办法 只能 乖乖 拿出 备用 被子 早上 起来 冻得 发烧 感冒 恼火 赶紧 行李 宾馆 早上 前台 反应 前台 人员 无表情 知道 为什么 席梦思 上面 任何 铺垫 直接 一层 床单 那个 席梦思 知道 多少 超级 舒服 这么 天气 下面 褥子 暖气 这个 以后 再也 不敢 宾馆 一把 伞拉在 可是 提醒 后来 发现 只是 一把 为什么 不能 提醒 客人 难道
0,总线 搭配 内存 十分 不合理 重量 确实 偏重 比起 一般 底部 中心 发热量 目前 左右 气温 接受
0,重是 遗憾 这么 希望 方便 携带 尺寸 要是 轻薄 完美 光驱 华硕 有待 改善 然后 外壳 很漂亮 请勿 触摸 触摸 留下 指纹
1,宝石蓝 很漂亮 机器 稳定 散热 不错 风扇 响用 几天 发现 任何
0,如何 孩子 怎么 孩子 发现 两本书 很多 实例 相同 确信 里面 存在 很多 抄袭 行为 不知 抄抄 非常 失望
1,交通 方便 南京 步行街 餐厅 营业时间 尤其 中餐厅 有些 不便 中午 二点 半到 已经 午餐 知道 这家 中餐 小有名气
1,有个 不过 测试 知道 运算 起来 怎么样 安静 显卡 集成 魔兽争霸
0,看来 盗版 碰运气 十张 四张 不错 第五 不能 还有 四张 图像 不错 上来 声音 可是 后面 声音 呵呵
1,性价比 好看 全有 为什么 还有 安装 安装 失败
1,与其说是 家长 如何 教育 孩子 不如说是 家长 如何 教育 好书 看过 很多 国内外 育儿 书籍 这本 贴近 生活 理论 实践 结合 最好 中以 女儿 示例 毫无 炫耀 每个 孩子 不同 每位 家长 遇到 情况 肯定 大不一样 从中 学习 怎样 心去 对待 孩子 本质 一样 希望 大家 受益 孩子 一起 快乐 成长
0,聪明 小妮子 老兄 怎么 陷阱 不放 诱饵 别人 不屑一顾 嗤之以鼻 最后 反倒 进去 一身 你们 鲜红 洁白 恩恩不 不错 孔子 你们 鲜艳 你们 这些 美女 心目 孔子 样子 真是 美女 心中 之仁 难怪 书前 一再 提醒 大家 此书 不能 以人 之心 以妇 之心
0,反应 可能 上网 下单 要求 估计 根本 服务 有待 提高
1,好象 梅拉 大小 这么 故事 风格各异 小孩 带劲 小孩 马上 就要 小学 做法 两次 然后 小孩 乐意 锻炼 表述 能力 打算 拼音 音注 真正 开展 自主 阅读 书评 比不上 梅拉 个人感觉 各有 长处 梅拉 刺激 情节性 阶梯 阅读 温馨 可爱 各种各样 故事 建议 小孩 嫌多
0,不知 怎么 韩国 热销 无聊 要命 空荡荡 几页 不下 明明 很大
1,青春 华年 敏捷 双膝 玫瑰 般的 脸庞 青春 一股 无穷的 创造力 生命 深处 涌动 一股 清泉 正如 名字 未央 一样 青春 一曲 赞歌 读者 散文诗 般的 赞歌 陶醉 熔化 仿佛 回到 那个 向往 时代 战火 冲天 年代 闪光 时代 年轻 跟着 他们 同喜 同悲 他们 身上 看到 真善美 感受 希望 他们 镜子 一样 映照 身上 缺点
1,前台 不错 效率高 态度 非常
0,我主 空调 声音 巨大 门外 听到 浴缸 防滑垫 浴缸 水龙头 把手 轻轻 一碰 整个 脱落 灯光 控制 电话 竟然 声音 饭店 入口 很难 前台 不但 一片 混乱
1,原以为 简单 老套 故事 没想到 一读 难忘 欲罢不能 现代 都市生活 每天 忙忙碌碌 工作 压力 越来越 枯燥 麻木 爱是 两个 真的 相守 一生 很多 迷茫 怀疑 看过 明明 知道 出来 故事 感动 主人公 执着 真心 相守 满满的 生活 平淡 只要 携手 一生 足矣
1,一件 难忘 事儿 开头 知敏刚 墨家 见识 墨氏 兄弟 那会儿 墨家 二位 公子 怎么 阴森 直接 恐怖 惊悚 小说 加上 他们 想起 唐僧 老先生 至理名言
0,以为 名字 一样 豪气万千 承想 却是 名不副实 五一 酒店设施 陈旧 卫生 环境 设备简陋 陈旧 色调 灰暗 算不上 星级 标准 旅馆 早餐 品种 很少 吃饱 下次 绝对 不会 再住
1,最大 优点 电池 续航 能力 很强 对于 上网 本来 核心 竞争力 之一
1,十一 洛阳 这家 地理位置 不错 门口 龙门石窟 公交车 一位 方便 打车 只花 前台 接待 热情 缺点 实在 四星级 这么 说不过去 这点 不错
1,不少 从来 上来 这次 入住 海景 实在 太有 感触 必须 来说 一说 前面 所有 客人 那些 优质服务 不再 赘述 这些 符合 五星 标准 而已 海景 服务 确实 做到 客人 需要 出发 实例 这次 青岛 倒霉 患上 急性 胃肠炎 大清早 医院 吊水 专人 陪同 小姑娘 提了 很重 袋子 开始 知道 后来 医院 知道 热水瓶 被子 毛巾 水果 跑前跑后 安排 吊水 以后 医生 吃点 水果 发现 香蕉 橙子 不行 马上 外面 一袋 苹果 开水烫 听说 其实 已经 下班 极力 回去 休息 坚持 不肯 整个 小时 过程 始终 微笑 坐在 对面 需要 看到 手臂 毛巾 倒水 没停 后来 终于 知道 为什么 不肯 离开 是因为 快点 过来 回到 超过 分钟 送到 这些 要求 服务 离店 等待 班车 发烧 沙发 马上 有人 送来 毛毯 问明 情况 后过 一会 送来 姜汤 然后 发现 头顶 悄悄 关掉 细节 有些 罗嗦 不过 真是 感动 朋友 也许 是因为 奥运 树立 形象 不是 很多 规定 培训 服务 意识 决不 一朝一夕 青岛 海景 花园 唯一 选择 补充 那个 服务员 块钱 小费 正常 不要 人家 跑前跑后 辛苦 坚决 不要
0,硬件 一般 服务 较差 小孩 自助游 方式 万一 来不及 回来 要求 先退 退房 延至 下午 一点 前台 不能 只能 保留 十分钟 就要 半天 最后 先退 全搬 并开 请勿打扰 请勿打扰 告示牌 上午 十一点 回来 房卡 不能 请勿打扰 灯摘 告示牌 总台 放在 房内 此等 事情 没到 中午 十二点
0,反复 不能 激活 提醒 其他 买家 除非 导入 证书 否则 其他 激活 方法 不用 最后
1,很漂亮 黑漆 加白灯 很亮 配置 已经 价格 接受 一直 钟爱 东芝 本本
1,时尚 便携 散热 好度 室温 使用 小时 键盘 冰凉 触摸板 两侧 微热 价格 平易近人 作为 上网 合适 包装 附送 白色 人造革 内胆 包有 标志 机器 般配 接口 充足 个个 读卡器 外加 显示器 接口 满足 基本 外设 需求 使用 顶盖 标志 发光 光线 暗时 显眼 旅行 重量 以内 名副其实 超薄 总的来说 这是 一款 定位 明确 价格 适中 上网
0,扬声器 音质 较差 色彩 还原 真实 接口 布置 不是 合理 光驱 不能 刻录
0,接口 位置 不怎么 后面 两个 左边 一般 鼠标 右边 只有 后面 那个 接口 设计
1,十几年 龙应台 一本 野火 集在 台湾 卖得 火得 不得了 为什么 里面 揭穿 当时 台湾 社会 真相 告诉 当地 学生 以及 社会 人士 如何 改造 家园 常识 正是 这么 一本 能教 看清 社会 清晰 未来 道路 只不过 不由 那些 渴望 素质 更高些 官员 不论怎样 应该 相信 民主 声音 泯灭 社会 希望
0,首先 这个 印刷 排版 不怎么 喜欢 语言 有些 浮夸 总之 不怎么
0,安装 麻烦 后来 发现 几次 关机 蓝屏 情况 使用 正常 有待 观察
1,硬盘 三星 刻录机 友达 面板 三星 内存 根尔 必达 颗粒 组成 双通道 键盘 手感 不错 触摸板 轻薄
1,本来 整体 不错 价位 入住 第二天 晚上 室内 温度 上升 到度 服务中心 她们 由于 外面 天气 冷度 左右 现在 空调 只是 自然风 外面 室内 窗户 情况 室温 怎么 最后 得来 答案 方面 不肯 开冷 空调 一把 风扇 一家 国际 五星 饭店 居然 方法 处理 实在 失望 除此之外 所有 服务 水准 以内 以后 大家 就要 选在 夏天 冬天 否则 空调
0,拿到 盒子 一看 非常 失望 恼火 怪不得 不敢 芯片组 批次 有关 抽奖 一样 配置 透明 要是 事先 知道 绝对 不会 有种 受骗
1,日日 入住 豪华 海景房 点评 预定 直面 大海 果然 不错 尤其 配套 康乐 设施 很多 干净 游泳池 保龄球 高尔夫 练习场 住店 客人 八折 服务 人员 态度 儿子 特别 中意 这家 以后 威海 还要 入住 自助 早餐 品种
1,需要 孩子 读全 中国 老师 校长 家长 需要 好好 读读 开始 为了 增加 儿子 信心 现在 坚定 教育 信念 实际上 小豆豆 正常 大家 畸形 认为 正常 孩子 养成 正常 正常 肯定 独一无二 只有 流水线 机器 人才 一样 完美 孩子 不用 大人 读读 就行了
1,一直 华硕 外观 很漂亮 高清 确实 挺爽 一切 配置 恰到好处
0,价格 还有 下降 余地 改装 需要 先装 驱动 这个 通病 很多 人一 开始 不了 系统 估计 这个 驱动 网上 全套
0,只会 玩电脑 不会 系统 麻烦 周末 拿给 我妹 清楚 其它 方面 怎样
1,外出 一般 看看 当地 如家 这家 挺不错 性价比 服务 足够 周到 仔细 反应 很快 不过 不怎么 喜欢 他们 制服 花花 难看 只是 车站 不是 很近 边上 超市 食品 怀疑 过期 面包 恐龙 门口 公交 站台 交通 方便 补充 点评 年月日 说错 虎丘 哈哈
1,也许 不是 此刻 身边 那个 一定 心中 那个 角落 唯一 拥有者 可能 不是 现在 另一半 一定 曾经 希望 拥有 位置 可能 此生 不会 出现 生命 曾几何时 已经 成为 生命 一部分 也许 一直 努力 地要 忘记 属于 一切 越来越 清晰 永远 不会 消失 只会 随着 数月 消逝 越来越近 曾经 唯一
1,开始 大房 单人间 告诉 预订 刚要 打电话 询问 告诉 一间 小小 刚好 一张 于是 商务 行政 套间 套间 不错 设施 凑合 价格 偏贵 一般
0,周围环境 内部 设施 整体 不错 服务态度 极其 不好 简直 目中无人 入住 正在 入住 突然 过来 几个 衣着 光鲜 身份证 信用卡 放到 一边 几个 处理 完后 过来 两个 接着 处理 两个 分钟 忍不住 还要 不要 办才 起来 退房 遇到 同样 情况 正在 退房 看到 几外 老外 过来 直接 插队 办理 实在 忍无可忍 服务员 为什么 竟然 回答 赶时间
0,字差 设施 服务 环境 差能 想到 一切 宾馆 反馈 年月日 注意 部分 开设 改建
0,三星 金条 真品 下单 瑞星杀毒软件 郁闷 系统 时间 联想 软件 真多 不好 影响 运行 速度 独立 显卡 分区 不合理
0,提货 试机 第一次 开机 电源 几次 突然 启动 不知 原因 调制解调器 机会 偶尔 需要 传真 有配 鼠标 这个 居然 鼠标
1,正如 黄河 中华民族 发源地 一样 美国 密西西比河 堪称 美国 精神 熔炉 马克吐温 通过 哈克 流浪记 刻画 美国 精神 渊源 朴实 语言 描绘 密西西比河 梦幻般 景致 幽默 甚至 辛辣 笔调 歌颂 男子汉 成长 以及 自由 梦想 冒险 精神 乃至 牛仔 作风 源流 因此 尽管 名为 儿童文学 称得上 美国 历史 最好 一部 文学作品 小时 读过 今天 男子汉 不足 少年 更应 看一看
0,首先 受到 误导 以为 四星级 没想到 四星级 里面 星级 他们 自称 星级 客房 提前 标明 肯定 不会 预定 这个 进去 之后 发现 先是 枕套 发霉 投诉 服务员 不是 发霉 只是 没洗 干净 岂有此理 不过 接着 毛巾 叠起来 里面 一面 居然 大块 黄斑 恶心 第二天 早上 居然 要收
0,超烂 全套 目前 一本 无法 继续 吹得 太过 误导 消费者
1,价格 一点 贵给 朋友 朋友 高兴 就行 上网 三维 要求 速度 上网 行玩个 聊个 玩玩 小游戏 足够
1,代替 狗狗 一群 日记 留言 日记 喜欢 嘻嘻
1,广泛 网上 点评 最后 选择 这家 商务 海景 标间 景色 确实 一流 隔音 效果 原来 准备 海天 实地 一看 知道 原来 对海 看海 前台 听说 协程 客人 冷淡 眼睛 大堂 经理 确实
1,中国 剪纸 艺术欣赏 实践 一书 一起 今天 收到 一家人 两本书 比较满意 书中 作品 很漂亮 欣赏 收藏 价值 看到 有人 认为 适合 初学者 认为 不尽然 剪纸 一门 需要 极大 细心 耐心 艺术 只是 玩玩 或者 小孩子 剪些 花卉 动物 小人 之类 简单 的确 适合 剪纸 艺术 发烧友 书中 提供 作品 纹样 很大 参考价值
1,颜色 喜欢 运行 速度 不错 挑选 很多 同类 品牌 机器 最后 看中 升级版 只要 不玩 专业 游戏 上网 本应足 满足 日常 价格 如能 优惠 更值
1,通过 儿子 一本 校车 故事 发现自己 深深 吸引 许多 知识 知道 儿子 天天 神奇 校车 现在 知道 有个 太阳系 恐龙 哪些 种类 蜜蜂 如何 采蜜 人体 哪些 器官 如何 工作 等等 远远 枯燥 科普 书籍 有趣 主要 小孩 印象 深刻 神奇 准备 第第辑 非常 一套 推荐
0,唯一 不足 对于 精通 来说 没装 系统
1,标准间 免费 升级 行政 不错 环境 不错 服务 门口 停车场 竟然 收费 不好 第一次 碰到 状况 希望 下次 住店 客人 能够 免费 不是 原因 是因为 你们 五星级 自然 应该 真正 五星级 服务
1,不管 企业 领导者 行业 分析家 战略 制定者 波特 竞争 三部曲 必读 经典 对于 分析 行业 结构 有着 全新 方法 从来 制定 适合 战略 打算 做生意 正在 做生意 思路 大开 对于 从事 行业 全新 认识 发现 角度 认识 管理 营销 分析 企业 战略 制定 招商 择业 必读 竞争 战略 基础 五力 模型 分析 所有 战略 围绕 五力 模型 展开
0,键盘 功能键 好像 翘起来 仔细观察 好像 东芝 大家 注意
1,作为 妈妈 个人 喜欢 怀疑 是否 适合 孩子 孩子 视角 观看 生活 幽默 口吻 讲述 实在 有趣 发人深省 对于 经常 加班 感到 疲惫 最近 作为 精神 放松 愉悦 心灵 良品 一段 忍不住 呵呵 地轻 同时 不必 刻意 反省 如同 尼古拉 父母 一般 同样 存在 很多 可笑 自我 矛盾 好像 大人 教育 意义 更大些 呵呵
0,介绍 实际 不符 不到 星级 标准 紧张 要求 信用卡 担保 到达 现场 客人 满意 最后 选择 宁可 扣除 房费 选择 喀什 其他 推荐 中西亚 国际 大酒店 价格 相仿 其为 四星 标准 沟通 不好 明明 介绍 实际 较大 偏差 价格 比起 当地 旅行社 价格 高出 可是 方面 扣除 订房 全部 房费 同样 考虑 是否 继续 使用 作为 选择
1,朋友 此书 不错 现在 孩子 一岁 考虑 可能 以后 会用 回来 继续 学习 以备 后用 一种 非常 清晰 方式 编写 技巧 容易 运用 语言 十分 得体 怎么 增进 孩子 亲情 怎么 孩子 分享 怎么 孩子 有效 表扬 一系列 类似 话题 这些 不仅仅 孩子 有用 任何 孩子 接触 十分 有用
1,套书 错过 多次 最后 朋友 推荐 庆幸 一直 错过 小时候 喜欢 瑞典 林格伦 作品 屋顶 卡尔松 淘气包 埃米尔 度过 难忘 童年 时光 直到现在 每当 看到 那个 风格 图画 触动 心底 温馨 记忆 老头 和菲菲 故事 幽默 温馨 女儿 三岁 非常 喜欢 常常 要求 看看 那个 发怒 公牛 看看 菲菲 斗鸡 相信 成为 女儿 温馨 童年 印象
0,单买 多元 很快 收到 可是 五套 熊宝宝 根本 发货 漏发 两周 过去 处理 失望
1,两本 姑获 魍魉 之匣 起来 翻译 不是 习惯 可能 先入为主 本人 喜欢 魍魉 之匣 被套 匣子 一直 一些 艰难 晦涩 理论 不过 这次 知识 涉及面 幸好 我学 心理学 专业 弗洛伊德 理论 一点 可能 骷髅 不是 鬼魅 这次 起来 一本 过瘾 听说 铁鼠 之槛 月份 不知 期待 一直 追下去
1,同一 客人 第二次 香港 第二次 香港 很多 其它 这家 性价比 最高 过去 发现 地铁 出来 远远 看见 大大的 好多 人才 走进 客人 晚上 出门 买点 不到 方向 五分钟 不到 的士 回来 那种 道路 建设 不是 非常 熟悉 的确 迷糊 不过 总的来讲 客人 下次 仍会 这家 尽管 市区 偏远 相对 安静 市区 嘈杂 或许 他们 便宜 缘故 所在 每个 各取 建议 地铁 出来 建点 标示牌 更好 补充 点评 年月日 道理 交通 打算 怎么 习惯性
0,很大 兴趣 买来 粗粗 一翻 排版 不错 姐姐 看吧 一本 可是 真的 实在 不怎么样 中文 英文单词 说话 实在 不想 勉强 练习 英文单词 肯定 效果 其它 方法 这强
1,威海 合庆 饭店 服务 特别 周到 特别 人性化 服务 走南闯北 很多 从来 家象 威海 合庆 饭店 体贴 周到 服务
0,有些 空洞 絮絮叨叨 多少 故弄玄虚 标榜 实用性 相差 较大
0,屏幕 主机 连接 轴承 脆弱 不敢 大开大合 可能 以前 习惯 机器 塑料 轴承 脆弱
1,一位 朋友 现在 房子 装修 像是 房子 倒像 豪华 污染源 屋里 时间 太长 很多 提倡 走出 家门 呼吸 大自然 空气 轻巧 起来 很难 现代 社会 使然 只能 长时间 屋里 不管 温馨 忙碌 办公室 直接 房子 谋杀 健康 不能 出去 保证 屋子里 安全 就行了 正在 装修 房子 谢谢
1,性能 强劲 前面 所说 散热 温度 低略温 光驱 无噪音 屏幕 完美 驱动 好找 好安口 性价比 漂亮 但够 大气
0,随机 附送 恢复 光盘 只有 电源适配器 光驱 托架 其实 完全 一套 恢复 光盘 还有 内存 太小 运行 有些 必须 内存 硬盘 显得 小些
0,发现 不是 喜欢 风格 儿子 喜欢 也许 女孩子 喜欢 书吧
1,不错 干净 安静 客户 请客 包房 味道 中式 早餐 略有 不足 没什么 味道
0,不可多得 成功 传媒 人士 为什么 一定 写字 来讲 没什么 可写
0,基本 用处 超乎 想象 也许 那家 小孩 或许 适合 以下 孩子
0,一般 旅游 的话 闹市区 便是 地板 不是 喜欢 地毯 宽带 另外 收费 不爽 不过 数字电视 算是 弥补 一下 客房 简单 家具 不够 大气 最好 卫生间 竟然 插座 马路 双层 不够 安静 补充 点评 年月日 上面 点评 点评 别的 宾馆 搞错 补充 一下 地点 闹市区 逛街 方便 除了 地板 其他 宽带 收费 不爽 早餐 一般 不过 鱼丸 味道
0,为什么 小房间 留给 携程网 预定 服务员 态度 不怎么样
0,结构 情节 直至 文字 毫无 新意 典型 网络文学 小说 要求 不高 纯粹 为了 解闷 或许 凑合
1,来说 服务设施 服务 人员 态度 不错 预定 所说 提供 免费 宽带 却是 专门 结帐 时想 使用 信用卡 支付 告知 当天 不能 刷卡 建议 这方面 信息 需要 准确
0,之前 入住 非常 服务 硬件 不错 这次 父母 亲戚 入住 这里 强力 推荐 这家 曾经 非常 不错 这次 完全 两样 这么 失望 没面子 当日 入住 按照 预定 单上 注明 左右 办理 入住 手续 总共 预定 前台 小姐 竟然 告诉 只有 一间 干净 两间 脏房 打扫 一间 当时 不爽 明明 之前 已经 确定 通过 确认 订单 入住 分钟 接到 再次 确认 电话 竟然 可能 退出 经过 一番 争执 总算 讨到 四间 原本 预定 真是 辛苦 其中 要换 楼上 楼下 服务员 说辞 一致 换房 差价 折腾 半天 后来 由于 赶时间 出去玩 不合 他们 服务员 培训 真是 应该 加强 第二天 早上 早餐 由于 每间 只有 一份 早餐 小孩 需要 早餐 碰到 前一天 相同 不同 服务员 说辞 一样 原本 下楼 用餐 打电话 咨询 三个 小孩 两个 优惠 下块 餐厅 用餐 两个 全价 半价 真是 十分 不爽 争执 就算 原价 支付 懒得 折腾 心情 美丽 令人气愤 一点 凌晨 点多 竟然 四星 里面 热醒 前提 空调 开到度 竟然 热醒 打赤膊 浑身 冒汗 其他 亲戚 状况 发生 竟然 为了 节能 空调 生气 打电话 房务 中心 总台 电话 水温 上去 有关 空调 然后 当班 经理 解释 空调 竟然 分钟 随便 服务员 电话 投诉 中央空调 重新 开启 对得起 闪闪 四颗星 中央空调 节约 他们 多少 能源 真不知道 如何 考虑 客人 重要 节约 下来 一点点 能源 成本 重要 后来 下楼 经理 交涉 半天 解决问题 心情 非常 不爽 最后 只有 收拾 办理 离店 手续 弱势群体 结帐 经理 过来 解释 有关 空调 水温 上去 温度 然后 投诉 空调 房价 这时 已经 心情 罗嗦 赶紧 结了 不要 出游 美丽 心情 再次 受到 影响 试问 真的 问心无愧 有关 空调 干嘛 打折扣 补充 点评 年月日 卫生间 莲蓬头 不怎么 好使 折腾 半天 勉强 原本 换房 小孩 不要 折腾 小孩 亲戚 宾馆 反馈 年月日 尊敬 宾客 您好 首先 真诚 道歉 对于 入住 段时间 为您服务 工作 失误 以及 平时 培训 到位 提出 批评 帮助 提高 表示 衷心 感谢 一定 接受 意见 希望 下次 来时 提供 更好 服务 祝您 家人 身体健康 工作 顺利
1,确实 不错 地点 较佳 海景房 正对 栈桥 小青岛 房门 不用 旅游 人群 欣赏 怡人 海景 早餐 丰富 环境 相对 价格 性价比 一楼 咖啡吧 简餐 价格 不高 味道 份量 特别 三明治 热狗 住客 住店 游客 解决 简单 一餐 作为 点心 选择 宾馆 楼道 点心 受欢迎 品种 质量 添加 及时 深受 孩子 喜爱 床略 小指 孩子 的话 总之 推荐 入住
0,上当 听说 电视 书里 讲些 知道 里面 故事 读者 摘来 没意思
0,已经 海景房 一般 拖鞋 据称 不是 一次性 包装 说明 再要 需要 收费 发现 这个 拖鞋 其他 五星级 比有 特别 显著 差异 拖鞋 费用 实在 对不起 这么 性价比 不高 房费 准备 拖鞋 不能 住店 期间 弄脏 意味着 收费 可能 理直气壮 环保 理由 下次 不会 实在 看不出 特别 舒服 海悦 建国 试试 反正 这个 海景房 没什么 意思 相当 一般般 服务 没什么 值得 称道 甚至 肯定 比不上 泰安 遵华 华美达 泰安
1,彭年 处于 闹市 停车 方便 异味 尤其 脱离 希尔顿 很多
0,最差 挂牌 五星 所订 行政 高级 江景 面对 富春江 不过 和江 中间 有个 中学 周围 很多 居民区 医院 乱七八糟 硬件 总的来说 马马虎虎 特色 只有 卫生间 镜子 加热 人性化 介绍 当地 景点 地图 杂志 方便 服务 非常 满意 停车场 管理 十分 混乱 正好 五一节 当地 结婚 从来 听说 哪个 五星级 举办 婚礼 基本 住客 保留 车位 一号 二号 两天 车位 半个 小时 同样 结婚 包场 原因 偌大 竟然 除了 以外 提供 餐饮 服务 客气 告诉 等待 一长 段时间 吃饭 只好 外面 试想 游客 一天 劳累 回来 吃不上 心情 如何 大量 设施 不能 使用 健身 游泳 美容 全部 停开 完全 不能 理解 客人 合理 解释 空调 系统 冷气 只有 冷风 修理 半天 半夜里 又坏了 非常 郁闷 保险箱 盗链 损坏 无法 修理 安全 以上 跟前 以后 那个 小姐 说会 马上 经理 联系 答复 然后 石沉大海 完全 敷衍了事 一直 离开 没个 说法 基本 所有 服务 人员 笑容 以上 五一节 两天 真实 感受 节日 服务质量 下降 能够 理解 厉害 挂牌 五星 真是 领教
0,有生以来 最差 竟然 早上 六点 多会 有个 疯女人 砸门 保安 无动于衷 投诉 竟然 监控 形同虚设 以后 绝不会 服务质量 绝对 需要 提高 不配 挂准 四星
1,屏幕 键盘 需要 适应 电池 测试 能撑 多久 轻薄 便于 携带
1,儿子 不喜品 课外书 这是 维一 一本 自已 想要 课外书 整天 哈哈大笑 不是 搞笑 搞笑 知识性 趣味性 作为 成年人 有时 一口气 完一 有所 收获 可见 知识性 不是 一般 肤浅 那种 主要 中以 历险记 形式 讲述 教会 孩子 许多 应对 危机 方法 可能 实用 一套 好书 值得 值得 收藏 反正 国内 大部分 出版社 那些 所谓 名著 价值
0,送货 时间 太长 订货 手里 足足 还有 不是 说免 运费 为什么 还收 块钱
1,显著 优点 电池 使用 时间 长二 配置 齐全 无线 蓝牙 摄像 必备 做工 不错 漂亮 小巧 便携 一本 杂志 大小 一般 书包 装下 品牌 网上 资料 相对 全六 一般 情况 硬盘 风扇 声音 不算
0,这是 本人 预定 糟糕 建议 取消 合作
0,涉嫌 欺骗 显示 行政 免费 上网 实事 并非如此 只有 行政 酒廊 上网 免费 房间内 上网 收费 每分钟 行政 酒廊 上网 前提 上网 激活 帐号 也就是说 最少 要花 两元 才能 上网 不再 房间内 这个 不是 欺骗 早知如此 不会 这里 房费 那里 不比 这里 上网 其他 服务 实在 一般 距离 市区 出行 方便 周围 设施 同等 价位 市里 下次 不会 还有 早餐 实在 一般 速度慢 老外 放下 事情 过去 搭理 人家 这点 很差 拖拉
1,理念 主要 公司 内部 情况 决定 股票 情况 操作 承认 基金 经理 事情 启发 不是 在于 股票 如何 企业 如何 培养 员工 毕业 工作 学生 应该 看看 到底 应该 什么样 企业 工作 以后 会当 老板 应该 看看 如何 对待 员工 如何 对待 企业 等等 作为 股票 应该 三星 其它 方面 启发
1,这里 舒服 心情 得到 及时 解决 不管 大堂 副理 服务员 专业 服务 水准 一流 早餐 丰富 旋转 餐厅 看到 玄武湖
0,发货 速度 没话说 圆通 真的 很慢 建议 以后 不要 圆通
1,交通 方便 电梯 特别 其余 特色
1,性价比 真不错 屏幕 很漂亮 闭眼 贴膜 呵呵 鼠标 屏幕 并不知道 惊喜 包装 厚实
1,福州 这里 这次 温泉水 总的来说 满意 早餐 简单
1,对于 某些 电影 表面 粗糙 内里 光滑 分析 可谓 入木三分 理解 那些 貌似 触及 现实 哪里 不对劲 影片 提供 清醒 视角 这个 角度 导演 来说 也许 讳莫如深 也许 自觉 不管 回避 无意识 对于 现状 屈服 有害 艺术 真诚 或者 他们 本来 艺术 无关
1,这个 社会 人们 越来越 自私 利益 为先 往往 丑陋 交际 过程 暴露 品行 相对 这个 社会 中要 站住脚 个人 品行 分不开 人交 朋友 一点 不错 不管 别人 修养 素质 怎么样 不到 资格 别人 就是说 公交车 人家 不肯 张口 道歉 欧巴桑 其实 适合 往往 已经 品行
0,第一次 入住 最后 一次 入住 理由 携程网 自助 早餐 价格 为元 实际 收取 解释 网上 价格 更新 隔音 效果 极差 楼为 晚上 听得见 唱歌 厕所 第一个 厕所 堵住 仍然 工程师 修到 近点 实在 不敢想像 会出 事情 服务态度 一种 冰冷 总之 最差
0,太脏 竟然 热水 本楼 服务员 锅炉 修理 不了 要求 既然 回答 全部 三个 热水 明显 骗人 空房间 搬走 不住 明确 告诉 两个 自作聪
0,机器 价格 不错 机器 价格 不错 机器 价格 不错 机器 价格 不错 机器 价格 不错 机器 价格 不错
0,摄像头 感光 黑处 效果 白天 接受 触摸屏 按键 需要 改进
1,昨天 第一次 下单 今天上午 外观 很漂亮 做工 精细 特别 屏幕 真的 亮眼 说老实话 冲着 优派 信誉 尽管 第一次 上网 内在 质量 现在 无法 评用 一段时间 交流 现在 连续 小时 不是 个人 认为 起此 价格 至于 电池 介绍 可用 小时 理解 到底 优派 客气 此本 耗电 厉害 使用 才能 知道
0,讨厌 上当 封皮 塑料纸 起来 上面 很多 作家 名人 名字 还有 很多 以为 好看 迫不及待 拆开 可是 只能 一般 根本 不配 这么 作家 名人 推荐 不过 单单 对于 质量 来说 不错 纸张 不错 印刷 封皮 摸上去 舒服 可是 不好 纸张 喜欢
1,前天 拿到 性价比 挺高 键盘 一贯 舒服 散热 效果 不错 运行 速度 很快 外观 漂亮
1,认真 一阵 时间 天书 古典文学 现代文学 思想 深海 传播学 海浪 深层 暗涌 表层 激荡 天书 如何 才能 读得
0,众多 好评 可是 失望 地板 气愤 看出 哪里 无论是 语言 故事
0,好像 单日 付款日 不了 中通 自提 送货 近天 不知 驱动 机器 触摸板 一旦 打开 右击 一样 现在 只能 鼠标 系统 不是
1,第一款 本本 好不好 概念 明确 目前 鬼泣 波斯王子 容易 深度 安装 驱动
1,人类 千万年 历史 最为 珍贵 不是 令人 炫目 科技 不是 浩瀚 大师 经典著作 不是 政客 天花乱坠 演讲 而是 实现 统治者 驯服 实现 他们 笼子 梦想 只有 驯服 他们 他们 起来 不会 害人 现在 笼子 你们 讲话 小布什
1,地段 星级 价格 环境 设施 考虑 相当 不错 其他 因素 下次 还会 使贵 良性 发展 提醒 几点 酒点 总台 服务 小姐 不够 专业 职业 笑容 水龙头 下水 有人 报修 管理 牵涉到 资源 成本 信誉 服务 空调 整夜 发出 流水 噪声 分贝 可能 小于 可能 影响 许多 客人 休息 希望 下次 得到 改观
1,镜面 效果 不错 声音 特别 喜欢 屏幕 前面 网罩 同事
0,系统 超级 麻烦 为了 几块钱 成本费 系统 改装成 系统 时蓝屏 几次 寄给 机子 左边 单击 那个 按键 点击 根本 反应 散热 一般
0,媒体 炒作 厉害 平时 时间 看电视 慕名 恭恭敬敬 拜读 发现 其实 一般般
1,突出 性价比 非常 开始 有些 担心 发现 内存 搭配 性能 不错 起码 非常 优秀 很大 硬盘 喜欢 机器
1,点评 选择 这家 果然 令人 失望 一位 员工 真心诚意 地为 客人 服务 国内 可谓 首屈一指 比如 超市 他们 不是 用手 一指 告诉 哪里 而是 亲自 带路 餐厅 用餐 空调 拿出 披巾 想不到 马上 服务生 送上 一碗 姜汤 海风 感冒 餐厅 早餐 他们 竟然 发现 感冒 冲剂 姜汤 感动不已 设计 设施 每天 精心 准备 礼品 罕有 大方 唯一 改进 员工 青岛市 具有 特色 景点 饭店 了解 培训 当然 其他 任何 一家 难能 做到 实在 其它 建议 补充 点评 年月日 建议 大家 不要 青岛 海底 世界 海景 花园 很近 极地 世界 好玩 去过 极地 海底 失望
1,我订 高级 淑女 房双床 干净 整洁 服务 早餐 种类 味道 办理 退房 速度 很快 总的来说 同事 比较满意
1,环境 不错 地理位置 客人 每次 这里 应该 满意
0,散热 不好 电源 散热 不好 另外 外观 太丑 作为 生日礼物
1,不错 绝对 不至于 影响 旅游 心情 后面 小楼 一楼 环境 不错 花园 一样 游泳池 露天 能够 看到 一直 有人 清洁 晚上 阳台 窗户 前台 打电话 提醒 客人 注意安全 补充 点评 年月日 另外 提前 联系 接机 返回 由于 老人 客房部 联系 一下 安排 机场 不足 设施 一般 早餐 很素
0,商品 不足 不足 邮政 物流 简直 骑毛驴 送货 天才 送到 分期 价格 保护 直接 多付 两百 二十多块 客服 态度 明显 以前
1,非常 安静 原来 那个 年前 三星 安静 这次 出去 旅游 出去 电影 音乐 看书 就算 堵住 散热 发觉 机器 过热 温温的 出门 方便 一般 放进去
0,付款 成功 显示 发货 可是 至今 看到 货物 没收 任何 通知 不知 怎么 说好
0,评分 不是 当当 服务 或者 书质 不好 而是 实在 不了 高分 合适 买来 细读 只能 杂志 一样 翻翻 本身 高段 不论是 文字 叙述 体验 感悟 不说 其他 年龄 实在 应该 不好意思 这类 文章 不是 歧视 这个 年龄 或者 而是 认为 人活 一辈子 很多 应该 太早 定论 说不定 认为 所想 奇怪 为什么 登上 排行 暂不提 观念 是非 书中 本身 很多 观念 自相矛盾 很多 某件事 体悟 而已 动不动 身边 局限性 非常 不堪 实在 应该 书来 误人子弟 读者 不必 书来 浪费时间 不过 别人 那篇序 值得 琢磨 琢磨 其中 言外之意 弦外之音 可得 会心一笑
1,带给 一样 职场 小说 让我学 一点 经验 贴近生活 生活 发生 事情 有些 小说 那样 浮夸 简单 温馨 有趣 带给 快乐 享受 看着 米娅 蜕变 始终 坚持 选择 适合 想要 环境 完全 左右 做个 快乐 职场
1,很久没 有读 爱不释手 草房子 一本 儿童文学 书籍 草房子 叙述 鲜活 生命 童趣 般的 故事 回到 儿时 记忆 回到 他们 之间 一起 嬉戏 生活 适合 儿童 大人 之间 桥梁 作用 生活 如此 平凡 美的 无处不在 学会 在生活中 寻找 给予
1,提出 一种 工作 生活 方式 作为 咨询 元老 不仅 提出 理念 能够 身体力行 实践 并且 提出 具体 步骤 展现 一种 自然 生活态度 一种 劳役 结合 张弛 有度 生活 方式 提出 观点 引入 欧美人 乐观 生活 方式 并且 结合 现在 日本 社会 状况 生存环境 提出 一种 切实可行 生活 历程 其实 这些 观点 同样 适用 现在 正在 日本 后尘 中国 人会 幸福
1,刚刚 认真 翻开 夏日 历险 之后 泪眼 朦胧 男孩儿 为了 得到 梦寐以求 小马 拼命 猴子 拿到 奖金 可是 梦想 实现 改变 主意 为了 妹妹 可爱 男孩 忍痛割爱 所有 奖金 交给 妈妈 用来 妹妹 妹妹 手术 归来 哥哥 牵着 小妹妹 小手 奔跑 山川 之间 眼泪 汹涌 而出 贯穿 始终 动物 家人 之间 浓烈 始终 围绕 身边 再次 强烈推荐
0,不可 思意 一周 再次 入住 上次 入住 单人间 靠近 内部 风道 控制系统 噪声 实在 第二天 强烈要求 更换 答应 要求 当晚 得以 安睡
0,订单 现在 杳无音信 还有 首页 不是 打出 封顶 宣传 实际 超过 销售 电话 咨询 回答 只能 购物车 价格 为准 当当 服务 真的 改善 一下 不要 以为 不思进取
0,对书中 科学性 有些 怀疑 书中 一些 穴位 不是 容易 找准 个人 认为 实用性
0,名字 吸引 别人 误导 回来 知道 好笑 一本 分类 单词 集配 不咸不淡 插图 知道 哪来 体现 容易 记忆 有种 上当
0,驱动 还要 驱动 屏幕 不是 主流 这个 看起来 显得 一些 键盘 不是 容易 进灰 那种
1,干净 打开 窗口 看见 三塔 嘿嘿 门票 出门 开车 五分钟 沧海 高尔夫 实在 方便 美中不足 出门 朋友 手机 床上 非常 确定 一定 以及 肯定 离开 大理 半小时 起来 连忙 打电话 过去 没想到 手机 挂掉 关机 打电话 总台 服务员 分别 肯定 告诉 看见 只好 自认倒霉
1,非常 地理位置 豪华 海景房 打开 窗户 看见 栈桥 海景 记得 很早以前 现在 重新 装修 总的来说 比较满意 以后 还会
0,太像 公寓 简直 公寓 大厅 非常 公寓 公寓 非常 居然 还有 厨房 相关 设备 其实 根本 机会 使用 可能 随身带 餐具
1,性价比 主流 配置 我想 用个 几年 不错 还有 罗技 鼠标 两张 驱动 盘省 麻烦
1,由于 小孩 震天响 炮仗 每年 大年夜 初四 晚到 宾馆 过夜 习惯
0,重量 偏重 屏幕 边框 太宽 键盘 大小写 指示灯 麻烦 原装 那个 自启动 蓝牙 控制 保留 的话 屏幕显示 大小写 状态 自动 启动项 删除 随机 启动 的话 知道 怎么 区分 大小写
1,距离 北站 长途 客运站 干净 只是 早餐 房价 相对 竞争力
1,四月 下旬 入住 行政 套房 三天 原则上 大致 满意 以下 看法 或许 装修 较久 厨房 些许 霉味 厨房设备 严重 泛黄 电梯 住户 共用 两台 有时 时间 电梯 前台 经过 六阶 左右 楼梯 些许 方便 居住 方便 对面 不远 吉之岛 提供 简易 锅具 符合 套昂 设备 定义 宾馆 反馈 年月日 感谢您 选择 入住 万事达 给予 宝贵 建议 现有 简易 厨具 提供 由于 数量 有限 一般 客人 需要 情况 免费 提供 锅具 餐具 客人 使用 希望 再次 选择 入住 万事达
0,门缝 太阔 晚上 蚊子 晚间 异味 其他人 评分 一样 最差 一间
1,确实 全新 开封 硬盘 通过 次电装 系统 需要 电池 未冲 过电 屏幕 无亮点 完美
0,这个 实在 太小 很小 很小 舒服
1,总有一天 流逝 时间 消失 往事 习以为常 无论 怎样 方式 结束 溺水者 知道 一滴水 一天 二十一岁 一生 黄金时代 好多 奢望 一瞬间 变成 天上 半明半暗 千万 之中 遇到 遇到 人于 千万年 之中 时间 无涯 荒野 一步 晚一 刚巧 赶上
1,这次 入住 港澳 身份证 预订 登记 安排 楼层 很多 呵呵 真是 区别 似乎 改造 行李 态度 不错 下午茶 款式 丰富 入住 五十元 代金券 算下来 价格 划算 下午 再来 考虑 入住
1,标间 卫生间 很大 设施 齐全 热水器 不是 大床 软硬 刚好 合适 按摩 小姐 骚扰电话 不过 正常
0,镜面 容易 指纹 休眠 开机 老出 可能 备份 搞懂
0,性价比 县城 房价 北京 上海 广州 深圳 同级 房价 服务 一般 招待所 差不多 值得
0,非常 失望 酒店设施 相对 淄博 宾馆 算好 烟味 非常 安排 无烟 这些 就算 本来 淄博 期望 没想到 还有 糟糕 预定 济南 礼宾 告诉 确认 预定 说明 结帐 时列 第二天 一早 打电话 确认 下午 结帐 时说 前台 小姐 没收 预定 非常 傲慢无礼 要求 先结 房费 接着 礼宾 拿来 一张 单据 签署 价格 不是 而是 服务费 第一次 遇到 情况 要是 付现金 不用 服务费 大堂 副经理 过来 解释 信用卡 支付 手续费 加收 认为 不合理 礼宾 我定 车时 说明 一点 银行 手续费 竟然 从来 没听说过 这么 银行 刷卡 手续费 最后 强烈 抗议 之下 大堂 副经理 按照 元刷 信用卡 收上 预定 知道 出租车 不是 专用车 车队 出租车 签订 协议 出租车 每年 交纳 几千块 管理费 然后 客人 定去 济南 机场 他们 说明 乘坐 这辆 出租车 服务 性价 服务 比上 这家 合适 不会 入住
1,不错 大连港 很近 步行 几分钟 坐船 游客 适合 这个 宾馆 四星 三星 多点 四星 不过 宾馆 价格 对得起 客人 大连 如家 快捷 两百多 非常 感动 早上 四点 多到 大连湾 码头 送到 火车站 然后 打车 宾馆 时间 大概 六点 左右 非常 担心 这么 宾馆 不会 入住 忐忑不安 走进 宾馆 前台 只有 服务员 态度 非常 亲切 一直 温和 笑容 温暖 确定 预订 并且 空房间 办理 入住 得以 休息 小时 外出 赶往 发现 王国 小时 休息 非常 重要 有效
1,价格 合算 安装 系统 速度 很快 驱动 安装 傻瓜式 不错 安装 驱动 好像 系统 准备
1,干净 入住 办理手续 时间 较长 退房 办手续 速度 极快 基本 满意
1,前台 小姑娘 有意思 经常 入住 呵呵
1,进入 索菲特 银座 大饭店 受到 前台 小姐 热情 接待 告诉 通过 预订 免费 升级 非常 温馨 安排 专门 女士 楼层 这么 第一次 听说 专门 女士 楼层 特色 很多 好看 女性 杂志 还有 化妆棉 重要 特别 空气 视野 更好 看到 济南 建筑 大明湖 泉城 广场 尽收眼底 下次 济南 一定 这里
0,键盘 粗糙 安装 无线 网卡 需要 手工 安装 不然 重启 无线 受限
0,贵州省 委办 事情 由于 不是 熟悉 贵阳 通过 贵阳 武岳 进武岳 离开 太旧 服务 太差 以前 比差 太多 根本 不能 算是 知道 怎么 太小 早餐 太差 一天 早餐 绿豆粥 竟然 开始 以为 贵州 特色 后来 几口 发现 绝对 食物 变质 郁闷 每天晚上 本来 报纸 天中 竟然 只发 重要 图片 实际 中武岳 外观 客房 图片 完全 不同 太太 太差 知道 怎么 调查 武岳 服务 更是 恶劣 结帐 非说 他们 压缩 毛巾 他们 浪费 一个多 小时 不了了之 一句 服务 意识 品质 天花 怎么 压缩 毛巾 没用 他们 天天 浴巾 现在 没想 清楚 贵阳 离开 西安 没用 实在 上面 太难 相信 诚信 民族 宝贵 财富 为什么 现在 这么 宝贵 财富 统统 抛离 最后 剩下
1,重要 性价比 怎么 原装 系统 支持 兰牙 网络 你们 支持
0,几次 不是太好 服务 总是 出现 一些 订单 打电话 配货 贵网 明明白白 按规定 天内 发货 记录 显示 直到 日才 发出 一种 服务 糟糕透顶 上次 退货 能否 早些 退货 客服 人员 回答 不能 只能 个个 工作日内 办理 一直 以后 打电话 客服 人员 几天 解决 规定 顾客 制定 公司 人员 无所谓 缺乏 信任感 服务 服务态度 无聊 没事 客服 大多数 客房 要求 只要 承诺 的话 做到 希望 你们 完美 好好 改进 否则 几年 这个 世界 不知 有没有
1,五星级 元标 房价格 实惠 电视 太小 其他 不错
0,值班 经理 当天 由于 航班 原因 早晨 点分 我订 点岛 最早 到达 时间 服务员 允许 进入 当时 并未 提出 加收 费用 押金 中午 值班 经理 突然 打电话 必须 再交 一天 费用 据理力争 你们 服务员 应该 告知 义务 事先 说好 同意 多少 不算 竟然 清楚 电话 当天 服务员 打电话 质问 承认 错误 并愿 承担 损失 当即 值班 经理 联系 竟然 处理 没关系 一定 要付 当即 提出 退房 当时 竟然 现在 一天 房钱 规定 出来 竟然 回答 保密 下楼 我要 名字 告知 投诉 竟然 必要 告诉 名字 经理 服务态度 竟然 管理人员 可想而知 管理 人员 什么样 态度 客户服务 补充 点评 年月日 这个 真得 办法 语言 形容 希望 各位 管好 钱包 免得 知道 怎么回事 各位 最好 办法 不要 否则 知道 到底 为了 多多 转告
1,商务 很小 装修 陈旧 家具 古都 特色 早餐 一般 却是 旋转 餐厅 用餐 楼下 牡丹 广场 不错 可惜 洛阳 阴霾
1,外观 很漂亮 出人意料 漂亮 做工 非常 帮人 代买 满意 本地 电脑城 家电 卖场 便宜 很多
0,非常 服务 几个 朋友 天津 为了 大家 晚上 玩牌 方便 特定 这家 房一厅 先到 自然 登记 开房 超过 保留 时间 留放 遇到 前台 服务员 冷冰冰 吩咐 我要 所有人 身份证 那来 登记 否则 不让 电梯 奇怪 难道 号称 四星级 服务 可气 朋友 办理 登记 后进 居然 发现 洗浴 用品 拖鞋 只有 也就是说 手段 防止 登记 入住 简直 气愤 我花 六白 多元 住进 这家 所谓 星级 享受 低劣 服务 噩梦 没完 第二天 退房 前台 收银 房价 电话 扯皮 将近 分钟 情愿 我结 知道 欺骗 欺骗 总之 今晚 大酒店 太令 失望 强烈要求 返还 房费 补充 点评 年月日 评级 分个 怎么 平均分 继续 误导 消费者
1,不错 柳州 属于 最好 周围环境
1,作为 经济型 连锁 锦江 之星 比如 家莫泰 高出一筹 明显 本身 宽敞 厕所 局促 马桶 加长型 早餐 丰富 整个 色泽 基调 看着 舒服 如家 土点
1,位置 环境 不过 出差 这里 不错 选择
0,粗制滥造 之后 浅显 简单 稍微 智慧 女孩 不用
0,其实 网上 看过 心理 上集 好好 看一看 一本 回来 恶心 可能 盗版 原因 几十页 以后 不会 买书
1,朋友 第一次 香港 一般 标间 好象 一点 隔音 不是 服务 不错 交通 方便 下楼 地铁 价钱 好象 下次 情愿 远点 价钱 便宜 反正 坐地铁 远点 分钟 时间
0,键盘 容易 灰尘 声音 一般 不够 声音 调节 按键
0,第一 插入 无线 上网卡 接口 自动关机 第二 待机时间 宣称 长久 第三 容易 手印
1,订单 发出 第天 稍慢 书本 质量 需要 怀疑 喜欢 作家 之一 至于 翻译 如何 全文 书本 质量 来说 相当 满意 平实 华丽 封面 精美 包装 内页 舒服 乳白色 喜欢 样子 价格 更是 朴素 难以置信 地步 这是 六角 丛书 一本 六角 丛书 经济 实惠 好书 希望 光明日报出版社 多出
0,屏幕 边框 宽宽的 夸张 顶部 左右 两侧 风扇 知道 原因 反正 使用 风扇 一直 不是 大胆 不小
1,外观 性能 没得说 相信 以后 不会 选择 其他 品牌
1,真的 不错 早餐 韩式
1,服务 服务员 一杯 茶水 温馨 硬件 一些 性价比 下次 山水
1,通俗易懂 几乎 孩子 每一 阶段 面临 提到 具体 解决 方法 书到 手里 几乎 一口气 读完 对待 孩子 心态 十分 放松 尊重 任何 轻松愉快 态度 面对 解决 以后 原来 养育 孩子 不是 那样 现在 心态 平和 许多 面对 孩子 分数 客观 许多 轻松 许多 超级 推荐
0,发货 实在 太慢 打包 三天 发货 几次 终于 发了 订单 圆通 给我发 通天 到货 另外 客服 不怎么样 咨询 信息 几个 小时 回复 最烦 老是
0,甲醛 含量 过高 严重 影响 客人 身体健康 入住 开门 差点 第二天 回来 开门 再次 雷到 换房 情况 床单 三处 污点 退房 时有 总台 反应 好象 没什么 反应 早饭 速度 赶上 服务员 盘子 速度 否则 桌子 不会 留下 补充 点评 年月日 哈刚 价格 降到 下次 砍价
1,价格 竞争力 做工 性能 超出 意料 功能 非常 正在 不断 开发 人脸识别 软件 没试 改天
1,一个系列 准备 送给 侄子 一下 质量 里面 图画 吸引 小朋友 小熊 小兔 松鼠 之类 小朋友 喜欢 动物 小朋友 年龄 建议 家长 陪同 小朋友 情商 发展 帮助 这书 中英对照 小朋友 灌输 一下 一些 简单 英文 以上 代表 本人 一点 观点 至于 实际 情况 还要 侄子 才能 再说
0,明明 只到 原因 以后 怎么
1,虹口 商务酒店 虹口 大酒点 对面 起来 外观 实在 落差 很大 大堂 可怜 入住 之后 发现 不错 优点 价格 适合 年轻人 居家 旅行 性价比 卧房 卫生间 干净 整洁 地理位置 紧邻 滨海 大道 烟台 骄傲 很漂亮 交通 便利 环境 缺点 隔音 内部 设备 有些 简单 陈旧 电视 大堂 很小 对面 虹口 大酒店 对比 落差 很大 并且 大堂 常有 出入 不爽
1,这次 价格比 以前 一点 客户 首选 环境 非常 服务 也好 门口 服务生 呆呆 其他
0,呵呵 简单 几笔 居然 表达 如此 丰富 生活 可爱 直子 可爱 生活 漫画 生活 美好 变成 小小 女生
0,实在 喜欢 绝对 看头 浪费 精力 一般 放弃 有空 看看 旅行 手册 也好
1,有种 想要 旅行 冲动 为了 仔细 体会 那些 风格各异 建筑 传递 意义 周围 一切 变得 生动 起来 一面 一扇 衣柜 一张 书桌 有着 个性 信仰 广博 知识 独特 视角 流畅 文字 喜欢 成为 环境 更为 有心 读者 美即 幸福 许诺 多少 幸福观 多少 种美 司汤达
1,早餐 位置 不错 打车 火车站 十几员
1,轻便 小巧 配置 不错 送货 速度 当天 下午 四点 下单 次日 上午 十点 到货
1,朋友 一看 眼镜 闪光 配置 样式 时尚 配件 非常 齐全 对得起 这个 价格
1,到手 没用 进不了 系统 硬盘 嘎吱 硬盘 肯定 震坏 或者 怎么 然后 发回去 退货 然后 别的 一台 郁闷
1,安顿 情感 实录 喜欢 绝对 隐私 回家 悲欢 情缘 这些 书里 故事 有种 无以 言表 感动 原来 这个 社会 或许 身边 有着 那样 人生 故事 有着 那样 这些 这些 其实 身边 发现 经历 成熟 他们 经历 成熟 谢谢 安顿
0,系统 初始 硬盘 分成 区盘 竟然 方便使用 后来 重新 分区 使用 外置 光驱 安装 专业版 还好 附赠 光盘 中有 驱动程序 安装 顺利
1,商品 描述 实物 一致 确实 惠普 商用 顶级 机器 起来 不错 第一次 开机 选择 使用 位版 或者 位版 只有 一次 选择 机会 这个 价格 硬件 配置 软件 相比 应该 物有所值 很多 知道 一款 机器 原来 卖场 里面 电子产品 降价 很快 说起 这台 确实 不错 此外 散热 网上 很多 开机 一会儿 尤其 屏幕 下方 旁边
0,既然 朗读 手册 应该 一本 朗读 孩子 书吧 翻开 知道 原来 全书 围绕 大声 孩子 读书 这个 废话 只有 最后 几页 孩子 推荐 书目 列表 用处 总结 这是 一本 毫无价值 标题 垃圾
1,外观 精致 做工 优异 发货 速度 屏幕 亮丽 可视 角度 键盘 布局 上网 功能强大 信号 接收 能力 兼容 双卡
1,如家 定位 不错 出差 基本 订如家 这次 十一 经路店 遇到 麻烦 一楼 餐厅 吃饭 时钱 夹被 本来 出门 小心 看到 餐厅 只有 很少 几位 住店 客人 就餐 放松 警惕 外套 放在 椅子 盯上 做到 后面 口袋 后悔 最后 一排 恐怕 不好 下手 服务员 估计 不到 好心 提醒 我要 衣服 奇怪 平常 没套 活该 破财 人家 暗示 反应 大家 天津 这个 店要 小心
0,风扇 好像 通病 音质 系列 电源 插口 紧不太爽 每次 拔出 要花点 力气 还有 系统 麻烦 建议 以后 直接 放个 方便 安装
0,订单 今天 没到 当当 显示 完成 交易 请问 怎么回事 订单号 订单 今天 没到 当当 显示 完成 交易 请问 怎么回事 订单号 订单 今天 没到 当当 显示 完成 交易 请问 怎么回事 订单号
0,以为 里面 很多 图片 原来 文字 实在 心情 主要 照片 那该 怎么 确定 美女 不太能 信服
1,优点 发现 即使 硬件 由于 总线 只有 内存 降频 使用 请教 各位 调节 集成显卡 显存 选项 哪里
0,网上 拉拉 升职 介绍 看到 书中 好多 错别字 失望 遗憾 应该 作家 文字水平
0,无论 任何 角度 讲该 只能 评为 星级 首先 推荐 认为 只有 原因 返点 最高 补充 点评 年月日 教训
1,机场 很近 分钟 不到 块钱 可是 市区 实在 太远 中间 有段 荒凉 旁边 有个 初莲花 还有 明珠 广场 环境 不错 价格 竞争力 朋友 同时 入住 房价 朋友 通过 公司 预定 房价 仅为
1,高木 直子 漫画 突破 以外 少女 漫画 框架 反而 充分 家庭 温馨 心情 不好 一定 看看 心情
0,中通 垃圾 通知 很多 送到 去取 那个 大件 不用 好点 快递 还有 哪位 大哥 知道 麦克风 麦克风 声音
0,钢琴漆 外壳 指纹 收集器 屏幕 边框 太宽 只有 内存 插槽 升级 只能 换掉 原来 那条 内存
0,报纸 宣传 冲动 后来 网上 发现 不贵 时间 粗略 一般般 并非 物有所值
0,内存 开机 风扇 声音 预装 系统 一时 不到 用户名 密码
1,不错 外观设计 做工 精美 质量 可靠 送货 速度 很快 质量 放心 多大 包装 不错 发货 速度 基本 当天 发货 刚用 不错 想象 中要
1,环境 地点 方便 服务 下回 还会
0,属于 政府 招待所 酒店设施 非常 一般 服务态度 令人满意 床上用品 干净 枕套 居然 大面积 油渍 居然 一样 床单 很多 头发 被罩 还有 零星 血渍 早餐 质量 天天 一样 令人 食欲 早餐 喝碗 鸡蛋 希望 邯郸 地区 能够 尽量 提高质量 服务水平
1,楚辞 文化 知识 学习 研究 大学语文 普遍 涉及 领域 屈原 代表 时代精神 值得 后人 深思 学习 此书 目前 楚辞 注解 全面 权威 著作 其所 涉及 知识 层面 无论 广度 深度 而言 符合 一般 普通 文言 知识 读者 中华书局 历来 编排 文字 版本 尊重 原著 写作 习惯 初版 结构 于是 此书 更具 物以 念旧 以求 感情 诉求
0,只能 硬件 环境 没什么 点评 免费 注册 网站 导航 宾馆 索引 服务 说明 关于 诚聘 英才 代理 合作 广告业务 联系
0,内存 不过 现在 内存 便宜 需要 操作 系统重装 经常 移动 稳定性 不如 不过 很少 移动 类型 集成显卡 风扇 声音 很大 系统 麻烦
1,装修 只是 洗澡 热水 分钟 起来 附近 热闹 楼下 文庙 有些 古色古香 闽南 建筑 对面 佛寺 点路 不远 关帝庙 清真寺 不过 汽车站 有些 距离 步行 分钟 左右 不过 标的 房价 周末 早餐 平时 只是 现在 星级 好像 吝啬 瓶装水 没要 出钱 反而 现在 商务酒店 免费送 瓶水
0,发热 普遍 不过 开始 使用 情况 这个 热是 带来 任何 不要 常用 手去 存在 除非 鸡蛋 哈哈
1,开始 平时 接触 一样 原来 别人 眼里 世界 这个 样子 国家 民族 角度看 本身 一件 严肃 意义 每个 人生 民族 认同感 需要 一些 民族主义 书里 有些 观点 有些 警醒 作用 需要 辩证 需要 判断 理解 的话 不能 被动 全盘接受 俗话 来说 带到 沟里 呵呵
0,外壳 塑料 感太强 低档 为什么 外壳 稍微 好点 舒服 不了 多少 成本
0,看到 排行 一张 买卖 全是 喜欢 儿子 作为 讲故事 看起来 无法 投入
1,冰冰 不爽 五星级 评分 以资鼓励 以观后效
0,居然 设置 无烟 实在 无语 宾馆 反馈 年月日 尊敬 宾客 非常 感谢您 入住 七星 商务酒店 楼为 无烟 楼层 客房 楼层 客房 设有 明显 无烟 楼层 标志 诚挚 期待 下次 光临 尽量 满足 订房 需求
1,服务 小时 供餐 晚上 点到 专门 提供 晚餐 感动 价格 实惠 唯一 感到 不足 入住 手续 分别 开车 找到 大堂 告知 办手续 订房 并未 告知 几号楼
1,装潢 设施 不错 只是 有些 油漆味 早餐 只是 品种 不是 很多 交通 方便 周围 饭店
1,优点 大堂 客房部 服务 非常 热情 冰箱 特地 从别 冰块 特色 大床 房送 茶香 一些 杂志 有意思 地理位置 不错 周围 家乐福 购物广场 交通 方便 早餐 很棒 自助餐 非常 丰盛 西式 有加 速度 很快 缺点 隔音 极差 晚上 隔壁 客人 说话 吵醒 最近 装修 早上 开工 完全 睡不着 冰箱 电视 卫星频道 设施 马桶 毛巾 陈旧 不过
1,本本 想象 遇到 暴风 影音 黑屏 现象 运行 速度 很快 散热 不错 第一次 网上 本本 到货 很快 满意 这个 价格 这个 配置 算是 超值
0,不闷 千万别 超级 郁闷 一本 很闷 只能 这么
1,大人 孩子 喜欢 只是 有些 文字 画面 含蓄 孩子 有些 看不懂 大人 开怀 比如 封底 蚯蚓 双眼 好象 偷看 蚯蚓 为什么 偷看 偷看 日记 开始 理解 一直 开导 慢慢 地才 引入 正确 理解 继而 会心 非常 享受 开导 过程 相信 若干年 书架上 寻找 踪影
1,来说 服务设施 服务 人员 态度 不错 预定 所说 提供 免费 宽带 却是 专门 结帐 时想 使用 信用卡 支付 告知 当天 不能 刷卡 建议 这方面 信息 需要 准确
0,一般 不是 近几年 审美 时间性 色彩 表现 方式 不如 近几年 作品
1,大堂 不错 温馨 舒适 不错 五星级
1,小时候 看过 这部 电影 喜欢 小女 主人公 圆圆的 齐眉 流海 软软 甜甜的 世界 直率 光明 生活 美好 友善 真诚 记得 哪个 年龄 不过 记忆 深刻 某次 西西 咖啡店 喝水 无意 中翻 一下子 勾起 回忆 心里 暖暖的 亲切 温暖 点点 感伤 也许 如书中 黑白 摄影 图片 表达 一些 一些 已经 过去 不再 重来
0,太小 时太累 关于 篇幅 很多 人住 愿意 时间 在家 折腾
1,性价比 实用 决定 之前 听说 这个 牌子 孤陋寡闻 之后 喜欢 一个多 星期 异常情况 出现 希望 以后 不要 出现
1,首先 满意 接机 服务 一点 大家 取得 共识 酒钢 办事 酒钢 办事 这里 非常 方便 服务员 热情周到 订车 感动 第二天 办事 前一天 发现 衣服 口子 出去 时间 处理 本人 缝纫 手艺 于是 情急 之中 找到 服务员 回来 衣服 补好 皮鞋 擦亮 一定 耽误 这里 她们 服务 表示 小小的 感谢 补充 点评 年月日 大家 点评 补充 几句 鄙视 一下 那位 朋友 教育 基金 还要 报销 报销 抱怨 高级 提外 大家 不要 见怪 实在 看不过去 本人 支持 公益事业
0,开始 感兴趣 后来 没意思 思考 角度 特别 适合
0,声音 触摸板 灵敏 误操作 下面 按钮 生硬 太重 轻点 更好
0,非常 失望 酒店设施 相对 淄博 宾馆 算好 烟味 非常 安排 无烟 这些 就算 本来 淄博 期望 没想到 还有 糟糕 预定 济南 礼宾 告诉 确认 预定 说明 结帐 时列 第二天 一早 打电话 确认 下午 结帐 时说 前台 小姐 没收 预定 非常 傲慢无礼 要求 先结 房费 接着 礼宾 拿来 一张 单据 签署 价格 不是 而是 服务费 第一次 遇到 情况 要是 付现金 不用 服务费 大堂 副经理 过来 解释 信用卡 支付 手续费 加收 认为 不合理 礼宾 我定 车时 说明 一点 银行 手续费 竟然 从来 没听说过 这么 银行 刷卡 手续费 最后 强烈 抗议 之下 大堂 副经理 按照 元刷 信用卡 收上 预定 知道 出租车 不是 专用车 车队 出租车 签订 协议 出租车 每年 交纳 几千块 管理费 然后 客人 定去 济南 机场 他们 说明 乘坐 这辆 出租车 服务 性价 服务 比上 这家 合适 不会 入住
0,货源 紧张 单号 自带 运行 实在 太慢 内存 现在 行为 包装盒 出厂 配置 标签 上印 双核 处理器
1,外观 漂亮 小装 系统 麻烦 各位 高手 哪个 摄像头 驱动程序 刚买 亏了 一个包 别的
0,散热 一般 鼠标 最大 第一次 开机 听到 底部 风扇 声音 正常 特别 打电话 客服 推到 华硕 客服 发现 风扇 声音 知道 怎么 解决
1,儿子 故事 实用 幼儿园 海边 沙子 城堡 幼儿园 挨罚 商场 切合 孩子 平场 行为 基本 碰到 现在 孩子 弟弟 妹妹 情况 故事 语言 孩子 图片 非常 生动 儿子 喜欢 不过 不算 刚上 幼儿园 孩子 适合 对岁 以上 孩子 来说 稍微 有些 简单
0,最大 缺点 内存 太小 另外 驱动 光盘 只有 官方网站 下载
1,电视节目 是因为 翻翻 不错 体积 出门 方便 是因为 故事 不长 不会 很累 可读性 反复 想法 其实 实际 不能 反复 一般 不会 节约资源 以后 适合 接触 总会 遇到 一类 语言 交流 接触 重要 一门 课看 书里会 明白 平时 不太 注意 可能 交往 问题所在
0,屏幕 三星 不是 雪花 不过 效果 确实 非常 一般 效果 没法 好像 不是 镁铝合金 指纹识别 取消 以前 型号 芯片组 一样
0,优点 缺点 前台 真的 换换 刷卡 出奇 前台 服务员 态度 不是 要命 缺点 宾馆 主要 功能 时能 提供 相对 安静 环境 可是 这里 实在 吵得 要命 联系 前台 提出 置之不理 全天 暖气 实在 搞笑 前台 五点 以后 提供 大酒店 旅社 区别 旅社 提供 小时 暖气 真的 搞笑
1,高兴 看到 药药 终于 完成 这部 新作 算是 填补 国内 娃圈 专业书籍 出版 空白 新入 娃圈 新手 娃妈 即将 变成 娃妈 提供 一份 详细 养娃 指南 值得 鼓励 中药 药以 口吻 生动 娃妈 养娃 心路历程 如数家珍 介绍 她家 少爷 同时 大家 看到 药药 一份 执著 热诚 衷心希望 药药 紫玉 继续 努力 打造出 属于 你们 完美 华丽 娃娃 世界
0,一年 中国 上上下下 多次 这个 性价比 最差 服务态度 恶差 也许 他们 太忙 他们 说话 懒得 恶差 补贴 中国 八十年代 建筑 不介意 白漆 涂涂 二个 颜色 三个 颜色 当然 不是 配色 而是 补贴 电视 居然 使用 天线 没错 看错 他们 有线电视 更别 指望 卫星电视 恶脏 卫生间 马桶 盆希里 哗啦 地板 边上 长霉 墙角 莫名 液体 地点 太远 展馆 边上 还要 早餐 别提 二楼 门口 铁板 起来 晃晃悠悠 廊桥 同志 展会 锦江 之星 别的 反正 老板 对不起 实在 太差
1,今天 拿到 下机 屏幕 效果 好玩 游戏 不错 毕竟 显卡 强劲 散热 不错 风扇 安静
0,内部 装修 尚可 周围环境 价格 偏高 不划算 双人 只有 大约 好像 童床 早餐 标价 竟然 品种 很少 不包 早餐 千万别 抢钱 一样 中餐 午餐 开想 吃饭 太阳 远处 最近 工作 原因 很多 城市 不少 这是 偶遇 惟一 一家 上网 收费 中档 可能 孤陋寡闻 每天 简直 不可理喻 房费 超过 对于 离谱 空调 声音 效果 不好 不是 一般 不好 知道 其他 怎样 插曲 入住 打开 房门 过道 竟放 铁架 内装 正在 运转 压缩机 轰鸣 正好 只好 行李 放在 走廊 电话 通知 服务员 拿走 竟然 通知 三次 分钟 机器 拖走 一句 道歉 的话 电视机 几乎 国外 频道 日语 居多 不爽 补充 点评 年月日 笔误 应该 中餐 晚餐 不开
1,下午 四点 多下 隔壁 第二天 中午 收件 不到 小时
0,物流 速度 太慢 物流 速度 太慢 物流 速度 太慢 物流 速度 太慢 物流 速度 太慢 物流 速度 太慢 物流 速度 太慢 物流 速度 太慢 物流 速度 太慢 物流 速度 太慢
1,优点 环境 优雅 绿化 服务员 热情 免费 接送 服务 缺点 按摩 电话 瓶装 矿泉水 建议 首次 入住 提供 水果 提供 免费 瓶装 矿泉水
0,显卡 浪费 显存 系统 一些 劲要 一下 硬盘 改成
1,散热 非常 正常 情况 开机 一天 散热 非常 好比 同事 惠普 很多 运行 大型 程序 运气 非常 完美 亮点 暗点 坏点 声音 不错 尽管 其他人 来说 不错 日立 硬盘 光驱 运行 出现 其他人 所说 不能 读盘 声音 很大
1,位置 机场 很近 安静 温泉 泡澡 不错 温水 泳池 建议 带上 泳衣 早餐 品种 服务周到 郑州 算好
0,这个 国贸 边上 价格 公司 就算 那种 左右 差别 地段 别的 没什么 电梯 不好
1,这家 饭店 不错 网络 开始 看到 网络 担心 这家 饭店 不好 看来 多余 刚进 大厅 竟然 显示屏 名字 真的 惊喜 这里 服务员 热情 一点 干净 整洁 服务 周到 地理位置 不错 靠近 市中心 出门 莫高窟 这次 敦煌 之行 愉快
0,也许 珠玉在前 另外 一人 经络 按摩 回头 来看 此书 失望 很大 头晕 不知所云 废话 太多 相信 优秀 医者 绝对 不是 一位 合格 不过 时间 大家 一手 拿笔 一手 拿纸 摘选 几点 启发 实在 一本 水量 炒作 程度 巨强
1,根据 网评 预定 一天 标房 告知 协议价 只能 西北 朝向 感到 霉味 要求 换房 换后 西北 不过 楼层 高些 霉味 小些 窗户 家具 卫生间 旧款 不显 档次 舒服 服务 不错 楼层 前台 服务 更好 周围环境 真好 有山 有海 本人 后山 散步 差点 悬崖 建议 及时 后山 半截 加上 标志 围挡 危险 夜间 行走 小孩子 玩耍 危险
0,左侧 接口 太近 接设备 大点 不能 同时 光驱 声音 不是 一般 手写 软件 鸡肋 没什么 扩展卡 插槽 不是 通用型 难道 以后 趋势 以前 无线 网卡 不能
0,价格 要是 低点 更好 应该 特价 活动 快递 服务态度 不是
0,孩子 心情 放松 一些 儿子 一起 看有 共同语言 喜欢
1,外观 很棒 全黑 质感 喜欢 电池 确实 超级 耐用 放电 将近 小时 电影 上网 提示 自动关机 屏幕 质量 找到 点亮 巧克力 键盘 对于 来说 很少 出现 盲打 错误
0,这家 店及 为期 入住 只能 说太差 实在 后悔 非常 后悔 位置 非常 方便 前台 服务 极差 中午 结账 退房 排队 值班 开发票 写错 抬头 情愿 知道 是不是 其他 如家 这家 应该 负责 调查 一下 补充 点评 年月日 岂止 安静 安静 每天 一早 六七点 大声 呼朋唤友 吵醒 不见 提醒 他们 注意 好不容易 八点 服务员 挨个 敲门声 打扫 再次 弄醒 郁闷 到极点 一楼 餐厅 告知 必须 一楼 前台 早餐券 用餐 两天 差点 他们 急才 告诉 我要 不能 退票 真是 岂有此理
0,普及 以为 大家 知道 职位 一小 挪给 捧得 天花乱坠 适合 熏陶 俩眼 一抹黑 职场 新人
1,实在 一位 经济学 老师 真的 用处 例子 紧密联系 生活 生动有趣 活跃 课堂 气氛 位刚 开始 接触 经济学 大学生 体会 学习 经济学 乐趣 引领 入门 以上 两种 推荐 毕竟 成本 效益 来看 这书 值得 可是 曾经 学过 经济学 成绩 不错 一定 社会 生活 经验 来说 有些 推荐
1,微星 键盘 众多 上网 本里 一流 手感 不错 这个 价格 两年 手机 价格 差不多 之前 问过 客服 内胆 实现
1,喜欢 推荐 同事 朋友 送给 小朋友 不错 礼物
1,质感 性价比 相对来说 不错 物流 效率 第二天 一大早 送到
1,外观 不错 性能 优良 散热 掌托 温度 不高 使用 舒适
0,相当 没意思 不伦不类 纠结 以后 一点儿 印象 语言 无趣 人物 无趣 后悔
1,显卡 相当 不错 大型 网游 承受 散热 不错 做图 效果 不错 渲染 很漂亮
1,性能 均衡 集显 效果 不错 散热 还行 小红帽 硬盘 保护
0,覺得 失望 這本書 這麼 可是 並非 想要 內容 博客 出身 怎麼 自由 出版 成書 應該 章節 嚴謹 出處 博引 不然 怎對 讀者 眼裡 只能 想到 這個 評語 欲望 沒有 歷史 本事 朱元璋 人生 劉基 胡惟庸 多麼 重要 角色 本書中 所謂 足智多謀 劉基 所謂 安丰 之戰 只是 劉基規 朱元璋 不要 攻打 兩句 這樣 定位 劉基 神機 妙算 其他 戰役 其他 權謀 劉基 角色 何在 胡惟庸 惡形 惡狀 權謀運用 一筆 帶過 比起 戰爭 場面 描述 真是 小巫見 大巫 強項 顯然 戰爭 場面 部份 故事 雖然還 引用 古文 還幫 我們 翻譯 覺得 大方向 沒定 重要 主角 配置 份量 抓好 很多 事件 只是 輕輕 一筆 可見 參考 文獻 不足 寫作 語氣 當然 自身 風格 現代 流行 重新 演譯 哄哄 明史 屢試 圖以 第一 人稱 心情 描述 煽情 花費 篇章 只能 一部 書應
1,不错 外边 里面 干净 交通 方便 退房 很快 就可以看 音乐 喷泉 不错
0,光驱 闹且 读盘 不好 安装 张盘 电池 时间 只有 小时 屏幕 习惯
0,屏幕 分辨率 貌似 不是 而是 摄像头 好像 有点像 国产机
1,外观 漂亮 性能 不错 内存 系统 起来 不错 屏幕
0,论语 通俗 浅薄 小时 读完 火速 送人 别人 以为 心疼 银子
0,选择 事例 离奇 夸大 心理咨询 现实意义 失去 信任感 如果说 效果 开始 抓住 读者 眼球 看到 案例 主人公 心理 原因 解释 逐渐 失去 兴趣 反正 芝麻 西瓜
0,不是 芯片组 电影 耗太多 偏重 放在 背着
0,我订 收到 任何 解释 打电话 过去 询问 一句 没货 网页 及时 更新 重新 下单 真服了 当当 订货 收到 一件 足足 半个 时间 网页 更新 不知 速度 第一次 当当 估计 最后 一次
1,全家 一起 月亮 十几天 儿子 已经 很熟 洗完 裤子 说够 月亮 够不着 怎么办 妈妈 妈妈 够不着 奶奶 奶奶 够不着 爸爸 认真 表情 嗲声嗲气 童音 此时 无法 语言表达 开心 美好 享受 感谢 孩子 美妙 月亮 故事 感谢 这个 美妙 亲子 空间
0,只有 口号 深度 杂乱无章 正是 浪费 时间 不过 可能 针对 读者 对象 一样 建议 国学 南怀瑾 深度广度 融会贯通 严谨 谦逊 态度 现在 这些 所谓 做学问 当中 已经 很难 找到 南怀瑾
0,预装 系统 改装 麻烦 但花 小时 全装 屏幕 反光 厉害 长宽 比例 奇怪 找到 合适 贴膜 按键 有时 不够 灵敏 底部 前边 用久
1,上网 收费 太贵 每天 交通 便利 地铁站 很近
0,太偏 郊外 出来 打车 不太 方便 住宿 客人 冷冷清清 可是 预定 需要 提供 信用卡 担保 紧张 其实 可能 客人 跑掉 服务设施 一般 补充 点评 年月日 不过 贵阳 整个 脏乱差 典型 东东 贵得 吓死人 贵阳 的话 不要 美好 愿望
1,配置 不错 外观 喇叭 音效 一般 用惯 这个 差距 很大
0,朋友 点评 钻石 公寓 不妨 两句 钻石 推出 特价 双人房 其实 一点 特价 以前 国外 朋友 上海 一直 推荐 钻石 他们 比较满意 这次 上旬 入住 推出 特价 双人房 朋友 反映 以前 小多 以前 套房 差多 订房 特价 人房 套房 价格 相差 几十元 实际 情况 相差 很大 认为 这是 钻石 忽悠 客人
1,刚刚 结婚 孩子 一直 以来 一件 事情 困惑 不要 孩子 身边 亲戚朋友 他们 孩子 头疼 从小到大 没少 父母 争执 看着 父母 生气 心里 其实 难过 不禁 以后 孩子 我争 操心 不听话 生气 于是 对要 孩子 产生 很大 顾虑 直到 看到 释然 原来 好孩子 不是 撞大运 撞来 通过 努力 培养 谢谢
1,很多 故事 各种 励志 图书 多次 引用 一次 重温 感动 鼓舞 启示 内心深处 总有 一种 情绪 触动 本能 一样 人性 总会 宽容 勇敢 大爱 原始 情节 即使 有些 看似 多年 经历 成长 其实 沉淀 最深处 一本 好书 不断 触及 人性 正面 能量 每次 读起 发现 百读不厌
0,早餐 一般 干净 噪音 价格 相对来说
0,通俗 语言 大家 知道 不到 大家 千万 不要 销售量 迷惑
0,意思 认为 覆盖 范围 事实上 两岁 女儿 不能 理解 套书 试图 解释 可是 一个两岁 孩子 听得懂 语言 描述 那些 故事 困难 猜测 为什么 能够 西方 风靡 书评 可能 西方 孩子 生活 环境 东方 一样 教育 背景 一样 他们 知道 农场 什么样 理解 乡村 或者 农家乐 换句话说 文化差异 导致 认知 差异 翻译 不能 只是 语言 一一对应 而是 文化 跨越
0,价格 一点 还有 超级 麻烦 官方网站 提供 驱动 现在 搞定 驱动 老蓝屏 建议 要装 兄弟 慎重考虑
0,千万 不要 首先 走廊 一股 发霉 味道 早餐 超级 难吃 受不了 招待所 级别 服务 同事 大约 点分 办理 入住 到达 前台 时有 两名 当班 服务员 另外 两位 住客 办理手续 旁边 等候 稍候 之类 礼貌 用语 办理 两个 住客 服务员 不理 主动 说订 然后 其中 一位 服务员 一边 一张 登记表 一边 不明 身份 台前 穿着 任何 制服 聊天 办理 入住 手续 期间 该名 服务员 一直 那个 聊天 服务员 一直 确认
1,性价比 运行 一般 文档 上网 电影 差别 外观 漂亮 黑色 算是 比较突出
0,重写 系统 打开 启动 却是 裸机 官方 维修 售后服务 点花 重新安装 系统 恨死 已经 投诉 期待 处理结果
1,清新 细腻 文字 温暖 感人 情节 偶尔 迷糊 爽朗 独立 喜欢 女主 俊朗 飘逸 并且 博学 内敛 男主 还有 熟悉 中药 方剂 每个 章节 中药 名称 章节 汤药 全文 细细 功力 可见 非凡 感叹 是不是 中医学院 出身 文字 流水 文中 感情 流水 淡淡的 感人 也许 只有 细水长流 感情 长久
1,已经 了解 方面 性能 外观 决定 一部 目前为止 发现 出乎意料 小巧 便携 选择 最大 因素 其次 品牌机 令人 放心 一边 包装 一边 感受 上网 速度 原先 台式机 速度 昨天 两个 小时 发现 断线 键盘 舒适 可能 本人 不大
1,好久没 看到 这么 品味 后悔 自已 刚入 职时 指导 通过 研究 回想 职场 表现 很多 以后 更好 起码 不至于 得罪 不知 怎么回事 现在 我会 许多 事情 全面 分析 以前 经常 听说 情商 智商 没太 在意 拉拉 之后 知道 原来 处事 情商 高低 职场 前途 很大 关系 知已 才能 补其 感谢 拉拉 人生 指导
1,单人间 一点点 基本 够用 已经 宽带 上网 网速 偏慢 南面 靠里 安静 西头 北面 晚上 车辆 经过 声音 传过来 早上 点多 按摩 电话 过来 不想 打扰 的话 拔掉 电话 插头 补充 点评 年月日 信用卡
0,汤姆 系列 这个 一直 搁浅 故事情节 男孩 打算 系列
1,外观 好看 重量 很轻 送货 很快 头天 晚上 第二天 下午
1,赶上 店庆赠 礼物 本子 质量 不错 安装 顺利 平常 办公 用用 方便
0,纸张 较厚 锋利 小孩 第一次 晕死 出版社 一点 安全意识
0,想象 好书 本身 质量 印刷 书名 不符 应该 改名字 很多 牵强 鸡蛋里挑 骨头 拼写错误 拿出 来说 勉强 看起来 厚实 个人 建议 仅作 参考
1,便宜 这个 配置 之后 非常 不错 速度 挺快 散热 不错 键盘 起来 本子 舒服 本子 老爸 老公 之后 想要
0,印刷 彩色版 可惜 形式 远远 大于 实在 简单 这里 说明 英文 水平 一般般 趣味 情差 没什么 实用性 建议 大家
1,洛阳 不错 餐厅 服务 不错
0,八月 六号 显示 定单 处理 结束 半个 没拿到 到底 拿到 希望 你们 有人 管管
0,只分 两个 菜鸟 不会 分要 物流 态度 不好
0,知道 是不是 频率 缘故 散热 不好 键盘 半边 还有 左手掌 托处 待机 有度 硬盘 系列 待机 硬盘 显卡 很多 还有 内存 需要 一条
0,想象 太神 并且 实用性 不是 很多 反而 大家 怎么 夸奖 怎么 之类
0,三星 牌牌 室内 用具 环境 性价比 差太多 现在 可能 哈市 旅游 旺季 冰雪 季节 房间内 有股 汗味 实在 受不了
1,远不如 以前 现在 做工 差模 棱角 边缘 明显 划手 其次 细微 观察 两个 笔记 两个 质量 明显 区别 上次 买个 配置 退掉 商品 反正 凑合 真心 希望 联想集团 一些 代理 售后 严格把关 控制 好别 影响 声誉 否则 消费者 倾向 其他 品牌
0,入住 将近 一天 房费 卫生间 很小 经济性 走廊 一股 霉味 浴缸 下水管 漏水 一地 窗户 外面 不到 居民小区 喇叭 不断 可笑 结账 告知 预定 房费 服务费 服务费 这么 多次 五星 很多 一次 遇到 总之 房费 不合理
0,刚回 成都 只有 朋友 最近 紫薇 之前 担心 一直 不是 大堂 果然 失望 服务 人员 周围 打工 市场 招来 衣服 不怎么 干净 态度 冷淡 里面 最大 缺点 设计 阳台 玻璃门 打不开 整个 办法 透气 很闷 不过 早餐 服务 四星级 其他 真的 失望 大家 最好 不要
0,公平 整本书 广告 每件事 辩护 拜托 家事 家里 解决 哲学 书名 骗人
0,驱动 不全 还要 品牌机 似乎 不太 应该 装机 可能 遇到 不少 塑料 感较
1,绝对 正版 图书 只要 三大本 明白 吃透 辅佐 真题 相信 司考 定会 取得 极佳 成绩 貌似 司考 不是 智商 考试 而是 情商 考核 长时间 准备 关键在于 坚持 希望 同在 司考 路上 战友 取得 胜利 最好 学习 反复 重复 司考 一样 受用 踏踏实实 看书 成为 人上 先要 一阵 不是 生活 学习 日子 艰苦 寂寞 摒弃 一切 诱惑 踏实
1,质量 屏幕 开始 习惯 看久 不错 反正 这个 价格 很值
1,星期 已经 前面 几章 比较简单 怎么 购物 以及 常用 网站 等等 基本 知道 后面 不错 对于 开店 同胞们 不错 不过 基本 我学过 看其来 不是 费力 这本 后面 足以 应付 开店 基本 需求 可能 为了 后人 成荫 希望 大家 啰嗦 哈哈
0,水笼头 没坏 破到 无法 想象 水流 很细刚 入住 发现 还有 一位 客人 服务员 打扫 后大 晚上 敲门 讲话 大声 临街 要死 补充 点评 年月日 登记 刷卡 不是 授权 直接 消费 可钱 数目 押金 数额 不是 实际 住店 金额 结帐 走人时 前台 卡东刷 西刷 分钟 告诉 不是 张卡 记性 领班 十分钟 领班 搞定 硬件 不行 服务 软件
0,环境 非常 恶劣 空调 昏暗 潮湿 保证 以后 再也 不去
0,不知 前面 几位 朋友 怎么 反正 入住 实在 不好
0,天下 文章 一大 这本 书写 教条 完全 实践性 不如 如何 孩子 如何 具有 趣味性 实践性 更能 深入人心 一堆 这方面 如何 一样 代替 大家 花钱
1,键盘 真的 不错 原来 听说 经过 亲手 感触 一下 果然 不同 反响
1,送货 下单 第二天 下午 送到 应该 拆过 特意 连个 指印 还好 台式机 开机 时慢 很多 包包 喜欢 好多 小包 有趣
0,设施 招待所 卫生间 设备 卫生 很差 免费 注册 网站 导航 宾馆 索引 服务 说明 关于 诚聘 英才 代理 合作 广告业务 联系
0,奇型 怪状 环境 一般 厕所 超大 床超 价格 送餐 居然 还要 服务费 要不是 客满 不会
1,金泉 豪华 商务 套房 内部 环境 不错 位于 市中心 边缘 周边 交通 方便 打车 昆明 有名 金马 碧鸡 刚好 起步价 缺点 碰上 昆明 柴油 紧张 空调 晚上 还好 空调 热风 否则 晚上 睡觉 一定 感到
0,可能 是因为 国情 不同 可能 期望 过高 粗粗 教条 理论 较强
1,大学 曾经 买过 一本 盖因 仰慕 东坡 人品 豁达 坦荡 诗文 汪洋恣肆 十年 光阴 一晃而过 前段时间 忽然 怀念 老家 书橱 东坡 于是 又购 一本 半送 老公 半为己 较之 以前 那本 实在 这个 版本 设计 花哨 纸张 排版 太密 尤其 翻译 明白 晓畅 文豪 不敬 无论如何 见解 究竟 瑕不掩瑜 这是 苏东坡 自身 魅力
1,单单 机子 性价比 不错 没送 包包 败笔 下单 降价 这个 接受 不了
1,豪华 商务 面积 非常 大而无当 之感 地毯 很脏 污渍 随处可见 空气 里面 挥之不去 酒气 建议 考察 一步之遥 华阳 不少 当地 朋友 推荐 入住 华阳
0,喜欢 马云 一时冲动 之后 发觉 果然 冲动 现场 点评 节选 个人 建议 看看 现场 现场 精彩 很多
1,看到 网友 最好 不要 楼和楼 不幸 指定 为楼 前台 等于 白问 告诉 设施 一般 洗面盆 冷水 超级 只有 热水 洗衣服 超级 不爽 服务 小费 服务员 立刻 瓶水 最大 好处 超级 近大 包小包 继续 其他
0,买回来 一个月 儿子 看过 一次 咕噜咕噜 别的 连翻 翻画 太满 显得 有些 画面 不能 产生 兴趣 书本 太大 起来 不太 方便
1,舒适 整体 设计 环境 不错 前台 服务 热情
1,先是 看过 天下 然后 发现 于是 喜欢 女主 喜欢 喜欢 性格 有点像 白风夕 幸运 早早 离开 束缚 代价 难以承受 喜欢 意遥 喜欢 喜欢 任何 原因 其实 看且 天下 无缘 难过 现在 看到 意遥 幸福
1,很漂亮 本本 实用 运行 速度 很快 颜色 非常 好看 超级 喜欢
1,很多很多 本匪 思存 一本 最好 始终 最好 文字 情节 人物 那些 断续 回忆 当下 无奈 现实 喜欢 佳期 那样 女子 看似 普通 如同 不语 流光 某些 细微 时刻 周身 光芒 读过 少有 几本 不错 小说 爱情小说 想到 句词 梦里 佳期 只许 庭花 爱情 有时候 太过 美好 总是 不容 凡俗 那些 那些 那些 路过 岁月 我知 一直 知是 曾经 真实 存在
0,这是 一本 小说集 好多 章节 故事 已经 看过 印刷 不错 整套 后悔
1,这个 价格 拿到 稀奇 拿到 行货 还有 赠品 这个 活动 不错 表扬 一下
0,非常 服務 房間 細小雙 人房 原本 還分 單床 雙床 預訂 一定 另外 補充 說明 雙床 否則 變為 單床 本人 因此
0,装修 前卫 绝对 不够 精致 甚至 低俗 里面 耐看 包括 大堂 注意 以为 装修 档次 不够 脏兮兮 性价比
0,出风口 温高 别的 不热 随机 驱动 方便 模具 没动省 成本 鄙视 待机 文档 编辑 高清
0,里面 重点 少废话 搀杂 个人 冗长 原因 里面 不切实际 有钱 不会 保养 一切都是 废话 写出
0,喜欢 这个 星级 相差 门童 没人会 行李 前台 态度 冷漠 口气 生硬 刚办 入住 房号 写错 提着 行李 上上下下 自说自话 同事 订单 取消 出面 交涉 强硬 大堂 太小 上网 有些 住店 客人 那里 上网 乌烟瘴气 网吧 以为 聪明 推出 很多 所谓 服务 一般 不到 相反 完全 不能 客人 温馨 相对 服务 这个 价格 太贵 真不知道 奥运 怎样 生存
0,知道 如何 区分 大床 标间 普通 标间 差不多 大小 商务 安排 一楼 如何 商务 客人 安心 休息
0,批露 他们 冒牌 医学家 感到 失望 本来 好好学 想到 发现 不想 想想 希望 无良 或是 出版社 少干点 这些 缺德事
1,本来 超星 硬件 配置 价格 不少 位置 太偏 致命
1,最初 门第 报纸 连载 第一次 看连谏 小说 第一集 深深 吸引 其实 里面 很多 故事 很多 情节 场景 发生 身上 只是 深思 过后 发出 一声 无奈 叹息 然后 继续 生活 罢了 当然 经过 之后 还会 发展 事情 往往 不会 坏到 哪里 太阳 还会 每日 东升 和煦 晚风 如期而至 过日子
1,图书馆 发现 套书 第集 欲罢不能 专门 当购 全套 便于 日后 几遍 书写 真不错 里面 关于 古代 军事 描写 应该 算是 专业 反正 第一次 接触 这些 印象 最深 关于 袁崇焕 描写 随后 各处 去查 这方面 以前 认识 确实 反差 很大 很多 资料 之后 心里 确实 偏向 袁崇焕 个误 国之臣 说法 窃明 说法
1,需要 好好 一读再读 更好 领会 其中 秘诀 主人公 碰到 往往 只是 很少 表露 外人 知道 于是 很多 压抑 心里 幸运 遇到 以为 智者 十分 需要 明灯 指引 迷途羔羊 生活 变化多端 经常 小事 心情 极差 大概 郁闷 身上 已经 扎根 希望 几遍 好好 享受 生活
0,特别 观点 无非 简单 故事 拼凑 加上 几句 空洞 说教 无趣 得紧 非要 建议 以下 尝试 看看 以上 里面 应该 已经 经历 体会 经历 体会 相信 不能 改变 精华 部分 陈雅琳 真实 忠于 认定 幸福感 留下 印象 唯一 一句
0,装修 实在 不敢恭维 洗脸盆 下面 漏水 四星级 三粒 可能 花钱买 不如 锦江 之星 如家 快捷
0,外观 钢琴 耐脏 性能 没什么 特别 感受 送礼 包都 除了 键盘 保护膜 之类
1,一听 好友 痞子 蔡出 新书 马上 网上 搜索 相关 资料 网上 断断续续 回眸 喜欢 实质 喜欢 看着 痞子 成长 初中 偷偷 课堂 第一次 亲密 接触 直到现在 毕业 工作 喜欢 不得不 成长 痞子 成长 回眸 除了 写出 以往 特色 似乎 还有 关于 人生 关于 信念 等等 这些 值得 细看 回味
1,扉页 不能 一年 一个月 不能 二十五岁 我会 一辈子 有种 不祥 男女 主人公 发生 不好 开篇 保留 不要 投入 可是 朴实 描写 细致 刻画 人物 内心 矛盾 挣扎 几乎 刻骨 铭记 怎能不 投入 刻骨铭心 爱情 往往 结局 悲剧 不忿 这份 不公 感激 艾米 带来 那份 长久 荡气回肠
1,算是 不错 陈旧 一些 浦江 二岸 风景 不能 全面 楼层 不够 前面 正好 海鸥 饭店 可能 以上 才能 看得 起码 外滩 看得 全面 外白渡桥 一直 看到 金陵 外滩 方向 安静 真正 闹中取静 不错 适合 度假 有家 设备 年代 陈旧 在所难免 可是 很大 书房 客厅 厨房 不错 下次 上海 最美 外滩 还会来
0,说实话 一定 干活 废话 不少 还有 车轮子 也许 这个 时代 出版物 通病 要是 写成 明朝 那些 那样 干度 估计 缩水 至少 入门级 中医 针灸 理论 值得 看看 个人 值得 上网 值得
1,小豆豆 厕所 钱包 一段 导读 立即 小豆豆 可爱 形象 吸引 更为 小林 宗作 校长 感动 了不起 立即 买下 两天 时间 妻子 喜欢 完后 推荐 周围 亲戚朋友 一起 分享 这个 小豆豆 美好 童年 不论 还有 童心 喜欢 回忆 过去 内心 保持 纯洁 向往 绝对 值得 一看 每个 找到 阳光灿烂 童年
0,垃圾 如家 前台 服务 还过得去 完全 无法 接受 电梯 出来 开始 楼层 甚至 一股 难闻 味道 好像 地沟油 味道 打开 窗户 小时 味道 消失 昏昏沉沉 头疼 难受 后来 要求 前台 楼层 以后 味道 相对 减轻 一点 味道 挥之不去 晚上 开着 窗户 空调 睡觉 第二天 天一亮 现在 想想 可怕 那里 呆久 难受 晕车 一样
0,雷声大雨 点小想 小孩 好书 发现 这本 发现 垃圾 根本 不是 那么回事 角钱 一页 绝对 不值
1,好像 跟洪 崖洞 公司 风格 接近 一些 整体 来说 不错 房间内 食品 免费 实在 早餐 实在 不敢恭维 大堂 环境 整体 来说 不错 属于 三星级
0,相对 屏幕 不是 镜面 亮度 差一点 音箱 部分 外观 网站 图片 一定 差别 系列 型号 太多 一种 音箱 部分 鼓起 金属网 格状 图片 一直 以为 那种 诧异
0,今天 武义 回来 特别 来说 一下 入住 新宇 明招 温泉 国际 大酒店 左右 到达 告知 商务 大床 剩下 标房 预定 已经 付掉 之后 领队 他们 销售 人员 核对 订单 下来 发现 确实 商务 大床 半个 小时 之后 终于 别人 刚退 之后 由于 清洁 门外 二十多分钟 终于 房因 晚上 泡温泉 安排 早些 解决 晚餐 拨打 客房 送餐 服务 服务 人员 段时间 送餐 服务 可能 节日期间 比较忙 在意 直奔 餐厅 完菜 直到 小时 之后 第一个 其他 客人 桌子 一两个 盘子 上菜 迹象 其间 小姐 几次 完全 置之不理 赶时间 只能 亲自 厨房 他们 出来 然后 上桌 这个 将近 七点 决定 买单 其他 不要 即使 肚子 空空 之后 里面 小姐 不知 谁家 一个个 桌子 场面 混乱 实在 令人 啼笑皆非 浴室 水温 稳定 要么 触碰 笼头 情况 一下子 变得 很凉 以上 这些 因素 直接 影响 旅途 心情 作为 一家 四星级 实在 很难 想象 服务 竟是 如此 希望 有所改进
1,地理位置 方便 服务 不错 接送车 服务 实惠 缺点 偏小 下面 香港 殡仪馆
0,孩子 喜欢 绘画 精美 精彩 合适 小宝宝 理解 孩子 看到 小熊 生日 生日歌 看到 小猩猩 别人 尿床 会学 小猩猩 捂着 嘴笑 看到 小兔子 雪糕 张大嘴巴 会笑 看到 小河 大嘴巴 喜欢 摸摸 有趣 阅读 时刻 数不胜数 套书 不错 不过 阅读 过程 孩子 不是 马上 理解 需要 爸爸妈妈 耐心 一遍 一遍 呵呵
1,前台 小姐 热情 周边 很多 商店 餐馆 不好 卡拉 下班 不能 早睡 对面 窗帘
0,来说 这个 宾馆 满意 前台 服务 差劲 据说 电脑系统 造成 半个 小时 办成 入住 总是 不理 入住 发现 及时 整理 催促 几次 床单 枕套 之类 白色 变成 黄色 清洁 人员 漂白 白色 退房 好久 入住 预定 房型 升级 居然 还要 付钱 据理力争 免费 升级 情况 武定 那家 发生
0,买来 有个 宣传单 推荐 零售价 知道 为啥 咱们 国内
1,手提 不错 系统 不能 分区 手提 到手 使用 还原 现在 黑屏 怎么办
1,尽管 很多 简单 文字描述 严肃 事实 尽管 涉及 战争 不尽然 沉重 战争 背后 看到 温暖 和谐 家庭 智慧 善良 母亲 淳朴 大个子 理智 坚强 查理 温柔 可人 茉莉 战争 阴影 笼罩 社会 可是 人们 心里 一片 静好 真正 原因 正如 想要 做到 一本 简短 易懂 可是 每个 重要 重要 包装 插图 喜欢 希望 大家 机会 看看
0,原来 准备 四天 后来 两天 换成 庐山 宾馆 宾馆 缺点 潮湿 装修 陈旧 特别 洗手间 房门 几乎 门框 门框 公用 卫生间 隔音 很差 偏僻 交通不便 优点 免费 宽带 上网 值得一提的是 餐厅 价格 较贵 态度 不错 有天 晚上 正在 关灯 进去 品种 多拉 庐山 宾馆 一下 逍夏 宾馆 庐山 宾馆 位置 偏僻 上街 走路 分近 街上 分钟 交通 几乎 的士 经过 斜对面 美庐 随时 有车 周边环境 设施 一般 乳胶漆 剥脱 墙纸 干净 卫生间 脏新 干净 宾馆 环境 一般 大堂 地砖 一般 大堂 地毯 隔音 情况 极差 宽带 上网 有小标 大标 部分
0,当当 送到 任何 解释 当当 差距 挺大
1,屏幕 看起来 色彩 饱和 鲜艳 现在 屏幕 很多 技术参数 性能 不佳 挺快 玩游戏 安装 软件 同时 进行 不过 安装 数据库 查看 处理 性能 家用 足够 散热 超棒 空调 连续 运行 六个 小时 装机 软件 试机 当然 出风口 温度 证明 散热
1,对于 哲学 一直 保持 敬畏 态度 曾经 试图 看过 几本 哲学 往往 一点 半途而废 深奥 晦涩 哲学 来源于 生活 毕竟 高于 生活 也许 生活 经历 有限 思考 深度 不够 总之 哲学 敬仰 头疼 插画 形式 应该 生动 没想到 解释 萨特 思想 背景 源泉 理解 起来 费劲 只能 不错 启蒙 至于 深刻 理解 还有 很多 书要 很长
1,看到 网友 忐忑 心情 入住 入住 客观 平反 一下 大家 一起 分享 嘉峪关 很小 城市 这家 大概 这个 城市 最好 最令 满意 免费 接机 服务 毕竟 来到 相对 陌生 环境 有人 接待 一种 安全感 门童 服务员 热情 嘉峪关 相对 广东 真的 不过 暖和 舒适 干净 嘉峪关 天气 干燥 竟然 加湿器 一点 人性化 充分考虑 这些 南方 生活 关于 早餐 品种 楼上 开到 九点 那天 九点 还有 看到 楼上 数落 禁不住 几句 嘿嘿 或许 服务 仍然 提高 空间 勿庸置疑 城市 办法 北京 上海 大城市 他们 朴实 热情 已经 填补 他们 硬件 些许 缺憾 毕竟 西北 大家 清楚 这里 我会 选择 这里 介绍 朋友 这里 客观 客观 试试 知道 经验 嘉峪关 记得 羊肉串 挺不错 便宜 城楼 看看 蛮有意思 这是 提外
0,不过 忍受 键盘 不太 满意 显示 颜色 亮度 原因 反正 看着 不太 舒服 一会 没调
0,不是 雨季 仍旧 一股 浓重 霉味 被子 阴冷 潮湿 空调 不开 任何 取暖 设备 任何人 排队 情况 结帐 至少 分钟 两个 收银员 打了个 查房 电话 上去 开始 自顾自 聊天 直到 收到 查房 反馈 一脸 睡醒 表情 心不在焉 开始 翻找 授权 资料 以及 打印 帐单 发票 本本 员工 难道 知道 他们 走廊 最长 走廊 查房 过去 要花 一再 提醒 情愿 打电话 查房 懂得 那些 票据 出来 不得不 联想 她们 是不是 领到 年终奖 明明 餐厅 门口 有人 餐券 落座 有人 上来 一个个 有没有 餐券 以己度人 补充 点评 年月日 一点 最近 拖鞋 换成 一次性 实在 怀疑 有没有 真正 消毒 干净 整个 霉霉 旧旧 不是 清爽 脚气 他们 头号 嫌疑犯
1,机器 很漂亮 联想 没错 模具 经典 性能 稳定 噪音 很小 屏幕 做工 华硕 很多 实话实说 不是 联想
1,外观 这么 这款 性能 外出 携带 非常 方便
0,人要 出名 简单 君子爱财 取之有道 一本 只有 十万 二十元 加上 很大 空页 多字 不够 画来 算是 口口声声 要学 孔子 叶公好龙
0,分区 确实 畸形 联想 不能 做个 调查 用户 希望 预先 作好 分区 当然 不是 变态 分区
1,喜欢 深雪 实际上 喜欢 这个 女人 想像力 想像力 缘故 爱情 笔下 温婉 残酷 看多 看到 一本 不如 当初 惊艳 深雪 一贯 招式 已经 希奇 说实话 开篇 的确 无味 满眼 凡妮 真正 无聊 几近 郭敬明 路线 说实话 相比 之前 故事 只能 差强人意 大约 水平 喜欢 结局 前面 兜兜 转转 为了 这个 结局 结局
0,位置 尚可 孔府 孔庙 很近 步行 过去 环境 服务员 素质 很差 衣架 价格 吸引力 相距 国际 青年 旅舍 太远 那里 不仅 价格便宜 卫生 整洁 结认 一些 自助游 同行人 自助 洗衣 建议 取消 合作 影响 声誉
0,真的 失望 本来 期待 套书 早上 收到 发现 以前 一套 噼里啪啦 从书 大体 相同 只是 几小本 而已 特别 失望 套书 白买
1,期待 对比 许多 原想 三星 看中 这款 键盘 下单 本本 上网 方便 平时 用来 写博 键盘 电池 续航 能力 首选 开心 朋友 帮忙 界面 很漂亮 另外 键盘 小包 还有 鼠标 当然 还有 床上 可用 小桌子 惬意 喜欢 旅游 随时 读取 随时 上传
0,目前 有个 疑惑 左边 电源 按钮 开机 旁边 那个 触摸 开机 为啥
0,目的 宝宝 知道 这个 小孩 反面典型 教育 宝宝 没想到 宝宝 反应 害怕 后悔 很大 画面 很大 大卫 一点 可爱 经常 龇牙咧嘴 整个 画面 颜色 不是 宝宝 喜欢 颜色 看起来 恶心 那种 宝宝 宝宝 害怕 不愿 不能 枉自 不好 只能 适合 我家 宝宝 胆子 向往 快乐 美好事物 孩子
1,地点 优越 服务 不错 晚上 绿豆汤 还有 纸鹤 问候 出家 下次 还会 这里 宾馆 反馈 年月日 感谢您 国宾 大酒店 认可 非常 愿意 成为 朋友 欢迎 经常 入住 工作 顺利 心情愉快
0,怎么 论语 这么 论语 中国 历史 过错 论语 于丹 罪恶
1,完美 第一次 买手 不错 条子 蓝牙 想得到 配齐
0,由于 工作 关系 多次 设施 老旧 服务 不好 两次 洗发液 查房 提醒 几天 问竟 不到 不是 每个 宽带 开房 时要 提出 要求 早餐 质量 差元 早餐 没什么
1,收到 正规 发票 清清楚楚 不错 星期一 发给 学生 发货 迅速
0,价钱 不错 芯片组 使用 速度 很快 感到 区别 可能 广告 呵呵
1,按照 朋友 的话 这家 有着 破烂 外表 却是 内里 奢华 装修 服务 绝对 一下 车到 退房 非常 专业 服务生 接待 行李 送到 空调 开灯 泡茶 坚持 小费 特色 大房 以后 福州 一定 这个 舒服 宽敞 免费 小时 国内长途 免费 上网 游戏 齐全 速度 很快
0,应该 重视 软件 建设 特别 前台 入住 竟然 告诉 名字 现在 满房查 你们 锦江 锦江 同意 回去 刷卡 前台 小姐 态度 傲慢 查到 这次 你们 不好 不是 责任 你们 晚到 取消 预定 名字 同伴 名字
0,风扇 声音 起来 间歇性 老公 本本 一起 本本 聒噪 知道 这个 叫法 普遍现象 个别情况 不过 可能 正是 风扇 声音 散热 不错 其他 暂时 发现
0,停水 一次 突发事件 态度 相当 恶劣 第二天 送上 两只 香蕉 两只 苹果 果篮 作为 道歉 建议 不要 选择 电梯 附近 门口 服务 电话 隔音 很差 早餐 两个 只能 打分 出租车 现叫 走廊 服务 电话机 很脏
0,首先 考虑 带给 效果 是否 学到 学到 拉拉 这个 性格 性格 本质 淳朴 善良 倔强 可能 勤奋 勇敢 心想 得到 一定 争取 等等 讨厌 社会 现在 过于 复杂 人际关系 斗争 方式 一般 选择 逃跑 或者 理睬 呵呵 总得来说 对于 在职 场上 混出样 女性 来说 值得 借鉴 呵呵
0,一般 文字 感觉不好 反映 那个 年代 独有 美感
0,不过 前台 服务 人员 态度 受不了 晚上 点多到 第二天 退房 里少 方巾 赔元 可怜 退房 洗手间 面上 只有 看到 一块 方巾 为了 大堂 副理 交涉 办法 进去 仔细检查 各项 有没有 算了 他们 如何 不过 下次 再也不会 这个 奉劝 各位 住店 朋友 进房 千万 检查 有没有 海德 不会错 他们 检查 过遍 好笑
1,当时 特价 促销 时买 想到 还会 降价 键盘 手感 不错 性能 还好 电池 续航 时间 值得一提 差不多 小时 左右 真的 厉害
1,不错 性价比 洛阳 繁华 路段 晚上 休息 非常 安静 很饱 同时 龙门 方便 公交车 乘坐 出租车 龙门 左右 到达
0,居然 五星 知道 怎么 服务 意识 入住 时提 两个 大箱子 进去 门迎 居然 不动 以次充好 我订 大床 两张 房拼到 一起 居然 房床 空间 小得 可怜 投诉 前台 无果 于是 投诉 最后 长级 一点 别人 已经 吃饭 长时间 果盘 简单 果盘 吃过饭 小时 上来 总之 下次 不会
0,订单号 收到 可是 本钱 算啦 这本 怎么办
1,孩子 打来 电话 儿子 竟然 爸爸 知道 几天 每天 想念 有没有 想念 爸爸 儿子 怎么 这般 感性 语气 哽咽 真是 搞笑
1,看图会 造型 很烂 可是 拿到 实物 款式 很漂亮 算不上 经典 做工 大方 贵气 无论是 办公 家用 极品 性价比
0,入住 因為 電話 攜程 網上 辦理 預定 還是 只是 硬件 實在 盡人意 房價 根本 成正比 本著 考察 態度 選擇 這家 果真 出現 非常 令人 氣憤 事情 這里給 大家 一曬 當時 房間 六層 套房 房門 大力 才能 關上 臥室 洗手 花灑 好像 銹住 不怎么 出水 由于 本人 退房 時候 先檢查 一次 布草 然后 管家 部打 電話 他們 查房 這樣 減少 退房 時間 當時 記得 非常 清楚 外面 洗手 一條 方巾 我用過 放在 托盤 其他 洗漱 用品 有動過 臥室 洗手 兩條 方巾 一條 床頭 一條 洗手 大理石 面上 放著 時候 房務員聲 稱少 一條 方巾 還沒有 離店 要么 你們 要么 給我辦 退房 你們 不能 莫須 罪名 加在 我頭 上前 堅持 不給 辦理 退房 大堂 副理 出面 協調 這件 事情 因為 中午 參加 宴會 只能 賠償 元錢 作為 丟失 方巾 損失 十元 錢事 處理 問題 方式 大酒店 硬件 軟件 服務貴 這樣 解決 問題 實在 令人 擔憂 大家 選擇 時候 一定 慎重 因為 可能 因為 房務員 虎會 責任 推卸 客人 身上 造成 考證 結果 客人 只能 啞巴 吃黃連 一定 入住 推薦 桃源路 如家 快捷酒店 北齊 廣場 如家 快捷 性價 服務 早餐 品種 繁多 美味可口
1,轻薄 强劲 附送 内存 正在 犹豫 不要 准备 找个 蓝牙 模块 装上去 过保 再说
0,这么 以为 这是 好书 闲书 没什么 空空 泛泛 百花 银子 了解 中医 不能
1,今天 收到 起来 质量 很值 介绍 中说 三个 特点 正史 三国 学习 古文 三国 人物 传记 中华 五千年 文明 许多 应该 继承 优秀 传统 学习 历史 学习 优秀 历史 文化 中国 应有 一种 素养 中国 应该 值得 自豪 骄傲 无论 历史 社会 如何 变幻 中国 应该 忘本 中华民族 特有 文化 传统 中华民族 灵魂
0,去年 开始 装修 升星 样子 晚上 点半 开始 扩建 施工 钻机 挖土机 开始 嘶叫 朦胧 睡着 应该 工作 本来 拍照 下来 施工 大灯 只有 机器 小灯 没法 拍摄 洗澡 竟然 碰到 莲蓬头 没法 出水 只能 下面 水龙头 出水 已经 衣衫不整 太累 客房 一夜 再说 第二天 中午 电话 是否 入住 大概 意思 入住 不负责任 以后 签约 时能 实地 看看 到底 情况 龙游 大酒店 情况 真的 不如 龙游 那些 宾馆 核实
0,出风口 热量 其他 机型 散热 装机 非常 费劲 关闭 不行 格来格 终于 搞定 驱动 不好 顺序 基本
1,其实 不是 特别 喜欢 马克吐温 短篇小说 这篇 百万英镑 除外 看到 格里 高里 派克 主演 那部 电影 喜欢 不行 还有 里面 那种 金钱 嘴脸 经典 这书 赠送 这张 光盘 喜欢 整本书 不过 看一看 小说 不太 一样 电影 书上 其他 小说 看过 不便 质量 不能 要求 太高
1,比寸 屏幕 看着 好多 体积 不是 很大 重量 稍重 方便 携带 改装 系统 不是 特别 麻烦 硬盘 格式化 重新 分区 浪费 不少 时间 续航 能力 很强 连续 用个 小时 属于 上网 主流 配置 中高档 水平 价格 实惠
0,以前 看过 高木 直子 听说 不错 这次 终于 一本 可能 不太 习惯 风格 不是 喜欢 有些 罗嗦 乏味 缺少 看后 一笑 失望
0,虽说 并非 专业 医务人员 算是 医者 充斥 自我 吹捧 膨胀 首先 应当 该书 主题 读者 浅显易懂 重大 特色 本身 存在 重大 隐患 顾及 涉及 读者 本身 体质 地区 气候 习惯 方面 不同 单一 模式 解决 所有 显然 可取 当当 推荐 排行 进行 翻阅 没多久 至少 本人 表述 无法 苟同 希望 作为 医者 浅显易懂 易于 读者 理解 掌握 前提 下少点 自我 褒扬 同时 差异性 基础性 知识 传扬 以便 读者 正确 方便 掌握 其中 有益 知识 不会 失之毫厘 谬以千里 应该 初衷
0,外壳 外壳 大小 一样 体现 不出 屏幕 外圈 一片 很大 板区
0,通过 预订 巨川 假日酒店 晚上 入住 第二天 客户 不是 经常 塘沽 出差 这是 第二次 第一次 老总 巨川 国际 商务酒店 这次 我带 同事 巨川 假日 下面 遭遇 晚上 一到 大概 点多 前台 手续 办得 利索 可是 屋里 同事 情况 差不多 打开 房门 一股 味道 扑面而来 打电话 服务员 空气 清新剂 味道 从没 闻到 类似 红薯 腐烂 发霉 味道 空气 清新剂 无奈 打开 窗户 味道 久久 不能 散去 只好 整晚 开着 窗户 可是 太冷 打开 中央空调 可是 空调 好像 一个拖拉机 耳边 轰鸣 彻底 晕菜 房子 挨着 马路 隔音 整晚 听到 大型 声音 与其 这么 噪音 这么 为什么 直接 马路上 于是 整晚 这个 愚蠢 一直 天亮 补充 一点 卫生间 提供 毛巾 脚垫 唯一 令人欣慰 服务台 投诉 接电话 态度 不错 反复 屋里 这个 味道 办法 提示 开窗 通风 既然 别的 这么 内心 多少 平衡 一些 不过 下次 绝对 不会 再来 发表 上诉 决不 恶意 污蔑 实属 个人 亲身经历 一名 销售 经常 各处 认为 环境 要求 不高 只要 卫生 干净 方便 这里 我要 奉劝 塘沽 出差 办事 朋友 千万 不要 巨川 假日
0,上下 视角 太小 左右 视角 好好 自带 扬声器 声音 音质 风扇 声音 自带 系统 垃圾 一点 意义 塑料 感太强 低端
1,这是 一间 非常 不错 三星级 设施 服务员 服务 素质 态度 不错 不过 协议 价格 前台 价格 相差 不是 很多 希望 继续 努力
0,预定 中午 入住 中午 半左右 告知 正在 清理 心想 清理 多少 时间 于是 耐心 等待 再次 询问 仍然 清理 到底 几时 入住 告知 分钟 以后 差点 晕倒
0,插槽 扩展卡 插槽 为什么 不到 只有 四合 卡位 还有 三星 光驱 很差 挑盘 几个 系统盘 不认 三星 不是 一般
1,环境 周边 修路 缘故 进出 市区 厉害 房间内 设施 不错 个别 细节 维护 需要 提高
1,忍不住 再说 几句 大多 参考 其他 书籍 例如 参考 金属 切削 机床 参考 参考 无可厚非 郁闷 试图 其中 标注 根本 知道 这是 干吗 文中 说明 类似 事情 太多 怀疑 怀疑 证据 编辑 把握 框架 教师 素材 研究生 整理 事后 几个 阅读 猜错 第三版 可能 存在 这些 拭目以待
1,地理位置 不错 面对 当湖 这次 号房 两面 窗户 一边 看海 一边 看员 当湖 尤其 是员 当湖 夜景 很漂亮 设施 有些 毕竟 开业 不过 免费 水果 免费 矿泉水 大门口 电子 屏幕 惹眼 漂亮 健身房 游泳池 住店 客人 免费 开放 员工 素质 服务 不错 从进 大门 门童 问候 总台 客房 服务员 热情 退房 宾客 关系 主任 主动 询问 住店 感受 征求意见 客户关系 主任 年底 装修 期待 价格 包含 早餐 丰盛 品种 很多 口味 块钱 挺值 我加 块钱 每天 分钟 国内 长话 随意 优惠 直拨 电话 便宜 好多 国内 长话费 入住 正好 有人 婚宴 大堂 人来人往 热闹 听说 几十桌 客人 下次 还选 这家 入住
1,入住 上面 点评 有些 不安 入住 芜湖 这个 实在 宾馆 应该 不错 以后 芜湖 还会 选择
1,这家 开业 时住 今年 青岛 选择 这里 过去 硬件 略显 陈旧 服务水平 依旧 满意
1,不算 最新 服务 不错 地理位置 原因 不如 临街 方便 服务员 门童 热情 细致 周到 地为 客户 介绍 最合适 出行 方式 线路
1,我养 当年 简直 不成 样子 不知 怎么 还有 勇气 故事 生动 感人 故事 小狗 袜子 描写 非常 可爱 可是 看到 似乎 不愿 下去 看到 故事 结尾 这是 每个 养狗 不愿 面对 结尾 其实 一天 实在 忍住 偷看 一下 结尾 不行 呵呵 发现 当当 版本 约定 一下 这个 版本 好像 对白 为主 情节 稍显 简单 另外 一本 好像 好看 样子
0,有些 例子 不够 典型 滥竽充数 希望 看到 一些 这么 幼稚 明显 中式 英语 一般 情况 略略 学过 英语 不会 犯书中 所举 低级 错误 应该 一些 类似 文化差异 造成 笑话 大多数 知道 忧伤 意思 其实 这里 变成 黄色小说 意思 排版 来说 该书 可取 看起来 轻松 有些 好笑
0,预装 软件 过期 一看 居然 蓝牙 开关
0,靠近 马路 太吵 晚上 车子 声音 听到 天亮 早上 速度 比较慢
1,爱是 人类 恒古 主题 有时 复杂 难以 理解 看到 的确 无处不在 然而 很多 掺杂 无奈 不是 不爱 只是 知道 怎么 知道 假如 希望 开心 建议 假如 希望 一点点 揪心 过后 变得 坚强 强烈推荐 刘老师 刘老师 哲理 欣赏 当然 一定 全都 适用 读一读 不会 浪费时间
1,整体 性能 好玩 魔兽 一点 不卡 指纹识别 方便 摄像头 麦克风 方便 聊天 加元 得到 无线 路由器
0,键盘 左上角 稍微 按下 严重 下陷 做工 不敢恭维 以前 小黑 键盘 效果 天壤之别 难怪 网上 大家 承认 系列 属于
0,难以相信 这是 重点 推荐 星级宾馆 单人房 价格 元晚 期间 得知 中石化 试题 题库 会议 房价 元天 地毯 已经 干年 清洗 除尘 看上去 黑乎乎 各种 斑点 污迹 小洞 令人 舒服 过道 地毯 略微 一点 第一晚 安排 二楼 后来 调整 隔音 不好 隔壁 客人 晚上 点回 关门 电视 声音 很大 卫生间 玻璃窗 不能 打开 塑料 窗帘 小于 窗户 面积 因此 女士 小心 露光 那间 下水道 每次 积水 没过 脚面 非常 餐厅 外包 一份 例盘 尖椒 牛柳 多元 鱼香肉丝 可能 只有 这儿 价格 星级 标准 接近 一点 自助 早餐 几乎 一份 汤面 加个 煎蛋 几乎 合口味 东东 供选择 开会 基本 早出晚归 最后 一天 离店 发现 一直 床单 竟然 数个 脚印 前台 服务员 和善 冷若冰霜 不可 一概而论
0,设备 简单 服务 意识 很差 餐厅 设施 街边 小滩 一样 卫生条件 不好
1,看似 平凡 美丽 无比 平淡 引起 内心 共鸣 多么 奇妙 竟会 如此 诗作 心灵 感到 从未有过 宁静 寂寞 千言万语 无法 喜爱 疯狂 地想 无比 喜欢 甚至 喜欢 从此 生活 如此 诗意 人生 因此 增色 不少 感谢
1,发货 速度 整体 设置 合理 第一次 三星 这个 品牌 想象
0,应该 这个 名字 总是 不太 附和 很多 冤枉钱 玷污 名声
1,试试看 心情 买下 确实 物有所值 低廉 价格 精美 图画 简单 谜面 推荐 大家 理由 儿子 非常 喜欢 这本 谜语 之前 小孩子 不能 理解 猜谜语 晚上 所有 谜语 嚷嚷 借给 朋友 儿子 差不多 男孩 喜欢 不得了 看来 小朋友 喜欢 这本 浅学 易懂 谜语
0,非常 一般 单词 简单 句子 一起 举例 的话 更好 特别 那些 情绪 单词
1,经典 性价比 超高 去年 同事 两台 这次 父亲 一台 非常 满意
0,喜欢 外壳 容易 留下 手印 另外 开机 小红 亮点 关机 看不出来 知道 不能
0,在线 预订 大床 携程网 介绍 过于 简单 由于 到达 信用卡 担保 到达 发现 阁楼 简直 希望 今后 能够 担负起 推荐 审查 责任 否则 会员 无法
0,上次 不少 不过 为了 电池 熊掌 不可 兼得
0,目前为止 看过 穿越 小说 最烂 言情小说 极差 宫廷 故事 里排 倒数 两本书 完全 浪费 银子
1,配置 不错 显示屏 不好 检测 下来 不错 外壳 一般化 这个 价位 运行 小时 烫手
1,不错 服务 人员 礼貌 干净 清静 交通 方便 缺点 退房 狂慢 花掉 半个 小时
1,本本 里面 算是 合理 赶上 特价 心里 舒服 购物 愉快
1,小巧 漂亮 到手 开始 系统 测试运行 体验 一天 电池 性能 真不错 出门 有些 分量 准备 搜寻 适合 背包 容纳
0,失望 不如 一本 张爱玲 文集 以色 命名 篇文章 仅仅 多页 无头无尾 完全 比不上 里面 任意 一篇 其它 文章
0,配置 一般 可能 基本 出去 便携 司马 赠品 包包 鼠标 内胆
1,一口气 读完 呵呵 来不及 细品 读完 喜欢 张爱玲 拿来 读读 不少 不曾 知道 喜欢 原来 喜欢 精致 媚俗 孤傲 着实 怜惜 不是 传奇 更是 感悟 关于 孩子 沟通 生怕 不得 法处 日后 后悔 朋友 交流 平等 仔细 聆听 太过 苛刻 孩子 自信 这个 大学 时时 警醒 希望 进步
1,市面上 众多 饮食 相比 饮食文化 单纯 饮食 包括 饮食文化 理解 感悟 出版 已有 多年 如今 川菜 确实 大小 城市 见到 川菜馆 确实 很多 经常 光顾 很多 不能 慢慢 川菜 影响 慢慢 学会 可惜 川菜馆 众多 大多 红油 麻辣 菜式 缺乏 提到 四川人 平时 素菜 素汤
0,屏幕 分辨率 对于 图形操作 方便 整体 塑料 感太强 或者 直接 塑料 耐磨 开启 不是 方便 几次 老婆 背面 准备 吓坏 预装 程序 超多 硬盘分区 只有
1,正品 行货 我花 圆通 快递 效率 非常 下单 收货 只用 一天 不错 听说 系统 难装 大洋 找人装 现在 起来 不错 速度 飞快 完美 发票 保修卡 随机 收到 服务 不错 马上 买个 无线 路由器 像机 那位 朋友 有卷 一张 支持
0,附带 驱动 正确 无线 网卡 驱动 快捷键 软件 需要 网站 下载
0,看来 类型 口味 繁杂 可能 就象 生活 喜欢 简单 一点 这么 查点 以为 菜谱
0,联想 系统 里装 乱七八糟 玩意 杀毒 试用版 别装 累人 另外 电源适配器 担心
1,性价比 做工 优良 内存 单条 空着 插槽 便于 升级 内存 分辨率 清晰度 键盘 右侧 感应 多媒体 按键
0,月底 路上 司机 一定 得到 屋里 霉味 极重 热水 第二天 他们 告诉 那间 是从 业主 那里 收回 准备 应该 租给 怎么 不早 这里 客房 业主 写字 全混 一起 一楼 问事 小心 物业 不是 前台 他们 还给 脸色 退房 有位 姓李 女经理 死活 接着 赔不是 免费 升级 现在 态度 你们 很差 楼顶 餐厅 早饭 绝对 晚饭 知道 看起来 人气 总之 千万别 这里 改善 的话
0,散热 口较 按键 偏硬 解决 电源线 带大 不能 学下 三星 这点 考虑 电源线 完全 换成 两芯
1,小狗 朋友 推荐 并且 送给 并且 放在 枕边 随时 阅读 想法 一气呵成 读完 译者 语言 翻译 准确 多少 翻译 痕迹 通常 喜欢 翻译 过来 并且 语言 形象 生动 故事 易于 理解 令人 身临其境 不少 借鉴 意义 能够 仔细 按照 这个 试试 做做 重在 领会 精神 不错 效果 打算 第二遍 推荐
0,买到 真是 可能 受欢迎 销售 太好了 缺货 发给 真是
1,设施 不算 温馨 位置 不错 卫生 也好
1,干净 整洁 位置 也好 缺少 电梯 遗憾
1,时尚 美观 性价比 不错 这个 价位 不能 要求 太高 烤机 测试 下载 操作系统 地址 一般 安装盘 不行 论坛 系统
0,简单 适合 宝宝 不厚 建议 简单 一点 方便 宝宝
0,书中 缺页 确切的说 白纸 你们 省墨 可苦 看起来 连贯性 有时 不知所云 故事情节 连不上 非常 讨厌
0,酒店设施 陈旧 浴缸 排水 入住 无房 一间 一间 早餐
1,一本 女儿 共享 小书 原版 精缩 完整 有趣 女儿 只是 文字 明白 其中 含义 并且 容易 开小差 优点 在于 大量 插图 利用 插图 宝宝 讲述 效果 不错 只是 享受 美妙 故事 亲子 时刻 是不是 物超所值 女儿 忠实 书迷 这套 其他 图书 统统 买下 细读 其乐融融
0,套书 是因为 高居榜首 左右 决定 买来 之后 心情 激动 认为 这下 女儿 沉醉在 世界 一阵子 没想到 无聊 透顶 故事 讲得 烦透了 个人感觉 好象 只是 为了 所画 胡乱 故事 图倒 细致 这点 没得说
0,书评 诱人 二十出头 年纪 应该 学习 如何 经营 未来 买回来 失望 空洞 浮于 表面 里面 女孩子 一些 忠告 例子 没什么 新颖 之处 不够 深刻 质量 好像 廉价 言情小说 身边 还有 人想 直接 送给
1,屏幕 不错 找到 坏点 萝卜 家园 盘装 系统 起来 不错 屏幕 还够 键盘 行配 一根 内存 加上 原来 速度
0,三分之一 看不下去 一套 不值 大家 忠告 先买 一本 回去 看看 然后 剩下
0,礼券 以后 好奇 一下子 撤单 以后 这个 礼券 不能 竟然 不能 辛辛苦苦 赚来 块钱 竟然 这么 当当 没门 竟然 周六日 上班 礼券 接着 的话 没完 这群 猪脑子 系统 设置 顾客 考虑
1,首先 服务 南方 服务 水准 普遍 北方 宾至如归 电梯 口有 小妹 询问 楼层 以为 电梯 迎宾 接着 推荐 娱乐 楼层 住客 不好 印象 硬件 普通 三星 水准 早餐 一般 特别 便宜
0,发热量 解决 散热 效果 理想 基本上 保持 在度 以上 其次 促销 消息 明明 支持 靓彩 技术 可是 系统 安装 完毕 根本 不了 快捷键 不能 内存 性能 稍微
0,黑店 黑店 绝对 黑店 黑店 黑店 绝对 黑店 黑店 黑店 绝对 黑店
1,大厦 同价位 个人感觉 性价比 只是 临街 晚上
1,交通 方便 一点 干净 整洁 香港 特色 性价比 推荐 一下
1,首先 名著 其次 名家 加上 出版社 动心 不行 个人 喜欢 金圣叹 这个 版本 水浒 文字 洗练 啰嗦 尽管 鲁迅 先生 对金大 才子 腰斩 水浒 满意 认真读书 至少 一家之言 套用 老先生 一句 鉴别 建议 喜欢 水浒 朋友 读完 本地 水浒 最好 读读 这个 金本
0,由于 里面 锈水 大堂 副理 免费 升级 套间 由于 预定 天讲 头晚 第三 晚是 第三天 直接 告诉 只能 经过 反映 效果 原因 第三天 一批 人来 开会 不够 故意 住客 赶走 坚决 再也 不住 这里 态度 十分 差劲
0,太大 找个 分区 软件 力气 外壳 太薄 一种 信心
0,常识性 稍微 有些 英文 基础 不会 这些 错误 建议 没什么 英文 基础 笑话 读读
1,开始 设置 不能 光驱 启动 后来 分区表 不能 格式化 分区 半天 摸索 工具箱 修复 分区表 后来 分区 系统 谢谢 没什么
0,读过 一般 一般 需要 多人 批评 于丹 水平 哲学 仁者见仁 智者见智 学问 每个 看法 批评 正常 成名 太快 国人 一种 气人 劣习 批评 正常 古来 知识分子 讲究 安贫乐道 宠辱不惊 淡泊 名志 宁静致远 利用 圣贤 学说 布道 售书 谋利益 可能 符合 学问 价值观 批评 正常 不过 我能 理解
1,已经 翻烂 中国 书太少 没想到 通过审查 现在 所谓 专家学者 官员 良心 见识 要么 有话 不敢 要么 胡说八道 阿谀奉承 揣摩 上意 直叫人 恶心 还好 现今 领导 重视 老师 博客 中央政治局常委 人手 一本 中央 各部委 领导 部分 省市 作为 学习 科学 发展观 必读书
0,测试软件 显示 二极管 发热 开机 不久 于度 左右 徘徊 合上 弹簧 盖扣 一只 无法 打开 可能 下盘 太轻 底部 透过 一排 散热 口能 看到 芯片 晶体 精密 屏幕 色彩
1,之后 不是 大道理 朴实 辩证 看待 班主任 工作 包括 体罚 学生 之类 情况 书上 独到 见解 见到 许多 班主任 工作 书籍 不同 一本 或者说 另类 一本 来源于 实际 来源于 基层 书籍 对于 班主任 困惑 矛盾 基本上 解答 兴趣 一下 也许 班主任 工作 轻松 无比 思想包袱
0,说实话 实在 不怎么样 东拼西凑 主人公 那样 心理素质 心理 实在 米名 奇妙
0,周庄 旅游 体验 水乡 风情 景区 里面 私人 旅馆 环境 不比 私人 旅馆 服务 不好 本来 市区 班车 一个半 小时 一辆 那天 赶着 浦东 机场 索性 班车 取消 一班 足足 小时 分钟
0,订单 收到 知道 当当 配送 是否 这个 效率 投诉 过去 客服 回复 属于 正常 现象 处理 订单 时间 当当 说了算
0,系统 无法 正常 进入 硬盘 正常 声音 产品 遇到 质量 应该 属于 正常 服务态度 实在 令人 不满 对于 换货 申请 处理 极为 不负责任 制作 各种 困难 强烈要求 换货
1,老师 绝对 值得 一读 本来 读书 随笔 感冒 翻开 老师 看看 通过 读书 感情 了解 触摸 严肃 深刻 世界 难道 不是 一件 有趣 老师 界定 真正 读书人 那些 怀着 浮夸 肤浅 功利 心理 读书人 隔绝 在外 谦虚 地说 写得 不好 其中 介绍 耐人寻味 经典 读一读 书关 起来
0,喜欢 明白 为什么 要死 如果说 儿子 理解 女儿 牵强 最后 女婿 外孙 简直 不可 思义 所有 亲人 一个个 离开 难道 活着 意义
0,有生以来 入住 恐怖 之一 印尼 雅加达 郊外 媲美 霉味 烟味 扑鼻 窗户 通风 肮脏 地毯 斑斑点点 污迹 令人 触目惊心 厕所 肮脏 长年 累积 污斑 臭味 令人 无法 如厕 楼道 昏暗 昏暗 晚上 务必 几个 同行 还算 优点 服务员 态度 不错 总之 倒贴 我元 不肯 入住
0,给机 子系统 评分 主要 图形处理 功能 低点 其他 还有 应该 鼠标 触摸板 开关 功能
0,孩子 成为 幽默 孩子 成为 想象力 丰富 孩子 开心 大笑 起来 梅拉 不错 选择 梅拉 那些 奇特 想法 生活 一个个 小小的 插曲 平静 湖水 轻轻 涟漪 拿到 梅拉 第一个 享受 第二个 老公 然后 两岁 宝贝女儿 整个 故事情节 理解 不了 里面 很多 场景 开心 比如 梅拉 摆出 各种各样 姿势 钓鱼 场景 下蛋 场景 模仿 女儿 摆出 各种 姿势 全家 充满 欢乐 人人 喜欢 梅拉 生活 需要 梅拉
1,性能 不错 价格 适中 无线 不错 无线 电影 卡比 无线 路由器 好多
1,钢琴 外壳 透着 水纹 肌理 不错 配置 不错 合理 搭配 物有所值
1,这家 位置 性价比 不错 不知 是不是 由于 客人 服务 自然 下降 客人 好象 这里 不太 受欢迎 每次 入住 要不是 床间 要不是 要不是 打扫 出来 不能 会员卡 前台 上面 规定 依据 补充 点评 年月日 这家 服务 越来越 酒店设施 不如 从前 以后 不住
1,不错 较大 舒适 安静 餐厅 菜肴 价廉物美 品种 很少 桐乡
0,位置 价格 勉强 陈旧 卫生状况 不太近 人意 总之 三星级
0,当初 很多 好评 虽说 本人 向来 不是 胡乱 血汗 银子 尤其 兴致勃勃 胡乱 更是 少之又少 特例 实在 搞不懂 怎么 多人 好评 看来 这年头 大家 对书 要求 太低 个人 写书 强迫 大部分 得到 实质性 现在 是务时 社会 浪费 银子 就算 不能 浪费 宝贵 生命 我家 本已 不大 此书 无异于 鸡肋 有位 仁兄 炒作 没错 炒作 煸动 性极强 以上 纯属 个人 愚见 仅供参考
0,朋友 反映 不是太好 想必 城市 规模 关系 宜昌 四星 肯定 不能 大城市 四星 相比 具体来说 入住 情况 据说 设施 好像 古老 清洁 程度 有待 考察 据说 英语 服务员 很少 英语 服务员 出来 英语 很少 四星级 怎么 考虑 如何 提高 接待 外宾 水平 更何况 三峡 很多 外国游客
0,太小 总台 居然 预定 还要 打电话 确认
1,一切 通过 网络 预订 为什么 不能 灵活 一点 半天 合情合理 尤其 连锁 应该 提供方便
0,适配器 端面 曲面 貌似 美观 电源插头 干嘛 设计 曲面 平面 曲面 相连 机械 设计师 败笔 稍微 一碰 断电
0,系统 的确 难装 思路 简单 盘装 先用 做成 启动盘 然后 系统 光盘 复制到 机器 启动项 启动 进入 界面 之后
1,便宜 便宜 个人 认为 比好 安全 安静 呵呵 外观 那些 本本 难看 原始 不是 来看
1,第一辑 是从 朋友 处借 来看 不仅 小孩 喜欢 爱不释手 不是 崇洋 该书 角度 的确 国内 儿童图书 一样 一味 说教 而是 生动 故事 小孩 能够 感受 看书 乐趣 读书 主要 找到 朗朗 出来 毫不犹豫 第二辑 毫不犹豫 买下 同时 介绍 许多 朋友 遗憾 第二辑 包含 找到 朗朗
1,设施 齐全 交通 方便 补充 点评 年月日 公司 付账 交通 方便
1,系统 开始 不太懂 麻烦 知道 简单 不错
0,价格 要是 低点 更好 应该 特价 活动 快递 服务态度 不是
0,像是 五星 三星 标准 失望 两个 海景 只能 看到 一个角 服务 意识 两个 蓬莱 没人 联系 打电话 他们 回来 踢皮球 半天 回去 郁闷
1,地点 不错 客运站 饭店 大约 柜台 小姐 先生 服务 更是 优乾净 整洁 舒服 一晚 价格 划算 不过 早餐 下次 泉州 还会
1,这部 书写 抛开 那些 众所周知 捡拾 鲜为人知 记忆 碎片 比如 白卷 英雄 张铁生 写给 评卷 比如 一位 普通 农村 教员 写给 毛泽东 片段 背后 有着 深刻 历史背景 看似 微不足道 言论 举动 那时 中国 带来 意想不到 震动 语言 丰富 深刻 透射 理性 观察 思考 那些 轰轰烈烈 事件 值得 记忆 这些 历史 湮没 枝节 值得 反思
0,不足之处 两个 电源 盒子 发热 惊人 接上 不久 烫手 内存 插槽 只有 要加 内存 原装 卸下来
0,无线 网卡 驱动 费劲 出风口 左边 好容易 烤手 冬天 合适 呵呵 设计 后面
0,不能 厕所 垃圾桶 旁边 发现 一只 厘米 蟑螂 床单 被罩 血迹 打电话 服务员 竟然 刚换 血迹 洗不掉
0,入住 当晚 火车 到达 较晚 前门 一看 就象 烂尾楼 黑灯瞎火 以为 出租车 拉错 后面 总台 一问 大堂 装修 一看 房间内 设置 地毯 到处 补丁 一股 霉味 豪华 标双 晓得 普标 哪得成 什么样 两百多 人民币 不如 现如今 经济型 失望 图片 宾馆 反馈 年月日 谢谢您 宝贵意见 实在 对不起 代表 致以 诚挚 歉意 您提 几个 现在 已经 全部 解决 欢迎您 下次 入住
1,豪华 被子 太厚 晚上 睡觉 超热 前台 小姐 服务态度 一般 见到 笑脸 宾馆 服务
0,国内外 不少 丹东 国际 这次 是因为 办事 选择 这家 所谓 丹东 唯一 一家 四星级 从来 见到 服务质量 这么 处处 客人 本人 入住 由于 本人 十一点多 航班 中午 特意 前台 能否 六点 结帐 总共 两天 房钱 前台 当时 同意 两天 预付款 等到 日晚 六点 同志 两分钟 时间 他们 居然 要收 三天 房钱 当时 本人 先耐着 性子 前台 两个 服务员 解释 后来 戴眼镜 大堂 副理 过来 说来说去 就是说 电脑系统 六点 一过 自动 锁定 一天 副理 后来 打电话 请示 陈经理 旁边 亲耳 详细 只是 客人 六点 退房 提出 半天 行不行 得到 否定 答案 抬头 拒绝 本人 本人 告诉 打电话 请示 电话 你们 经理 提出 半天 你们 同意 事实 问住 本人 由于 赶时间 懒得 她们 理论 奉劝 不要 这家 签订 住房 合约 免得 引来 投诉
0,太小 设施 垃圾 洗澡水 半天 凉水 热水 洗澡间 分钟 水漫金山 原定 住天 退定 冰箱 接电 宽带
1,国际品牌 键盘 打破 以往 风格 外观设计 时尚 小黑 个性 电池 不错 正常 情况 使用 小时
1,战争 带给 人们 无尽 伤痛 无论 追逐 权利 得到 受伤 永远 手无寸铁 老百姓 一句 特别 感伤 阿富汗 很多 儿童 童年 无辜 孩子 来到 这个 世界 经历 痛苦 命运 或许 他们 真的 一直 热水 他们 很累 哈桑 忠心 感动 千千万万 这个 充斥 谎言 利益 戴着 面具 生活 现代 几个 忠心 朋友 肯为 这般 付出
1,看到 有人 恐怖 言重 其实 只是 训练 正面 思维 一种 方法 有人 公司 受到 公正 对待 抱怨 试想 思维 积极 想法 足够 正面 思想 别人 产生 一定 影响 任何人 需要 别人 正确 态度 对待 自已 包括 上司 老板 他们
1,强大 做工 不错 系列 技术 真是 不错 集成显卡 一下 高清 魔兽 世界 极品飞车 没试 据说 效果 开会 流畅
0,收到 你们 网站 到底 怎么 回事 现在 收到 真的 失望 收到 不想 一句 你们 那里 现在 收到
0,机器 造工 粗糙 塑料 太重 应该 为了 轻便 牺牲 材料 质量 机器 底部 电池 位置 造工 真的 很差 这个 检讨 一下 造工 设计 电源 插口 位置 设计 不合理
1,按摩 浴缸 桑拿房 标准 大床 特色 放假 宽带 免费 含单 算是 下次 入住 再次 感受 免费 按摩 浴缸 桑拿房
1,地点 非常 好离 后海 酒吧街 很近 晚上 泡吧 非常 方便 酒店设施 陈旧 卫生间 吹风机 居然 商务 所谓 商务 有个 显示器 键盘 要是 上网 需要 连接 上去 这个 明白 难道 有人 带个 主机 出门 不过 考虑 性价比 主要 喜欢 这个 位置
0,房价 四百多 感到 非常 失望 陈旧 脏比 锦江 之星 以后 肯定 不会 硬件 设施 服务 怎么 吸引 客人
1,很大 一本 放在 家里 孩子 一本 带到 学校 年级 学期开始 老师 要求 认识 作业 生字 孩子 眼睛 经得起 折腾 孩子 现在 二年级 上次 检查 班上 已有 不少 孩子 视力 下降 眼镜 赶快 这本 大版 字典 各位 爸爸妈妈 注意 大小 页码 不同 小版 一本 放在 书包 学校 老师 有时 查字典 比赛 页码 不同 麻烦
0,餐厅 服务员 态度 友好 免费 提供 早餐 早上 八点 供应 鸡蛋 米粉 小妹 服务员 交涉 两次 未果 早餐 供应 时间 上午 九点 结束 希望 应对 早餐 供应 有所改善 客房 服务员 进行 培训 客人 房门 门锁 请勿打扰 字样 希望 不要 擅自 进入 客房 客人 尊重
0,插上 电源 开机 发现 电源 按钮 旁边 划痕 联系 告知 外观 缺陷 不能 更换 客服 甚至 可能 人家 那样 设计 磨具 明显 规则 划痕 大概 左右 其他 记得 送货 见证 开箱 检查 外观
1,特种 刮痧 运板 技巧 信文 老师 推拿 老师 谢谢 推拿 受益非浅 毛病 解决 亲友 朋友 毛病 帮助 解决
0,前台 服务 很差 值班 经理 经理 有意 欺诈 一晚 标准间 欺骗 成元 商务 房好 客服 打电话 确认 上当
0,其他 没什么 房价 便宜 星级宾馆 愧对 标准 补充 点评 年月日 不过 安庆 这家 一点 其他 要么 要么 更差
1,设施 不错 位置 服务 人员 水平 差点 早上 退房 太慢 四十分钟 北京 小伙 一伙 上海 退房 排队 前台 对骂 服务 人员 不敢 上前 调解 下次 洲际 希尔顿
0,标题 已经 全部 概括 真的 佩服 一件 事情 写成 而后 只有 一件 事情 通读 真是 同样 佩服
1,偶然 机会 发现 过程 首先 思想 净化 过程 是从 家庭 孩子 相处 小事 入手 用心 感受 孩子 举动 言行 点滴 变化 及时 给与 肯定 适当 表扬 不过 父母 自身 教育 出现 能够 包容 孩子 缺点 解决问题 方法 入情入理 孩子 容易接受 能够 父母 成为 交心 朋友 读后 受益匪浅
1,小时候 同学 第一次 看到 黑白 人物 许多 快乐 孕育 平凡 生活 居然 画家 手里 那样 鲜活 一丝 熟悉 感动 成年 依然 父子 念念不忘 当当 以后 同事 起先 幼稚 可是 不久 有趣 图画 吸引 感动 推荐 此书 不管 大人 小孩 看看 不错 装订 精美 画面 价格 更是 优惠 推荐
0,恢复 软件 简直 白痴 系统 必须 大于 第三方 软件 才能 多余 系统 区分 出来 系统 小于 不能 使用 系统 恢复 软件 默认 小于 非法操作 光盘 盒弹 部分 粗糙 简直 山寨
1,以前 我读 一些 女人 说话 办事 方面 经常 失望 长篇大论 学到 实际 浪费时间 金钱 采用 细节 点点 到位 针对性 所谓 细节决定 成败 语言 精炼 实用 富有 哲理 非常 值得 一读
1,小巧 轻便 竟然 做工 一贯 屏幕 比亮 分辨率
1,大楼 很漂亮 价格 便宜 其他 一般 索菲特 起来
1,喜欢 这个 那里 笑容 方便 价格合理 还有 登州 青岛 啤酒 芜湖 经常 仓促 而订 不到 国信 一大 憾事
0,美中不足 内存 一处 败笔 再有 能够 集合 蓝牙 指纹识别 一体 不胜 臆想 呵呵
1,纯是 东北 故事 开始 正常 家庭 背景 于是 成长 奇怪 暴躁 女孩子 同样 脾气 六零 碰到 一起 真是 一对 活宝 对话 粗糙 嘎嘣脆 东北 二十年 接触 那种 人群 何况 离开 好笑 亲切 直爽 世界 先是 同学 介绍 说好 然后 网上 一半 看过 纯是 东北 于是 干脆 慢慢
0,屏幕 太长 开始 看得 舒服 键盘 间距 预装 系统 不会 改装 半天
0,环境 不错 装修 早餐 不怎么样 价格 偏高
0,风景 挺不错 望出去 古运河 古诗词 意韵 淋浴 设施 不好 淋浴 门关 不紧 水龙头 出水 很小 洗澡 舒服 电视 两个 遥控器 起来 方便 主要 前台 小姐 服务 不好 冷冰冰 尤其 那个 脸蛋 胖胖的 小姐 脸上 涂过 糨糊 一样 一点 微笑 舒服 服务生 培训 有待 加强 服务 意识
1,送货 很快 隔天 外观 不错 家用 足够 系统 遇到 顺利
0,马路 标准间 房间内 设施 简陋 并且 玻璃窗 户外 还有 一层 幕墙 玻璃 不能 打开 导致 不能 自然通风 采光 好吃 三顿 早餐 品种 少得 可怜 二楼 餐厅 租出去 价格 特贵 原来 订餐 时告 房客 九折 服务指南 明明白白 等到 结帐 海鲜 酒水 不能 打折 发票 经理 好不容易 第二天 拿到 发票 综合 来说 四星级 差距 太大
1,这本 穿越 泰姬陵 是因为 非常 喜欢 泰姬陵 记得 小学 第一次 看见 美术 书中 泰姬陵 图片 喜欢 真是 一见钟情 喜爱 知道 背景 建成 单纯 喜欢 希望 一日 格拉 目睹 风采 想象 不错 从书 了解 以往 知道 增长 知识 早就 有关 泰姬陵 穿越 如今 这个 愿望 实现
0,酒店服 務員 服務態度 不太有 禮貌 入住 房間 比較 簡陋 房間 價錢貴
1,纳入 全新 高强度 工程塑料 钢琴 外壳 设计 的确 视觉 用户 带来 新意 十足 时尚 双核 处理器 最新 纳米 工艺 独立 显卡 上方 备配 高清 摄像头 便于 用户 更好 进行 商务会议 背光 屏幕 更加 环保
0,音箱 效果 不太好 杂音 只能 一般 使用 另外 音箱 显示 效果 一般 另外 自带 那个 杀毒软件 根本 注册 不了 现在 裸奔 还有 那个 读卡器 试过 一次 没法用 知道
0,送包 蓝牙 系统 硬盘 系统 可是 最后 花去 电脑城 系统 不能 备份
1,小巧 漂亮 功能齐全 携带方便 电池 续航 能力 较强 达到 官方 所说 小时
1,这家 优点 便宜 海景 很漂亮 海洋公园 方便 楼下 没多远 空调 大巴 公园 门口 刷卡 只块 金钟 海洋公园 大巴 便宜 几块钱 服务 人员 不错 门童 行李 送到 忘记 消费 礼貌 地走了 之后 起来 香港 消费 习惯 安顿 下楼 碰到 那位 门童 人家 礼貌 客气 耐心 解释 应该 怎样 附近 有些 吃饭 还有 听说 每天 出去 留来 块钱 小费 打扫 阿姨 可是 回来 块钱 压在 桌子 缺点 有些 陈旧 计较 香港 寸土寸金 装潢 设施 格调 迪斯尼 很大 很大 几节 不过 价位 便宜 一半 出行 不是 方便 大巴 各个 香港 大巴 不报 坐在 车上 晕晕乎乎 知道 第二天 出行 只好 打车 地铁站 不过 起步价 地铁站 香港 只有 坐地铁 心里 踏实 知道 身在 何处 大巴 好几 才能 回过 刚刚 应该 下次 香港 也许 选择 地铁 边上
0,操作系统 光盘 驱动 光盘 启动 蓝屏 系统 随即 崩溃 抓狂 很多 驱动 不到 尤其 怎么弄 声音 最后 拿到 维修站 郁闷 后来 知道 一键 还原
1,本来 期望 不大 一向 喜欢 余杰 对祝勇 以前 一些 观点 不是 赞同 此书 以后 对祝勇 思想 痕迹 了解 更为 深刻 理解 祝勇 一些 观点 总的说来 祝勇 对于 他人 剖析 理性 对余杰 批评 有些 阐述 客观 不过 还有 露出 文人相轻 如同 楼上 那位 朋友 所说 看得起 总结 建议 一读
1,饭店 有些 干净 高层 向北 安静 假如 下次 大同
1,也许 人性 中有 善良 祈祷 他人 和平 幸福 战争 貌似 其实 非常 只是 几个 纬度 或是 几年 一下 其实 真的 非常 故事 莱拉 真的 欣赏 非常 敬佩 阿富汗 新一代 女性 象征 怎能会 不让 起敬 看着 别人 悲惨 想到 却是 幸福 真的 残忍 可是 懦弱 做到 或许 只有 不停 感恩 感激 所有 一切 感激 平凡 一切 感激 和平
1,若能 孕期 看到 当然 现在 不晚 只要 看到 年轻 父母 教育 孩子 来说 不晚 不但 如何 教育 孩子 学习 重要 孩子 如何 做人 做事 怎样 玩好 例子 全面 发展 孩子 优秀 美中不足 开始 怀疑 是否是 正版 正版 出版商 校稿 团队 差劲 不但 错字 常出 排行 出错 真是 有愧 珍藏本 说法
0,发热量 风扇 声音 尚可 这些 还行 影响 使用 令人恼火 邮政 物流 服务 随意 打电话 接受 不让 验货 门卫 那里 要是 运输 责任 不是
1,环境 干净 不算 特别 好找 呵呵
1,市中心 逛街 吃饭 方便 服务 不错 标间 设施
0,迎合 大众 口味 而用 调侃 语气 历史 典型 媚俗 娱乐 文字 罗嗦 拿捏 令人作呕
1,不管 骨头 先生 主人 威利 一直 寻找 自我 寻找 灵魂 归宿 寻找 乌托邦 威利 年轻 属于 垮掉 一代 吸毒 社会 标榜 自我 散尽 钱财 贫病交加 寻找 乌托邦 汀泊 骨头 先生 最后 泊图 威利 骨头 先生 恰似 威利 童年 老师 威利 前者 后者 迷惘 灵魂 一条 不明朗 总算 方向 迷惘 即使 一条 骨头 先生
0,千万 不要 综合楼 本来 真的 宗和楼 路边 景区 门外 路边 区别 之前 点评 那里 温泉 服务 不信 体验 服务员 说来 多少 客人 多少 一群 池里 小朋友 不介意 介意 这是 广东省 最差 温泉 唯一 优点 综合楼 改成 客房 面积 很大
1,性价比 升值 安装 搞了半天 一定 版本 以上 否则 硬盘 不认
0,月初 入住 据说 后楼 前楼 条件 后楼 一晚 非常 小后 正在 外墙 脚手架 到处 前台 押金 楼层 服务员 押金 拿走 前台 理论 前台 态度 非常 强硬 他们 规矩 十几年来 慢慢 适应 同意 前台 楼层 服务员 处理 楼层 服务员 押金 退还给 气呼呼 注意 知道 注意 晚上 打开 窗对 面前 空调 机房 非常 还有 脚手架 任何 蟊贼 直接 爬进 几乎 客房 服务 洗手间
0,失望 一点 不好 所谓 笑话 低级 拼写错误 导致 折扣 有些 不值
1,非常 不错 宽大 浴室 设计 不错 只是 酒水 设备 不足 加州 带来 几瓶 红酒 可是 杯子 不过 马上 送过来 客房 门房 服务 大连 五星 这家 价格合理 可是 北京 五星 大连 其它 五星 这家 日光 划算
1,体积小 性能 不错 已经 拿到 呵呵 差评 里面 玄乎 看来 枪手 说实话 性价比 学生 目前 正在 毕业设计 内存 任何 哈哈 爽赞
0,玩游戏 知道 怎么回事 初次 测试 显示 试试看 再说
1,墨深 知敏 那年 深藏 心底 因此 注定 一生 一直 认真 长大 总能 合适 女人 最好 爱护 很多 他们 不能 见面 甚至 连话都 说不上 心底 那个 角落 永远 对方 守候 知敏 自立 自尊 自强 性格 喜欢 他们 大学 生活 羡慕 家庭 缘故 一度 有过 徘徊 力量 伟大 只要 还有 不能 克服
0,颜色 单调 一种 红色 几种 比如 黑色 白色 完美 还有 系统 不太好
0,质量 速度 不错 圆通 快递 太差 单上 注明 本人 签收 快递 随便 一点 责任感
0,前台 服务 对待 客人 热情 号称 预定 客人 他们 一定 宾馆 下次 不会 入住
1,位置 不错 上海 徐家汇 中心地带 性价比 一般
0,早餐 不错 太小 网上 地图 清楚 仔细
1,造型 不错 精巧 上网 做工 价格 非常 便宜
1,我花 整晚 时间 读完 全书 读着 实在 不下 该书 从书 感受 池莉 女儿 浓浓的 母爱 理性 不是 宠爱 不是 以爱 名义 逼迫 女儿 喜欢 女儿 百分 信任 尊重 还有 支持 这些 母亲 真实 理性 佩服 女儿 成长 爱心 信心 自尊 自爱 自强 重要 成功 成功 做人 成功 庆幸 此书 希望 母亲
0,散热 这个 说法 系列 比起 其他 好多 那个 太慢 到手 就格 不然 太慢 无法忍受
0,后悔 几本书 之一 太贵 其他人 孩子 喜不喜欢
1,性价比 散热 相当 出色 读盘 时有 噪声 只是 相对 静音 接受
0,不知 硬盘 运行 咔响 不停 节奏 鼓点 华硕 售后 竟然 正常 怒怒 不敢 万一 抓进去 一年 亏了
0,印刷 质量 只是 个人 物有所 不值 有种 包装 豪华 不是 而是 包装
0,网上 那多 因此 决定 想到 大失所望 只是 一些 常用 英语单词 归类 而已 来说 任何 帮助 别人 开心 搞笑 以前 初中 英语老师 已经 学着 英语单词 归类 非常 一般
0,知道 套书 为什么 热销 感觉不好 比如 看到 里面 提到 梅拉 海里 记错 的话 三套 两套 另外 一套 已经 送出去 孩子 教育 选择 品格 教育 比如 最好 爸爸 培养 孩子 父亲 之间 感情 套书 质量 印刷 不错 这些 似乎 不能 帮助 孩子 品格 塑造 希望 私下 交流
0,塑料 味重 机身 用到 现在 有过 一次 蓝屏 知道 原因 观察
1,配置 性价比 摄像头 麦克风 读卡器 等等 刻录机 日立 兼容性 不错 模具 以前 系列 机型 厚重 可靠 鸡肋 系统 节约 成本
0,位置 十分 偏远 交通 购物 餐饮 方便
1,散热 效果 不错 机子 配置 不错 价钱 相对 便宜 性价比 不错 值得 推荐
0,发货 速度 奇慢 日订 现在 没收 客服 电话 每次 发货 理由
0,这书 啥意思 整一 弱智 小人书 当当 送货 速度 太慢 一个月 收到 服务态度 极差 发邮件 过去 后悔 还有 那个 购物券 好像 没用
0,可能 那个 时代 真实写照 看不下去 看到 家里 花光 房产 地产 输光 老爹 气死 这里 个人 无法 接受 生活 状态 活着 应该 为了 生活 更好 不是 生活 更差 兴趣 下去
0,这次 一共 送来 一本 至于 为什么 说法 不吭一声
1,拿到 套书 儿子 爸爸 已经 迫不及待 路边 车上 起来 一连 两本 宝宝 弗洛 格是 英雄 费洛格 宝藏 很感兴趣 听得 仔细 可能 画面 简单 色彩 明快 完后 床上 看一遍 认真 识字 大概 自言自语 再说 一遍 有时 还会 那页 弗洛 格说 的话 再说 一遍 一本 不错 爸爸 喜欢 父子俩 现在 经常 一起 两天 全部
1,不是 白领 不是 写字楼 袅袅婷婷 人们 故事 仿佛 亲身经历 一样 北京 各色 建筑 流离 其中 这个 故事 发生 身边 有趣 程睿敏 正是 人爱 生命 男主角 小儿 每个 生活 是否 用心 记录 感动 建议 朋友 一下 非常 精彩 尤其 心里 描写 职场 一些 斗争 绝对 受益匪浅
1,惠普 整机 配置 均衡 内存 送个 内存 太好了 本本 外观 简约 不愧为 商用 键盘 设计 特点 显示 效果 色彩 靓丽
1,真的 应该 五星 可惜 评分 好像 无法 修改 个人风格 简介 学到 不少 健康 知识 出书 要是 还出 好书 一定 谢谢 当当 热心 顾客 推荐 才能 这些 好书 谢谢 当当祝 好心人 合家欢乐 身体健康
0,知道 心痛 入住 知道
1,三天 里望 外面 看到 海景 红砖 房屋 环境 非常 美丽 服务 不错 每天 小点心 两朵 鲜花 温情 早餐 无法 电视 不是 液晶 设施 稍微 旧些 靠窗 沙发 看书 非常 好本 小孩 泳池 游泳 太深 小孩 不敢 下去 交通 方便 出来 公交车站 对面 座车 栈桥 中山公园 青少年 帆船 中心 座车 五四 广场 奥帆 中心 不错 后来 汇泉 王朝 早餐 发现 风景 漂亮 下面 海水浴场 青少年 帆船 训练 基地 另外 本地人 应该 八大关 有些 出来 海滩 下次 试试
0,真的 星级 除了 早餐 不错 服务 住宿 满意 一点点 怪味
0,想象 太神 并且 实用性 不是 很多 反而 大家 怎么 夸奖 怎么 之类
1,本着 一本 励志书 想法 段时间 一直 提不起 任何 兴致 任何 事情 颓废 生活 目标 明确 迷茫 作为 毕业 不久 大学生 实践经验 学校 不能 多少 除了 年轻 优势 然而 单位 年轻 说明 经验 工程 专业 经验 重要 淡定 好多 迷茫 不过 已经 知道 如何 养精蓄锐 等待 机会
1,很小 就读 那种 大部头 当时 翻译 过来 原汁原味 吸引 印象 深刻 记得 小时候 晚上 偷偷 被窝 那种 无法 言喻 拿到 兴奋 整齐 厚实 总之 就算 一种 情怀 找回 童年 呵呵 特意 英文版 有空 家里 翻翻 英文 字典 体味 一下 原汁原味 版本 童话 有趣
1,外观 简洁 大方 配置 很全 键盘 舒适 屏幕 质量 不错 散热 良好 静音 良好
0,包难 找到 秀丽 双肩 正好 放进去 哈哈 做工 有待 提高 华硕 比差 代工厂 太差 背面 盖板 竟然 很多 一样 翘起来 下去
1,之前 看过 推荐 想到 拿到 书后 囫囵吞枣 大致 一下 除了 画面 十分 精美 之外 看不懂 意思 当时 有些 失落 下班 车上 细细 导读 部分 恍然大悟 每次 看绘本 看看 导读 要不然 理解 上去 惭愧 到家后 小儿 大致 翻看 一下 没意思 于是 引导 一起 这回 一样 其实 只要 用心 发现 发现 每页 每个 角落 精心设计 很棒
0,发热量 包括 充电器 摄像头 反应 速度慢 不知 是否 设置 有关 该款 不带 指纹识别 需要 增加 内存
0,价格 要是 低点 更好 应该 特价 活动 快递 服务态度 不是
0,女孩子 来说 重了 点装 系统 麻烦 驱动 下载 烦要 一个个
0,最差 星级 招待所 不如 潮湿 连张 桌子 最多 蚊子 特毒 星期 墙上 鲜血 蚊子 尸体 奉献精神 建议 这里
0,职场 战场 这部 小说 阐述 淋漓尽致 拉拉 工作勤奋 老黄牛 性格 倔牛 王伟 正直 有些 过分 天真 何好 思维 敏锐 眼光 独到 高深莫测 李斯特 崇尚 中庸 不喜 决定 不失为 温和 颇具 慧眼识 上司 柯必得 天生 管家 过于 苛刻 过分 偏执 但且 不择手段 不得不 佩服 勇气 执着 林在 生意经 似五伟 经验 八面玲珑 关键 牢牢 掌控 下属 约翰 颇为 阴险 处处 王伟 聪慧 之人 文龙 表面 温和 城府 心机 影响 人际关系 知道 何为 何为 关键时刻 帮该 一把 黄宏 技术 过硬 人际关系 始终 无法 处理 妥当 小心眼 玫瑰 经验 老道 有失 光明 还有 帕米拉 周亮 杰森 海伦 王蔷 罗杰 齐浩天 等等 这些 个个 性格 鲜明 独到之处 观完 引人深思 故事 鲜活 实用价值 无论是 职场 新人 老将 受益匪浅
1,房間 服務不錯 值得一提 西餐 食物 方面 認為 城區 首位
1,整体 环境 不错 别墅 唯一 不足 陈旧 另外 正是 旅游 旺季 继续 的话 延期 必须 退房 找到 其他 基本上 无处可去
1,不由 同样 事情 发生 身边 甚至 发生 身上 我会 如何 应对 战争 厮杀 逃逸 不是 美国 人有 而是 这起 事件 亲历者 他们 真正 体验 真正 悲喜 他们 已经 关闭 博客 文字 他们 呐喊助威 旁人 鼓励 真正 感到 无边 温暖
0,无线 网卡 接收 信号 并且 稳定 散热量 发现 优点
1,非常 喜欢 结局 完美 开心 整整 一天 看到 他们 点点滴滴 紧张 看到 他们 一起 出去 休假 宾馆 真的 开心 看到 他们 一起 更是 祝福 他们 希望 颜夕 医生 一起 可是 满意 心情 看到 程灏然 苏河 想到 男朋友 他们 幸福 更是 甜蜜 书中 好多 经典 句子 抄下来 体会 喜欢
0,地理位置 不错 北京电视台 培训中心 边上 海边 非常 实在 差劲 整栋 别墅 分别 出来 小间 普通 标间 小得 可怜 十三四 平米 两张床 下脚 价格 算是 便宜 服务态度 可是 服务员 动作 非常 入住 结帐 手续 基本上 二十分钟 左右 一单 不是 挑剔 的话
0,摄像头 找到 没法用 蓝牙 无线 使用 同一个 按钮 控制 蓝牙 切换 过程 无线 网卡 会收 影响 硬盘 好像 一会儿 吱吱声
0,最差 五星级 所谓 经济 间元晚 很小 通道 容下 一条 卫生间 没门 淋浴房 居然 没门 洗澡水 下不去 漫出 卫生间 一间 地毯 很脏 服务 不住 白送 不住 大刀
0,入住 床间 优点 周围 安静 周边环境 缺点 偏僻 市区 景点 相当 距离 哪儿 方便 除了 园区 上班 服务质量 非常 一般 前台 门童 阿都 冷冰冰 设施 一般 只有 淋浴 浴缸 淋浴房 角落 非常 脏都生 青苔 很多 方面 不够 人性化 比如 卫生间 备用 手纸 房间内 拖鞋 发梳 只放 一套 入住 两个 的话 需要 打电话 再要 一套 满意 空调 相关 服务 入住 安排 入住 入住 大概 房内 温度 入住 大约 半小时 温度 以为 空调 操作 有误 翻阅 相关 服务 手册 发现 如何 使用 个人感觉 这个 空调 空调 两个 控制 开关 控制 风速 控制 制冷 打电话 客房 中心 服务员 来看 一下 服务员 查看 设置 一下 原来 设置 没什么 问其 为何 温度 下来 中央空调 降温 比较慢 等等 降温 联系 客房 中心 大约 半小时 之后 温度 升至 为了 确认 空调 空调 大约 半小时 之后 温度 降至度 看来 空调 升温 不是 降温 受不了 再次 联系 客房 服务 反映 开窗 试试 既然 只能 开窗 降温 空调 何用 残念 开窗 之后 情愿 地答 技术人员 看看 按照 九点 指示 开窗 温度 很快 降到 大约 点半 技术人员 任何 询问 用个 吸尘器 空调 风口 问其 是否是 空调 应该 风口 灰太多 空气 不能 流通 原因 一会 温度 下来 就算 灰尘 应该 日常 维护 预防 不是 客人 反应 后来 事实证明 应该 不是 这个 造成 空调 不能 制冷 只能 制热 技术人员 走后 大约 小时 温度 再次 上升 至度 看来 一下 风口 稍微 减缓 一点 升温 速度 联系 客房 服务 技术人员 来看 一下 几分钟 之后 刚才 技术人员 出风口 一下 然后 要求 房间内 发热量 温度 下来 真是 荒谬 技术人员 走后 半小时 温度 保持 在度 任何 降低 迹象 再次 联系 情愿 这个 已经 还有 很多 其他 缺点 一一列举 总结 技术人员 水平 缺乏 日常 维护 服务 人员 缺乏 应有 职业 素质 可能 个人 整个 各方 个面 应该 管理层 强烈 推荐
0,跟风 里面 一点 下去 吸引力 例子 晦涩 不通 总之 失败
0,个人 此书 一般 从中 得到 有益 启迪 翻译 理解 有时候 知道 到底 父母 什么样 建议
0,同时 此书 兔子 汤姆 这书 实在 下去 当然 纸张 印刷 无可挑剔 图画 过于 烦琐 心烦意乱 文字 更是 不知所云 压根 不是 中国 说话 奇怪的是 评级 高高在上 甚至 怀疑 阅读 水平 或者 孩子 喜欢 说实话 我家 孩子 喜欢 那个 小黑猫 形象 知道 害怕 怪兽 兔子 深得 孩子 喜欢 一家之言 希望 误导 别人
1,白夜 行让 目标 这个 所有 全部 记得 看到 哪里 已经 猜想到 结局 知道 那个 过程 一直 念念不忘 连续 几天 沉浸 故事 知道 为什么 不太想 由此 改编 日剧 很多 电视剧 比起 可是 带给 伤感 已经 足够 不想 经历 那种 黑暗
0,以后 知道 安装 瑞星杀毒软件 哪个 包装盒 难道 不能 安装 激活 不了 请教 高手
1,这是 第二本 说实话 第本 勉强 第二本 稍微 一点 了解 明朝 历史 不是 一本 得到 历史 应该 小说 形式 看待 一条 历史 主线 鲜明 表现 也许 依托 历史 本身 吸引 第一本 一些 希望 下去 更让人 动心 一些 这书 连续剧 不能 愿意 继续 仅此而已
0,畅销 平时 喜欢 这方面 当当 看到 这么 推荐 忍不住 本来 读读
1,距离 旺角 尖沙咀 商业区 非常 遥远 就算 海洋公园 房价 里面 算是 便宜 档次 购物 逛街 需要 车费 便宜 巴士 还要 地铁 浪费 很多 时间 算是 偏僻 环境 不错 下次 香港 不敢 选择 这个 交通 方便 附近 很多 早就 关门 晚上 左右 的话 知道 哪里 只能 附近 唯一 一间 关门 惠康 超市 里面 泡面
1,商务 很小 装修 陈旧 家具 古都 特色 早餐 一般 却是 旋转 餐厅 用餐 楼下 牡丹 广场 不错 可惜 洛阳 阴霾
0,美国 国内 版本 增加 内胆 要是 有个 电源适配器
1,价格便宜 性能 设计 简约 大方 屏幕 舒服 总之 总之 过个 本本 这个 绝对 性价比 最高 超级
0,发热量 需要 配备 额外 散热 系统 真的 热死 个人 模具 质量 确实 一般 配备 这个 系统 瓶颈 外频 键盘 适合 使用 分布 密集
1,价高 发热量 大天 冷时 测试软件 机器 重量 控制 不错
1,享受 写法 引经据典 枯燥 似乎 一种 翻译 文字 置于 客观 旁观者 角度 似乎 书中 一切 真实 不过 很多 神话 并非 人类 幻想 人类 可能 有过 那样 人神 共处 时代 有过 一切 可能 神奇 时代 只不过 今天 多半 不会 相信 而已 其实 究竟 有没有 不过 一念之间 认为 找到 证据 认为 一切 证据 值得 质疑
0,收到 推荐 迷惑 没什么 忽悠 不如 网上 搜点 相关 文章
0,无线 网卡 开关 指示灯 拆开 网卡 插槽 天线 预留 办法 一块 装上
0,可能 世界 最差 星级 电视 床头柜 只配 如厕 需经 走廊 一句 烂尾楼 改装 不肯 花钱 民工 出租屋 不如
0,键盘 手感 有待 提高 驱动 竟然 只有 驱动 还要 网站 下载 非常 人性化
0,选购 订单 一切正常 收不到 打电话 知道 已经 缺货 近期 可能
1,支付 金额 商品 金额 运费 优惠 所用 余额 价格 性能 超值 性价比 不错 我装 操作系统 驱动 开始 分区 好容易 蓝屏 注意
0,硬件 设施 周围环境 太吵 早上 不好 打车 主要 前台 服务 非常 不好 时间 很长 办离店 费劲 地毯 对天发誓 火柴 一下 不会 抽烟 非常 舒服 订房 价格 时不含 早餐 结帐 早餐 真是 糟透了 服务 永远 不会 第二次
1,革命性 医学 理念 在于 治疗 医学 预防 医学 认识 世界 顶级 保健品 通过 一段时间 服用 彻底改变 原来 过敏性 哮喘 过敏性 鼻炎 几十年 顽症 还有 针对性 顶级 保健品 提供 我岁 儿子 服用 针对 小儿 保健品 强烈 大家 推荐 保健品 了解 可能 目前 世界 最好 保健品 绝对 不是 最贵 保健品
0,同事 推荐 于是 满怀希望 当当 订货 两周 之后 寄来 根本 不是 他们 一次 发错 退货 之后 至今 收到 那本书 相当 郁闷
0,电影 有时 黑屏 一下 鼠标 没事 知道 进行 节能 设置
0,书中 语句 知道 翻译 表达 别扭 提出 有些 观点 不能 认同
1,开始 六层 房子 不是 特别 后来 调到 不错 大小 合适 价格 星级
1,其他 品牌 相比 具有 很大 优势 尤其 散热 静音 更是 其他 品牌 无法 企及
1,钢琴 很漂亮 声音 效果 很棒 对于 用来 上上网 做些 文字 办公 看看 电影 只要 超级 大片 完全 够用 关键 便捷性 电池 连续 办公 时用 半小时
1,一名 广告设计 专业 大三 学生 上次 朋友 海图 看书 无意 发现 英语口语 一书 首先 封面 吸引 翻开 一看 第一 相比 国内 一些 英语 系列 显得 特有 非常 耐看 丰富 增添 一些 插图 从而 阅读 起来 非常 轻松 很值 用书 里面 全面 衣食住行 非常 极力推荐 随书 附赠 光碟 不错 发音 标准
0,外观 脏兮兮 机场 大巴 路过 知道 这间 如家 心里 这么 大巴 过来 发现自己 这里 一间 商务 大床 不算 便宜 很小 设施 旧旧 很多 连锁 如家 多次 发现 如家 一家 不如 一家 遗憾 唯一 方便 重庆 机场 大巴 第二天 大巴 方便 补充 点评 年月日 还有 异味 已经 如家 习惯 深圳 如家 异味 以后 考虑 别的 连锁 成都 七斗 很多
1,不用 这次 发货 很快 上午 单日 上午 收到 满意
1,这家 设施 价格 很小 经济 标准间 早餐 不错 服务 更是 不错 服务生 有眼力 主动 过来 帮忙 临走 车里 垃圾 垃圾箱 服务生 主动 过来 情况 然后 垃圾 拿走 扔掉 小时 电话 是不是 衣服 他们 那儿 可是 高速 回不去 于是 地址 他们 回来 第二天 一早 衣服 服务 特意 打电话 回去 感谢 他们 服务 那个 交通 大厦 对比 一下 那个 天上 地下 停车 没人管 然后 前台 非说 没收 订单 联系 联系 手机 于是 生气 出门 十分钟 停车 保安 竟然 敢管 收块 停车费 这个 价格 一点 一点 强烈建议 交通 大厦 合作 对象 剔除 实在 有损 形象 点评 交通 大厦 气愤 不让 点评 不过 意见 建议 大家 不要 交通 大厦 即使 推荐
0,前台 不能 刷卡 授权 方便 搞不懂 为什么 刷卡 消费 不能 刷预 授权
0,没收 就要 发表 知道 当当 怎么 做事 缺货 通知 知道 收钱
1,之前 看过 实物 想象 之中 分别 美观 键盘 好用 功能齐全 一般 日常 上网 足够
1,故事 发生 城市 大连 呵市 提到 希望 广场 青云街 海边 广场 星海 广场 展览 中心 会展中心 亲切 没想到 竟然 段时间 城市 描述 主人公 真的 完美 魏成晨 面前 那会 样子 这么 优秀 男人 主人公 为什么 一再 拒绝 为什么 这么 优秀 男人 从来 遇见 入迷
0,屏幕 软合 上盖用 手拿着 机器 明显 进去 这点 不如 朋友 苹果 屏幕 另外 知道 是不是 关系 音响 刺耳
0,服务 人员 态度 不是 卫生 一般 价格 下次 机会 可能 还会 入住
1,对于 自驾游 这家 合适 楼顶 风景 服务 下次 威海 这家
1,环境 价位 不错 以后 居住 这里
1,前台 服务员 礼貌 干净 整齐 热水 的确 忽冷忽热 现象 影响 价格 小贵 只值 以下
1,早闻 沈从文 大名 高中 课本 学过 不过 真正 看到 心灵 为之一振 翠翠 善良 爷爷 淳朴 小镇 静谧 无不 给人以 美的 享受 加上 不温不火 娓娓道来 文笔 人读 起来 真有 一种 冲动 卸下 包袱 出去 拥抱 大自然 现在 深夜 脱衣 而眠 开始 湘西 梦梦 美丽 姑娘 还有 数不清 洗涤 心灵
0,说实话 一定 干活 废话 不少 还有 车轮子 也许 这个 时代 出版物 通病 要是 写成 明朝 那些 那样 干度 估计 缩水 至少 入门级 中医 针灸 理论 值得 看看 个人 值得 上网 值得
0,测试软件 显示 二极管 发热 开机 不久 于度 左右 徘徊 合上 弹簧 盖扣 一只 无法 打开 可能 下盘 太轻 底部 透过 一排 散热 口能 看到 芯片 晶体 精密 屏幕 色彩
1,女儿 六岁 半读 有些 一会 读完 放在 一边 发现 经常 还会 翻起 同事 马上 来看 一边 一边 感叹 女儿 四岁 一定 喜欢 上面 图画 同时 培养 数学 兴趣 于是 马上 一套 非常 不错 受到 如此 轻松 有趣 数学 启蒙教育 不会 数学 厌烦 陪伴 长大 以至于 大学 高数 补考
1,设施 稍微 一点 四星级 附楼 服务 不错 价格 非常 吸引 下次 还会 入住 补充 点评 年月日 不错 冬季 没用 霉味
1,日本 客人 五星级 这个 价位 便宜 至于 环境 服务设施 应该 不错
1,一口气 唐骏 幽默 口吻 阐述 人生 经历 总结 人生 感悟 启发 除了 启发 励志 作品 人生 改变 命运 掌握 手中 只要 敢于 挑战 机会 总是 每个 成就 可能 唐骏 那样 了不起 唐骏 天才 少有 至少 普通人 争取 能力 范围 获得 最大 成功
1,甚为 强大 上网 总结 以下几点 电池 续航 能力 无线 一般 麦克风 蓝牙 摄像头 包装箱 里头 配有 内胆 包擦 机布 电源适配器 小巧 线上 带有 绑带 总体值
0,颜色 发白 点亮 全黑 转换 过程 出现 大片 横向 知道 是否 质量 机器
1,喜欢 房间内 卫生间 大大的 浴缸 浴缸 带花 方便 独立 淋浴房 空间 很大 以后 还会 选择
1,最初 书名 吸引 人爱 生命 这是 怎样 一种 太过 沉重 刻骨铭心 疑问 大半天 时间 心里 有种 说不上来 难受 相爱 两个 竟然 最后 一面 见到 阴阳 两隔 这份 遗憾 喜欢 封面 的话 当初 勇敢 结局 是不是 一样 当时 坚持 回忆 不会
1,不错 已经 第二次 入住 这次 宽带 如此 简直 难以想象 布置 相当 不错 服务 也好 第二次 入住 经理 打电话 上来 做个 问卷调查 哈哈 不愧 价格 合理 下次 的话 基本 这家
0,屏幕 再有 蓝牙 系统 本来 装好 完美 呵呵 幸亏 网上 驱动 全要 费事 第二天 散热器 杀毒软件 怎么 总的来说 值得
0,随机 驱动 专用 不国 驱动 网上 可是 显卡 驱动 下载 居然 安装 不了 提示 文件 损坏 官网 专用 解决 音响 立体声 声音 很尖
0,没包 没胆 鼠标 系统 安装 要求 系统盘 版本 建议 大家 不要 轻易 升级 主板
0,删减 出版社 编辑 自律 觉悟 或者说 和谐 建议 大家 三思 香港 原版
1,所谓 原装 瑞星 使用 元东 价格 价格 满意 完美 硬盘 通电 小时
1,特别 读前 几篇 卡尔维诺 文体 文章内容 大师 别人 注意 不到 发现 题材 讲故事 手法 出来 世态 哲学 古代 传说 当代 精神 融解 确实 功力 不凡 至于 缺点 故事 雷同 越读 后面 明显 所说 后来 忽必烈 发现 马可波罗 城市 其实 同一个 城市 多个 城市 城市 之间 处理 雷同
0,此书 质量 不好 买回来 看书 出现 页页 本来 马上 送人 因一 还要 全部 退货 耽误 时间
1,自然环境 一流 宾馆 内部 装饰 附楼 相当 不错 说不上 豪华 整洁 清爽 宁静 写意
0,鼠标 垃圾 起来 还有 噪音 手感 不好 只能
1,原以为 简单 老套 故事 没想到 一读 难忘 欲罢不能 现代 都市生活 每天 忙忙碌碌 工作 压力 越来越 枯燥 麻木 爱是 两个 真的 相守 一生 很多 迷茫 怀疑 看过 明明 知道 出来 故事 感动 主人公 执着 真心 相守 满满的 生活 平淡 只要 携手 一生 足矣
1,早餐 无论 多少 那边 不加 食品 应该 重视 一下 这个 本身
1,样子 不错 配置 超强 各种 功能 一应俱全 重量 只有 公斤 携带方便 原装 质量上乘
1,品牌 质量 保证 行货 发票 售后 保证 机子 配置 不错 散热 也好 完美 屏幕 这个 重要
1,位置 虹桥机场 很近 硬件 也好 自租餐 服务 尚待 提高
1,不错 超值 这次 送货 很快 不错 超值 这次 送货
1,位置 不错 附近 靠近 购物中心 写字楼 以前 大连 一直 陈旧 期间 进行 装修 翻新 升级 设备 希望 房价 别涨 太多
1,功耗 真的 只有 运行 几个 小时 底部 点点 电池 强劲 反观 小黑 看着 电量 迅速 下降 多个 小时 早上 安装 速度 相当 不错 明显 延迟
0,没什么 只是 图片 好玩 至于 英文 方面 反正 而言 不会 想用 提高 英语水平
0,非常 不行 三星 定元 景观 其实 看不到 大马路 繁华 火车站 附近 佳丽 协议价 只能 变价 老破破 样子 一点 花园 其余 一般
1,涵盖 知识面 贴近 日常生活 适合 一看再看 价值 义女 收到 之后 常常 抱着书 不放 宝贝 套书 一阵子 毕竟 丰富 里面 一些 知识 比如 饮食习惯 美国化 妈妈 讲解 直观 宝宝 无法 现实生活 联系 还有 比如 忙忙碌碌 打字机 时代 久远 大人 概念 何况 中国 小朋友 中国 一套 类似
0,没读 到底 不是 特别 喜欢 完全 用序 表达 感受 包容 不想 实践 除了 物质 追求 还有 很多
0,太小 累人 适合 商务 使用 原装 系统 太慢 改了 水平 有限 不伦不类 价格 性价比 中午 付款 下午 价格 郁闷 能否 多送 一些 东东
1,外观 很漂亮 开机 很快 上网 配置 摄像头 麦克风 网卡 齐全 轻巧 以后 就要 带上 一起 到处跑 配置 放大镜 软件 不用 担心 屏幕 看不清楚
1,孩子 喜欢 书画 清新 可爱 尤其 翻译 句子 简洁 押韵 注意 一下 译者 大都 我国 一些 儿童文学 作家 以前 幼儿 画报 之类 杂志 多次 见到 他们 名字 认为 套书 最好 汤姆 小兔 一起 相比而言 后者 侧重 孩子 心理 描写 细致 由于 采用 第一人称 宝宝 有时 似乎 不是 明白
1,入住 前台 小姐 先给 两幢 之间 满意 前台 应该 不好 先给 客人 从前 山坐 索道 上山 开始 游览 孩子 母亲 走到 位置 确实 休息 排云亭 位置 很近 风景 最美 西海 大峡谷 一段 确实 从前 山上 山下 的话 位置 刚好 一半 位置 早晨 丹霞 日出 铁门 有些 扫兴 日出 现在 太阳 是从 西边 出来 哈哈 黄山 确实 不错 补充 点评 年月日 喜欢 旅游
0,不是 不好 质量 请问 当当会 不会 盗版书 直接 退换 一个月 时间 狂晕 当当 不能 顾客 质量关 另外 退换 快点 方便 消费者 以后 当当 阴影
1,物有所值 看来 安徽 人民币 江苏 人民
0,宾馆 竟然 不能 提供 网络 调试 服务 一次 兼职 网管 呵呵 面子 那天 天气 冷刚 开始 不太 适应 空调 遥控器 现在 提供 要加 被子 当时 郁闷 不过 兼职网 之后 很快 提供 两样 开心 另外 前台 太小 性价比 不高 补充 点评 年月日 顺便 一下 前台 竟然 知道 长途电话 收费 标准
1,速度 想象 中快 超频 模式 增加 速度 硬盘 性能 电池 耐用
1,有趣 语言 生动 现在 沉浸 洋流 故事 中书里 只有 洋流 故事 开始 洋流 产生 浓厚 兴趣 图册 的话 地图 管用 图册 详细 那种 最好 停止 阅读 否则 天书 似的 当然 一般 另外 不好 一点 可能 旧好 过时 已经 标注 出来 不爽 知道 指南针 中国 当然 每个 时代 局限性 平静
1,现在 值得 现在 一个月 基本上 背出 第一 本来 第二本 已经 没认 每天 在家 想想 反正 还小上 小学 三年 功夫 相信 不管 怎么样 总是 全部 一千多个 词汇量 主要 还有 语感 还有 自然科学 知识 至少 家里 总是 英语 环境
1,四晚 不错 首先 位置 好离 油麻 地铁 出口 很近 步行 三分钟 其次 服务 普通话 发现 歧视 之类 打算 打扫 估计 主管 之类 专门 敲门 一会 需要 打扫卫生 打扫卫生 阿姨 热情 早上好 门卫 热情 微笑 害得 高兴 一天 第三 想象 不算 太小 干净 安静 先前 重庆 大厦 后来 完全 要不得 幸亏 第四 价格 不错 四晚 押金 下次 那里
1,不错 外观设计 做工 精美 质量 可靠 送货 速度 很快 质量 放心 多大 包装 不错 发货 速度 基本 当天 发货 刚用 不错 想象 中要
0,服务 非常 连同 它们 客服 敷衍了事 简直 一种 无人 管理 地步 他家 解决 公司 关门 不远 黄金 买家 以后 再也不会
1,接触 开始 引起 金融危机 我国 经济 发展 强烈 关注 目前 媒体 很多 这方面 基本面 认为 经济 已经 转好 金融危机 我国 影响 国家统计局 公布 第一季度 经济运行 数据 来看 似乎 一点 值得注意 北京 第一季度 指数 下降 食品类 价格指数 反而 上升 是不是 通货膨胀 信号 书后 目前 经济 形势 疑问
1,同事 以下 反馈
0,自提 机器 开机 正常 屏幕 背光 直接 楼上 客服
1,也许 现在 快餐 看到 这本 穆斯林 葬礼 习惯 有着 非常 文笔 加上 女性 细腻 穆斯林 家族 兴衰史 清晰 展现 面前 父女 两代 故事 间接 穿插 完整 讲述 这个 以玉为 家族 故事 不知不觉 吸引 新月 命运 揪心 难受 最后 看到 更是 难受 只能 文笔 造诣 深厚 细品 快餐 只是 快餐 而已
1,早就 听说 此书 朋友 聊起来 听说 潜规则 演员 导演 潜规则 开始 决定 拜读 正面 历史 熏陶 太久 故有 发现 潜规则 喜悦 读一读 鲁迅 关于 感慨 看看 柏杨 历史 年表 非专业 人士 历史 黑暗 黑暗 固然 可怕 可怕 习惯 黑暗 黑暗 低头 只要 我辈 高举 先生 赛先生 伟大旗帜 不怕牺牲 心中 光明 世界 光明
0,知道 套书 为什么 热销 感觉不好 比如 看到 里面 提到 梅拉 海里 记错 的话 三套 两套 另外 一套 已经 送出去 孩子 教育 选择 品格 教育 比如 最好 爸爸 培养 孩子 父亲 之间 感情 套书 质量 印刷 不错 这些 似乎 不能 帮助 孩子 品格 塑造 希望 私下 交流
1,返还 很多 神舟 类似 配置 还要 便宜 用过 很多 笔记本电脑 这个 第一次 非常 满意 外观 不错 配有 正版
1,外观 时尚 鼠标 很漂亮 也好 电脑包 根本 装不下 客服 随机 没法
0,份量 屏幕 边框 太宽 外壳 容易 指纹 蓝色 指示灯 刺眼 只有 一根 内存 插槽 方便 升级
1,之前 已经 写过 看看 大家 留言 好书 真是 用作 广告 今天 专门 打分
0,散热 头疼 系统 超级 折腾 想到 这里 想着 村里 保证系统 能装 声卡 驱动 折腾 半天
1,这里 交通 饮食 便利 服务态度 性价比 不错 热水 不太热 值得 推荐
1,不错 饭店 饭菜 不错 潍坊 这里 值得
0,为了 确保 提上 周六 拿到 验货 键盘 只能 返修
1,补充 一些 报业 系统 内部 所有人 推荐 书籍 因此 看到 当当 此书 同事 纷纷 托买 对于 业内 新手 来说 一本 专业 指导 书籍 许多 从业 多年 媒体 时常 翻翻 规范 新闻 思路 业内人士 自然 需要 我来 正在 学习 新闻 专业 学生 或者 即将 入行 新人 沉下 心来 细细
0,严重 名不副实 所谓 商务 豪华 一般 标准间 套间 标准间 多出 一块 设施 陈旧 严重 上当
0,这本 书写 不怎么样 好像 拉拉 写日记 一样 很多 实质 励志 信息 普通 一般 公司 职员 情况 差不多 只是 强调 拉拉 怎样 一步步 发展 像是 炫耀 能力
1,想起 想起 当年 豪言壮语 国际 资本 市场 上去 拼搏 大有 一番 乘风破浪 有时 直挂 云帆 沧海 之势 如今 执手 相看 泪眼 无语凝 一家 外资银行 工作 销售 海外基金 复杂 结构性 票据 不要 客户 有时候 搞不清楚 现在 看来 他们 早就 设计 根本 不过 人家
0,要是 内存 更好 运输 公司 不问 下能 不能 发到 收货 地址 块钱
1,屏幕 颜色 键盘 手感 价格 相当 实惠 硬盘 声音 发热 最具 性价比 上网
0,多数 是因为 爱玲 感觉不好 可能 仅存 一点 价值 进一步 研究 张爱玲 不妨 一下 人品 较差 爱玲 不过 体会出 这个 人口 一定 不错 外表 看来 素质 修养 还好 知识面 典型 清末 书生 却是 属于 那种 流连 秦淮河 那种
0,稳定 用到 十二天 出现 一次 蓝屏 开机 十小时 以后
0,今天 网上 看到 此书 百龙 公司 老板 孙寅贵 恶意 拖欠 燕郊 工地 有关 款项 对方 书面 控诉 过程 看后 颇感 震惊 本来 老板 公平 定律 之后 书中 开脱 辩解 与其 兄弟 反目成仇 故事 诉说 赤水 投资 失利 故事 今闻 此事 意料之外 情理之中 为了 金钱 兄弟 自相残杀 为了 泄愤 拖欠 工人 款项 怎么 社会 责任感 人画 小到 同胞 家庭 大到 社会 对手 生意 做法 公平 孙寅贵 忽悠 不知情 读者 孙寅贵 炒作 扭曲 真理 或许 称作 一种 富人 公平 每篇 书评 回复 中有 关于 此事 详细 介绍
0,几次 不是太好 服务 总是 出现 一些 订单 打电话 配货 贵网 明明白白 按规定 天内 发货 记录 显示 直到 日才 发出 一种 服务 糟糕透顶 上次 退货 能否 早些 退货 客服 人员 回答 不能 只能 个个 工作日内 办理 一直 以后 打电话 客服 人员 几天 解决 规定 顾客 制定 公司 人员 无所谓 缺乏 信任感 服务 服务态度 无聊 没事 客服 大多数 客房 要求 只要 承诺 的话 做到 希望 你们 完美 好好 改进 否则 几年 这个 世界 不知 有没有
0,酒店设施 说明 宽带 上网 永远 去年 十月 一样 象如家 不要 合作 令人气愤 三点 到达 那个 小巷子 非常 破旧不堪 就要 拆除 巷子 以后 才能 入住 后来 知道 他们 为了 赢利 租出去 钟点房 客人 延迟 退房 开始 不肯 多次 询问 他们 不耐烦 告诉 真相 明显 他们 对于 经销商 带来 客人 根本 无所谓 不在乎 服务态度 其他 入住 客人 他们 热情 搞不懂 费用 不比 别人 为什么 受到 对待 另外 每次 预定 只要 楼层 基本上 底下 那层 商务 杭州 华侨 饭店 上去 看过 空着 可是 凌晨 一点 旅游团 全部 入住 这个 前门 如家 前台 一楼 还好 没订 一楼 一楼 地下室 监狱 一样 一条 狭长的 窗户 更加 阴冷 潮湿 这里 一楼 无语 交通 及其 便利 前门 分钟 关于 设施 其他 不谈 那个 简直 令人发指 睡上去 明显 老化 弹簧 一条 一条 折磨 床单 被单 潮潮 怀疑 他们 有没有 妥善 清晰 更换 合作伙伴 居然 愿意 合作 令人费解 这些 供应商 你们 招牌
0,月初 预定 标间 加床 预定 价格 早上 入住 告知 中午 询问 标间 三人间 小姐 不耐烦 表示 会为 优先 准备 三人间 中午 回到 前台 小姐 标间 打扫 推荐 改为 三人间 询问 价格 小姐 先是 模糊地 标间 加床 价格 差不多 后来 笼统 地说 四百多 最后 一直 要求 不耐烦 查看 报价 于是 入住 自助 早饭 丰盛 服务员 态度 大不一样 稀饭 豆浆 不见 服务员 添加 品种 许多 服务员 聚在一起 开心 聊天 根本 不去 理会 客人 需要 日离店 门口 赫然 发现 庆祝 南平市 首届 科技成果 交易会 胜利 召开 于是 恍然大悟 上午 结帐 刷卡 突然 发现 金额 每天 于是 询问 前台 告知 三人间 这个 价格 一再 坚持 前台 打电话 早上 当班 服务员 没想到 那位 小姐 居然 改口说 入住 价格 四百多 当时 不是 多少 而是 商家 诚信 知道 各位 看客 个人 来说 再也不会 武夷山 即使 再也不会 基本 诚信 忍受 每天晚上 小姐 准时 骚扰
0,网上 那多 因此 决定 想到 大失所望 只是 一些 常用 英语单词 归类 而已 来说 任何 帮助 别人 开心 搞笑 以前 初中 英语老师 已经 学着 英语单词 归类 非常 一般
0,宣传 那样 好且 实用性 娱乐 价值 现在 糊墙 真不知道
1,原来 系统 收到 却是 正版 原来 硬盘 收到
0,评个 鸟订 三次 投诉 两次 送过来 连书长 样子 知道 每次 投诉 只会 对不起 根本 解决问题 没书 直接 其他 过来 前后 三个 一共 几次 算了 不订
0,总台 服务 实在 不怎么样 空调 很吵床 居然 一边 一边 这个 房价 实在 值得 下次 不会 选择
0,怎么 旧书 上面 胡写 乱划 一堆 光盘 商务英语 光盘 生活 英语 玩意 工作人员 长大
0,酒店设施 服务 超级 服务态度 不好 本来 这里 开会 各个 部分 互相 之间 很难 沟通
1,地理位置 西湖 边上 附近 一些 大排挡 饮食 方便 服务 服务生 前台 人员 热情 大而 整洁 价格 性价比 下次 西湖 还会 入住
0,摄像头 屏幕 键盘 时全 尺寸 看上去 协调 熊掌 不能 兼得 办法 哈哈
0,屏幕 外面 塑料 壳子 压得 不实 侧面 看有 很大 缝隙 压住 壳子 屏幕 缝隙 缩小 这个 不能 货运行 速度 太慢 降价 太快
0,相对来说 比起 东莞 深圳 服务质量 略有 小疵 热情 礼貌 不理 举个 例子 住宿 最后 晚上 他们 拖鞋 总共 三个 电话 送过来 当时 环境 似乎 不是 非常 忙碌
1,文字 加图 形式 很大 很大 图画 看得出来 编辑 对本 套书 功夫 非常 起来 有意思 温馨 感受 得到 德国 田园 浪漫 气氛 舒服 非常 喜欢 只有 经得住 暴风雪 考验 友谊 真正 友谊 他们 喜欢 启明星 儿子 喜欢 月亮 孩子 心理 梦想 对于 月亮 星星 他们 喜欢 他们 总在 一起 月亮 出来 读完 继续
0,一般 推荐 那样 实在 书店 翻看 一些 的话 不会
0,非常 满意 新月 客栈 零分 宁可 一分 不肯 他们 服务 太差 明明 早餐 居然 早上 服务员 全然不知 本人 大清早 冒雨 出去 更让人 心寒 气愤 中秋节 早晨 服务员 毫不 知情 情况 转卖 别人 一对 美国 夫妇 赶走 周围 几家 客栈 谈起 此事 大家 非常 震惊 居然 强烈建议 大家 从此以后 不要 这里 价格 附近 客栈 两倍
0,这套 猫和老鼠 本来 打算 送给 朋友 可是 第一次 送货 多套 包装 质量 送货 换货 麻烦 不如 直接 退货 重新 订单 如此 反复 数次 我要 数量 投诉无门 伤心 不过 总的说 这套 只能 物美价廉 看后 发现 不是 正版 图像 质量 一般 送人要 清楚
0,刚取 发现 屏幕 回家 之后 发现 右上角 小红点 运气 不够 不过 影响 使用 后来 电影 偶尔 卡机 知道
1,今天 刚刚 参加 考试 考试 指定 书目 这本 美学 十五 总而言之 挺不错 由浅入深 语言 朴实 易懂 非常 专业 术语 论述 采用 例证 方式 论证 观点 包罗 美学 主要 研究 对于 想要 涉猎 美学 知识 来说 不错 然而 作为 专业 复习 不太好 观点 分散 名词 概念 往往 给出 确切 定义
0,小孩子 有用 对于 错书 大学生 朋友 年纪 大一写 学生 例如 高中生 初中生 不是 大学生 当当 服务
1,手感 样子 经典 内存 起来 很快 暂时 发现
1,看过 很多 这方面 心智 不过 一本 优美 轻柔 文字 身心 离不开 如同 教科书 仔细 进去 久违 好书 应该 居然 这么 读完 估计 一直 珍藏 枕边 随时 出来 拜读 就算 人生 一本 教科书 感谢 译者 这么 柔美 文字 轻柔 敲开 心房 改变 人生
0,外放 音量 不是 很大 高音 小尖 低音 不足 环境 不是 吵闹 应付 正常 使用
0,门童 专业 晚上 点到 出租 没人 开门 箱子 太小 浴室 象是 四星 标准 结帐 竟然 两间 浴袍 不见 入住 根本 没见 浴袍 入住 结帐 总之 以后 不会 入住
0,系统 开始 不太懂 麻烦 知道 简单 不错
1,刚买 这款 提点 打开 发现 键盘 已经 按键 提点 不管 联系 退换货 部门 退换货 部门 键盘 不管 退换 惠普 更换 键盘 刚买 出现 就要 四处 修理 他们 责任 一干二净 现在 除非 出具 惠普 质检 报告 他们 受理
1,大佛寺 景点 对面 高速 下来 容易 找到 贵宾楼 大床 干净 窗外 景色 不佳有 每天 本本 免费 自助 早餐 四星 算是 食物 种类 新鲜 可口 服务员 态度 早餐 结束 时会 先来 客人 然后 前台 办理 退房 速度 一般
0,大家 可书 回来 孩子 不太 感兴趣 心不在焉 大点 看吧
0,相关 回答 错误 不是 光屏 键盘 不是 钢琴 无线 网卡 英特尔 改正 其他 不足 硬盘 不过 够用
0,对于 几岁 女生 个人 似乎 不太 适合 有些 过于 简单 有些 俗气 不到 十分钟
1,预定 床间 可是 所谓 大床 只有 很大 值得 推荐 自助餐 客人 元人 不错 餐厅 服务员 难得 见到 笑容 不太 理睬 客人 招呼 不好
1,人母 手边 好几本 关于 如何 培养 孩子 有的是 朋友 作品 赠阅 有的是 别人 留在 办公室 一本 自尊 女孩 却是 首先 喜欢 封面 其次 喜欢 封面 建议 对于 来说 直接 建议 好过 长篇累牍 阅读 买来 放在 床头 小时 事实证明 眼光 没看 算是 提前 预习 将来 宝宝 我会 告诉 妈妈 是从 学会 如何
1,原配 设置 电源 管理 调整 高性能 模式 下以 得分 玩游戏 基本 够用
1,无比 佩服 小林 老师 凭着 那颗 热爱 孩子 发现 孩子 心去 关心 爱护 学园 一位 学生 才能 那样 善于 发现 孩子 不是 现在 开始 教育 工作 眼里 融不进 一粒 沙在 小林 老师 心里 孩子 真的 孩子 善良 孩子 自由 享受 生活 乐趣 权利 现今 教育 环境 给予 孩子 他们 真正 需要 悲哀
1,除了 停车 不是 方便 其他 不错 服务质量 市中心 环境 吸引 不错
0,字差 暖气 空调
1,依次 铝合金 外壳 升级 质保 验证 待机时间 键盘 网卡 正版
1,这是 第二次 入住 出差 需要 安庆 确实 其他 可住 整体 环境 优雅 设施 一般 不过 卫生 每次 入住 习惯 检查 一下床 是否 整洁 近期 出差 入住 只有 一家 发现 床上 残留 头发 异物
0,打开 看到 看到 网上 不错 可是 几页 毫无 兴趣 主要 喜欢 写作 风格
0,小说 早就 看过 买来 只是 为了 收藏 可恨 当当 塑料袋 包装 此书 不是 全新 一样 封底 一条 折痕 影响 心情
0,大堂 挂牌 五星级 其他 真的 找到 达标 设施 陈旧 比如 地毯 脏床 被子 一般 差不多 卫生间 一般 总之 大堂 发现 大堂 忽悠
0,位置 不错 真是太 没订 江景 房可 没想到 窗子 竟然 楼道 燥热 无比 衣柜 灯出 一直 无人 修理 中餐厅 上班 太晚 西餐厅 难吃 早餐 品种 量少 可怜 最后 一天 面包 发现 发毛 几次 服务员 过来 竟然 敷衍 糖霜 笨到 那个 地步 只有 门童 可爱
0,居然 敲诈 没分盘 外国人 一盘 奇怪
0,噪声 小键盘 布局 普通 不同 需要 适应 开启 摄像头 开始 知道 装不上 驱动 不到 摄像头 后来 网上 找到 密秘 哪加 内存 破坏 保修
0,物流 抓狂 一起 这个 已经 收货 一单 北京 发货 效率 不是 一般 底下
1,环境 不错 干净 服务 人员素质 态度 不错 结帐 很快 宾馆 人员 看到 这个 的话 建议 餐卷 重新 一下 早餐 误导 不爽
1,女人爱 漂亮衣服 少越 穿越 季节 没到 夏天 下厚衣 换上 夏装 冬天 就露 胳膊 露腿 即使 冻得 瑟瑟 发抖 不惜 不想 寒气 湿气 已经 侵入 身体 埋下 祸根 日复一日 年复一年 身体 越来越 寒气 湿气 占领 感到 舒服 这里 那里 最后 无法忍受 看病 求医 家常便饭 最后 已以 医院 为家 可见 保暖 多么 重要 特别 对于 女性 来讲 尤其 重要
1,服务员 素质 国内 很多 饭店 设施 有些 维护 不错 干净 餐饮 价格 适中 晚上 工人 地板 交涉 停止 施工 第天 大堂 道歉 果盘 结帐 再次 前台 表示歉意 对于 他们 服务态度 确实 楼层 小点心 温馨 早餐 山东 特色 非常 缺点 隔音 稍微 差一点 补充 点评 年月日 栈桥 外部 景色 优美 值得 入住
0,一次 小姐 骚扰 从点 一次 变成 两次 晚上 点多 睡觉 气到 报警 前台 告诉 这个 不是 责任 搞笑 其他 小姐 骚扰 华侨 小姐 上窜下跳 老鼠 厉害 这次 还有 女同事 同行 隔壁 女同事 接到 任何 骚扰电话 我该 佩服 小姐 智商 客人
0,这里 一晚 由于 事情 需要 处理 下午 点才 退房 根据 前台 告示牌 说明 后退 超过 小时 收费 收取 房费 下午 点前 应该 另外 再付 付款 服务 人员 经理 坚持 要收 半天 房费 全天 根据 他们 告示 据理力争 后来 他们 表面 认可 观点 然后 刷卡 结帐 由于 终端 机器 显示 具体 金额 数字 输入 密码 确认 打印 出来 签单 一看 数字 非元 拒绝 签单 签字 后来 招商银行 银行 只要 打印 出来 有效 不管 签字 与否 奇怪 签单 签字 服务 人员 包括 那个 经理 他们 小把戏 得逞 一边 暗自 高兴 气愤 信誉 员工 以及 他们 落后 意识 想想 不道德 导致 消费者 他们 公司 产生 信任 后果 区区 后来 投诉 总店 小时 左右 接到 这个 经理 电话 基本 意思 两种 方案 店里 拿下 这时候 已经 武昌 候车厅 等待 上车 下次 这家 并且 按照 写成 优惠 很多 价格 结算 心想 真是 无聊 可能 出租 来回 还要 且不说 时间 下次 可能 别说 这个 整个 扬子江 不会 选择 小聪明 欺骗 消费者 最终 决定 扬子江 一家 前景 企业 大家 入住 仔细 考虑 下别 良好 愿望 一样 遭遇 必要 烦恼
0,价格 保护 不好 很多 限制 条件 订单 第二天 咨询 客服 申请 价保 提货 告知 赠品 一样 不能 申请 价保 多花 郁闷 费劲
1,结局 意象 之中 跟着 一步 一步 跳进 明明 知道 死者 不可 复生 犬儿 不可 说话 偏执 主人公 一样 差点 相信 罪人 假话 真相大白 一瞬间 感到 心头 一震 最后 一切 变得 明朗 一只 生活 继续 美好 刚刚 起程 小说 描写 细腻 吸引 平实 风格 时而 出现 悬念 使人 强烈 阅读 兴趣 之后 更加 珍惜 现在 人们 他们 知道
0,光碟 质量 不好 屏幕 不停 小孩 眼睛 特别 不好 买回来 一直 放在 那里 没看 应当 卖点 质量 光碟 质量 网上
1,蓝牙 摄像头 读卡器 还有 插口 扩展 内存 硬盘 标准 分辨率 真是 全了
1,大床 不错 其他 看过 位置 希望 好吃
0,入住 感想 如下 大家 参考 典型 国营 招待所 除了 有个 很小 小卖部 设施 陈旧 毫无 宾馆 谈不上 服务 电视 遥控器 不管 打电话 前台 直至 离店 送来 浴室 毛巾 建议 后来 朋友 千万 不要 这里 另外 希望 应对 进行 评比 符合要求 不要 推荐 否则 客人 造成 不便
1,套书 当真 中国 革命史 启蒙 教材 以前 虽说 学过 多次 始终 无法 提起 兴趣 这套 书写 非常 吸引 很多 以前 一直 困惑 得到 解答 看来 不管 学习 知识 兴趣 的确 重要 学习 知识 同时 阅读 一些 相关 书籍 最好 趣味性 不要 胡说八道 那种 确实 深刻 了解 所学 知识 很大 帮助 对比 手法 展示 毛泽东 蒋介石 不同 领袖 风采 新颖
0,服务 非常 连同 它们 客服 敷衍了事 简直 一种 无人 管理 地步 他家 解决 公司 关门 不远 黄金 买家 以后 再也不会
0,微星 保修 封闭 螺丝 办法 升级 内存 不足 居然 这么 产品图片 一张 显示 电池 样子
0,本本 许多 预留 接口 心酸 低配 本本 不至于 留下 伤口
0,现在 化妆品 真是 抵抗能力 店家 宣传 别人 说好 跟风 其实 简单 最好 注意 而外 调养
0,态度 超级 不好 我订 普通 标准 免费 升级 豪华 双标 一定 网线 第二天 告诉 不能 用网 附楼 超级 超级 姑娘 抗着 人管 第二天 打扫 人员 听不懂 前台 普通话 扛着 行李 来回 知道 干什么 换成 标准 标准 豪华 进去 发现 不仅 主楼 前一天 豪华 好多 至少 窗户 很大 网线 对于 第一天 入住 超级 满意
0,内存 开个 进程 下慢 蜗牛 一样 总共 不如 想象
0,系统 难搞 版本 装不上 后来 杀手锏 真行
1,休息 几个 小时 来得及 早餐 看到 所谓 餐券 房间内 设施 丰富 标间 太小 对于 大块头 客人 来说 紧张 前台 服务 意识 不错 下次 好好 享受 一下 服务 宾馆 反馈 年月日 感谢您 点评 重视 建议 不断完善 产品 期待 再次 光临 入住 体验 给予 建议 谢谢
1,优点 外观 配置 不错 价格合理 非常适合 商务 使用 不足 光驱 偶尔 声音 真的 很大 底部 发热量 很大 总结 特价 价格 超值 值得
1,安装 所有 驱动 官方 提供 各种 快捷键 驱动 搞定 速度 很快
0,春节 位置 不错 交通 方便 周围环境 不错 购物 方便 卫生间 超大 个人感觉 完全 浪费 空间 老旧 前台 服务 一般 早餐 只有 韭菜 猪肉 饺子 米汤 糟糕 早餐 电梯 恐怖 不过 一楼 老大爷 亲切
0,实在 失望 本来 希望 能够 增加 词汇量 可是 打开 看后 太小 太乱 适合 初级 水平 还有 基础 入门 要是 其他
1,第一次 购物 选择 大件 失望 样子 经典 性能 不错
0,不是 如家 差不多 最让人 受不了 窗户 离别 人家 阳台 那个 看见 别人 里面 半夜 楼道 还有 吵闹 服务员 应该 制止 一下 还有 那个 中央空调 等于 没开 身汗 退房 速度 不快
0,到手 运行 时间 短暂 暴露出 明显 缺陷 但愿 持久 耐用
1,初次 知道 薛涌 是因为 博客 后来 知道 这么 决定 买下来 一些 观点 很多 中国 难以 接受 事实 不会 接受 妥协 朴实 观点鲜明 理解 生活 帮助 不光 教育 孩子 方面 能够 认真 的话 一定 能够 悟出 很多 以上 的话 负责 欢迎 大家 之前 联系 交流
0,一般 单一 教育 不是 深刻 很多 实际 生活 列子 意思
0,电梯 太慢 需要 长时间 才能 下楼 一次 门卡 进门 方便 需要 多次 才能 把门 打开 条件 一般 房价 前台 完全一致
1,干净 舒适 松江 商务 这家
1,小巧 可爱 亮度 不错 启动 很快 电池 差不多 五个 小时
0,纯粹 一本 自辩 书上 浅显 总是 滔滔 不觉 辩解 纯粹 一本 炒作 包装 自我
0,迎合 大众 口味 而用 调侃 语气 历史 典型 媚俗 娱乐 文字 罗嗦 拿捏 令人作呕
1,复试 海景 套房 阳台 看见 大海 晚上 床上 耳边 海浪声 不错 服务员 态度 缺点 这里 交通 方便 出门 的话 需要 前台 叫车 酒店设施 一般
1,配置 不错 外观 很漂亮 连续 使用 十来天 稳定 罗技 鼠标 别的 附件 比如 屏幕 绕线 贴心 服务 不错
1,非常 服务 知道 第一次 入住 免费 升级成 公寓 房房 设施 装修 格调 喜欢 前台 服务员 换好 拖鞋 咖啡 唯一 遗憾 停车场 大堂 里面 沙发 很少 显得 空旷 下次 机会 一定 还来 这里
1,非常 非常 值得一看 特别 谈恋爱 男女 还有 已经 结婚 夫妻 或者 想要 异性 更深 了解 需要 了解 里面 了解 异性 赢得 整个 世界 了解 同类 性别 赢得 半个 世界 了解 同性 别的 了解 异性 了解 全世界 无所不能 幸福 关键 赢得 人生 只要 异性 更深 了解 必须
0,以前 读过 老师 心理 感兴趣 选择 之后 失望 兴趣 其他 认为 这本 书写 得不到 心理 成长 这么 简单 难道 真是 水平 只要 一颗 心看 之后 这些 中国 所谓 心理咨询 老实 不敢
0,位置 地址 说明 接近 市郊 路边 明确 牌子 打出 失望 外观 过得去 大堂 一般 有点像 旅社 大堂 走廊 装修 陈旧 发布 图片 相去甚远 洗漱 用品 配备 简陋 大概 三星 级别 同等 价位 比起 曾经 天河 购物中心 附近 广州 皇家 国际饭店 无论 装修 服务 甚至 自助 很多 订房 想不起 皇家 国际饭店 具体 名字 才定 这个 饭店 真是 以后 广州 不会 选择 这里 绝不
1,不错 服务 一流 员工 敬业 无论是 前台 服务台 行李 司机 热情 礼貌 最后 一天 了解 下午 五点 航班 主动 退房 时间延迟 三点 安排 巴士 送到 机场 这么 这是 头一回
1,终于 到手 封面 编辑 辛苦 一定 好好 收藏 里面 很多 案例 身边 可能 发生 真的 借鉴 意义 推荐 大家 看看 在职 场里 这里 有太多 学习
1,最近 拉拉 很多 职场 新人 指南 不过 一种 平静 恬淡 心情 看待 也许 合适 一点 可能 工作 性质 原因 受益匪浅 平心而论 一本 新型 职场 小说 应该 更为 贴切 对于 小说 高潮 部分 似乎 点到为止 意犹未尽 不过 过程 整个 心情 不错
0,前台 态度 及其 恶劣 门童 热情 强调 重庆 忌讳 表态 前台 直到 他们 换房 情景 总留 一间 房是 房型 一样 忌讳 为什么 留给 那人 可气 欺负 网民 咯先换 同志 午夜 点到 拿到 房号 看着 墙上 那个 钟汗
1,实用 适合 家长 老师 然后 指导 孩子 学生 书中 作文 方法 道理 从书中 看出 饱读 诗书 不光 文笔 一线 教学 作文 经验 非常 丰富 别的 作文法 可能 经验 理论 结合 理论知识 方法 孩子 作文 快乐 关键 家长 耐心 时间 引导 陪同 孩子 体验 积累 各种 经验 作文 不难 值得
0,你们 价格 真让人 吐血 元月 价格 下来 一天 价格 以后 还有 人敢 你们 网上 购物 机器 散热 温度
0,目前 似乎 不太好 以往 放不下 另外 设计 有些 不合理
1,零碎 时间 成就 大事 工作 贵贱 之分 客户 谈恋爱 一样 不但 广结善缘 还要 做好 细节 细节决定 成败 聚集 人气 和气生财 医药 代表 做好 医药 工作 一靠 礼二靠 善缘 细节 进去 必定 能为 找到 突破口
0,真是 品牌 一种 打折 国人 注重 辛苦 培养 起来 品牌意识 实在 差劲 办法 形容 晚上 退房 简直 县城 招待所 浴室 龙头 只是 钉子 固定 根本无法 淋浴 只能 脏字 形容 以后 再也不会 入住
1,老牌子 性价比 中关村 号称 优惠 价格 最终 选择
1,环境 设施 不错 空间 大有 液晶电视 这个 价格 香港 应该 不错 交通 方便 方便 不过 地铁 好像 不过 香港 个人 出租车 香港 出租车 个人 周边 热闹 不错 选择
0,香港 最烂 小得 超出 想象 电视机 电视机 距离 只有 厘米 整个 客房 包括 卫生间 超过 平方 晕死
1,已经 多次 选择 入住 来说 不错 这回 可能 是因为 包了 会议 有些 紧张 后来 升级成 大床 水床 早餐 没什么 新异 前几次 类似
1,广泛 网上 点评 最后 选择 这家 商务 海景 标间 景色 确实 一流 隔音 效果 原来 准备 海天 实地 一看 知道 原来 对海 看海 前台 听说 协程 客人 冷淡 眼睛 大堂 经理 确实
0,系统 驱动 光盘 官方网站 无全 驱动 下载 部分 硬件 显卡 声卡 定制 型号 不能 安装 公版 驱动 安装 特别 麻烦 需要 一定 基础
0,电视 看到 老师 讲课 不错 没什么 收藏 价值 看电视 看电视
0,到底 有没有 为什么 留下 发书 真让人 扫兴
0,价格 不高 服务 实在 例行 水果 报纸 打电话 问才 送过来 早餐 结束 时间 提前 任何 通知 最可气 投诉 早餐 前台 不肯 承认错误 早餐 下楼 之前 结束 下楼 服务 四星级 从来 没住
1,从爱生 忧患 生怖畏 离爱 忧患 何处 有怖畏 故莫爱 别离 为苦 憎彼即 羁缚
1,我带 家人 一次 印象 非常 度假 晚餐 星期一 五买 三送 划算 八月 准备
1,以后 稍微 有些 失望 本来 基于 培养 小孩 阅读 习惯 拿到 发现 绝大部分 图片 文字 值得 欣慰 小孩 喜欢 尤其 神奇 蝌蚪 前仰后合 一本 个人 建议 出于 培养 阅读 习惯 目的 建议 基于 小孩 开拓 思维 喜欢 图书 目的 建议 适合 幼儿园 小朋友 阅读
1,位置 方便 套房 宽敞 舒适 停车 过夜 收费
1,位置 单位 很近 价格 来说 性价比 大床 房元 前台 服务员 态度 硬件 一般 想想 价格 干净 床垫 子太硬 骚扰电话 这个 补充 点评 年月日 这里 能够 免费 上网 刚好 上网 加班 一晚 不错
1,便宜 够用 活动 返现 一张 价格 满意 机器 能够 上门 取件 不用 跑腿
1,父母 不是 家长 应该 孩子 朋友 用心 感受 孩子 感受 平等 尊重 孩子 最大 感慨 身边 太多人 包括 自觉 自觉 地以 家长 自居 训导 孩子 好像 中国 传统 一副 高高在上 样子 孩子 愿意 倾诉 看过 之后 开始 反省 一本 姐姐 她家 能够 因此 改善 沟通 方式 她家 宝贝儿子 一定 更加 幸福快乐 童年
1,首先 书价 平民 朴实 装帧 即便 床上 手臂 不酸 比起 目前 市面上 充斥 心理学 研究 伪书 深厚 专业 功底 德国人 严谨 治学 方式 无论是 大众 读者 一定 专业 常识 读者 值得一看 譬如 朋友 认为 对于 今后 如何 教育 孩子 借鉴 意义 四种 人格 特征 按照 表现 成因 特点 案例 脉络 阐述 思路清晰 逻辑性 容易 理解 非常
0,一本 自吹自擂 值得 宁愿 买点 健康 杂志 真诚
1,经历 汤口 宾馆 西海 饭店 待遇 国脉 无疑 惊喜 宽敞 整洁 起码 保证 好觉 放在 其他 城市 可能 国脉 够不上 四星级 西海 饭店 之流 能算 四星级 的话 国脉 真的 算是 性价比 超高 地理位置 也好 价钱 便宜 此次 黄山 之行 满意
1,纯是 东北 故事 开始 正常 家庭 背景 于是 成长 奇怪 暴躁 女孩子 同样 脾气 六零 碰到 一起 真是 一对 活宝 对话 粗糙 嘎嘣脆 东北 二十年 接触 那种 人群 何况 离开 好笑 亲切 直爽 世界 先是 同学 介绍 说好 然后 网上 一半 看过 纯是 东北 于是 干脆 慢慢
1,外表 颜色 藏青色 原来 照片 黑色 要好看 服务 不错 送货 及时 正在 系统 使用
0,已经 很晚 大厅 好几声 服务员 前台 后面 爬起来 帮忙 办理 入住 手续 发现 设施 非常 简陋 霉味 非常 第二天 早上 起来 仔细 一下 比起 如家 快捷酒店 差远了 三星 距离 三星 不是 一点点 根本 对不起 价格 最多 多一点点
1,电影 寂静 音乐 令人 心旷神怡 画面 彰显 唯美 最后 离去 小船 伴着 童声 吟唱 浮桥 长出 绵延 不绝 爱意 留在 弥留之际 古老 朴实 悦目赏心 青山绿水 之中 唯有 爱葬 绵延 不绝 苍山 碧水 之下 才能 源远流长 代代相传 电影 结局 有所 差异 只要 钟情 面纱 好奇 面纱 轻薄 如雾 滑似 流水 面纱 之下 神秘 两者 满意 答案
0,电源 哧哧 乱响 不过 已经 找换 上下 吻合 度差 左托 松换 内存 不是 方便 差点 触控板 连接线 扯下来 搞不清楚 为什么 不能 螺丝 机械 固定 非得 用个 双面胶 模具 只能 一般
0,极大 炒作 广告 嫌疑 一句 清楚 一点 一章 阐述 全书 意思 做事 考虑 公平 建议 不买
1,看着 他们 浴血奋战 看着 他们 那个 年代 杀出 幸福之路 搏出 国家 尊严 明知 必死 不已 战争 他们 胜利 炮灰 不是 他们 子弹 最最 锋利 刀刃 直捣 敌人 心脏 他们 教会 不论 任何 就算 破败 不堪 就算 狼狈 囫囵 就算 希望 火焰 乐观 向上 生活 下去 有着 崇高 信念 有着 坚定 信心 就会活 精彩 尊严 价值 真正 值得 收藏
0,钢琴 指纹 收集器 喜欢 以前 磨砂 不带 系统盘 重新 分区 长时间 机器 不是 结实
1,密尔 自由 世界 思想史 具有 不可 替代 地位 想要 了解 自由 不过 不过 翻译 过来 经典 学术著作 想要 了解 精髓 耐心 必不可少 是因为 经典著作 许多 需要 读者 不断 思考 才能 慢慢 体会 精神 加上 英文翻译 过来 翻译 难免 有些 或是 贴切 晦涩 需要 读者 慢慢 揣摩 想要 阅读 著作 耐心 必不可少
0,敬告 各位 不要 晚上 空调 上网 一会 信号 一会 早饭 一般般 价格 我定 最差 宾馆
0,性价比 太低 设施 环境 位置 实在 不值 多据 当地 朋友 档次 块钱 希望 以后 能够 提供 物有所值
0,电池 稍微 包装 自带 内胆 网页 说明 差点 网页 更新 速度 太慢 单子 星期 订单 信息 显示 等待 取货
1,不错 我装 顺利 知道 别人 怎么 数字键 偏软 主要 看重 电池 不过 到底 好不好 多用 一段时间 知道
1,音效 不错 摄像头 可是 清晰 不错 快捷键 方便使用 配置 方面 对得起 这个 价钱 可是
1,性价比 恢复 盘要 用户 备份 好像 不再 提供 恢复
1,处理器 内存 一定 程度 降低 功耗 因此 散热 表现 尚可 优秀 装机 简单 进入 改了 硬盘 设置 直接 到底
1,价格 不错 位置 不是 特别 容易 不过 宾馆 前台 提供 信息 准确 开车 很快 找到 单人间 确实 只能 不过 条件 不错 建议 出差
0,外表 过得去 一出 电梯 一股 浓重 发霉 服务员 敲门 门铃 进入 一身 冷汗 结账 居然 不会 刷卡 由于 信用卡 密码 居然 连刷次 房费 热水 正月初 空调 只能 达到 早就 应该 降级
0,估计 中外 文化 差异 反正 特别 动物 造型 可爱 卡米拉 系列 差远了 大家 慎重考虑
1,应该 儿子 喜欢 一套 买回来 几乎 每天晚上 故事 好几遍 不烦 看到 儿子 这么 喜欢 套书 套书 儿子 班上 家长 推荐 同学 推荐 还有 朋友 女儿 这些 孩子 特别 喜欢 神奇 校车 朋友 女儿 那个 学校 上学 套书 包含 知识点 特别 孩子 容易接受 还要 一点 当当 送货 速度 非常 满意 一点
0,知道 这么 因何 难道 当当 弄出来 排名 出来 好书 从来 排行榜 唯独 这本 受到 排行榜 影响 一点 意思
1,接口 丰富 做工 精致 钢琴 键盘 特色 触摸板 触感 一流 两个 按键 散热 性能 扬声器 音质 不错
1,不错 外观设计 做工 精美 质量 可靠 送货 速度 很快 质量 放心 多大 包装 不错 发货 速度 基本 当天 发货 刚用 不错 想象 中要
1,个人 非常适合 小孩 这个 年龄段 孩子 来说 过于 繁复 专业 知识 恐怕 无法 吸收 书中 文字 适中 图片 精美 相当 不错 书到 小孩 正在 闹脾气 赌气 它们 扔掉 随手 一本 打开 来看 小家伙 眼睛 一眼 脑袋 立刻 过来 很快 沉浸 书里 刚才 生气 扔掉 呵呵 套书 价格不菲 这是 唯一 父母 心有 戚戚焉
1,简单 流畅 笔调 小朋友 回忆 看边 慢慢 体会 那种 快乐 不仅 教育者 一篇 文学 读物 不愧 入选 教材 文章 孩子 如同 生活 本身 简单 通俗 无处 透露 出爱 看到 最后 感动 不得不 小林 老师 肃然起敬 一所 小学 可能 每个 孩子 梦想 小学 可能 不会 出现 厌学 孩子
1,高分 蓝牙 摄像头 指纹 啊啊啊 不该
1,说明书 详细 恢复 系统 隐藏 分区 之类 明白 外形 漂亮 一周 发现 值得
1,这是 一本 非常 具有 启发 儿童 想象力 一本 好书 毛毛虫 每天 留下 生动 孩子 来说 充满 无限 新奇感 想象力 非常适合 两岁 左右 孩子 阅读 宝宝 不到 两岁 开始 对书前 那片 具有 梵高 特点 抽象 彩绘 反应 可能 之前 图画书 中规中矩 外国 画家 具有 浓烈 色彩感 著作 不太 适应 已经 看到 巨大 魅力 力荐
0,纸箱 拆开 小小的 郁闷 硬盘 通电 小时 还好 物流 糟糕 申通 服务 恶劣 去取 系统 折腾 上午 搞定 貌似 还有 几个 驱动 搞定
0,五年 中医 患者 初衷 也许 很多 方剂 比如 补中 益气汤 怎么 还有 这么 多人
0,套书 女儿 非常 喜欢 本人 喜欢 经常 孩子 一起 阅读 精美 图画 生动 语言 孩子 阅读 极大 兴趣 推荐 大家 孩子 套书
0,唯一 最大 缺点 电池 实在 不行 两个 钟头 样子 还有 机子 散热 稍微 差点 不过 碍事 不是 严重
1,礼拜 流畅 不错 本机 亮点
0,周边环境 尚可 火车站 公里 左右 算远 空气 不行 推荐
1,不错 服务 下次 还会 入住
0,小美女 养颜经 阅读 发现 部分 大概 几十页 用笔 勾画 痕迹 看着 舒服 怎么 解决
1,免费 升级 行政 每次 这里 设备 空间 香港 来说 一流
0,一般 方面 一般 三门峡
0,这个 实在 太差 进房 看到 蟑螂 设施 电视 知道 床头 那些 知道 下去 就整 凹下去 已经 前台 布景 破烂 装修
0,本次 预定 两点 满意 由于 航班 原因 凌晨 到达 仍然 收取 房费 格局 极差 网上 预定 不能 了解 房型 建议 增加 设施 陈旧 可恨 竟然 蟑螂 服务 人员 理论 告知 已经 优惠价 言外之意 蟑螂 天理 认真 核实
0,其他 装订 错误 交大 印刷厂 一本 希望 厂家 以后 其他人 发货 注意 一下
0,有些 厚重 随机 驱动 缺少 相应 无线 网卡 驱动 网上 驱动 整体 提供 系统 麻烦
1,穆斯林 葬礼 闻名 只是 一直 机会 好好 拜读 一下 也许 是因为 这个 俗人 有太多 俗事 这次 此书 为了 喜欢 女孩 这书 仰慕 已久 想法 找到 一本 可叹 盗版书 不仅 错字连篇 还少 几十页 结束 然后 索性 当当 这本 标准 正版书 价钱 超级 便宜 欣喜 抽空 一定 好好 拜读 此书 穆斯林 葬礼
1,商务 大床 偏小 不过 经济性 环境 一般 周围 蛮乱 不过 旁边 有个 初莲花 超市 方便 服务 相对 另个 经济型 最好
1,喜欢 我能 打败 怪兽 网上 下载 一样 梅拉 放给 几遍 今天 早上 那里 喃喃自语 仔细 一听 饥荒 鸡舍 正在 闹饥荒 居然 差不多 整本书 复述 下来 认识 明天 一本 大海 不错 人家 不乐意 明白 为什么 这么 喜欢 我家 臭美 小妞
1,位置 设施 宽敞 服务 尚可
1,回来 来得及 今天 周末 得闲 谈谈 入住 海景 感触 入住 海景 家里人 度假 加之 孩子 小岁 决定 青岛 度假 上网 青岛 情况 原来 栈桥 王子 后来 看到 大家 海景 惊讶 任何 负面 大家 一致 这个 极好 于是 取消 栈桥 王子 改定 海景 看看 到底 海景 取得 大家 一致 好评 下面 海景 第一个 电话 谈起 我订 下午 飞机 青岛 大约 左右 备注 需要 接机 接到 电话 甜美 女孩 联系 具体 接机 时间 还给 我留 接机 人员 联系电话 心里 感到 舒服 日下 飞机 看到 有人 举着 名字 牌子 候机厅 出口 帅气 小伙子 非常 礼貌 问好 极其 自然 手中 行李 过去 接送车 司机 师傅 马上 递上 凉凉的 毛巾 矿泉水 真是 周到 一路 欣赏 青岛 夜景 大概 行驶 分钟 左右 抵达 看到 大堂 门口 一位 身穿 西装 小伙子 后来 知道 这个 小伙子 专门 接待 下车 马上 行李 行李 推车 按照 惯例 准备 大堂 登记 小伙子 直接 引导 所有 登记 工作 完成 真的 感到 舒服 第一印象 非常 舒适 我订 行政 各项 设施 齐全 播放 舒缓 背景音乐 看得出 用心 不一会 服务员 送来 橙汁 毛巾 赠送 一对 玩偶 孩子 喜欢 后来 发现 原来 每天 赠送 玩偶 水果 还有 小点心 宝宝 高兴 不得了 回家 时光 玩偶 一口袋 服务 方面 更是 没得说 服务 非常 及时 细心 餐厅 吃饭 服务员 特地 宝宝 拿来 儿童 专用 可爱 卡通 餐具 一天 宝宝 发烧 很快 医生 上来 晚饭 考虑 宝宝 受不了 空调 送餐 服务 晚饭 送来 发现 给加 大碗 银耳 大盘 薯条 还有 一碗 姜汤 宝宝 兴高采烈 马上 一半 第二天 服务员 看到 问候 宝宝 病情 温暖 一天 晚饭 吸烟 过多 轻微 咳嗽 不一会 服务员 一碗 银耳 告诉 减轻 咳嗽 还有 最后 一天 早饭 宝宝 头天 傍晚 妈妈 海边 螃蟹 时腿 蚊子 小包 在意 可是 服务员 看到 宝宝 抓痒 主动 送来 消毒 风油精 宝宝 擦药 父母 汗颜 假期 很快 就要 结束 宝宝 回家 好不好 宝宝 不想 回家 下去 童言无忌 童言 无欺 海景 五天 感动 海景 员工 真正 体现 海景 企业 文化 如果说 海景 硬件 星级 海景 服务 绝对 星级 海景 青岛 骄傲 中国 骄傲
1,外观 漂亮 键盘 可爱 电影 很爽 新机 静音 这个 价钱 这么 机器 不错 电池 续航 能力 不错
1,服务 不错 不过 特别 北向 洗手间 反味 建议 改进
1,非常 电源 平时 放在 大包 背来 这下 负重 减轻 原来 戴尔 小黑 起来 噪音 运转 基本 没什么 声音 散热 连续 长时间 使用 温度
0,朋友 通过 预订 朋友 入住 宾馆 空房 很多 朋友 居然 安排 空调 漏水 墙面 长期 潮湿 发霉 不象话 宾馆 人员 交涉 另外 第一间 房好 一些
1,能够 了解 经义 好像 牛奶 调伏 身心 好像 乳酪 法教能 相应 好像 品味 生酥 大乘 智慧 好像 尝到 总持 一切 法门 仿佛 品到 醍醐 之味 牛奶 醇香 乳酪 香甜 想起 两样 好吃 就会流 原来 佛学 有些 来源于 真实 生活 修心养性 不错 一举两得
1,反复 几遍 语句 别人 太好 童年 一件 宝贵 记录 因此 童年 趣事 不管 怎么样 只要 能读 一本 精美 文章 百读不厌 现在 准备 青年 打算 童年 趣事 一样 写得 有声有色
0,服务 不好 晚上 蚊子 太多 人性 关怀 不好
1,外观 很漂亮 里面 系统 界面 很漂亮 甚至 包装盒 很漂亮 女生 爱死 呵呵 真的 强大
1,网友 点评 确实 不错 环境 不错 紧靠 大海 宾馆 游泳池 不错 服务 不错 海南 泰国 服务 微笑服务 住宿 需要 押金 很快 迎宾 房子 大堂 另外 淋浴房 设计 好像 的话 水会 里面 出来 满地
0,实在 失望 本来 希望 能够 增加 词汇量 可是 打开 看后 太小 太乱 适合 初级 水平 还有 基础 入门 要是 其他
1,整体 除了 装修 不够 新潮 其他 大床 浴室 做成 玻璃 应该 更好 地理位置 绝佳 广州 坐车到 长安 下车 过个 马路 长安 方便 周围 饮食店 百佳 超市 特别 推荐 大家 尝一尝 明红 川菜 十一年 长安 生活 明红 川菜馆 十一年 竟然 味道 依然 好菜式 以前 精致 呵呵 需要 改善 应该 努力 洽谈 每个 双份 早餐 一份 早餐 造成 客人 诸多不便 说实话 两人 入住 早餐 不去 浪费 一份 早餐 额外 五十多 不是 价格 而是 早餐 质量 不值 那钱 呵呵
1,价格 机器 做工 好能 这个 价位 小黑 太值 其他 品牌 更本 考虑
1,周末 下午 五点钟 支付 当时 价格 晚上 一看 已经 变成 应该 周末 活动 节省
1,每次 江门 这个 交通 方便
1,地理位置 优越 服务员 态度 相当 不错 值得 推荐
1,原来 学习 开心 事情 当时 套书 为了 儿子 明白 学习 不是 累赘 不是 父母 老师 强迫 学习 开心 快乐 学习 过程 玩耍 享受 父母 老师 互动 快乐 时光 还好 儿子 快乐 当然 他学 几天 告诉 学习 儿子 高兴 妈妈 原来 学习 这么 好玩 喜欢 学习 难怪 教育学家 告诉 孩子 重要 引导
0,妹妹 一起 知道 哪个 芯片组 要是
1,干净 窗户 打不开 空气 不太好 早餐 不错
1,服务 尤其 宾馆 客户经理 服务 尤其 客人 周全 点名 表扬 不太好 不错 下次 这里
0,看过 文字 糟糕 耐着 性子 来说 不好 文字 结构 不好
1,终于 萌发 哥们儿 实体书 念头 当然 首选 四面 缺货 只好 退而求其次 背叛 外遇 外遇 不敢 瞎说
0,职场 各种 规则 人物 写作 方式 体现 淋漓尽致 难怪 目前 热销 图书 之一 值得一看
1,位置 不错 位于 泉州市 中心 硬件 另外 工作人员 服务态度 不错 不过 唯一 不好 早餐 品种 质量 一般
0,有些 大男子主义 看起来 心里 舒服 应该 独立 为了 维持 婚姻关系 总是 对方 中心 生活 早晚 迷失 自我
1,但书大 中国 姑娘 下贱 态度 不好 应该 表现 出对 同胞 姐妹 关爱 不是 痛骂
1,这家 太原 性价比 上次 入住 服务员 单独 一床 被子 气味 极其 不好 不相称 早餐 建议 考虑 协调 一下
0,简单 重复 儿子 一岁 五个 明显 这个 不敢 兴趣 喜欢 汤姆 系列
1,柳州 不错 选择 周围 热闹 书店 步行街 服务 卫生间 太小 还有 早餐 一般 反正 柳州 算是 宾馆 反馈 年月日 意见 西餐厅 反馈 自助 早餐 品种 调整 相信 满意 柳州 宾馆 地处 柳州市 商业中心 吃住行 游购 十分 便利 柳州 出差 旅游 首选
0,样式 方面 其实 不太 满意 好看 另外 一直 注意 这个 本本 不是 键盘 显卡 性能 不如 想像 键盘 好像 太平 下去 整个 键盘 做工 方面 不太精 好多 缝隙 做工 确实 差些
0,屏幕 垃圾 要死 太亮 眼睛 眼睛 伤害 极大 看久 眼睛 晓得 大家 本本 怎么样 反正 色彩 采购 多台 里面 垃圾 显卡 设置 没用 颜色 偏差 很大 用来 工作 肯定 不行
1,机器 小巧 份量 相当于 一本 教材 使用 起来 方便 开机 自动 安装 无需 任何 硬件 驱动 电池 续航 小时 上网 速度 很快 可能 网络 相关 附有 白色 内包 皮革 要求 不高 的话 附有 恢复 光盘 连续 开机 小时 机器 一点
1,这次 入住 发现 服务 上下 工夫 比如 洗手间 报纸 餐厅 早餐 自助餐 服务电梯 服务 周到 其实 宾馆 服务 硬件 一定 豪华 真心 对待 客人 希望 坚持
1,尽管 匆匆 看过 印象 朋友 看过 价值 特地 到手 对付 散慢 成性 小孩子 厨房 计时器 真是 管用 孩子 至少 意识 做事 有个 被动 时间 观念 有朝一日 主动 时间 观念 选择 时间 智慧 难呐 许多 人们 不好 彻底 摆脱 拖沓 类似 困惑 家长 接受 一下 启发
0,屏幕 再大 一点 电池 只能 用个 小时 传说 夸张 充电 时间 机子 太重 底部 两个 速度 只能 满足 一般 需要
0,是因为 网上 铺天盖地 五星 收到 一看 大失所望 充其量 职场 油子 没事 一种 职场 日记 评论家 介绍 若干种 人力资源 方法 还有 工作 技巧 真的 建议 一下 那些 评论家 进修
0,同学 推荐 可能 期望值 太高 以后 失望 外国人 拿到 中国 意义 好像 不是 很大
1,敬仰 苏东坡 喜欢 林语堂 因而 毫不犹豫 地买 此书 别于 其他 人物传记 平实 叙述 穿插 不少 闲趣 逸事 令人 大有 从头到尾 一睹为快 畅意 想来 妙笔生花 林语堂 单单 苏东坡 写传 或许 缘于 两人 相似 乐观 博学 精神 东坡 诗词 书画 样样精通 仕途 坎坷 一生 为民请命 屡遭 贬谪 但广 游乐 活语堂 先生 语言 运筹帷幄 散文 小说 无不 堪称 精品 多年 在外 奔波 乐在其中 一书 以察 人品 人胜于 观文
0,普通 一间 应该 不值 这个 价格 早餐 周围 正在 修路 一塌糊涂 一点儿 饭店 很难 一顿饭 居然 正规 餐牌 蹊跷 不过 服务 不错 唯一 值得 称道
0,实话实说 当当 最差 以为 理论 没想到 没完没了 几个 一点 恩怨 鲁迅 笔下 祥林嫂 一样 啰嗦 厌烦 老板 看要 打个 大大的 疑问号 老板 需要 炒作 需要 费尽心思 几个 稿费
0,知道 不好 给予 希望 从头 看到 两个 质量 真的 非常 非常 非常 以至于 一页 总是 习惯性 回来 确定 是不是 多翻 一本 读者 洗脑 看书 之前 不想 洗脑 坚定 价值观 成为 改变 人生 小东西 不过 翻译 言语 之间 不是 特殊 紧密 留给 喘息 空间
0,以为 曾经 排行榜 第一 一定 不错 拿到 书后 非常 失望 印刷 一般 纸张 一般 提起 只能 消遣 一下 有些 理论 十分 错误 迎合 大众 心里 不负责任 态度 失望 建议 大家 非常 失望 白花 块钱
1,环境 不错 入住 安装 电梯 预约 人员 对此 信息 了解 几月 出行 最好 价格 偏高
1,不错 北京 首选 餐厅 太贵
1,绝对 太医 医学 这是 一本 难得 医学书籍 值得 老百姓 认真 阅读 真实 例子 绝对 真实 亲人 患有 恶疾 对号入座 认真 实践 那样 亲人 最大 帮助 那些 诽谤 攻击 刘弘章 老师 太医 医学 别有用心 衷心希望 中国 老百姓 真正 幸福快乐 生活 不过 这得 认真 阅读 太医 医学
0,内存 偏小 预装 系统 运行 速度 读光盘 声音 很大 要是 送个
1,真有 英国人 严谨 风格 提出 观点 进行 论述 论证 尽管 本人 物理学 了解 不深 仍然 感受 真理 火花 整本书 结构 特点 当时 书写 八十年代 流行 计算机 话题 引入 再用 数学 物理学 宇宙学 必要 铺垫 这些 占据 大部分 篇幅 最后 回到 关键问题 不能 代替 人脑 现在 流行 观点 相反 认为 某种 洞察 不能 算法 模拟 也许 灵魂 无可取代
1,屏幕 完美 色彩 稍差 价格便宜 机器 速度 送货 速度
1,这次 不错 行政 房给 免费 升级 山景 对于 总结 一下 超星 环境 设施 服务 分栋 依山 而建 专门 散步 路线图 整个 山景 从容 至少 小时 期间 山水 桥路 鸟叫 虫鸣 空气清新 心旷神怡 号楼 最好 一栋 价格 进入 宽大 落地窗 山景 翠色 其大床 一看 不会 舒服 床垫 质量 不好 床上用品 干净 明显 成色 已经 灰扑扑 颜色 摸上去 硬邦邦的 家具 电器 以及 卫生间 用品 一般 一位 早餐 品种 丰富 吃饱 精致 美味 谈不上 各处 服务员 态度 服务 意识 服务质量 提高 宽阔 停车场 不过 无论 住店 客人 收费 宾馆 反馈 年月日 您好 感谢您 对红 珠山 宾馆 提出 宝贵意见 宾馆 已经 将布草 全部 更换 意见 已经 交给 相关 部门 进行 处理 诚恳 期待 下次 光临
1,方面 不错 速度 外观 接受 我加 三星 内存 原装 三星
0,开学 侄女 五岁 一些 一套 现在 寒假 好看 太少 看不懂 不好 看看 不屑一顾 样子 知道 不该 盲目 相信 网上 销量 排行榜
0,居然 设置 无烟 实在 无语 宾馆 反馈 年月日 尊敬 宾客 非常 感谢您 入住 七星 商务酒店 楼为 无烟 楼层 客房 楼层 客房 设有 明显 无烟 楼层 标志 诚挚 期待 下次 光临 尽量 满足 订房 需求
0,屏幕 黑边 宽版 面目全非 极其 习惯 目前 发现 其他 续航 时间 小时 分钟 说明 上少点
0,完全 想象 也许 适合 以下 幼儿 超大 超重 精装 没什么 实质 几页 值得 一看再看 做个 包装 卖个 便宜 价格
0,网上 以为 很火 其实 一般 文笔 不怎么样 好几个 同事 交流 大家 搞不懂 乱七八糟
0,当当 推荐 网评 于是 下决心 买来 看看 看过 发现 想象 有趣 有时 幼稚 知道 真的 不令 满意 韩国 幽默
1,配置 没什么 噪声 运行 安静 散热 刻录 加装 一条 内存 速度 不错
0,包装 精美 华而不实 韩式 幽默 实在 不怎么样 不好 根本就是 狗屁不通
1,看到 后来 儿童 多动症 一节 真是 疯狂 好象 看到 尹建莉 某首 知道 是否 记错 看过 简介 确实 不错 妈妈 推荐
1,早餐 非常 不错 条件 还好 电视 太小 周围 非常 方便 赶上 八点半 结账 超过 十分钟
0,儿子 来说 有些 适合 小朋友 总的来说 画面 有些 大人 看起来 有些 费劲 一本 图谱 例如 书中会 介绍 各种各样 名称 款式 齐全 故事性 不强 起来 有些 无趣
0,服务 很差 钥匙 需要 相当 技巧 才能 把门 打开 没人 主动 提叫 服务员 开开 再次 出门 人来 请教 服务 人员 方法 告诉 还有 早餐 不如 宾馆 还有 总台 预授 房钱 第二天 不出 二十分钟 经过 同意 房钱 预授 继续 冻结 很差
0,这书 啥意思 整一 弱智 小人书 当当 送货 速度 太慢 一个月 收到 服务态度 极差 发邮件 过去 后悔 还有 那个 购物券 好像 没用
1,入住 豪华 海景 大床 通过 预定 之前 蓝天 宾馆 电话 当时 告知 没房 郁闷 试试看 想法 提交 订单 没想到 居然 给我发 短信 确认 当时 惊讶 宝宝 有误 后来 到达 威海 打电话 总台 确认 一下 告诉 预定 这才 放心 下来 不愧 网友 最高 服务 提前 准备 婴儿床 整体 服务员 待人接物 礼貌 热情 海景 前面 启明 假日酒店 破坏 一些 不错 床上 看到 早餐 不错 丰富 中式 西式 南朝鲜 日式 个人 喜欢 西式 早餐 樱桃 巧克力 奶油 布丁 蛋挞 不错 蛋挞 冰过 喝粥 小声 随便 一句 勺子 服务员 听到 拿来 主动 宝宝 准备 婴儿 早餐 午餐 哈哈 以后 威海 度假 这里 提个 建议 晚报 每天 一份 不过 八毛 广州 每天 羊城晚报 水果 每天 两个 一般 出来 一天 回来 客人 吃个 桃子 柿子 高兴 成本 不过 一两块 呵呵 补充 点评 年月日 忘记 第一天 那里 浴缸 水阀 似乎 严实 漏水 导致 我放 大半 水漏 下去 不少 洗澡 只能 边放 水边 泡澡 哗哗 环保 浪费 第二天 早上 出去 服务员 晚上 回来 发现 应该 处理 不漏 服务 上心 后来 有些 小漏 呵呵 宾馆 反馈 年月日 尊敬 宾客 您好 感谢您 留言 提出 需求 尽力 满足 欢迎 提出 宝贵 建议 希望 下次 入住 提供 优质 服务
1,送货 速度 挺快 头天 晚上 订单 第二天 中午 到货
0,分区 确实 畸形 联想 不能 做个 调查 用户 希望 预先 作好 分区 当然 不是 变态 分区
1,相当 不错 不同于 那些 食谱 系统地 讲解 川菜 类别 类别 佐料 开始 详细 实用 一点 枯燥 大厨 对话 一样 生动 受益匪浅 全书 一幅 图片 照样 得来 口水直流 我妈 照着 上面 所说 一次 瓦块 手艺 以前 两个 出来 味道 强烈推荐 非常 值得 收藏
1,这个 估计 好几年 房门 两个 里外 合力 才能 打开 周围环境 不怎么样 建议 以后 海边 那片 服务态度 餐点 实在 不怎么样 以后 为了 省钱 别住 那儿
1,机器 小巧 轻便 皮实 经常 出差 感受 轻便 太爽了 无线 上网 起来 真的 太棒了 在家 免费 上网 信号 不错 考虑 是否 取消 宽带
1,这个 价格 环境 不错 干净 兴旺 个人感觉 很雅 下次 肯定 还定 这里
1,做工 相当 手感 出众 外置 光驱 相当 方便 一键 就行了
0,设施 陈旧 饭店 区域 之间 交通 混乱 早餐 品种 品质 优胜 之处 周边 交通 方便
1,稻盛和夫 认为 成功 不是 个人 成功 而是 造物主 给与 这个 机会 从善 开启 心智 智慧 从善 得到 宇宙 力量 试想 常常 眼前 成功 当成 能力 沾沾自喜 狂妄自大 忽略 否认 其他 力量 用外 成功 证明 其实 内心 缺乏 力量 恰恰 说明 缺乏自信 成功 需要 谦卑 愿意 放下 欲望 才能 真正 从利 角度 出发 稻盛 夫用 真心 实修 引导 开悟
1,当时 看到 有人 骚扰电话 心有余悸 不得了 哪里 电话 打电话 总台 还会 仔细 核对 身份 也好 服务 非常 真的 徐州 最号
1,不过 朋友 性格 比好 外观 不错 轻便 键盘 接近 台式 舒服 广州 发货 广西 第四天 送到
0,南方周末 看到 眼泪 检验 文学 唯一标准 一文 承认 当时 小资 写得 煽情 题目 到手 翻而阅 故事 小说 电影 电视 常见 套路 文革 背景 生死恋 血疑 情节 甚至 更为 简单 可能 区别 只是 悲剧 死亡者 男同胞 老三 鄙视 封底 推荐 一系列 大小 名人 随后 一本 颇为 有趣 职场 小说 拉拉 升职 使得 生活 生活
0,国庆 前住 一间 朝街 特别 晚上 很晚 外面 大卡车 开来开去 早上 没亮 卡车 声音 也许 不朝街 好点 还有 卫生间 特别 小小 只能 转身 提供 一次性 香皂 他们 还好 免费 卫生状况 一般
1,系统 感觉不好 用换 非常 麻烦 不是 了解 推荐 不要 安装 本人 研究 半天 终于 换成 非常 成就感
1,性价比 不错 交通 方便 值得一提 宾馆 斜对面 不多远 海鲜 一条街 便宜 实惠 下次 深圳 广深
1,同事 女儿 推荐 女儿 拿到 爱不释手 女儿 一边 一边 故事 蜡笔 一样 画画 每天 下班 回来 女儿 第一件 要求 画画 女儿 听边 中学 辨别 不同 事物 颜色 颜色 名称 记得 熟练 利用 引导 女儿 认识 其他 事物 颜色 兴趣 很浓 值得
1,性价比 确实 赶超 神舟 同样 价格 神舟 配置 比不上 这个 屏幕 电影
1,书店 买过 同样 实用 孩子 喜欢 朋友 系列 非常 不错 其中 包括 排版 画面 以及 配套 动漫 非常适合 孩子 宝宝 不到 两岁 开始 学了 短短 二个月 时间 里面 儿歌 基本 背诵 同时 痴迷 配套 动漫 类似 朋友 推荐 此本 同时 系列 唐诗 英文歌曲 不错
1,整洁 打游戏 上网 空调 声音 此外 一切 室内 所有 收费 项目 上面 价签 公道 手机 充电器 插头 制式 一样 服务 先后 送来 充电器 装换器 有效率 自助 早餐 不错 临近 苏锡路 老城区 周边
0,我于 入住 消毒水 很浓 冷开 空调 两张床 被子 没点 暖意 其他 设施 破旧 绝不会 入住 甚至于 这间 差点 不想 再用 订房 服务
0,系统 起来 熟练 对比 一下 内存 运行 系统
1,据说 青岛 最贵 之一 温馨 卫生间 好像 有些 其他 还好
0,作为 一家 四星 居然 不能 使用 信用卡 各位 注意 带足 园内 拉萨 著名 纵横 夜总会 夜夜 笙歌 声音 极大 不到 一二点 不会 大堂 副理 无能为力 属于 管月 入住 一夜 第二天 赶快 逃跑 居然 标间 敢收 其实 拉萨 很多 性价比 建议 考察
1,房间内 设施 不错 不过 浴室 淋浴 喷头 不好 用水量 不可 调节 出水 较散 有些 四星级 标准 周边环境 尤其 后边 环境 不太好 大堂 太小
0,一天 一款 类似 配置 型号 竟然 降价 价格比 便宜 好多 亏了
0,价格昂贵 几乎 可买 同款 水货 两台 商务 本要 保障 服务 认了 透过 软件 检测 屏幕 生产日期 竟是 同时 今年 背景 屏幕 下方 偏黄 可见
0,书本 质量 不错 布局 不是 合理 打开 密密麻麻 孩子 喜欢
1,每次 这里 尤其 餐厅 流连忘返
1,这个 机器 同等 品牌 同等 价位 情况 配置 性价比 尤其 显卡 还有 原装 鼠标 意外
1,电池 耐用 网页 偶尔 听下 音乐 小时 分钟 显示 效果 透亮 两天 不敢 去测 显示屏 很怕 三星 以前 本本 三星 垃圾 视力 下降 有伤 健康 今天 只有 检测 刚才 测试 居然 色点 下方 不是 明显 美眉 脸上 有颗 心中 窃喜 宁愿 一个个 色点 不要 三星 伤眼
1,质量 不错 不会 系统 朋友 一定 注意 不好 尽量
0,发货 是不是 几个 休息 朋友 收货 地址 潍坊 诸城 居然 发到 这里 中国 海洋大学 诸城市
0,服务态度 实在 太差 尤其 楼层 服务员 全是 大婶 态度 非常 恶劣 洗手间 洗澡 全是 洗脸盆 流水 速度 真的 考验 耐心 这个 整体 而已 服务 设施 不值 那个 价钱 晚上 火车 宾馆 反馈 年月日 非常 感谢您 直言 批评 方对 意见 非常重视 专门 提出 意见 召开 一次 现场会议 决定 即日起 开始 进行 一次 全面 服务 意识 全员 培训 关于 洗手间 排水 地漏 改造 工作 同时 展开 另外 隔音 改造 工程 同步 完成 对于 入住 带来 不快 表示 再次 道歉 进一步 加快 产品 完善 切实 提高 服务质量 希望 再次 光临
0,姑且 不说 张爱玲 本人 这篇 小说 怎么样 现在 就色 情况 一下 看法 此书 封面设计 凑合 打开 发现 只是 最后 一篇 几页 部分 真正 小说 色戒 一下子 一种 上当受骗 公司 成功 之处 在于 这本 塑封 读者 之前 根本 看不到 里面 到底 之后 大失所望 正赶上 色戒 这部 电影 热映 起来 因此 操作 发行 出版 方面 来讲 不能 称其为 只能 成功 商品
1,画面 不错 比例 准确 故事 不错 中国 不大 孩子 离婚 去世 一点 沉重 一些 知识 比如 麦子 真的 好孩子 喜欢 拿出 一本 看见 一堆 新书 花心 他会 期待 妈妈 明天 汤姆 从来 看到 如此 喜欢 估计 面向 孩子 读物 可是 宝宝 一样 喜欢 考虑 第一套
0,一本 一本 慢慢 看原 以来 封面 而已 最后 发现 装订 希望 以后 不要 收到 类似 不想 这儿 刚刚 一些 希望 不要 再会 出现 这些
1,配置 强大 基本 算是 顶级 配置 做工 精良 工艺 不错 屏幕 显卡 内存 最新 一代 技术 音箱 效果
1,房間 服務不錯 值得一提 西餐 食物 方面 認為 城區 首位
1,很大 直接 面对 长江 景色 很漂亮 不过 附近 好象 吃饭
1,性价比 键盘 手感 配置 价格 加上 不错
0,文章 类似 口语 叙述 列举 例子 太短 说服力 像是 为了 证明 观点 捏造事实 一样
0,屏幕 边框 一点 平方 尺寸 一点 光驱 光盘 软件 麻烦
1,这是 一间 非常 不错 三星级 设施 服务员 服务 素质 态度 不错 不过 协议 价格 前台 价格 相差 不是 很多 希望 继续 努力
0,屏幕 别人 运行 时能 听到 硬盘 风扇 声音 不太爽 显卡 好像 不过 怎么 那个 新版 热带鱼 屏保 运行 不了 这么 水吧
0,端午节 期间 家人 入住 一晚 服务 根本 不到 四星 标准 下面 硬件 服务 方面 点评 硬件 位置 不错 繁华 夜间 安静 入住 东楼 很小 特别 卫生间 香港 衣柜 门把手 打开 费劲 席梦思床 席梦思 应该 隔音 不好 入住 当晚 隔壁 婚房 很多 闹房 声音 清楚 服务 准备 牙刷 拨打 分机 要求 提供 接线员 竟然 拨打 其他 电话 入住 卡上 清楚 写明 要求 直接 拨打 二楼 中餐厅 就餐 服务员 告知 中餐厅 当天 一楼 鲍翅馆 转到 一楼 鲍翅馆 服务员 一份 鲍翅馆 菜单 服务员 中餐厅 菜单 这个 服务员 竟然 问道 中餐厅 一楼 难道 菜单 搬下来 这时 服务员 情愿 中餐厅 菜单 通过 预定 积分 就餐 完毕 积分 卡给 服务员 由于 这个 服务员 已经 帐单 打印 不想 重新 打印 竟然 你们 下次 再来 是从 外地 过来 下次 不知 猴年马月 第二天 早上 早餐 由于 小孩 不肯 早饭 哭闹 服务员 竟然 过来 小孩 打屁股 这句 父母 你们 服务员 绝对 应该 希望 你们 道歉 就餐 完毕 餐厅 门口 服务员 眼睛 一下 招呼 打住 很多 四星 五星 从来 没见 这么 礼貌 宾馆 反馈 年月日 对于 住店 期间 发生 愉快 代表 真诚 道歉 非常 感谢您 提出 意见 批评 反映 反馈 相关 部门 进行 培训 整改 希望 机会 再次 提供 服务 相信 一定 不同
0,送到 全湿 你们 客服 打电话 安排 过来 取书 退款 手续 可是 现在 你们 那次 没退 没来 是否 效率 太底 已经 投诉 石沉大海 希望 这次 不要 投诉 不是 此书 服务态度 苦于 其他 方式 投诉 电话 网络 留言 使用 效果 试一下
1,整体 来说 相当 不错 作品 细节 处理 到位 完全 算计 蒙蔽 这个 看姑 获鸟 之夏是 完全 不同 姑获 解释 非常 牵强 勉强 全是 莫名其妙 巧合 悲剧 却是 有理有据 热血沸腾 心悦诚服 精湛 推理 严密 逻辑 折服 重要 收尾 前后 呼应 胃口 对于 解释 同样 石破天惊 后悔
0,太旧 太吵 洗手间 热水 建议 取消 合作 补充 点评 年月日 服务 态度恶劣 言语 不是 太冲 冷冰冰 设施 陈旧 卫生间
0,绝对 垃圾 书想读 历史 此书 毫无价值 类似 垃圾 小说 推荐 了解 明朝 历史 人读 这本 书我买 第一卷 打死 不想 后面
1,很漂亮 图片 好看 很多 三星 精致 起来 待机时间
1,速度 不错 并且 附送 恢复 人性化 国内 算是 性价比
0,散热 有些 右手掌 触摸板 热壳 热得 厉害 做工 上口 太松 不知 是否是 个别
1,为什么 如此 平淡无奇 爱情 会令 心情 跌宕起伏 朴实无华 文字 不时 夹带 细腻 描写 丝丝入扣 潜移默化 同时 引发 感动 种种 细节 埋进 心里 最后 一刻 肆意 爆发 故事 彻底 以至于 餐厅 服务生 不时 观察 这边 动静 生怕 任何 突发 举动 如今 社会 如此 纯净 美丽 爱情 真的 只能 纪念 哀悼 而已
1,同档次 笔记本电脑 性价比 配置 够用 品牌效应 外观 不错 使用 中待 发现 优点
1,三月 入住 五号 豪华 环境 真的 不错 室内 陈列 窗外 景色 以及 花园 显得 华贵 清幽 早上 自助餐 好吃 西式 选择 唯一 欠缺 由于 第一天 入住 时间 较晚 希望 第二天 退房 泡温泉 告知 不能 享受 客人 优惠价格 感到 不太 公平 宾馆 反馈 年月日 尊敬 客人 您好 意见 提交 相给 相关 部门 领导 今后 根据 实际 情况 酌情 考虑 温泉 优惠价格 时限
0,系统 难装 键盘 原以为 白色 收到 知是 银色 白色 配起来 更加 好看
1,国内 见到 最好 一本 适合 小孩 阅读 聆听 有声 读物 故事 有趣 画面 生动 特别 朗读 完全 国内 很多 读物 死板 乏味 甚至 昏昏欲睡 声音 悦耳 动听 琅琅上口 一本 不可多得 小孩 读物 女儿 尽管 不是 完全 听懂 跟着 录音 琅琅上口 希望 出版 类似 有声 读物 孩子 欣赏 优美 英语 英语 产生 兴趣 不是 为了 考试 学习
1,买回来 先看 周易 以为 周易 中国 难懂 汉字 先生 深入浅出 娓娓道来 讲述 忽然 发觉 原来 挑战 一下 难度 先生 博古通今 学贯 精通 几家 思想 精髓 书中 智慧 学问 更是 随手 拈来 挥洒自如 先生 深刻 刻板 有时 不由得 会心一笑 生出 原来 感慨 总的来说 一套 值得 收藏 好书 先生 学问 值得 好好学习
1,宝宝 三岁 宝宝 喜欢 买得 很值 买回来 连续 几天 晚上 要求 喜欢 喜欢 看到 良太 离开 妈妈 感伤 想要 似的 舍不得 良太 宝宝 最后 声音 总会 哽咽 舍不得 慈母 妈妈 霸王龙 宝宝 分离 浅显易懂 一点 孩子 母亲 孩子 领会到 书中 母亲 孩子 孩子 母亲 眷恋
1,相隔 千年 感人 故事 不至于 感动 哭泣 写作 功底 实在 令人 佩服 全文 流畅 几乎 欲罢不能 一口气 读完 整篇 作品 说不上 荡气回肠 爱情故事 细腻 勾勒 主人公 之间 微妙 激荡 起伏 完全 刻画 流畅 自然 几乎 就象 这个 时代 发生 事件 也许 未来 一天 科技 真能 达到 水平 对于 历史 方面 涉猎 可见 其真 功底 似乎 阅读者 想象 勾勒 历史 风貌 一部 作品
0,通过 预定 人个 标间 一大早 弟兄们 北京 开车 浩浩荡荡 开拔 不想 滦县 交警 轰下 高速路 前方 道路 封闭 只好 国道 缓慢 运动 全程 小时 中途 电话 延长 入住 时间 到达 当头一棒 竟然 接团 没房 赶紧 客服 最后 答应 协调 谁知 私下 转包 博维 大酒店 没多花 积分 只好 回来 客服 还好 客服 通融 印象 间房 人间 挨着 门锁 不是 卡式 钥匙 钥匙 以前 只有 招待所 钥匙 整体 装修 墙上 蚊子 标本 饮水机 凉水 后来 博维 大酒店 饮水机 凉水 浴室 浴缸 较脏 隔帘 热水 还好 随时 马桶 水箱 按钮 不能 复位 每次 水箱 起来 总台 知道 修没修 独立 空调 中央空调 中央空调 冷气 不行 大半夜 打电话 总台 起来 只好 凌晨 严重 影响 客人 休息 间房 宽带 只有 宽带 宽带 宽带 线算 回事儿 带双 早餐 鸡蛋 花卷 不能 带回 房有 弟兄 睡懒觉 带回 鸡蛋 交通 还好 那里 方便 旁边 饭馆 药店 海滩 体育 基地 公里 左右
1,前不久 看到 网上 套书 试着 邮购 一套 起初 我岁 儿子 轱辘 轱辘 感兴趣 后来 爱看 现在 不仅 爱看 套书 全家人 套书 感兴趣 套书 之所以 认为 不仅 教授 许多 日常 知识 印象 深刻 套书 体现 独具 创想 广泛 知识面 任何 前所未见 推荐 各位 父母 孩子 一起 分享 套书
1,完美 外观 漂亮 手感 奔腾 双核 速度 逊色 加上 独显 超值
0,这是 北京 见到 性价比 最差 之一 服务 不错 设施 显然 考虑 价格 这些 舒服 例如 浴缸 下水 畅经 请示 多名 服务员 之后 得到 回答 下水 管子 细水 就流 不下 冲澡 泡脚 床头 闹钟 两次 遇到 玩艺 半夜 狂叫 迷迷糊糊 起来 电源 价格 不低 设施 环境 怎样 小毛 小病 不断 改名 除了 设施 日益 陈旧 之外 知道 还有 其它 变化 当然 改名 价格 上去 其它 选择 建议 大家 这个 这里 生意 好象 特好 可能 还会 唯一 原因 实在 太近 实在 不爽 这个 这个 价格 杀猪
1,有些 地毯 污迹 服务 带有 一些 烟味 喜欢
1,外观 漂亮 做工 精致 键盘 起来 舒服 太大 拘束 女孩子 不错 尺寸 个人 认为 影响 使用 反倒 携带方便 同类 商品 做工 最好 不过 价格 最贵
1,喜宝 这里 前半生 完后 心理 女人 真的 需要 只有 安全感 一向 婚姻 保持 理智 态度 遇到 一辈子 宠爱 下去 其实 哪有 总有一天 变得 不再 新鲜
0,买回来 一段时间 三岁 孩子 爱看 一方面 里面 卡通 造型 简洁明了 一方面 很多 确实 中国 习惯 出现 没法 孩子 解释 还有 书中 所用 名字 语言 方式 孩子 习惯 知道 为什么 套书 畅销书 第一名 周围 孩子 家长 冲着 名气 在家 闲置
1,很漂亮 大小 起来 舒服 价格公道 质量 方面 配置 够用
0,外壳 做工 有些 毛边 出现 一次 花屏 知道 不会 出现
0,公司 买用 支票 周折 不过 最终 拿到 还有 系统 不是 预装 好像 产品 注明 不过 系统 挺快
0,纪事 不像 小说 文学 爱好者 看不下去 上班族 打工者 看看 消遣 文学艺术 谈不上 欣赏 心情 宣传 过于 夸张 读书 速度 偏快 这书读 晚上 多页 喜欢 晚上 读页
1,保养 不错 前台 服务 不错 送餐 服务 非常 味道 地道
1,完美 全新 行货 运行 安静 散热 价格 实惠 显卡 来说 已经 非常 游戏 运行 流畅
0,机场 第一次 看到 包装 喜欢 发现 不值 喜欢 小说 奶奶 阅读 她们 那个 事情 看不下去
0,光驱 声音 知道 是不是 缺点 另外 还有 一点 所带 指书 软件 只能 一台 上装
0,收货 发现 光盘 送货 必须 全做 退货 处理结果 还要 重下 订单 别的 没货 担心 送来 不知 还会 不会 光碟 那本书 原封
1,整体 不错 商业街 方便 早餐 总类 丰富 鸡蛋 服务生 态度 改进 鸡蛋 不应 一声
0,一本 声名在外 流行 广州 外企 道理 应该 生存环境 差不多 一看之下 发现 相去甚远 就算 发现 其中 很多 规则 企业 个性 只是 个例 不是 行例 这些 老油条 看看 就算 那些 外企 向往 或者 了解 来看 实在 容易 误导 他们
0,拿到 同事 抢去 第二天 还给 惊讶 原来 晚上 一口气 交流 半天 完后 感触 里面 一些 故事 好像 发生 感触 总的来说 一本 不错 职场 工具书
1,白色 上网 里面 三星 一款 漆膜 漂亮 送给 女朋友 确实 不错 选择
0,分区 只有 别扭 手工 分区 弄坏 系统 不过 还算 自动 恢复 系统 恢复 不过 我刚 两天 降价 冤大头 知道 是不是 补回 差价
1,国产 本能 做到 心满意足 大方 好看 老婆 喜欢 以前 是非 不用 现在 本本 低值易耗品 用个 两三年 价格 太贵 合适 便宜 不敢 实用 轻薄 或者 大屏 或者 好看 要求 必要
1,散热 相当 不错 外观 比较满意 性价比 实用性 满足 日常 需求
0,位置 太偏 很深 胡同 找到 结帐 故障 前台 漫不经心 明天 再来 外地人 明天 再来 老外 你们 国外
0,看过 很多 改编 电视剧 书比 电视 这次 例外 电视 几乎 一模一样 不够 细致 令人 失望 关于 许三多 变化 大得 接受 不了 以前 方面 表现 怎么 单杠 以后 忽然 变得 遥遥领先 如果说 通过 努力 赶上 其他人 差不多 怎么 可能 突然 之间 超过 曾经 许多 难道 别人 落后 变成 天才 本人 当过兵 见过 很多 刻苦 这么 进步 神速 没见
0,照片 挺不错 星级 入住 以后 除了 后悔 别的 挺大 空空 早餐 东东 环境 天气 太冷 总之 以后 不会 再住 那里
1,散热 不错 键盘 挺舒服 软件 有些 不错 屏幕 其实 只是 背光 呵呵
1,幼儿园 老师 家访 家里 孩子 看过 介绍 她们 其中 包含 套书 老师 明白 为什么 我家 孩子 喜欢 她们 幼儿园 家里 幼儿园 有趣 好看 孩子 套书 不到 两岁 开始 非常 热衷 打开 翻页 获得 快乐 惊喜 现在 家里 积累 越来越 遇到 这些 反复 几遍 孩子 选书 原则 快乐 好书 快乐 同时 获得 知识 优秀
0,驱动 下载 麻烦 还有 更改 通道 没法 安装 风扇 声音
0,自带 手册 不全 说明书 简单 版本 系统 启动 不了 最终 原版 光盘启动 安装 下午 过去 累死
1,不错 外观 靓丽 运行 速度 性价比 配套 功能齐全 配件 丰富 免费 杀毒软件 噪声 小是 实用 本本 一般 家用 或者 办公 足够
1,性价比 配置 不错 外观 不错 屏幕 看起来 舒服 送货 速度 收到
1,细节 考虑 周到 做工 巧克力 键盘 适应 估计 女孩子 喜欢 反正 还行
0,地段 大概 唯一 优点 配置 简陋 简直 没法 洗澡 要命 空调 要命 不过 前台 服务员 态度
1,第三本 央视 在职 主持人 特色 每个 经历 不同 表达 读者 展示 世界 不同 而言 首先 成钢 本人 学习 经历 敬佩 荣誉 超乎 年龄 成长 历程 安徽 高考状元 现在 主持人 现在 应该 央视 经济 频道 当家 经济 主持人 节目 深刻 一边 一边 思考 世界 一些 观点 独到 好书
0,价钱 移动 价钱 这点 不好 散热 不能 运行 很大 软件 移动 资费 难道 我选 用个
0,印刷 几页 印花 根本 不能 小孩 看会伤 小孩 眼睛 不怎么样 非常 不好 小孩 思路 还有 一本 会读 单词 非常 实用 总之 不行 建议 大家 不要 推荐 这才 真的
0,知道 怎么回事 验货 体验 没什么 装完 光驱 吱吱 正在 查找 原因 但愿 这个 毛病 暂时 那可真 郁闷
0,已经 安装 杀毒软件 请勿 安装 杀毒软件 键盘 有个 键锁 同时 初次 用户 熟悉 知道 说明书 叙述 详细 改进 电池 续航 能力 小时 左右 好像
0,当人 遇到 这么 无法 改变 痛苦 多少 能够 真正 面对 承受 就算 结束 生命 逃避 需要 非常 勇气 为什么 活着 也许 只能 一生 告诉
0,希望 当当 发货 能够 仔细检查 质量 拿到 此书 塑封 翻阅 几页 发现 书里 好几页 居然 空白 具体 第页 第页 第页 第页 迅速 检查 下书 几页 总算 缺损 现象 哎蛮 糟蹋
0,西宁 来说 比较满意 首先 地理位置 不错 人口素质 不错 其次 设置 比较简单 基本 达到 四星 标准 第三 满意 服务 各位 先前 入住 朋友 已经 提到 需要 补充 前台 女服务员 服务生 热情 基本 属于 不会 或者 按照 对方 理论 外地人 人家 地儿 不错 最后 要说 早餐 只有 中餐 自助 基本 办法 一点 早餐 橙汁 原来 市场 早已 绝迹 果珍 冲泡 环境 分外
1,正在 儿子 沟通 障碍 发愁 发现 一本 好书 第一次 龙应台 流畅 文笔 深深 内涵 儿子 关爱 平等 推心置腹 思想观念 碰撞 火花 竟然 这般 美丽 感人 佩服 欣赏 两代 之间 鸿沟 优美 文字 慢慢 弥合 回味 思考 很多 推荐 儿子 朋友
1,文字 人读 起来 非常 舒服 清泉 细流 沁如 人心 一直 喜欢 感受 用心 不断 求变 求新 设定 前世 男身 接受 看着 有些 别扭 呵呵 故事 构架 大气 精巧 其中 尔虞我诈 算计 旁支 伏笔 像是 一部 江湖 大戏 言情 故事 情感 描写 略显 薄弱 这方面 个人感觉 不如 青萝
1,简洁 适用 需要 配置 当时 担心 坏点 收到 品质 令人 放心
0,系统 安装 麻烦 不能 必须 系统 安装盘 知道 安装 方法 是否 有误 必须 改成 才能 安装 机壳 要是 黑色 更好
1,早就 网上 看过 书上 估计 后面 出来 希望 快点 出书 真的 一本 值得 收藏 书书 看到 一样 秦始皇 开始 帝王 为什么 自称 寡人 一些 理解 丰富 一些 历史 故事 通俗 意懂 历史 有些 事情 添加 想法 尊重 历史 角度 历史 负责 态度 值得尊敬 好书
1,感谢 以前 游客 点评 确实 不错 想象 卫生 干净 地铁站 非常 服务 到位 自助 早餐 当地 来说 超值 对面 生记 粥品 推荐 味道 不错
1,值得 推荐 与此同时 还有 东野 白夜 法医 相比 白夜 行太 一般 首席 法医 情节 描述 精彩 起来 顺畅 案件 结尾 完全 出乎意料 且案 套案 引人入胜 犯罪 描述 一直 采取 厌恶 鞭挞 态度 日本 推理小说 分不清 他们 价值观 到底 向着 一边 推荐 中学 以上 学生 阅读
0,误导 没什么 意思 道理 幼稚 好像 白痴 一样 姐姐 妹妹 不要 买举 例子 韩国 适合
1,教育 孩子 时常 困难 母亲 儿子 今年 五岁 一些 儿子 沟通 协商 日常 处理 快要 陷入 发疯 境地 还好 看到 书里 语言 简洁 易懂 多幅 图片 示例 想法 容易 得到 理解 思想 关键 关注 尊重 孩子 情绪 一些 具体 场景 设置 分析 道理 已经 买过 一本 这本 送给 朋友 希望 所有 父母 一下 此书 大家 共同进步
1,价格便宜 配置 不错 一条 内存 起来 顺畅 风扇 声音 整机 重量 接受
1,金属 质感 拉丝 表面 完美 键盘 按键 舒适 两个 还有 电视机
0,中午 进入 说明 通过 预定 酒店客房 随后 碰到 不爽 经历 笑容 戴眼镜 服务台 接待 冷冷的 贵姓 回答 之后 继续 冷言 那里 办手续 手指 一下 另外 正在 帮助 住客 登记 服务员 过去 之后 片刻 一位 接待 热情 开始 登记 付款 方式 选择 刷卡 这位 前台 那个 冰冷 接待 那里 划卡 当然 此时 愉快 卡机 那头 只得 回去 如果说 服务业 人员 笑容 表情 冰冷 话语 接待 正常 的话 过分 事情 之后 开始 之后 桌面上 签字 桌子 发出 很响 一声 信用卡 留存 不肯 送到 手里 愤怒 这个 接待 留存 送过来 摔门 办公室 镇江 大酒店 号称 三星级 服务 之后 大堂 副理 过来 理侧 趴在 台上 这个 服务员 办法 我代 道歉 对不起 真是 无语 对不起 镇江 碰到 事情 经历 各位 看过 经验 补充 点评 年月日 提高 服务水平 提升 服务 意识 服务业 特别 旅游 城市 服务业 尤其 应该 重视 虽说 只是 众多 旅客 少少 一名 而已 碰到 状况 镇江 大酒店 的确 需要 很大 改善 三星级 三星级 样子 看到 回复 感到 欣慰 和气生财 生财 礼者 不可不 宾馆 反馈 年月日 关于 反映 事情 领导 高度重视 立刻 召开 全体 客房 员工 所有 管理人员 会议 当事 员工 进行 批评 教育 进行 经济 处罚 员工 认识 服务 意识 较差 保证 今后 工作 提高 服务质量 意识 努力 做好 对客 服务 工作 杜绝 此类 事件 再次发生 人力资源部 全体 管理人员 客房 员工 进行 岗位 机能 服务 机能 管理 机能 培训 努力提高 服务质量 再次 真诚 致歉 希望 再次 人住 镇江 大酒店
0,小说 人物 要说 真实 起码 源于 生活 高于 生活 编写 不让 别人 求证 心虚 虚伪 煽情 要说 成是 真实 一部 作品
0,概括 起来 观点 不错 可是 语句 啰嗦 拖沓 到极点 相同 语句 重复
0,外观 颜色 鼠标 不过 垃圾
0,上午 拿到 之前 一款 样子 一样 一点 知道 质量 好不好 现在 发现 现在 使用 半天 发现 一点
0,非常 喜欢 文风 朴素 直白 用词 可是 同事 非常 感动 流泪
0,已经 入住 多次 尼盛 万丽 服务 一次 一次 作为 国际 连锁 品牌 居然 退房 查房 客户 一点 信任
1,当初 勇敢 结局 是不是 一样 当时 坚持 回忆 不会 年少 爱人 身上 刻下 伤痕 刻下 时光 那些 泪眼 相望 依然 记得 便是 爱情 本身 年少时 以为 爱能 超越 一切 那时 明白 世上 另有 一种 力量 叫做 命运 喜欢 几句 爱情 无奈 明明 相爱 不能 一起 哎书 情节 纠结 结局 不错 悲伤 结局 难忘
1,关于 女人 应该 怎么 应该 怎么 生活 已经 不是 语言 能够 澄清 变成 幸福 不再 奢望 别人 所谓 幸福 人性 正确 自信 超越 人性 基本 要求 敞开 心胸 不错 语言 逻辑 自私 却是 实际上 无私 不要 介意 斟满 杯子 对于 自我 内在 丰富 人才 能够 温柔 心去 妈妈 呵呵
0,这个 整体素质 非常 里面 很浓 油烟味
0,系统 师傅 本子 系统 不是 一般 难装 所有 版本 试过 没法 装进去 好像 内部 系统 要求 办法 使用 起来 影响
1,服务 看得出 力求 达到 总是 差一点 不过 这个 特惠价 不错 免费 洗衣粉 提供 这是 第一次 见到 看来 客房部 下功夫 建议 领导者 出去 看看 类型 酒店设施 很多 启发 浴缸 下水 淋浴 超过 十分钟 就要 考虑 停水 等待 慢慢 流走 一味 痛快 洗澡 意味着 脚脖子 泡沫 淹掉 赶紧 改善
0,唯独 不能 理解 内存 占用率 鼠标 显示 等待 像是 死机 感受 不到 强大 纳闷
1,入住 对于 价格 奢侈 环境 预想 干净 水量 充足 床上用品 服务员 每日 更换 听说 山上 水元吨 对于 黄山 疲惫感 来说 好好 洗个 热水澡 惬意 睡眠 非常 重要 总的来说
1,携带方便 爱好 大型 游戏 临时 办公 上网 电影 够用 外出 带上 回家 后外 接寸 显示器 光驱 上网 电影 起来 超爽 便宜 实惠 总费用 三千 二百多 比起 三千多 本本
1,环境 不错 几栋 赏心悦目 大厅 安静 布置 小资 情调 可能 黄金周 结束 缘故 主楼 四星级 这个 价格 国内 应该 很值 早餐 自助 中式 为主 品种 适合 中国 结账 时才 知道 还有 经济 附楼 好像 展鸿楼 只要 一百多元 不过 未挂星 大门 改造 下次 试试 推荐 补充 点评 年月日 还有 免费 水果 温馨 宽带 速度 很快
0,电池 续航 时间 一般 一个半 小时 左右 根据 使用 情况 不同 使用 时间 不同
0,这个 居然 三星 简直 无法 相信 差太差 可惜 没分 有分 一定 打分
1,买回来 儿子 荒岛 历险 来看 非常 感兴趣 为什么 好看 故事 里面 数学知识 有些 理解 以后 慢慢来 弄懂 于是 前面 一点 有些 数学知识 奥数 三年级 孩子 愿意 下去 说明 故事 吸引 不错 买来 后理 二十七 分别 写给 少儿 中小学生 中学生 青少年 数学 爱好者
1,羽绒被 枕头 毛巾 四星 干净 洗澡 不错 装修 一般 早餐 不错 偏贵
0,行政 正对 杂物间 一直 敞着 别提 脏乱 要求 换房 空调 制冷 冰箱 推土机 要求 再换 门口 楼道 巨大 脏布 隔壁 装修 不知 这个 过节 故意 难受 另外 所有 电话 内线 指示 客人 长途 转接 还有 五星级 小姐 怎么 真是 影响 北京 市容 奥运 和谐 环境 餐厅 送餐 味道 吐出来 本人 目前 最让人 难忘 这些 本人 已经 克制
1,这是 一本 重复 读的书 看得 这个 压力 充满 社会 每个 角落 年代 确实 需要 舒缓 一下 文字 最好 表达方式 或许 只是 林夕 个人 想法 对于 一些 无从 发泄 懂得 如何 文字 心头 之闷 这书 文字 刚好 用得上 找到 苦于 无从 宣泄 根源 自省 思考 不时 随便 地翻 一篇 文字 一下 思考 一下 确实 获益 良多
1,孩子 美国 美国 他们 喜欢 恐龙 天性 语言 隔阂 哥哥 五岁 生日礼物 可惜 儿童 恐龙 百科 一路 飘洋过海 差不多 两个 左右 波士顿 孩子 喜欢 喜欢 喜欢 五岁 哥哥 常读 妹妹 尽管 常常 别字 错字 接下来 一口气 植物 动物 百科 全买
0,空乏 无物 语言 哗众取宠 全书 不成 系统 象个 蹩脚 大夫 行医 多元 钱书 差劲 一本
0,与其说是 饭店 不如说是 招待所 早餐 品种 质量 不能 令人 接受 早餐 餐具 盘子 里面 汪着 过后 根本 干净 恐怕 提不上 消毒 补充 点评 年月日 忘记 水果 这点 不错
1,地理位置 不错 服务 希望 房价 以后 竞争力 一点
1,送货 另外 配置 说明 一样 这里 大家 需要 安装盘 不过 没用 准备
0,入住 那个 已经 下午 点半 然后 换房 热水 然后 大堂 经理 交涉 空调 早上 起来 感冒 然后 出去 办事 打电话 前台 他们 下午 回到 根本 人来 修过 四星级 酒店设施 很烂 电视机 很小 很小 性价比 实在 太低 一塌糊涂
0,昨天 兴奋 地写 今天 便遇 一闹 心事 套书 推荐 很多 朋友 朋友 网上 前天 购了 三套 送货 挺快 三本 为什么 一张 订单 货不全 已发 退货 申请 不知 能否 其实 不想 全可 打电话 询问 两次 一次 订单 一次 答复 没货别 订单 怎么办 当当 上物 多次 遇到 情况 答复 是因为 网页 更新 怎么 这么
1,外观 很漂亮 性能 不错 重装系统 出现 驱动 不过 不是 提供 驱动 驱动 需要 自已 网上 呵呵
1,悦华 通过 泉州 喜欢 悦华 其实 泉州 装修 气派 悦华 之上 服务 早餐 差悦华
0,公平 定律 好像 就是说 做到 公平 否则 就要 遭报应 最后 明白 公平 书中 好多 亲身经历 多么 多么 没多大 意思
0,拿到 手是 包装 拆开 机器 心里 不爽 这个 联想 有关 说明书 没什么 这个 早就 想到 以前 天逸 本本 通电 对外 一切 屏幕 完美 键盘 传说 多么 好用 字数 限制
1,喜欢 腾讯网 上先 看看 最近 新书 感兴趣 读一读 开头 几天 看到 非常 有意思 通俗易懂 包括 学习 心理学 经济 心理学 人际关系 心理学 自我管理 心理学 爱情 心理学 生活 息息相关 漫画 形式 讲故事 术语 帮助 解决 身边 烦恼 纸质 非常 作为 送给 朋友 礼物 学生 白领 应该 看看 呵呵 顶一下
0,之前 女儿 一套 女儿 喜欢 因些 六一 送给 老师 孩子 一套 间隔 不足 半月 那次 快递 送货 货到付款 可是 此次 付款 还要 平邮 过来 时间 上次 多用 一周 时间 足足 天才 收到 收到 货后 更加 失望 本来 好好 塑料 全都 损坏 一套 折叠 打开 损坏 书面 还有 折断 痕迹 如何 送人 我家 孩子 经常 已经 不能 带替 收到 看到 服务 失望 已经 当当 多次 购书 快递 收到 满意 这次 为难 生气 希望 当当 服务 不能 正常 一下 不要 变来变去 平邮 的话 你们 同期 神奇 校车 外皮 损坏 折痕 套书 外观 一些
0,外甥 好几套 动画片 喜欢 一套 百看不厌 一张 碟子 几个 小时 不断 重复 一直
1,呵呵 毕竟 当地 最好 除了 设施
0,这个 本人 已经 多次 预订 多次 入住 个人感觉 现在 越来越 早晨 点多 一班 火车 苏州 锦地 星座 大约 以为 以前 那样 顺利 办理 入住 接待 当时 台上 叫醒 他们 希望 办理 入住 答复 还有 小时 点点 才能 办理 入住 点前 入住 要交 一天 房费 问能 不能 提供 一下 方便 钟点房 计费 或者 先给 相关 手续 办到 以后 以前 这么 接待 客气 办法 要么 要么 火冒三丈 不能 这些 计较 后门 富仁坊 出去 汉庭住 人家 服务态度 真是 宾至如归 结算 一天 房费 需要 说明 一下 设施 跟锦地 星座 完全 一样 只是 早餐 那个 值班 经理 还给 用品 作为 补偿 房价 只是 锦地 星座 一半 终归 到底 一句 下次 肯定 不会 再住 锦地 星座 宾馆 反馈 年月日 首先 多次 入住 表示 忠心 感谢您 提出 领导层 高度重视 进行 整改 提出 入住 时间 予以 以下 说明 根据 行业 规定 针对 每天 以后 入住 宾客 只算 当天 房价 两次 本店 入住 时间 年月日 年月日 当时 总台 服务员 给予 变通 解决 凌晨 抵达 规定 相差 时间 较长 当时 总台 服务员 作出 充分 解释 尽管如此 意见 仍会 虚心接受 以后 针对 此种 情况 作出 变通处理 再次 衷心 欢迎您 下次 人住
0,包装 精美 华而不实 韩式 幽默 实在 不怎么样 不好 根本就是 狗屁不通
0,发誓 不住 这个 服务 非常 星级 门童 开门 行李 只有 保安 马上 离开 哪怕 行李 补充 点评 年月日 反正 瑞安 这个 城市 印象 非常 不好 经常 拒载 脾气 非常 不好 城市 很脏 服务 全国 最差
0,文章 现实 严重 脱节 虽说 小说 允许 虚构 应该 如此 叙述 情节 混乱 虽说 最终 搞懂 读后 头晕 难受
0,其实 整本书 一点 开始 孩子 阅读 不晚 此书 知道 有关 孩子 朗读 里面 不到 真正 答案 很多 一样 实在 必要 浪费时间
0,炒得 火买 来看 印刷 精美 深度 不够 值得 收藏 不过 考虑 孩子 读书 看看 由浅入深 接触 传统 文化 一种 选择
0,除了 地段 其他 一塌糊涂 惨不忍睹 招待所 差不多
1,喜欢 王尔德 唯美 风格 朋友 一定 不要 错过 童话集 大人 小孩 适合
1,舒服 个人 非常 满意 办公台 适合 个人 使用 习惯 网速 好大床 卫生间 不错 宾馆 反馈 年月日 感谢您 大连 银帆 宾馆 良好 近期 商务 升级 推广 活动 受到 很多 客人 一致 好评 认可 进一步 优化 良好 帮助 资源 银帆 宾馆 欢迎您 需要 通过 总机 联系
1,外观 苹果 采用 英寸 小巧 机身 外壳 纯美 苹果 经典 白色 机身 整机 边角 采用 弧度 圆滑 处理 线条 极其 简约 键盘 触感 轻柔 操作 出众 触摸 面板 面积 很大 该机 配置 摄像头 配置 该机 配备 英特尔 酷睿 双核 处理器 主频 二级缓存 前端 总线 标配 内存 硬盘 内置 刻录机 搭载 独立 显卡 满足 日常 需要 任何
0,今天 提货 总部 自提点 服务 不是 可能 人员 不多 回复 不是 满意
0,服务 非常 环境 不好 建议 别去 提前 星期 就定 并且 加床 前台 告诉 能加 现在 不能 加床 后来 电话 帮忙 沟通 得到 解决 解决 办法 椅子 桌子 搬出去 加进 一张 几乎 活动 空间 总之 服务台 他们 答应 不能 得到 解决 非常 开心 后来 发现 分明 有能 加床 空着 真是太 愉快 记忆
1,屏幕 很大 速度 很快 配置 系统 预装 很多
1,地理位置 附近 有家 敦煌 海鲜 酒家 早茶 不错 还有 大型超市 麦凯乐 不远处 整体 性价比 属于
0,描述 错误 根本 不是 高级 商务酒店 应该 莫泰 一样 炮店 整个 红色 基调 装饰 妓院 差不多 的确 晚上 竟然 蟑螂 退房 前台 搞不清 如何 授权 转为 消费 折腾 期间 不停 提出 现金结算 方案 本人 坚持 终于 消费 成功 打死 不住
0,底座 不过 独立 显卡 理解 打算 加个 散热 底座 内存 麻烦 底座 螺丝 喇叭 那条 然后 键盘 取出 才能 内存 面板 键盘 收集 指纹 严重
0,电梯 维修 只能 爬楼 设施 一般 居然 大灯 只有 一盏 远远 台灯 暗暗 恐怖 窗户 外面 走廊 隔音 基本 只要 有人 走路 说话 回音 特响 清晨 人员 穿着 拖鞋 嘻嘻哈哈 走过
0,故事 有些 深像 伽利略 哥伦布 这些 小学 才能 明白 不过 故事 小鸡 可爱 女儿 看不懂 喜欢 小鸡
0,服务员 态度 极差 订单 交接班 借口 客人 投诉 前台 服务员 翻白眼 补充 点评 年月日 订单 好几个 电话 皮球 前台 预定 皮球 前台 态度 相当 恶劣 以后 再也 不住 这个 看过 前面 点评 看来 订单 不是 第一次 对于 订单 当回事 纳入 合作伙伴 保留 加强 监控 才行 宁愿 以后 不再 通过 预定
1,介绍 感兴趣 题材 喜欢 命案 悬疑 推理 赞看 挫败 感阿 果然 天才 很大 一段 差距 为了 知道 来龙去脉 发狠 半本 一口气 直到 最后 十几页 真相 慢慢 强烈 剥落 文笔 简练 多余 文墨 卖弄 成为 故事情节 不可或缺 构架 完全 煽情 意图 末尾 赚人 热泪 开始 不禁 为了 所爱 以及 愿意 牺牲
0,耳机 右手 略微 影响 鼠标 使用 标配 光驱 习惯 光驱 同学 建议 另购 以备 不时之需 还有 开机 好慢
1,刚刚 结束 旅游 行在 三天 非常 满意 首先 交通 方便 门口 分钟 地铁口 这个 油麻 地站 两条 地铁线 特别 早上 坐地铁 晚上 再晚 担心 回不来 这个 地铁站 关门 再次 干净 知道 是不是 新装修 墙面 床上 靠垫 颜色 非常 协调 卫生间 相对 一般 香港 三角形 卧室 卫生间 灯光 配合 结构 布置 龙头 出水量 很大 还有 挂壁 吹风机 保险箱 冰箱 不错 还有 服务员 态度 不错 可能 是因为 这是 基督教 所属 每个 迎面 遇到 客人 面带微笑 亲切 总之 朋友 香港 一定 推荐 这家 下次 首选 这家
1,若果 看過 安妮 寶貝 并且 感到 喜歡 這本書 必定 不會令 失望 因為 依舊 安妮 寶貝 風格 目前 最喜歡 還是 安妮 寶貝 彼岸花 清醒 紀是 絕望 時候 第一次 看安 拯救 因此 感激 佩服 喜歡 作家 之一 記得 那時 每晚 清醒 紀擺 床邊 入睡 隨意 幾頁 這樣 才能 安然 入睡
1,关于 没读 不过 好看 当然 不会 质量 每次 当当 想得到 有关 本身 消息 而是 貌似 很少 人写 广州 前天 今天 中午 送货上门 质量 绝对 正版 封面 简洁 美丽 可惜 痛心 书签 两张 豆瓣 书签 四张 小小的 草纸 书签 喜欢 质地 读完 完整 书评
1,收到 价格 变成 赠送 一张 杀毒 光盘 然后 增加 赠品 原因 无法 申请 价格 保护 明显 逃避 价格 保护 手段 十分 不爽
1,黑色 外观 很漂亮 呵呵 来看 运行 速度 屏幕 色彩 鲜艳
1,散热 风扇 吹出来 始终 凉凉的 外形 经典 不失 时尚 认为 同类 机子 里面 超值
1,一般 设施 不错 其他 一般 早餐 不错
0,机器 开机 时死 一回 后来 运行 正常 摄像 效果 一般 尤其 灯光 晚上 一片 可能 不是 习惯 华硕 触摸板
1,精致 做工 比不上 系列 上乘 本本 性价比 出色 同时 上面 那个 系统 硬盘 隐藏 分区 里面 通过 本本 自带 刻录 软件 直接 出来 操作 完全 傻瓜 级别 成本 无非 空盘 而已
1,值得 所有 中国 年青人 好好 思考 似乎 道理 太过 理想 言论 太过 脱离 大众 实际 层面 其实不然 当今 国人 太过 实际 年纪轻轻 现实 一心一意 赚钱 过日子 人生 真的 应该 有些 无关 物质 无关 利益 追求 其实 每个 幼时 只是 现在 那段 记忆 结束 越来越 每个 人生 终点 时才 发现 记得 只有 那些 单纯 实际 时光 留下 只有 那些 感动 记忆
1,价格优势 外观 不错 钢琴 很漂亮 几样 不错 送货
0,没什么 故事情节 主人公 叙述 身边 亲人 一个个 死去 唯有 活着 真是太 累心 受不了 题材 小说
1,早餐 不错 卫生间 不错 还算大 位置 雨花台 出租车费
0,屏幕 看起来 很小 键盘 手感 很烂 预想 以为 惠普 后盖板 设计 严重 鄙视 升个 内存 嗨哟 键盘 拆掉
0,亚运村 提货 电话 一直 不通 真的 不好 还有 客服 态度 不好
1,认识 当当 首页 看到 不怎么 论坛 之前 并不知道 两个 晚上 时间 一气呵成 里面 角色 有着 深刻 八十年代 烙印 这代 以及 之后 无法 切身体会 只能 看后 感慨 只能 当作 小说 来看 只能 一种 休闲 或许 一部分 人有 教育 意义 佩服 策划 除了 正文 已经 基本上 用来 做广告 浪费 真是太
1,价格 无敌 所谓 最低价 足足 便宜 性能 不错 待机时间 正在 测试 可能 官方 小时 一样 那太 理想化 不过 估计 小时
0,入住 收到 预定 价格 早餐 事情 餐卷 早餐 很差 非常 干净 床上 西瓜子 床头柜 后面 还有 吃剩 果冻 空盒 最可气 退房 结账 之后 信用卡 还给 晚上 吃饭 结账 发现
1,不过 香格里拉 价格 协议 没什么 区别 香格里拉 划算
0,掌托 部位 温度 不过 测试 温度 还好 反正 影响 速度 其他 还好 还有 就是说 无线 网卡 插槽 半天 没找 出来 信息
1,这个 不错 安排 正好 看到 普通话 好像 很难 沟通 下次 还会订
1,趣味性 知识性 相结合 好书 里面 很多 相对 孩子 来说 理解 采取 办法 每天 重读 一篇 昆虫 故事 然后 一种 昆虫 孩子 一种 昆虫 理解 深刻 一些 阅读 注意 观察 孩子 表情 针对 一些 提问 孩子 理解 程度 开始 我开 担心 不会 刻板 以后 发现 太棒了 有些 昆虫 孩子 简直 人类 一样 用心良苦 昨天晚上 读完 砂泥 孩子 感动 羡慕 现在 孩子
0,需要 设置 麻烦 驱动 不能 系统 使用 麻烦
1,甘肃 实属 不易 阳光 大厦 很多 无论 硬件 设施 服务水平 一流 建议 游泳池 太冷 房费 含上 早餐
1,内外 兼修 外部 材质 创新 内部 性能 兼顾 强大 性能 送货 速度
0,宽屏 真是 看着 难受 发明 电池 好像 待机 短点 第一次 充满 只能 显示 小时
0,记录 标准间 楼梯 楼道 铺满 地毯 很脏 异味 楼梯 刚好 清洗 洗洁精 标记 差点 摔跤 洗完 整个 楼梯 白布 客人 踩得 一塌糊涂 很小 尤其 洗手间 进去 转个 困难 洗手间 水槽 水放 后来 师傅 过来 修好 窗户 只能 角度 舒服 几个 服务员 正对着 无表情 过去 难以置信 其中 刚好 那个 男服务员 空调 声音 最大 不得不 晚上 关掉 中午 点回 居然 打扫 清洁员 没轮 这儿 总之 推荐 入住 宾馆 反馈 年月日 感谢您 所提 宝贵意见 建议 上述 作为 培训 主题 能为 所有 客人 创造 美好 温馨 舒适 居住 环境 不断 努力 谢谢 这位 朋友 期待 再次 入住
1,儿子 六岁 半时 一年 保姆 阴谋 出来 念个 儿子 非常 感兴趣 竟然 没空 念书 起来 是从 开始 儿子 不再 惧怕 拼音 图片 纯文字 一口气 保姆 阴谋 一直 看到 樱桃沟 春天 日记 系列 一本 不拉 本本 喜欢 有空时 看看 完后 我俩 开始 讨论 喜欢 人物 喜欢 情节 儿子 痴迷 津津有味
1,元内 不是 不错 本本 显存 游戏 一点点 内存条 三星 加装 一条 单条 金士顿 内存 起来 不错 冲突 很多 系统 不好 应该 系统盘 设置 光盘启动 进入 进行 重格 安装 分钟 完成 机器 克隆
0,播放 高清 影片 出现 边缘 严重 锯齿 现象 这方面 感冒 或者 想用 本本 来看 影视 的话 建议 考虑一下
1,建设 项目管理 实务 一本 专业性 实务性 非常 国内 出版 大量 同类 专业书 相比 阅读 使用 起来 一种 全新 犹如 一位 名符其实 专家 沟通 演示 专业 规范 可操作性 项目管理 样版 身处 国内 目前 流行 粗糙 随意性 管理 环境 来说 认真 研读 将会 带来 很大 启发 对于 从事 工程 管理 人士 来说 一本 精品
0,文字 图画 精彩 个人 适合 一点 孩子 比如 一年级 学龄前 小朋友 文字 拼音 限制 小孩儿 阅读 质量 不错
1,大连 四星级 找到 这么 便宜 价格 实在 容易 开始 犹豫 什么样 入住 以后 正常 没什么 差异 窗户 上网 人住 宽敞 特别 适合 商务人士 性价比 位置 不错 商业中心 购物 吃饭 方便 夜景 很美 不错
1,包括 彼岸 恬哈努 不像 第一本 那样 离奇 扣人心弦 第一本 一样 好看 特别 恬哈努 分析 相同 起源 探讨 魔法 本质 描写 杰德 回归 普通人 生活 更能 表现 天人合一 尊重 自然 思想 套书 翻译 尚可 不像 有些 读者 那样 国内 好像 不到 另外 版本 况且 认为 这么 故事 不会 翻译 一般 遮蔽 光芒 推荐
1,步步 惊心 第一步 穿越 小说 当时 看到 老版 题目 插画 风格 以为 那些 年轻 孩子 青春 小说 放在心上 随便 翻翻 不料 这一看 一发 不可收拾 一口气 泪流满面 好多年 不看 言情 好多年 爱情 感动 这下 桐华 套住 步步 惊心 细腻 文字 宏大 历史背景 精致 景物 描写 真的 言情小说 不可多得 精品 值得 收藏 值得 多次 翻看
1,入住 行政 层楼 设施 还好 服务 不错 电梯 太老
1,环境 交通 方便 服务 人员 素质 态度 更是 一流 这次 免费 升级 商务 漂亮 下次 一定 还会 选择
0,缺点 肯定 机关 光驱 异响 知道 怎么 不好 装老 蓝屏 技术 再有 启动 内存 占用 左右 怎么 预装
0,名不符实 订货 多日不见 送货 询问 客服 只会 推托 只会 要求 用户 再下 订单 如此 服务 留不住 顾客 别的 网站 服务 更好
0,这次 入住 满意 安排 楼层 安静 态度 很差 进去 以后 看见 标准 特价 询问 她们 装修 委婉 拒绝 看房 请求 然后 放弃 入住 本来 预定 标准 然后 洗澡 吹风 无法 放归 原处 打电话 通知 总台 找人 来看 大概 半小时 上来 赶着 出去 顺便 总台 交代 一次 大概 晚上 点才 回到 样子 知道 没人 来看 她们 搞不定 第二天 退房 她们 总台 三个 全部 一起 操作 专业 标准 相去 入住 这家 还有 好处 免费打 长途 可是 后来 了解 原来 柳州 电信 签了 协议 免费打 长途 总之 下次 不会 选择 这家
0,一次 失望 另外 早餐 二楼 单点
0,以前 客人 入住 一直 印象 不错 这次
0,原机 系统 不会 繁琐 希望 提供 免费 系统 服务
0,标间 价格 绝对 不值 知道 航空 定价 标准 马桶 根本 消毒 前天 晚上 入住 马桶 之后 屁股 立马 骚痒 现在 消退 另外 早餐 餐厅 小得 可怜 食物 品种 数量 要是 晚去 早餐 保准 不到
1,写得 太好了 不敢 轻易 那些 细腻 柔软 文字 无一 透露 浓浓的 妈妈 守护 记得 想要 公主 男孩 安安 放学 分钟 路程 分钟 安安 闪烁着 眼睛 妈妈 可爱 安安 当然 记得 哥哥 身上 大叫 不要 飞飞 实在 可爱 读完 特别 想要 愿意 一辈子 时间 从从容容 那个 蝴蝶结 五岁 手指 孩子 慢慢来
1,付款 时间 信息 订单 商品 打印 订单 商品 出库 订单 商品 扫描 订单 商品 打包 订单 商品 发货 发货 员晏 兰兰
1,大学毕业 一年 学校 社会 慢慢 适应 习惯 身边 人事 坏境 美好 愿望 生活 烦躁不安 不满 所有 情愫 肆虐 安静 地读 真好 内心 平静 不是 一本 内心 平静 一次 学校 分别 将近 一年 大学 好友 那样 一种 感动 懂得 珍惜 眼前 幸福 朋友 想象 厉害 只有 抓住 眼前 幸福
1,设施 陈旧 不想 装修 样子 卫生间 一般 不过 三星 太短 不算 稍微 往下 居然 悬空 床外 床头柜 有个 收音机 特色 商务 房有 网速 不错 角落 噪音 不算 很大
1,翻译 缺少 激情 日本语 版本 相比 翻译 文笔 淡如水 情节 发展 如同 夏日 无精打采 依然 好书 故事 够味 表达 意思 清晰 总的来说 这是 颓废 谷崎 一郎式 作品 劣性 满足 爱情 虚幻 表现 作出 选择 结束 后悔 糟糕 适合 那些 选择 前思后想 女孩 阅读
1,长城 外形 壮观 嘉峪关 两家 四星 之一 不过 陈旧 优点 雄关 广场 走路 分钟 吃饭 购物 方便 毕竟 四星级 设施 齐全 每天 服务员 两瓶 热水 另外 还有 一瓶 开水 温馨 缺点 卫生间 手纸 太糙 服务中心 电话 经常 无人 接听 不过 接听 响应速度 很快
0,电源适配器 温度 触控板 不灵敏 左右 按键 生硬 重量 较大 电池 熊掌 不能
0,脏乱差 最起码 两瓶 免费 矿泉水 提供 打电话 客服 成本 太高 取消 大家 千万 不要 马桶 毛巾 地毯 有生 见过 最脏 块钱 招待所 星要 相信 一定 不要 上当 补充 点评 年月日 五层 夜总会 骚扰电话 停过
0,迷你 真是 迷你 家具 墙纸 不行 齐全 满难 不过 叫车 方便 隔音 很差 总之 对不起 这个 价格 不如 如家 之类
0,很多 这书 看到 排行榜 排名 完全 故事 胡扯 喜欢
1,服务员 素质 国内 很多 饭店 设施 有些 维护 不错 干净 餐饮 价格 适中 晚上 工人 地板 交涉 停止 施工 第天 大堂 道歉 果盘 结帐 再次 前台 表示歉意 对于 他们 服务态度 确实 楼层 小点心 温馨 早餐 山东 特色 非常 缺点 隔音 稍微 差一点 补充 点评 年月日 栈桥 外部 景色 优美 值得 入住
0,朋友 他家 小朋友 应该 喜欢 纸张 质量 相比 城里 差点 不过 价格 便宜 还要 提出 好久 快递 速度 真的 咋样
1,读过 之前 几乎 所有 中长篇 著作 记错 的话 这部 作品 应该 第一次 完完全全 第一人称 撰写 开始 深深 陷入 迷局 之中 无法自拔 相比 之前 作品 本作 文笔 更为 成熟 老辣 故事 架构 布局 更加 巧妙 新颖 由于 前段时间 大师 贵子 新作 不难 找到 身为 人父 心情 痕迹 生活 心态 人生 感悟 相信 一部 成功 超越自我 之作 期待 后续 作品 早日 问世
0,上当 用户 第一次 当买书 可是 已经 发货 现在 收到 实在 大失所望 知道 哪里 讨书
1,性价比 优势 整体 质量 屏幕 坏点 扬声器 系列 一点
1,心里 红楼梦 毫无疑问 四大名著 经典 耐人寻味 越是 认真 深刻 地去 感受 带来 震撼 像是 面纱 神秘 一步步 引诱 进入 奇妙 世界 或许 正是 残缺 显现出 美来 无从 知道 先生 四十回 演绎 究竟 怎样 一场 轰轰烈烈 学者 前仆后继 只为 面庞 这是 值得 收藏 经典
0,服务 非常 设备 一般 加床 板床 收费 服务员 态度 很差 经过培训 业务 熟练 根本 不像 三星级
1,超值 不用 元住 标间 干净 舒服 前台 服务员 态度 管理水平 免费 延住
1,大师 笔法 果然 非同一般 不过 绪论 孔子 批斗 不满 明白 为什么 老子 一点 孔子 甚至 有些 欲加之罪 比如 讽刺 孔子 哲学 非难 礼仪 厚葬 丧比 鼓励 弟子 钻营 官职 以期 救世 足供 讽刺 文章 材料 第三段 道理 论语 一句 借以 反驳 林放 问礼 本子 大哉 问礼 与其 宁俭丧 与其 宁戚
1,很多 不是 几句话 讲得 阿郎 抽象 不是 胡乱 无序 很多 平时 不曾 细心 留意 细节 悖论 这里 找到 阿郎 容易 醉倒 不是 里面 珍贵 深奥 而是 在于 里面 包括 都市人 虚弱 虚伪 以至于 迷失 里面 角色 极了 然后 音乐 书合 闭上眼睛 享受 一刻钟 寂寞 无奈
1,对于 自驾游 这家 合适 楼顶 风景 服务 下次 威海 这家
0,希望 当当 发货 能够 仔细检查 质量 拿到 此书 塑封 翻阅 几页 发现 书里 好几页 居然 空白 具体 第页 第页 第页 第页 迅速 检查 下书 几页 总算 缺损 现象 哎蛮 糟蹋
0,一年 中国 上上下下 多次 这个 性价比 最差 服务态度 恶差 也许 他们 太忙 他们 说话 懒得 恶差 补贴 中国 八十年代 建筑 不介意 白漆 涂涂 二个 颜色 三个 颜色 当然 不是 配色 而是 补贴 电视 居然 使用 天线 没错 看错 他们 有线电视 更别 指望 卫星电视 恶脏 卫生间 马桶 盆希里 哗啦 地板 边上 长霉 墙角 莫名 液体 地点 太远 展馆 边上 还要 早餐 别提 二楼 门口 铁板 起来 晃晃悠悠 廊桥 同志 展会 锦江 之星 别的 反正 老板 对不起 实在 太差
0,眼睛 不好 酌情 考虑 仍旧 鸡肋 无味 弃之可惜
1,保定 应该 最好 那里 餐厅 不少
1,看法 日常生活 全乎 不用 没事 药丸 干嘛 三分 看法 现如今 肚子 仅仅 看起来 某种 食物 真正 营养 还有 不敢 化肥 农药 转基因 瘦肉精 尿素 避孕药 市场 所有 食物 妖艳 大家 日趋 早熟 皱纹 心脏 催肥 催肥 医院 越来越 忙不过来 为了 健康 此书 提出 很多 抗氧化 方案 受用
0,性能比 想象 网上 电影 风扇 转个 不停 运行 能力 吃力
0,机场 第一次 看到 包装 喜欢 发现 不值 喜欢 小说 奶奶 阅读 她们 那个 事情 看不下去
1,轻薄 整体 特别 流畅 适合 男生 有棱有角 显得 硬朗 诸多 特色 设计 看到 就让 爱不释手 特别 这个 价位 对应 这个 配置 很具 性价比
0,拉拉 升职 这书 寄给 朋友 朋友 现在 没收 半个
0,相当 气愤 没见 无耻 男人 不过 为了 张爱玲 值得
0,系统 更好 特价 东东 价格 保护 这个 郁闷
1,早就 今天 终于 如愿 期待 这么久 时间 遗忘 微微 加油 微微 伤心 微微 感动 微微 大学 生活 羡慕 微微 友情 嫉妒 其实 同样 拥有 微微 幸运 遇到 认为 最爱 陈孝正 微微 幸福 如愿 嫁给 一直 期许 林静 跌宕起伏 值得 小说 上个月 不知 心底 好看 里面 这里 辛夷 作品 连贯性 支持
0,我于 年底 当购 此书 春节 期间 阅读 发现 漏页 现象 非常 严重 至少 存在 四处 漏页 漏页 跨度 非常 严重 谴责 强烈要求 索赔
0,第一次 方便 实惠 孩子 收到 爱不释手 地读 起来 一套 好书 开心 快乐 儿童 故事 孩子 学会 个性 爱心 乐于助人 孩子
0,证书 无法 激活 知道 各位 高手 能否 解决 接口 附送 除了 电源 一张 驱动 支持 不能
1,设备 维护 不错 服务 不错 细心 周围 晚上 回来 夜床 楼下 商场 据说 济南 最好 不错 下次 这里
0,两间 一样 一间 宽带 一间 为什么 宽带 一间 上网 有时 有时 不了 死活 卫生间 房顶 漏水 任何 饮料 服务员 饮料 回答 必须 现金 结账 挂房 岂有此理
1,周围环境 购物 吃饭 便利 一线 品牌 专卖店 服务 不错 入住 发生 插曲 预先 付款 还好 最终 顺利 解决 此外 前台 通过 预定 表现 知道 如何 形容 表情 嘴里 小声 我略 听得懂 一些 粤语 不知 其他 会员 入住 是否 发生 类似 情况
1,环境 不错 空气 新鲜 幽静 市中心 交通 路况 不错 适合 自驾车 城市 度假 休闲 服务 销售部 小姐 百问不厌 出门 步行 分钟 太湖 船菜 河鲜 一条街 二十几个 饭店 营业 晚上 十点 河鲜 新鲜 价廉 湖州 有名 晚上
1,性价比 不错 散热 底座 温度控制 平均 低度 左右 运行 程序 发热 各种 接口 齐全 安装 系统 一点 专业知识 很难 安装 首先 开机 按照 提示 进入 下面 模式 改成 接口 然后 启动 项目 改为 光驱 启动 删掉 预装 系统 安装 基本上 系统 安装 不了 只能 安装盘 安装
0,开始 自我 吹捧 还有 互相 吹捧 实在 书里 一下 其实 没意思 没买 建议 看王 长松 健康 还有 马悦凌 几本书 这本 读过 出来 希望 大家 不要 吹捧 迷惑
0,发热 惊人 尤其 夏天 犹如 火板 冬天 省去 暖手 黑色 指纹 收集器
1,体积小 方便 携带 性能 平衡 同价位 产品 中算 佼佼者 流畅 运行
0,散热 一如既往 不好 同方 机子 不过 建议 支持 一下 国货 另外 建议 别送 送个 散热器 几块钱
0,非常 入住 半小时 退房 地毯 很脏 浴缸 特别 恶心 头发 灰泥 根本 游泳池 宣传 本来 两天 一晚 退房 很巧 退房 旁边 哥们 遭遇 一样 他边 退房 电话 定下
0,餐厅 差菜 种类 水准 不行 基本 旅游 配套 服务 其实 河南 很多 吸引力 旅游景点 实在 缺少 相应 服务
0,超烂 看上去 很破 房间内 还有 一股 长时间 开窗子 那种 霉味 被子 舒服 味道 烧水 超级 根本 没法用 提供 收费 矿泉水 只能 服务台 人家 竟然 付款 然后 出去 总之 字烂 大家 最好 别去
0,驱动 里面 驱动 不全 需要 网上 还有 屏幕 亮度 不能 声音 知道 是不是 驱动
0,适合 整本 不好 笑话 对记 单词 根本 没什么 帮助 记不住
1,散热 风扇 声音 很小 价格 喜欢 小黑 外观 没想到 抢购 送货 这么
1,封面 卡通 里面 插图 很漂亮 畿米 风格 对于 每个 父母 来说 值得一看 书里 品格 概括 孩子 成长 每个 阶段 特别 喜欢 里面 一句 子女 记忆 得到 保留 智慧 梦想 信念 传递 下一代 这句 所有 父母 辛苦 欣然 告诉 父母 责任 原则 只有 做好 才能 下一代 做好 父母 信心
0,非常 喜欢 五星 怎么 变成 两人个 不能 修改
1,白色 机壳 亮丽 重量轻 携带方便 运行 良好 续航 时间 使用 方便
1,老旧 实有 必要 整修 尤其 地毯 部份 不然 整体 不错 早餐 服务 水准
0,宝宝 正是 就学 套书 已经 封杀 明白 坏话 出来 里面 宝宝 不宜 词太多 一套 失望
1,可能 对于 大多数 来说 实在 有些 令人 头疼 繁体字 排版 很多 引述 评注 不过 真正 深读 思考 陈鼓应 先生 评述 一般 通识本 可能 懂得 字面上 意思 理解 庄子 为什么 这么 目的 好处 甚至 名词 释义 好几种 著者 说明 本身 有理 有识 鲜明 讲解 读书 重要 思考 走进 庄子 本身
1,拿到 开始 已经 知道 我家 宝贝 一定 喜欢 文字 图画 色彩 无一不是 孩子 喜欢 一本 发现 这书 里面 体现 只是 昆虫 知识 其中 更为重要 一种 亲情 体现 当砂 产卵 真正 明白 妈妈 为什么 幼虫 身边 一切 为了 保护 安全 现在 孩子 自私 看看 家长 讲讲 故事 喻意 孩子 思考 一下
0,买到 装完 系统 测试 发现 所谓 显卡 切换 独立 钮是 根本 切换 不了 华硕 检验 钮断 国家 三包 退换 之内 协商 呵呵 一直 遮遮掩掩 推三挡 后来 想想 算了 直接 送修 底壳
1,已经 评过 可是 要求 我来 这是 玩意 当当 一些 功能 特别 差劲 难道 基本 几次 希望 有人 处理 这个 功能 一点 人性 智能
1,显著 优点 电池 使用 时间 长二 配置 齐全 无线 蓝牙 摄像 必备 做工 不错 漂亮 小巧 便携 一本 杂志 大小 一般 书包 装下 品牌 网上 资料 相对 全六 一般 情况 硬盘 风扇 声音 不算
1,有人 恋爱 人生 真正 开始 初恋 一定 这段 旅程 起点 有人 初恋 刻骨铭心 最初 幸福 甜蜜 回忆 最初 真正 痛彻 心扉 小娴 所有 初恋 丑小鸭 后来 爱情 那个 羽化 天鹅 这个 仍然 相信 爱情 女人 初恋 甜蜜 苦涩 以及 无奈 淡淡地 出来 深深地 打动 相信 经过 初恋 能够 里面 找到 看到 别人
0,太偏 冷清 场所 糟糕 早餐 郁闷 补充 点评 年月日 建议 不要 推荐 过去
0,预装 垃圾 分区 太脑 深圳 提货 目前 深圳 应该 加快 建设 进度 希望 早日 深圳 派送
1,轻巧 本来 想到 系列 应该 轻巧 不过 没想到 这么 轻比 原来 华硕 不是 一点点
1,个别 窗户 隔音 其他 毕竟 老牌 三星级
0,特价 环境 非常 不好 只有 一扇 非常 气窗 通向 宾馆 象住 地下室 下水道 难闻 臭气 慎重 选择 宾馆
1,第二次 周克希 艾柯 翻译 两本 朋友 不错
0,太小 拿到 手里 失望 以为 多么 精致 真的 适合 小孩 很小 孩子 看不懂 不是 大人 小孩子 应该 精致 一点 价钱 不太值
0,喜欢 这部 更加 期待 原著 这书 盗版 无以复加 本人 已经 出离 愤怒 不带 这么 坑人
1,周边环境 哈尔滨 很多 这个 内部 环境 性价比 不错 商业中心 火车站 主动 客人 免费 升级 入住 一点 服务 人员 热情周到 下次 还会 入住
1,小时候 最难 孩子 多少 糖果 多少 牙齿 大人 相信 看到 孩子 相信 想到 非常 句子 仿佛 看到 过去 一些 点滴 一些 记忆 碎片 看着 现在 孩子 逐步 成长 看看 也许 孩子 要求 不会 能够 自由 成长 享受 真正 快乐 童年 长大 童年 记忆 除了 复习考试 大人 责骂 现在 努力 方向
1,总的来说 老星 早上 不到 有人 门铃 后面 宾馆 反馈 年月日 河北 世纪 大饭店 石家庄 第一家 五星级 大饭店 开业 已经 运营 现在 饭店 已经 进行 硬件 装修 改造 不断 提高 饭店 市场 竞争力 目前 私享 行政 楼层 全部 装修 改造 完毕 接下来 饭店 继续 其他 楼层 逐层 进行 装修 升级 希望 再次 下榻 河北 世纪 大饭店
1,不论 排版 封面设计 纸质 各个方面 非常 喜欢 快递 送货 速度 很快 每次 享受 快递 微笑服务 送到 迫不及待 打开 外面 附有 一层 薄薄的 白色 塑料膜 包装 看着 心情 非常 愉悦 物超所值 同时 这本 三字经 适合 收藏 建议 以及 犹豫 是否 尽快 嘻嘻 好像 免费 广告 以后 继续 支持 当当 希望 当当 继续发扬
1,不错 舒服 下面 只有 星巴克 肯德基 吃饭 新世界 那边
0,建议 不要 入住 简直 星级 以下 宾馆 根本 体会 不到 服务 只有 嘈杂 人声 整个 接待 旅游 会议 团队 只顾 赚钱 宾馆 早上 吃饭 更是 安宁
1,防眩 光雾 面宽 液晶 显示屏 商用 运行 软件 键盘 手感
1,前台 不错 效率高 态度 非常
0,第一次 这里 之前 同事 应该 没想到 门童 非常 主动 门口 几个 门童 保安 聊天 不理 客人 大马路 上去 拦车 可恶 拦到 之后 门童 居然 门口 跑过来 前面 客户 眼睁睁 看着 引到 老外 面前 我快 气疯 游泳池 一般 旁边 按摩 看着 很脏 不能 更衣室 那个 送餐 供选择 非常少 第二天 清洁 客房 用过 餐具 居然 收走 上网 网线 有人 来换 背面 本来 应该 安静 偏巧 后面 工地 半夜 不休 晚上 两点 还有 打桩机 勤奋工作 几乎 隔音 两个 晚上 捂着 耳朵 半夜 十一点半 突然 服务员 门铃 赶紧 套上 衣服 开门 可恶 发箍 包装 香炉 飞机 打电话 说好 几天 回去 第二周 同事 发箍 橙子 放在 一起 弄坏了 恶心 那熏 香炉 同事 说会 主动 联系 至今 几个 礼拜 过去 每次 有些 满意 满意 深航 这次 实在 恶心 不快 仔细 回想起来 基本 大家 千万 不要 这个 价格 不算 便宜 深圳 性价比 价格 便宜 后来 听人 很多 单位 协议 价格 想想 不划算 宾馆 反馈 年月日 尊敬 客户 您好 非常 感谢您 入住 期间 服务 不周 及时 提出 诚恳 批评 指正 部分 员工 工作 处事 不当 带来 入住 不便 身心 不悦 深表歉意 领导 第一 时间 获悉 意见 当事人 进行 批评 教育 诚意 邀请 下次 期间 再次 光临 当面 致歉 机会 同时 希望 通过 自身 不断 努力 能够 得到 再次 认可
1,的确 不是 一口气 读完 用来 两口气 很少 电影 之前 先看 小说 少有 一次 小说 真实 回忆 几次 有些 记不清 当时 怎么 情形 记得 我读 一页 感受 一边 一边 流泪 老公 开始 怎么 莫名其妙 真的 抑制 不住 那份 真实 感情 感动 值得 买回来 周末 安静 阅读 一本 好书
0,适合 大学 高中 朋友 在读 大学 帮助 适合 入门级 读者
1,套书 里面 画面 黑白 还有 点点 不过 画面 线条 儿子 度假 带上 美丽 琼海 边上 两棵 柳树下 秋千 一起 儿子 一起 书里 男孩 青蛙 好听 名字 然后 美美 看着 画面 想象 开心 讲完 书里 故事 儿子 开心 极了 故事 喜欢 不错 一套 书能 无限 想象 无限 乐趣
0,较烂 以及 绝望 无法 选择 缺少 竞争
0,认为 此书 完全 等于 阴沟 不值 大家 别买 后悔 不如 别的
1,近日 连续 几遍 中国 高兴 一书 无论是 宋晓军 王小东 黄纪苏 宋强 刘仰 他们 文章 直指 时弊 笑骂 嘲讽 无一不是 说出 一点 爱国心 所谓 精英 鄙夷 愤青 心声 真有 一种 痛快淋漓 希望 高层 切实 听听 青年 呼声 不要 那些 误国 误民 所谓 精英 左右 为了 中国 利益 挺直 腰杆 大声 说出 的话 勇敢
1,梦里 白天 劳动 休闲 欢乐 痛苦 绝不 重复 相反 唯一 目的 从中 获得 解脱 尽管 有时 头脑 灌满 一些 事情 承受 苦难 折磨 精力 统统 投入 某件 关注 事情 一种 象征 方式 进入 头脑 做梦 清醒 意识 世界 带走 梦里 那些 清醒 记忆 有序 及其 正常 行为 不见 希望 一本 不错 慢慢 读的书
1,同事 不错 一分 价钱 一分货 这个 配置 对得起 这个 价格
1,太多 一一 细说 主要 价格合理 以前 扣肉 主频 之前 不慢 晚上 五一 上午 发货 下午 自提 效率 之高 应该
1,大堂 不怎么样 舒服 满意 大堂 副理 客服 人员 顾客 要求 及时 尽心尽力 完成 有家 借此 感谢 一下 他们
1,下单 第二天 送来 赞比 想象 不错 上网 还好 配置 电池 够用 哈哈
0,送到 几天 发现 部分 印刷 严重错误 居然 四十多 倒置 当当 第一次 发现 情况 倒置 部分 缺页 这么 严重 印刷错误 当当 入库 如何 验货 出库 如何 验货 申请 退货 这么 多天 反应 要是 这周 继续 投诉 气晕 还有 太空 只是 表面 交流 喜欢
1,爱迪 普通 游乐园 维修 工人 可是 一次 事故 为了 小女孩 失去 生命 升入 天堂 其实 不是 天堂 而是 一生 去过 不同 遇见 五个 里面 有些 甚至 认识 可是 或多或少 有些 联系 这些 人中 发现 人生 许多 秘密 以及 一生 意义 同时 佩服 写作 功力 不时 进行 转换 不会 文章 烦乱 复杂 一本 灵魂 洗礼
0,降价 郁闷 重装系统 原机 预装 丢失 可惜
1,本本 漂亮 适合 女孩子 键盘 超级 使用 起来 相对 方便 系统 出现 网友 驱动 不好 情况
1,第一次 这家 入住 由于 晚上 航班 天气 温差 有些 感冒 拉肚子 本来 心脏 有些 不好 担心 这事 客房部 经理 发现 前来 慰问 赠送 水果 凌晨 点半 值班 经理 通知 西餐厅 经理 准备 稀饭 小菜 询问 身体状况 当时 员工 关心 真的 十分 感动 没想到 出差 在外 仿佛 还有 家人 一般 照顾 由于 出差 顺便 当作 旅游 一下 位于 市中心 交通 便利 地图 服务员 出游 景点 一个个 标志 出来 相应 介绍 有名 景点 节省 时间 增添 自出 游玩 美好 心情 过来 出差 来得 匆忙 忘记 充电器 客房部 经理 得知 手机 相应 充电器 总之 这次 出差 倍受 感动 愉快 下次 厦门 一定 毫不犹豫 选择 宏都 大饭店
0,畅销 平时 喜欢 这方面 当当 看到 这么 推荐 忍不住 本来 读读
1,这个 机器 价格 赠品 简直 无敌 本子 轻巧 功能 强劲 希望 以后 退出 此类 活动
1,携带 方便 方面 非常 赠品 质量 非常 好用 入手 这个 价格 不错
0,为什么 我定 送货 收到 一共 收到 为什么
0,以前 读过 老师 心理 感兴趣 选择 之后 失望 兴趣 其他 认为 这本 书写 得不到 心理 成长 这么 简单 难道 真是 水平 只要 一颗 心看 之后 这些 中国 所谓 心理咨询 老实 不敢
0,价格 优势 不送 完后 电脑城 差不多 不过 鼠标 包呀 选择 不错 那有 好事 遇到
1,报国寺 车站 整洁 干净 瑜珈 温泉 作为 峨眉 四大 温泉 之一 住店 客人 需元人 性价比 早餐 非常 丰富 唯一 缺点 楼道 比较复杂 象个 迷宫 一点 时间
0,不过 卖弄 词语 描写 过人之处 有句 无篇 张迷尚 一看 鉴定 完毕
0,一般 够用 四个 只用 哈哈 价格 要是 更加 哈哈 轻点 上网 本去 麦克风
1,小侄女 喜欢 看书 小时候 一样 怎么 可能 满足 这个 小小的 这么 美好 愿望 看过 杨红樱 系列 一本 好像 耳朵 有关 故事 开始 天天 幻想 拥有 全套 看来 吸引力 不过 儿子 不怎么 兴趣 可能 杨红樱 适合 女孩子 已经 想象 小侄女 拿到 享受 样子 呵呵 赠人 好书 手有余香 开心
0,一周 预订 告知 收到 通知 所有人 交涉 整个 晚上 最终 解决 住宿 是因为 当时 这家 以便 他们 卖得 太贵 整个 过程 服务 特别 这个
0,系统 难搞 一天 时间 装好 后来 装成 需要 玩游戏
1,这是 一本 值得一看 好书 基本 符合 阅读 期待 自然界 存在 生命 需要 尊严 活着 自由 活着 如何 各种 存在 生命 取得 微妙 平衡 所有 生命 永恒 追求 对于 号称 万物之灵 人类 而言 更是 巨大 考验 命题 主人 这必 自身 而言 插足 属于 范围 光彩 喜欢 同类 推荐 杰克 伦敦 野性 呼唤 更加 过瘾
0,优点 舒服 软硬 适中 干净 景观 地区 方便 周围 超市 酒楼 缺点 太小 不足 浴室 厕所 难以忍受 估计 排水 搞好 一股 沼气 前台 服务 一般 不让 信用卡 预付 托收 一次性 结账 非常 奇怪 装修 过于 简陋 性价比 不高 应该 属元 等级 来说 不是 迫不得已 为了 北京大学 方便 不会 再次 入住
0,此书 价钱 太贵 适合 以上 小孩 阅读 页面 太少 值得 值得
1,抢购 运气 这个 价格 还有 品牌 价格 不错
0,入住 天天 天洗 桑拿 一样 空调 效果 极其 不好 每天 顾客 打电话 质问 服务员 房内 经常 听到 其他 顾客 抱怨 要不是 出差 不会 选择 这家 服务员 酒店设施 清楚 打电话 有没有 冰箱 第一次 第二次 投诉 不会 处理 希望 大家 前车之鉴 不要 上当 这家 宾馆 反馈 年月日 尊敬 客人 您好 首先 感谢您 提出 宝贵意见 同时 住店 期间 感受 不适 深表歉意 三峡 东山 一家 三星级 宜昌市 旅游局 评选 绿色 饭店 银叶 作为 一家 节能 环保 理念 进行 经营 饭店 一直 节能 环保 视为 一项 社会 应尽 责任 多年 时刻 响应 国家 环保 要求 严格 按照 夏季 室内 温度 低于 冬季 室内 温度 高于 度来 控制 客房 温度 事先 客房 配备 环保 倡导 卡自 活动 开展 以来 这一 举措 得到 大部分 住店 宾客 理解 支持 由于 个体差异 部分 宾客 空调 温度 需求 相差 较大 从而 造成 节能 对客 服务 方面 产生矛盾 今后 工作 中将 准备 工作 更为 仔细 倡导 客人 支持 环保 行动 同时 尽量 满足 不同 客人 需求 不断改进 服务
0,蓝牙 启动 不了 知道 怎么 下面 控制板 不是 屏幕 适应
1,套书 之后 很多 基本上 网上 好评 人气 回来 孩子 最爱 这套 贝贝熊 所有 孩子 来说 贝贝熊 最好
1,品质 服务 不错 本品 超值 样子 漂亮 基本 性能 只要 不玩大 游戏 全能 应付
1,点评 选择 这家 果然 令人 失望 一位 员工 真心诚意 地为 客人 服务 国内 可谓 首屈一指 比如 超市 他们 不是 用手 一指 告诉 哪里 而是 亲自 带路 餐厅 用餐 空调 拿出 披巾 想不到 马上 服务生 送上 一碗 姜汤 海风 感冒 餐厅 早餐 他们 竟然 发现 感冒 冲剂 姜汤 感动不已 设计 设施 每天 精心 准备 礼品 罕有 大方 唯一 改进 员工 青岛市 具有 特色 景点 饭店 了解 培训 当然 其他 任何 一家 难能 做到 实在 其它 建议 补充 点评 年月日 建议 大家 不要 青岛 海底 世界 海景 花园 很近 极地 世界 好玩 去过 极地 海底 失望
1,无锡 回来 二号楼 如下 干净 配制 齐全 还有 液镜 饭菜 可口 不是 很贵 值得称赞 服务 水准 老公 粗心大意 手机 工作人员 马上 送回 饭店 员工 几乎 笑脸相迎 难得 单从 这点 间接 提升 入住 饭店 理由
0,先生 入住 收银台 人员 竟然 入住 刷卡 授权 当做 消费 客人 信用卡 打算 撕走 一张 凭证 当时 注意 幸好 三张 凭证 回来 发现 先生 收银台 电话 现在 没人 回复 真是 素质 服务 不是 一般 幸好 另外 信用卡 银行 跟进 不知 这元 最后 怎么样 补充 点评 年月日 离开 结帐 原来 授权 实际 消费 卡用 不了 提供 一张 信用卡 先生 不知就里 一张 结帐 离开 仔细 想想 这会 不会 个局 小心 不知 贡献
1,外观 有够 很漂亮 看着 舒心 爱不释手 悬浮 手感 不错 性价比 其他 牌子 本本 一比 不用说 强力 推荐
1,干净 舒服 号称 海河 最美 一段 纯粹 骗人 海河 至少 十分钟 根本 谈不上
0,机器 厚度 控制 不好 太厚 散热 一般 尤其 电源适配器 不太 安全 自带 系统 格式化 硬盘 老劲 现在 还有 遗留 症状 关机 非常
1,外观 不错 喜欢 整体 黑色 本本 对此 非常 满意 另外 本本 整体 本本 结实
0,优点 地理位置 外滩 南京路 走路 分钟 楼层 举架 压抑 卫生间 毛巾 也许 消过 颜色 发黄 办法 我用 自带 毛巾 服务 人员 热情 办理 入住 女孩子 还好 大堂 服务生 问个 回答 基本 不正 眼看 锻炼 脾气 有利于 修身养性
0,较烂 以及 绝望 无法 选择 缺少 竞争
0,模具 精细 硬盘 位置 塑料盖 一直 嘎吱 嘎吱 刚好 那里 垫脚 非常 不爽 往里面 纸片 搞定
0,火车站 不远处 分钟 位置 不好 打车 基本 两三 打电话 问路 发现 接待员 具体 怎么 到达 不太 清楚 位置 住九楼 早上 吵醒 也许 仅仅 当地 司机 习惯 喇叭 有关 地毯 污迹 两星 级数 不符 楼下 晚上 小食 摊倒 方便
1,轻巧 内存 速度 不错 温度控制 的确 其他 品牌 很多 做工
0,想读 一些 心理 方面 或者 故事 这个 里面 剧情 离奇 心里 更是 正常 结尾 更是 神经病 心里 竟然 需要 老师 睡觉 才能 治疗 哪有 恶心 总之 最后 浪费 时间 还有 失望
0,南桥 其实 不是 不足 告诉 各位 装要 驱动
0,门口 服务生 对于 客人 行李 无动于衷 前台 说明 通过 预定 两个 服务生 均面 无表情 传真 那边 已经 下班 知道 后来 打电话 前台 协调 期间 他们 不肯 登记 入住 第二天 早上 起来 早餐 两分钟 进入 已经 收拾 一滴 询问 服务 人员 他们 抬头 一眼 一点 回应 到达 两天 下雪 大堂 军大衣 出租 想租 衣服 询问 前台 一副 他们 银子 表情 押金 客气 问能 不能 看看 衣服 他们 过来 一句 钥匙 锁起来 奇怪 押金 干什么 一点 客观 来说 可能 不是 管理 真的 两间 半夜 凌晨 莫名其妙 三四次 本来 高原 反应 这一来 受罪 休息 不好 热水 时冷时热 洗澡 感冒 总而言之 当时 预定 建塘 宾馆 临时 停电 饭店 两个 宾馆 服务 简直 天壤之别 第二天 一早 这个 宾馆 印象 太差 以后 再也不会 补充 点评 年月日 补充 一下 车子 积雪 宾馆 拖把 打扫 一下 态度 非常 傲慢 不肯
0,买回来 几页 发现 不是 地道 英语 美语 毕竟 韩国 人写 想想 真可笑 英语 居然 不去 英美 作品 反倒 韩国 作品 现在 只有 垃圾 浪费
0,服务 一般 房价 相对 太高 满意 有味 要命 服务员 经过训练 一点 服务 意识 态度恶劣
1,服务 小时 供餐 晚上 点到 专门 提供 晚餐 感动 价格 实惠 唯一 感到 不足 入住 手续 分别 开车 找到 大堂 告知 办手续 订房 并未 告知 几号楼
0,不错 再版 印刷 以前 以前 新华书店 买过 一套 后来 送人 听说 当当会 折扣 一套 发现 营销 支持 版本 明显 印刷 质量 不高 图片 清晰度 纸张 不如 书店 那个 版本 知道 为何 价格 打折 质量 打折
0,系统 不好 识别 折腾 下午 没装 最后 公司 网管 帮忙 包包 怎么 有股 浓重 抹布 味道 喷些 香水 再用
1,环境 交通 方便 附近 晚上 附近 方便
0,玩意儿 文笔 实在 太烂 明白 为什么 怎么 这么 多人 颗星 你们 工作
0,故事 穿插着 知识 趣味性 孩子 故事 同时 学到 不少 知识 一套
0,硬盘 竟然 有坏 是不是 我点 情况 散热 效果 偏差
1,性价比 相当 配置 均衡 尤其 显卡 很大 吸引力 基本上 需要 太大 升级 个人 认为 内存 足够 并且 这款 独立 显卡 不会 占用 系统 内存 显存
1,无心插柳柳成荫 果然 很多 事情 不能 由己 命运 就要 接受 尽管 最后 不是 意愿 接受 命运 甄寰 为何 进宫 不是 只是 才智 后面 几本书 之后 发现 原来 甄寰 进宫 是因为 甄寰 长得 已故 皇后 而已 对于 来说 羞辱 不是 而是 别人 影子 心情 后面 几本书 知道 甄寰 一生 注定
0,这个 本身 写点 虚得 要死 东东 大家 眼球 损害 中医 形象 建议 大家 不要 相当 上当
0,屏幕 镜面 客服 之前 回答 相反 个人 喜欢 沙面 镜面 晃眼 风扇 声音 想象 不少 蓝屏 需要 修改 设置 硬盘 参数 改为 方式
0,散热 不好 主要 左侧 掌托 鼠标 触摸板 开机 大概 分钟 左右 变得 有些 真是 要命 知道 是不是 质量 还有 硬盘 经常 发出 声响 知道 是不是 正常
1,对此 套书 女儿 重复 频率 太高 担心 不会 套书 普及 科学知识 垄断 女儿 读书 爱好 每天 一大堆 套书 读来读去 看过 有人 漫画书 漫画书 甜点 所有 孩子 喜欢 漫画书 就象 喜欢 甜点 甜点 影响 孩子 生长 套书 二十 来本 打住 不再 认为 一两本 值得 拥有 必要 大批量 购入
0,使用 较大 知道 寿命 如何 显示屏 中间 华硕 标志 非常 知道 缺点 主要 这个 标志 糟糕
0,有没有 搞错 垃圾 杀软
0,相比 此时 一起 促销 宏基 亏大 价格 降幅 赠品 比不上
1,尤其 明朝 历史 大概 了解 不管 时间 长短 手里 进去 吸引 深挖 一下 叙事 叙人能 丰富 深刻 一些 并且 括号 引用 一些 原文 可能 年轻人 政治 官场 人际关系 复杂性 深刻 认识 甚至 学习 文言文 很大 好处 期待 修改 以后 再版 吸引 印刷 颜色 太浅 看着 眼睛 疲劳
0,正如 介绍 一样 家长 喜欢 书书 主角 设计 难看 孩子 居然 简单 简简单单 十几页 全是 一些 家长 不让 孩子 行为 知道 大点 孩子 学习 大卫 做法 能够 从中 学习 这么
1,一口气 边城 篇幅 故事 简单 却是 短而精 然后 想起 叔本华 的话 对于 人类 来说 最好 安慰剂 知道 痛苦 特殊 很多很多 甚至 许许多多 杰出 一样 忍受着 同样 痛苦 不幸 忍受着 这个 充满 虚无 人生 经历 痛苦 过去 现在 将来 一直 存在 不同 只是 载体 父辈 子孙 牵挂 关爱 永远 超过 想象 他们 承受 实则 附加 他们 义无反顾 甘愿 承受
0,鼠标 屏幕 保都 没配 还有 本本 散热 右边 右手 鼠标 不行 口距 太近 插口 分步 不合理 分太差
1,配置 均衡 外观 靓丽 做工 不错 用盘 自制 启动盘 安装 系统 小时 全部 完成 非常 顺利 满意
1,老实 张爱玲 原作 起来 更加 喜欢 电视剧 版本 倾城 之恋 原作 那个 只有 短短 十几页 故事 描述 更加 细致 深刻 并且 影响 原本 故事 基础 增加 一些 故事情节 白流苏 范柳原 塑造 原作 符合 观念 接受 相较 原作 那种 自私自利 爱情故事 相信 大家 喜欢 电视剧 版本 那种 温情脉脉 爱情故事 建议 喜欢 朋友 买来 看看
0,图太乱 看不懂 重点 讲故事 很难 孩子 集中 图画 能够 规则 一些 更好
1,价格 明摆着 那些 装不上 看看 修改 然后 一张 安装 版本 进去 直接 所有 分区 然后 重新 分区 安装 即可 一张 进去 使用 分区 功能 直接 分区 安装 即可 硬是 的话 驱动 安装 好后 安装 这个 驱动 转换
1,国航 入住 累计 国航 里程 这点 早晨 种类 很多 推荐 入住
1,环境 距离 公交车站 出行 方便 一般 服务员 气会 主动 问好 看着 管理人员 不见 打招呼 郁闷 一天 服务员 拿走 一筒 过期 冰箱 饮料 交接 清楚 一班 人员 误会 喝掉 还有 预定 第三天 上午 房卡 停掉 沙滩 返回 只好 先到 大厅 重新 办理 早餐 晚时 他们 餐桌 收拾 很慢 好像 服务员 不够 似的 看着 将近 没人 桌子 一摞 收拾 餐盘 办法 告诉 服务员 半天 收拾
1,屏幕 外观 造型 不错 配置 满足 主流 应用 性价比 不错 提供 外置 光雕 刻录机 方便 重量 控制
0,价格 太贵 太小 空调 有时候 开房间 厕所 抽水马桶
1,不错 变成 常驻 餐厅 太贵
0,这次 丽晶 实在 令人气愤 浴室 防滑垫 毛巾 地上 冲凉 怎奈 毛巾 太小 摔倒 牙齿 包括 两个 门牙 其中 拔掉 之后 发生 事情 更是 这个 所谓 当地 四星级 失望 任何 事情 发生 现在 有个 道歉 意思 反而 小心 拒不做 任何 诚意 合理 赔偿 沟通 令人 失望 一句 办法 仅此而已 希望 准备 入住 这个 朋友 注意 平安 重要
1,一套 书到 之后 一本 翻看 然后 每天 一本 带回去 宝贝女儿 喜欢 喜欢 梅拉 下蛋 下蛋 世界 一定 下蛋 有趣 事卡梅 利多 睡觉 睡觉 世界 一定 睡觉 有趣 日复一日 学习 工作 童话 梦想 生活 体验生活 中总有 闪光点 首先 一颗 童稚 心灵
1,性价比 一个月 前有 促销 活动 总共 现在 幸运 呵呵
1,第一次 养猫 第一本 猫书 十分 共鸣 百感交集 薄薄的 一百三十 七页 写出 之间 有形 无形 爱情 书上 古埃及 开始 区分 两种 人爱猫 那些 无法忍受 人书中 形形色色 爱猫 看起来 可爱 滑稽 这些 无一 体现 他们 猫咪 喜爱 往往 关注 这些 小东西 旁人 不会 告诉 爱猫者 猫咪 狂爱 样子 他们 看出 温馨 喜剧 一天 一天
1,高品质 杜比 音效 采用 联想 全新 触感 键盘 键盘 无论 布局 键帽 形状 键程 手感 全部 进行 人性化 更新 不仅 满足 输入速度 输入 正确率 更能 满足用户 输入 舒适 需求 人性化 一键 静音 设计 关键 不错 散热 做工 设计 非常适合 家庭 娱乐 使用 性价比 机器
1,几次 这次 竟然 晚上 睡不着 毛衣 毛裤 被子 夸张 空调 热风 温度 外面 不是 真是 明白 一样 只好 退房
0,文化背景 差异 适合 西方 小朋友 故事 强调 个性 自我 理智 对待 小朋友 不太 容易 理解
0,自带 红旗 系统 超级 垃圾 无从下手 最后 改装 不行 必须 安装版 郁闷
0,所謂 行政 無煙樓 一出 升降 機已 嗅到 煙味 房間 面積 設備 一般 浴室 設計 奇怪 浴缸 外面 設有 淋浴 花灑 只得 半邊 玻璃 門阻 水花 必須 小心 淋浴 以免 水弄 玻璃 門外 地板 浴缸 外邊 地板 處有 明顯 污漬 行政 住客 所謂 行政 酒廊 早餐 食物 款式 少得 樣子 吸引 不吃 甚麼 損失 上述 設施 房價 收費 這是 深圳 付出 一仟圓 以上 房費 最差 不會
1,外观 很漂亮 价格 性能 配置 本本 已经 不错
1,盗墓 系列 一直 有种 无名 吸引力 因此 一直 享有盛誉 盗墓 笔记 第二套 选择 相关 小说 当前 市面上 抄袭 这出 小说 最好 应该 那种 章回体 布局 至少 不是 一本 故事 每次 结尾 老是 另外 一件 事情 忍不住 猜想 等待 读者 新书 不是 期待 爆发 期待 消亡 的话 期待 套书 一步 发展
0,出风口 位置 不过 早就 知道 妨碍 使用 系统 最好 事先 准备 相关驱动
0,服务 人员 服务 素质 有待 提高 入住 房价 明显 成正比 入住 床单 血渍 服务 人员 居然 推托 血渍 言下之意 上去 房里 冰箱 浴袍 服务 人员 便宜 意思 不要 计较 晚上 烧水 突然 断电 服务 人员 热水 烧水 导致 温泉 服务 人员 态度 服务 人员 态度 有着 天壤之别 建议 会员 泡温泉 不要 入住 早饭 中餐 为主
1,非常感谢 工号 客服 人员 帮助 妥善解决 客人 信用卡 担保 失误 及时 告知 事件 下次 机会 再次 光临 宾馆 支持
0,电源 居然 两相 看着 安全感 键盘 设计 老式 好看 系统 不能 还要 驱动
0,火车站 不能 苛求 不过 即使 再住 一定 新楼 老楼 好像 属于 文物 一类 伪满 时期 整体 阴暗 楼道 曲折 狭小 服务 恶劣 还有 骚扰电话
0,外面 中央空调 外机 声音 无法 入睡 服务员 好象 别人 表情 不过 那些 日本 非常 热情 早餐 品种 卫生 非常 干净 那些 碗筷 根本 一样 以后 免费 不住
0,新贵 多比贵 信任 天津 还有 自提贵 不爽
0,系统 复杂 不过 解决 硬盘 只能 采用 兼容 模式
1,外壳 晶莹剔透 注重 外形 选择 显卡 属于 中端 一般 游戏 基本 散热 效果 接口 五个 连接 方便 音响效果 确实 不错
1,同样 有小有 地理位置 偏远 早饭 不是 自助餐 形式 采用 套餐 形式 能够 选择 套餐 之外 这个 方便 本人 不是 喜欢 宾馆 反馈 年月日 非常 感谢您 光临 感谢您 关注 提出 一些 一种 大小 一样 关于 同样 有小有 客人 原订 房型 不足 出现异常 为了 保障 预订 客人 给予 客人 免费 升级 入住 产生 情况 早餐 套餐 形式 共有 固定 中式 茶点 套餐 客人 选用 套餐 之外 增加 其它 点心 客人 自已 造成 不便 深表歉意 欢迎您 再次 光临
0,装机 遇到 麻烦 还好 现在 机子 键盘 音量 好像 不管
0,内存 只有 太慢 换成 网上 一些 还要 各种 声卡 显卡 驱动 麻烦 想加 内存条 知道 适合 知道 麻烦 推荐 一下
0,论语 通俗 浅薄 小时 读完 火速 送人 别人 以为 心疼 银子
1,简单 大方 配置 不错 看到 留言 抢购 心里 一点点 平衡
1,外观 比较满意 性能 冲着 版买 只是 容易 指纹 音效 不错
0,为什么 购书 付钱 时未 标注 缺货 付钱 之后 缺货 并且 付钱 后近 两周 缺货 是否 存在 信用
1,局限 国情 不同 背景 各异 不能 完全 称之为 育儿 专家 很多 自身 经验之谈 不够 科学 严谨 论证 对于 一般 父母 来说 能够 起到 启发 指引 甚至 启蒙 作用 尤其 中国 目前 很多 家长 由于 小时候 家庭教育 缺失 因而 担负起 家庭教育 重责 无从下手 或默 不在乎 告诉 家长 孩子 重视 孩子 教育 孩子 每个 父母 天赋 必须 履行 权利 义务
1,地理位置 环境 不错 很大 早餐 不如 过去 丰盛 整体 不错 特别强调 服务
0,名气 名气 转送 他人 除了 做份 礼物 送出 而言 任何 价值 文中 表述 一切 男人 女人 特性 家庭 解决 而言 任何 价值 参考 无法 产生 任何 共鸣
0,销售量 然后 侄女 知道 智商 反正 外国 小说 怎么 明白 何况 侄女
0,屏幕 稍显 一些 外壳 尺寸 应该 足以 支撑 更大点 屏幕 很漂亮 容易 沾染 指纹 随机 擦拭布
0,看到 开心 印刷 质量 不错 一天 脱页 一页 一页 郁闷 不知 当当 怎么 解释
0,风扇 较响 担心 一段时间 后会成 噪声 游戏 不爽 不过 办法 电池 原因 相对
0,预订 标准间 拐角 为什么 拐角 很小 隔音 超差 非常 空调 几乎 不好 卫生间 几乎 没法 淋浴 三个 满意
0,价格 不是 便宜 招商 浦发银行 人家 分期
0,设施 服务 相当 到位 休息 晚上 白天 出去 中午 回来 居然 整理 尽管 要求 整理 牌子
0,大部分 声音 根本 清楚 只有 第一张 第六 张是 现在 后悔 这个 产品 看来 盗版 真是 碰运气
1,上周 两晚 本来 想住 飞订 没房 推荐 这家 服务 真的 不错 还有 水果 阎蕾 小姐 亲自 打电话 问候 每年 潍坊 七八次 这地 常住
1,散热 不错 运行 声音 很小 价格便宜 性价比 显卡 性能 小键盘 实用
0,只能 恐怖 特价 里面 居然 两扇门 大不太 不好
1,显示屏 不错 键盘 右边 键盘输入 数字 方便快捷
1,火车站 汽车站 不利于 自助游 环境 服务 不错
0,入住 他们 所说 高级 那些 外面 招待所 一样 一种 令人 气味 拖拖 完地 以后 那种 气味 双人房 太小 大床 还好 一点 真的 以后 绝对 不再 入住
0,一般 方面 一般 三门峡
0,至于 另外 那些 更是 不值一提 选来 选去 三星 这款 不错 以前 三星 不好 这次 不错
1,仅住 一天 单人房 满意 服务 不错 早餐 不错 结账 很快 不远 西关 人家 晚饭 驴肉 锅仔 便宜 实惠 一点 书桌上 稍显 拥挤
0,房价 非常 几乎 看到 对岸 象鼻山 水果 饼干 好吃 装修 低档 市区 附近 吃个 米粉 市区 附带 超难 烧钱 这个 号称 桂林 第一第二 老旧
1,配置 这个 价格 显得 不错 昨天 到手 系统 很快 试玩 一下 散热 不错
0,朝向 墓地 方向 大家 注意 服务 极差 地上 还有 拖鞋 收拾 勺子 第二天 居然 打扫卫生 卫生间 浴帘 没用 洗个 水会 到处 最差 郁闷
1,阅读 心情 一直 平静 坚持 要求 用心 感受 书中 箴言 用心 聆听 内心 感受 其实 个人 生活 镜像 婴儿 出生 一样 简简单单 最纯 真的 自我 个人 成长 必须 历经 世间 各种 世俗 洗礼 最后 选择 地狱 或是 天堂 之路 一路 心灵 指引 最终 形成 必然 了解 解读 选择 阅读 不失为 生活 馈赠 最好 礼物
0,根本 看不到 没什么 女孩 变得 势力 目的性 很强 女孩 变得 物质 教人 变得 虚荣
1,配置 合理 速度 系统 软件 屏幕 坏点 外观 第一次 买本 经验 多少 送给 妹妹 礼物 高兴
1,样子 美观 配置 这个 价位 个人 商务 机有 蓝牙 指纹 高端 商务 配置
1,朋友 没事 当到 送到 吸引 那些 结晶 图片 那些 结晶 图片 太美 真的 想到 过水 结晶 更能 神奇 我家 黑龙江 神奇 认识 冰雪 世界 冰灯 那些 雕琢 巧夺天工 形容 为了 迎合 游客 欣赏 制作 结晶 认识 从来 赋予 生命 真的 好看 心灵 更加 纯洁 结晶 一样
1,环境 床单 毛巾 干净 前台 服务态度 良好
0,人要 出名 简单 君子爱财 取之有道 一本 只有 十万 二十元 加上 很大 空页 多字 不够 画来 算是 口口声声 要学 孔子 叶公好龙
1,优点 待机时间 键盘 手感 不错 无线 网卡 速度 蓝牙 整体 不错
0,一般 愿意 点评 真的 入住 五星级 万丽 品牌 糟糕 当然 牵强 同行 同事 这个 是不是 非常 卫浴设备 非常 陈旧 天津 配备 苏州 万丽 简直 无法 相提并论 另外 我订 行政 办手续 速度 一顿 早饭 真的 非常 痛苦 一行 四人 最起码 办手续 分钟 时间 还有 早餐 简直 怀疑 这是 五星级 早餐 鲜榨 橙汁 水果 糟糕 时蔬 更加 难吃 只有 冬瓜 一共 一杯 豆浆 一碗
1,看过 电影 当时 知道 热门 美的 一般 吸血鬼 电影 画面 阴暗 神秘 血腥 这部 很多 温情 象是 人类 普通 真挚 情感 于是 老实 先入为主 看书 自然 浮现 电影 扮演者 画面感 翻译 不好 囫囵吞枣 前后 思绪 不连贯 好像 那种 不耐烦 直译 出来 中式 英语 非中文 叙事 习惯 稿费 故事情节 引人入胜
0,虚假 广告 小时 骗人 每次 充电 小时 蓝牙 无线 屏墨 调到 节电 小时
0,糟糕 之一 以下 几个 第一 图画 太小 图画 布局 拥挤 适合 幼儿园 托班 阶段 女儿 甚至 舒服 第二 文化差异 里面 人物 场景 图画 风格 西方 适合 中国 孩子 认知 他们 很难 书里 物体 现实 周围 物体 对应 幼小 孩子 来说 可能 无法 理解 一些 西式 幽默 内涵 第三 缺少 鲜明 主题 比如 其中 一本 讲故事 明显 一些 故事 简单 集合 故事 之间 联系 故事 主题 分工 比如 分工 大自然 智慧 运动 等等 之后 想不起来
0,性价比 不是 喜欢 孩子 不是 喜欢 总是 一句
1,不愧 国宾馆 深宅大院 门口 还有 站岗 里面 警卫处 一般 不敢 靠近 院子 太深 进楼 老远 自驾车 方便 房子 不错 仅仅 便宜 还有 两瓶 免费 矿泉水 长春 三家 宾馆 唯一 早餐 三家 最差
0,第一次 通过 入住 这个 公寓 前台 服务态度 极端 蛮横 无礼 将近 点钟 准备 放下 行李 可是 前台 接待 生讲 上午 点前 入主 还要 加收 半天 房费 规定 经理 没用 已经 设定 固定 程序 要求 告诉 上海 黄金周 投诉 电话 知道 最后 打电话 交涉 一阵子 入住 简直 岂有此理 规定 上午 点前 入住 加收 半天 房费 的话 一天 一天 房费 忠告 计划 入住 各位 务必 预订 确认 入住 时间 加收 房费
0,音箱 不错 通过 杜比 认证 心里 没底 东芝 光盘 郁闷 系统 崩溃 咋办 家庭 普通 恶心 分区 格式 简直 受不了 没法 正常 分区 调整 小费 死劲
0,第二天 老总 商场 一看 一样 送包 鼠标 拿下 郁闷 大家 算算 差价
1,高中 时侯 同学 文章 中读 一句 学会 放弃 意味着 成功 当时 放弃 玩乐 一心 学习 考上 满意 学校 算是 成功 毕业 相对 稳定 工作 浑浑噩噩 过日子 慢慢 忘记 舍得 蓦然 发现 类似 主角 现状 不知 如何 改变 一些 感悟 需要 慢慢 摸索 毕竟 现在 生活 不像 上学 时侯 那样 简单 一生 进行 舍得 探索
0,系统 需要 系统还原 盘刚 开始 提示 要是 带个 恢复 系统盘
0,散热 不好 夏天 不再 空调 稍微 运行 小时 时间 死机 外观 差点 意思 不过 这个 价格 玩游戏 的话 呵呵 极品飞车 带不动 样子
0,异味 入住 室外 低于 中央 只有 冷风 室内 设施 陈旧 户外 声音 嘈杂 只能 大堂 看到 服务员 非常 不好 应该 只能 算是 二星
0,买前 知道 这个 酷睿 双核 原来 简版 不过 这个 价钱 系统 麻烦 还好 高人 指点 顺利 安装 不知 驱动 暂时 凑合
1,介绍 生活 简单 场景 生动有趣 琅琅上口 孩子 兴趣
0,也许 拉拉 一种 成功 象征 身边 朋友 拉拉 似的 毒辣辣 相处 不太 明白 为什么 文以载道 这次 说到底 沾沾自喜 不过 长毛 老外 一点儿 点儿 暧昧 这个 换来 一些 好处 忍不住 不必 肉体 来换 狂喜 工作 方式 态度 场上 大多数 正常 工作 女性 差不多 不曾 空旷 办公室 加班 凌晨 唯一 一样 长毛 鬼子 班房
1,原装 正品 不是 样机 机器 显卡 性能 显存 最快 工作 主流 显卡 媲美 节能 不错 能够 自动 调节 频率 速度 游戏 浏览 网页 功耗 降低 明显 最赞 封装 内存 条石 单根 南亚 条子 升级 另外 质量 起来 舒服 功能 口袋
1,有折 衣服 方法 挺不错 编辑 似乎 忽略 群体 大学生 老实 那些 方法 衣服 衣柜 整理 整齐 厨房 地板 与我无关 知道 怎么 洗衣服 干净 那些 本本 怎么 拾掇 才能 整齐 手提包 应该 怎么 放才 不乱 书桌 应该 怎么 整理 现在 大学生 书桌 衣柜 基本 读者 应该
0,系统 太难装 一天 时间 其它 今天 上来 特价 超值
1,喜欢 失望 知道 是不是 印刷 原因 画面 乌乌 味道 很重 不过 瑕不掩瑜
0,印刷 质量 不错 对于 来说 适用 像是 一本 教育 手册 反正 实用 读书节 运费 根本 骗子
0,只有 试用期 马上 麻烦 电池 不经用 只能 小时 不到 节能 模式
1,闹中取静 交通 方便 价格 实惠 服务 基本 到位 设施 简陋 值得 推荐
0,知道 这里 早餐 餐具 到底 是否 消毒 看到 服务生 直接 收下来 餐具 水龙头 上手 以后 回到 盘中 客人 取用 想想 恶心
0,出于 不信邪 原因 入住 之前 查阅 点评 最近 点评 已经 大半年 时间 一厢情愿 以为 酒店设施 有所改善 只能 三个 形容 差差 一次 恐怖 入宿 电梯 依旧 吓人 一股 霉味 第二天 隔壁 一百 假日
1,档次 环境 绝对 饭菜 质量 属于 只是 离开 市中心 不过 班车 如能 班车 十全十美
1,之所以 发现 民国 历史 光怪陆离 非常 感兴趣 看紫釵 长篇 网络小说 长风 里面 描述 乱世 之中 各方 勾心斗角 嘻笑怒骂 啼笑皆非 场景 实在 忍俊不禁 不时 捧腹大笑 正是 小说 拍案叫绝 发现 原来 民国 历史 居然 如此 有趣 发人深省 建议 大家 仔细阅读 长风 然后 此书 两相 映照 相映成趣
1,相对 价钱 真的 不错 交通 方便 干净 整洁
1,定前 上海 书店 看过 上海 书店 原价 当定 这书 非常 列句 习语 最好 还有 词源 来自 阿拉伯文 波斯文 土文 单词 写明 阿或波 一看 马上 想到 对应 阿文 单词 波斯文 单词 容易 记住 这土文 单词 以前 是否 来自 阿文 波文 这书 当当 上架 现在 当当 缺货 三天 缺货
1,价格便宜 配置 配置 这个 价格 显得 不错 系统 很快 试玩 一下 散热 不错
1,每次 出差 这家 服务 前台 小姐 礼貌 训练有素 非常 热情 由于 飞机 晚上 迟到 大堂 经理 专门 车接 她们 热情 细致 周到 服务 使人 有种 宾至如归 下次 还会 这家 入住
0,键盘 较硬 蓝牙 面是 指纹 收集 声音 随机 附带 光盘 屏幕 效果 似乎 也许 调节 对比度 显卡 性能 稍弱
0,个人感觉 一般 太多 堆彻 第三者 角度 出发 读者 天壤之别 几乎 看不下去 特别 贺顿 电台 主持人 一起 主持 节目 一段 书上 心理 多么 睿智 机变 节目 多么 吸引 听众 书上 描述 听到 电台节目 一定 换台 特地 一些 段落 老公 一段 拒绝 最后 盛誉 难负
1,小孩子 需要 挑选 优良 书籍 充实 引导 指明 迷失 自信 独立 健全人格 从小 培养 孩子 阅读 兴趣 必需 这套 新蕾 出版社 外国 获奖 系列 童书 大体 适合 红班 学龄前 小学 有些 故事 大人 小孩 同时 启发 能力 建议 一套 孩子 看书 文学 滋养 心灵
0,处理器 强点 当然 强点 不是 这个 价了 显卡 显存 强大 强大 只有 鼠标
0,暂时 发现 缺点 不过 现在 担心 其他 兄台 输出
0,显卡 容量 虽是 但位 只有 位有 商家 噱头 之感 右侧 后侧 对接口 太近 连接线 接口 大是 不能 同时 插入 两个
0,太脏 刷牙 差点 没吐 他们 水龙头 污垢 浴缸 生锈 睡觉 看到 他们 被罩 套紧 里面 露出 地毯 清洁 屋子里 有股 味道
1,服务 不错 预定 豪华 大床 后来 预定 类型 自动 升级 商务 套房 这点 舒服 另外 早餐 现在 距离 机场 不远 飞机 噪音 宾馆 反馈 年月日 尊敬 客人 您好 非常 感谢您 厦门 丽轩 服务 早餐 认可 对于 软件 服务 一直 改进 另外 噪音 月份 经过 重新 装修 很大 程度 解决 噪音 欢迎您 下次 光临
0,毛子 傻不拉几 不住 还有 必须 先装 显卡 驱动 先装 其他 驱动 显卡 驱动 不了 知道 咋会事
0,多数 是因为 爱玲 感觉不好 可能 仅存 一点 价值 进一步 研究 张爱玲 不妨 一下 人品 较差 爱玲 不过 体会出 这个 人口 一定 不错 外表 看来 素质 修养 还好 知识面 典型 清末 书生 却是 属于 那种 流连 秦淮河 那种
1,性价比 配置 电池 使用 时间 送货 很快 晚上 下单 第二天 下午 送到
0,连接 不上 咨询 技术 服务 产品 太新 他们 知道 怎么弄 郁闷
0,靠近 机场 听到 很大 噪音 空调 开关 上窗 屋内 气味 头晕 开窗 基本 睡不着 早餐 非常 简直
0,预装 系统 复杂 适合 家用 价钱 高高 另外 剩太 完美 呵呵
0,对于 百家讲坛 位于 中学生 来说 定位 比效 合适 中学生 看看
1,相当 系统 解释 数独 解法 简单 说明 发展 历史 看出 强悍 理科 背景 显然 商业 规则 一窍不通 互联网 这么 发达 时代 竟然 跟进 附带 光盘 程序 及时 更新 拙人 至今 未能 任何 成功 运行 可见 此事 粗糙 态度 总体而言 一本 数独 方面 中文 杰作 强烈推荐
0,收到 你们 网站 到底 怎么 回事 现在 收到 真的 失望 收到 不想 一句 你们 那里 现在 收到
1,电池 耐用 即便 宣称 小时 小时 出门 不带 电源 一般 应用 速度 外观 漂亮
1,环境 不错 淡季 价格 诱惑力 过程 遇到 一些 不过 一点 影响力 反复 督促 圆满 解决 表扬 一下 五星级 确实 不错 温泉 值得 一泡 置身于 森林 面向 翠湖 细雨 纷纷 热腾腾 汤池 十分 享受 由于 内陆 城市 消费 水准 低于 沿海 城市 服务 意识 不错 性价比
1,性价比 超强 本子 起来 方便 分区 已经 四个 另外 驱动 分区 装机 朋友 不用 担心 推荐 低端 差不多 内存 三星 注意
0,键盘 手感 整体 做工 一般 不如 发票 质保 期写 无不 清楚 质保
0,小家伙 知道 图片 应该 适合 父母 个人 价格 教育 家长 不用 买书里 只有 图片 文字 简单 几页 不值 父母 反醒 是不是 总在 小朋友
1,小兔 不但 告诉 孩子 母爱 伟大 感动 这个 人母 女人 语言 简洁 朴实 诠释 世界 不同 国家 不同 人群 相同 母爱 无论 孩子 何方 母亲 关注 永远 捕捉 得到 无论 孩子 何方 永远 逃不出 母亲 怀抱 每个 幸福 地被 捕捉 孩子 释放 捕捉 爱意 周而复始 世代 沿袭 生生不息 绵延 直到 地老天荒 直到 生命 消亡 母爱 致敬
1,父母 一起 家庭 房里 看到 无敌 江景 总得来说 干净 韩国 特别 一股 不了 味道 马桶 偶尔 漏水 莲蓬头 设计 非常容易 往外 溅水 早餐 缺点 多多 已经 算是 丹东 顶尖
1,位置 服务员 热情 早餐 不错 电梯
1,电池 强悍 传说 小时 实际 估计 小时 左右 外观 精致
0,奇怪 这么 怎么 看不出 哪里 孩子 好象 不怎么 感兴趣
0,路边 很多 司机 认识 可能 靠近 云龙 酒点 单人间 实在 太小 一边 竟然 墙边 窗帘 压住 电视 才能 月份 中央空调 风冷
1,键盘 为了 键盘 卖场 很多 机器 系列 流畅 打字 好评 很多 那么回事 规格 很多 那个 触摸板 太窄 电池 很爽 这点 大家
0,一本 简直 象是 盗版书 正规 出版 印刷 封面 质量 怎么 出得 儿子 里面 怎么样 以后 套书 内涵 真是 出来 吓一跳
1,收到 包装 完好 封条 完好 性价比 驱动 包含 所有 必备 驱动 方便
0,物理 分辨率 整体 看起来 屏幕 高清 不错 玩游戏 可能 不太 习惯 需要 适应 还有 杀毒软件 完全 大用处 不如 鼠标 散热 右下角 方向键 似乎 有些 脆弱
1,本来 忍着 系统 想到 这个 配置 超值 没想到 开机 竟然 自带 厚道 呵呵 正版 呵呵
1,上个星期 刚去 晚上 不错 有重 装修 现在 己经 不是 三星 四星 窗外 景色 相当 不错 视野 开阔
1,总的来说 不错 还有 一些 细节 注意 宽带 接线 已坏 早餐 送房 发现 锅底 灰经 交涉 店方 马上 来电 致歉 这点 非常 满意 希望 下次 入住 不要 发生 此类 事件 下次 成都 还会 继续 入住 喜来登
1,钢琴 流线 机身 简洁 大方 噪音控制 速度 很快 屏幕 一级 显示 效果 键盘 触感 不错 起来 舒服 性价比 双核 独显 无线 高清 落下 属于 全能 主流 本本 真的 超值
0,以为 一本 色戒 详细描述 想到 大部分 其他 小说 失望 之前 大部分 作品 看过
0,主楼 不错 建议 最好 不要 附楼 质量 四星级 标准 差距 太大 强烈建议 提高 人员素质 服务 人员 工作 态度 入住 当晚 半夜 点多 居然 发现 空调 漏水 当时 便宜 本来 不怎么 生气 通知 前台 换房 知道 前台 居然 一句 这么晚 方便 处理 没什么 关系 当时 发飙 最后 由于 坚持 可是 一肚子气 出钱 住店 半夜 不能 睡觉 搬动 抱怨 值班 时间 工作人员 居然 还要 情愿 真是 知道 素质
0,应该 加强 服务 意识 配套 很差 服务 环境 应该 加以 修葺 翻新 配套 设施 服务 加强
0,前几日 山西旅游 大同 通过 电话 这个 非常 不爽 刚刚 三星 标准 偏偏 四星 入住 洗浴 中心 隔音 第二天 结帐 内部 结算 房间内 物品 损坏 上去 一看 查错 真的 知道 下回 推荐 注意 一下 品味 不要 招牌
1,万豪 国际 明牌 前台 服务 总算 合格 态度 良好 然而 可能 重庆 关系 这家 质素 非常 一般 而已 设施 普通 房价 重庆 解放碑 找到 质素 很多 价格 便宜 最值 一提 大堂 西餐厅 中午 自助餐 可能 没什么 生意 食物 新鲜度 服务员 劣质 服务态度 加上 重庆 顶级 五星 收费 马上 决定 考虑 走进 重庆 解放碑 已住 好几家 五星 建议 若则 品牌 住客 相若 房价 洲际 发现 相差 物有所值
0,本本 开始 启动 风扇 声音 响到 后来 不响 知道 原因 本本 右上方 有个 红色 暗点 系统 是不是 家庭 高级 忽悠
1,连续 运行 小时 机器 温度 变化 散热 性超 性能 键盘 防水 水杯 翻倒 机器 擦干 机器 安静 运行 安静
0,经济 头脑 接机 这一 窝心 服务 毫不 设防地 扎进 租车 旅游 队伍 后来 各位 驴友 可要 吸取经验 杀价 杀价 决不能 心软 否则 将来 心疼 银子
1,朋友 介绍 知道 有种 相见恨晚 拿到 刻起 爱不释手 经常 看到 凌晨 两点 睡觉 跟着 主人公 蔷薇 一起 回到 那个 遥远 年代 满族 常常 幻想 蔷薇 跟着 一起 一起 感动 一起 为了 牺牲 生命 文章 华丽 辞藻 那些 现代 语言 逗乐 同时 跟着 一起 了解 清朝 历史 写得 很棒 加油
1,這是 北影 教材 北影 攝影 專業 實力 應該 全國 最強 教材 不會 這本書 顧錚 瞭解 攝影 知道 我國 目前 比較 權威 攝影史 攝影理 論家 這本書 條例 清晰 語言 簡潔 沒什麼 瑣碎 一些 看法 唯一 缺點 黑白 十多 彩圖 前面 黑白 圖印 過黑 有點 失真
1,非常 认为 踏足 时尚 产业 看到 最好 英文 同学 一下 出名 时尚界 记者 另外 几本书 特别 感受 深刻 一点 频繁 参与 各种 时尚 事件 这些 时尚 人士 书内 给出 一些 真实 语录 已经 见识 仿佛 跟着 经历 这些 事情 写法 正派 作家 推荐 此书
0,决定 拿到 失望 里面 小鸡 名字 难念 记不清 不顺 更何况 不到 女儿 画面 看起来 那些 名字 不顺 里面 故事 对于 孩子 来说 一点 吸引力 只有 放到 一边 相反 后来 那套 淘气 小格 女儿 非常 喜欢 讲完 里面 故事 翻来翻去 身高 起脚 还会 小格 看来 调皮 淘气 小格 一样 小格 淘气 事儿 很多 共同 大家 推荐
1,散热 控制 不错 魔兽 世界 起来 画面 显存 怎么 这么
1,这家 位置 性价比 不错 不知 是不是 由于 客人 服务 自然 下降 客人 好象 这里 不太 受欢迎 每次 入住 要不是 床间 要不是 要不是 打扫 出来 不能 会员卡 前台 上面 规定 依据 补充 点评 年月日 这家 服务 越来越 酒店设施 不如 从前 以后 不住
1,价格便宜 有些 上网 本贵 不了 多少 配置 不错 硬盘 刻录 摄像头
0,简单 字差 像是 招待所 周边 吃饭 只有 一家 餐馆 里面 两个 难吃
1,可惜 不能 帮忙 内存条 同学 第二个 双击 备份 不行
0,入住 其他 锦地 星座 特惠 标准间 告知 升级 高级 标准间 心里 一阵 暗喜 没想到 经过 一段 乱糟糟 好像 厨房 外面 楼进 更加 失望 床小不说 设施 陈旧 马路上 汽车 噪音 更是 难以忍受 洗个 水流 一地 下次 不如 连锁 商务酒店 同等 条件 价钱 只有
1,同学 怂恿 一买 两套 殷切 等到 迫不及待 开始 丢开 正到 紧要关头 网游 电视剧 开始 终于 理解 确实 不错 第二部 风格 第一部 一点 不同 语言文字 表达 略有 差异 不过 整体 来说 好看 拿到 已经 第四次 印刷 版本 专业 角度看 速度 来说 畅销
0,性价比 一般 系统 习惯 重装系统 搞了半天 出来 发现 右下角 一条 很丝 裂纹 容易 发现 凑合
1,拿到 手一看 机子 非常 漂亮 系统 顺利 运行 速度 很快 非常 喜欢
1,新装修 作为 万豪 金卡 会员 充分 享受 金卡 待遇 早餐 品种 不够 丰富
0,酒店设施 陈旧 估计 已经 更新 壁纸 浴缸 漆面 剥落 马桶盖 已损坏 空调 系统 基本 瘫痪 噪音 较大 暖风 几乎 入住 内部 停车场 收费 建议 偕程 定期 推荐 进行 筛选 合格 进行 保留 合格 进行 剔除 才能 保证 服务 品质
0,设施 相当 马桶 居然 一大 浴缸 直接 卫生间 下水道 洗个 卫生间 全是 水门 居然 交警大队 队长 进出 服务员 开门 对面 火车站 以后 绝对 不能 火车站 附近 太坑
0,现在 国内 这个 价位 本本 大部分 预装 系统 的话 应该 预装 系统 系统 丑陋 起来
1,此书 无数 纰漏 可能 逻辑 能力 还有 增强 有些 例子 确实 牵强 国内 经济 不管 宏观 微观 来看 教授 所持 西方 观察 角度 而言 非常 具有 价值 大多 推断 正确 个人 认为 不要 部分 纰漏 掩盖 本质 当然 重要 读完 之后 体会 出点 放下 书后 改变
1,如家 服务 最好 交通 方便 不好 朋友 最好 提前 几天
0,本来 喜欢 这部 卡通 说明 清清楚楚 英双语 对白 英双语 字幕 绝无 重复 买回来 一看 里面 竞然 还有 米老鼠 唐老鸭 不说 根本 中文 对白 字幕 更气 还有 重复 缺德 骗子
0,很着急 知道 怎样 培养 孩子 幼儿教师 大家 一定 孩子 教育 教育 不是 需要 家人 配合 很多 不能 按照 意愿 送给 家人 大家 一起 探讨 如何 教育 孩子 教给 很多 家长 喜欢 作为 教师 喜欢
1,这次 入住 少林 宾馆 比较满意 宾馆 位置 好找 客运站 打部 计程车 只要 几分钟 块钱 干净 算是 宽敞 洗澡 热水 挺舒服 最好 宾馆 外面 一条 很旺 小吃街 晚上 左右 很多 麻辣烫 之类 小吃 起码 二三十 选择 很多 解决 方便 价格 相当 评议 朋友 一起 两个 人十来 块钱
0,除了 地理位置 之外 服务 味道 隔音 效果 早餐 简直 无法 下箸 另外 服务员 经常 拒绝 客人 使用 信用卡
0,服务 奇差 商务 楼层 味道 特浓 空调 大马力 鼓风机 只能 开窗 睡觉 整夜 共舞 凌晨 入住 还要 表扬 一下 客服 当天 知道 为什么 几乎 所有 南宁 大床 房客 耐心 联系 好几家
1,年月日时 曾住 这家 晶丽 服务 仍然 不错 结帐 客人 信任 非常 难得 绝大多数 那样 是否 使用 收费 物品 检查 之前 点评 门童 大叔 描述 特例 留意 一下 果然 名不虚传 晶丽 值得 一住
1,入住 绿色 套房 知道 绿色 哪里 地毯 确是 很脏 硬会响 空调 调节 冷热 欢迎 水果 知道 多少 没敢 一天 值得
0,屏幕 第一周 据传 批货 质量 不行 屏幕 定时 随机 闪点
0,要不是 熟悉 地看 张爱玲 不会 翻开 这个 男人 要不是 为了 更加 心安理得 了解 张爱玲 不会 这个 男人 张爱玲 见解 为了 别人
0,床间 房子 不算 干净 卫生间 简陋 早餐 品种 饭店 上菜 太慢 卫生 不停 苍蝇 转来转去 下次 不会
1,环境 不错 几栋 赏心悦目 大厅 安静 布置 小资 情调 可能 黄金周 结束 缘故 主楼 四星级 这个 价格 国内 应该 很值 早餐 自助 中式 为主 品种 适合 中国 结账 时才 知道 还有 经济 附楼 好像 展鸿楼 只要 一百多元 不过 未挂星 大门 改造 下次 试试 推荐 补充 点评 年月日 还有 免费 水果 温馨 宽带 速度 很快
1,电池 续航 时间 键盘 手感 想象 处理速度 接受 日常 办公 应用
0,触控 面板 左边 向上 翘起 键盘 不平 中间 内存 多久
1,时值 高龄 偶然 一次 感动 一次 花斑 小猫 想象 诠释 小鱼 宁愿 放手 成全 小鱼 成长 小鱼 遨游 昼夜 等待 小鱼 终于 辜负 这份 花斑 终生 相伴 非常 只有 十几页 纸质 构图 视野 辽阔 不错 选择 不应 局限于 婴幼儿 阅读 成人 绝对 教育 意义 如何
0,本人 属于 看到 英语 头疼 没能 提起 英语 兴趣 大体 几页 同事 放在 同事 桌上 不少 灰尘
1,一段时间 一直 不错 用盘 重新 系统 机子 运行 很快 稳定
1,外观 不错 屏幕 很大 看得 舒服 分辨率 屏幕 下方 确实 华硕 大家 心室 温度 上上网 硬盘 温度 大概 左右 显卡 中算 不错 硬盘 希捷 单碟 性能 不错 来说 机器 性价比 挺不错
1,学校 图书馆 看到 本来 以为 哲学家 一定 晦涩 难懂 之前 学校 图书馆 翻阅 尼采 一些 著作 的确 以后 太深 印象 究其 认为 没看 叔本华 这本 著作 非常 优美 浅显 并且 解决 实际 生活 很多 困惑 思想 不再 迷茫 已经 放在 闲暇 时刻 经常 翻看 一定 定时 启发 鼓励 收获
0,服务 不好 服务员 态度生硬 特别 物品 管理 方面 物品 清点 到位 明明 房间内 收费 物品 可是 退房 四包 收费 洗液 非要 给钱 飞机 只好 付款 简直 不敢相信 这是 推荐 难道 这家 挣钱 黑店 补充 点评 年月日 还有 洗澡 电热水器 始终 安全 提心吊胆 卫生间 马桶 不好 修过 一次 不好 总之 这家 别扭 安全 舒服 四周
1,机器 北京 没货 好不容易 一台 今天 拿到 不错 运气 好屏 亮点 连续 运行 小时 右掌 稍微 接受 整体 外观 漂亮
1,由于 小孩 震天响 炮仗 每年 大年夜 初四 晚到 宾馆 过夜 习惯
0,容易 指纹 应该 白色 键盘 松松 底部 不够 密贴 分区 两个 不过 大小 不合理 居然 分成 上网 完全 必要 这么 个人 认为 最多
1,三个 晚上 不错 满意 提供 免费 升标 预定 商务 标间 由于 客满 免费 升到 高级 商务 标间 这里 要说 不足之处 前面 网友 提到 隔音 效果 不太好 没热 空调 一晚 冷风 后来 宾馆 打听 好像 空调
0,东拉西扯 加入 个人 社交活动 作为 医学类 专业 文笔 一般
1,外边 漂亮 适合 女孩子 人家 系统 没弄 明白 后来 直接 还有 以上 不装 不能 这个 值得注意
1,不错 一直 喜欢 现在 需要 改进 一下 早餐 我住 这个 每次 早餐 一样 现在 每个 餐盘 位置 记住 相对 目前 市场 商务 单间 这个 影响 后续 入住
0,当初 很大 期望 知道 书名 完全 相反 不但 不好 里面 插图 很假 好像 勉强 一些 图画 勉强 找碴 根本 一点 行不通
0,噪音 晚上 特静时 稍微 外壳 容易 留下 手印 装费 半天
0,主要 办事 便利 选择 霉园 宾馆 霉味 三星 宾馆 可能 淮安 标准 服务 台灯 不过 早餐 绝对 绿色 五谷杂粮 品种
0,电池 时间 短们 小时 不到 面板 易脏前 几天 我装 酷狗 音乐 酷狗 快捷键 关掉 运行 小心 右键 导致 死机
0,喜欢 措辞 写成 然后 耗费 时间 认真 语言 适合 央视 百家讲坛 历史 应该 稍微 严肃
0,来说 有些 不是 比如 穴位 知道 大约 位置 那里
1,不错 一家 星级 干净 电视 太小 离床 清楚 服务 人员 态度 下次 一定
1,隐藏 分区 格式化 最头 发热 简直 火焰山 真实 情况 这个 散热 系统 相当 不错 发热量 相当 客观 散热 不好 早就 爆炸
0,没多久 显示 稍稍 点点 重比 想象 那个 那个 存储 宣传 扯淡 半天 发现 网上 我怒 这个 虚假 宣传
0,合上 锁扣 机构 新版 新增 功能 价格 好几百 这个 见仁见智 价格 优势 中关村 省事 网上
0,作品 带给 别的 博客 看到 一篇 搞笑 文章 不如
1,东莞 出差 的话 东莞 宾馆 老板 起来 东莞 的话 可能 会住 索菲特 喜欢 东莞 宾馆 环境 几个 餐厅 身处 闹市 安静 舒服 宾馆 服务 到位 对于 普通 商务 旅行者 来说 东莞 宾馆 标准间 物超所值
1,曾经 买过 关于 儿童教育 只有 买来 立即 认认真真 读完 很多 篇章 还读 好几遍 里面 很多 教育 理念 娓娓道来 教条 容易 接受 不论 孩子 品德 学习 习惯 养成 方面 收获 最大 收获 成长 确实 不是 孩子 家长 家长 还有 需要 学习 我要 儿子 一起 成长
1,键盘 不错 赠送 音响效果 不错 配置 开车 还行 公交 地铁 难过
0,不好 为何 有些 不错 霉味 非常 跟前 抱怨 前台 居然 每间 发火 调整 只是 情况 稍微 好点 依然 一股 霉味 设施 不好 空调 午夜 突然 失去 功能 一点 冷闷 晚上 不好 饭店 下层 办公楼 电梯 共用 速度 浪费时间 停车场 保安 很差 下雨天 不愿开 栅栏 靠近 门口 直到 开口 人才 服务 很差 宾馆 反馈 年月日 尊敬 宾客 您好 得知 愉快 经历 深表歉意 接受 诚挚 道歉 谢谢您 宝贵意见 领导 对此 非常重视 召开 专场 会议 查找 落实 改进 管理 不断改进 提高 服务质量 确保 每位 客人 宾至如归 谢谢您 支持 衷心 期待 再次 莅临
0,刚买 第二天 降价 开心 农夫 果园 赠品 那个 内胆 货物 自带
0,明白 为什么 别人 颜色 颜色 为啥 白色 这台 丑不拉几 黑色 土包 另外 边框 无边
1,地理位置 便捷 逛街 旅游 办事 方便 宾馆 新装 修改 房间内 设施 简洁 干净 宾馆 整体 建筑设施 陈旧
1,样子 好看 迪斯尼 印花 不错 不过 贴纸 鸡肋 散热 打游戏 上网 发热量 这个 性能 本本 做到 这点 容易 去年 惠普 本强 重量 控制 不错
1,不错 只是 上网 速度慢 无法忍受 打开 网页 半小时 邮件 无法 前台 工作人员 服务态度 只是 效率 改善
0,入住 处于 展会 附近 前台 告知 由于 晚到 小时 定单 取消 追问 是否 还有 回答 大概 生意 太好 不想 生意 反映 发现 信用卡 担保 定单 于是 立刻 进入 发现 打扫 反映 前台 立刻 通知 处理结果 分钟 次发 火才 服务员 不错 多余 必要 设施 外墙 由于 竖幅 大风 猎猎 作响 影响 睡眠 没完 早上 专门 餐券 自助餐厅 剩下 稀饭 难道 两个 人花元 分食 唯一 一片 面包 还有 其他人 虎视耽耽
0,朋友 介绍 买来 题目 相当 感染力 满怀 期待 地拜度 发现 零散 空洞 感到 乏味 借给 父母 朋友 他们 看后 同感 反正 书本上 唯一 共同 认同 孩子 角度 看待 体谅 孩子 尊重 体谅 必要 这个 道理 即使 父母 应该 知道 只是 想得到 实际 处理 技巧 可惜 这方面 帮助
0,设施 陈旧 不好 太小 单人间 除了 一张 相同 价格 是否 标准间 面积 会大 一些 不敢相信 这是 四星
1,入住 离开 月底 公司 报销 财务 认为 发票 盖章 已经 模糊 需要 重开 出差 于是 委托 公司财务 模糊不清 发票 寄给 前厅 叶先生 公司财务 收到 重新 开具 发票 着急 补充 点评 年月日 总算 收到 发票 感谢 叶先生 强烈抗议 中国邮政 嘉兴 上海 挂号信 竟然 需要 如此 时间
0,质量 不好 一下 不好 好笑 根本 比不上 英语单词 建议 大家 不要
1,期间 预订 入住 首日 赠送 每间房 洗衣 一张 通过 预订 入住 首日 每房 获赠 欢迎 水果 一份 入住 上面 两项 看到 宾馆 反馈 年月日 首先 上次 入住 漏送 洗衣 券及 水果 一事 表示 深深 歉意 由于 入住 当天 会议 接待 高峰 造成 前台 漏送 洗衣 券及 水果 严肃处理 此事 下次 入住 会补 洗衣 券及 水果 提供 优质 服务 那儿 回来 的确 大相国寺 很近 鼓楼 夜市 更近 住宿 环境 极差 标准间 四楼 电梯 箱子 层高 四楼 可不是 一件 轻松 极其 浓郁 异味 通风 条件 极差 不敢 开窗 对面 居民区 几条 喜欢 狂吠 大狗 总之 下次 开封 不会 选择 补充 点评 年月日 还有 热水 浪费 不过 前台 接待 热情 笑脸相迎 阿衍 怎么 这么 难怪 写意 始终 手里 这辈子 两人 离不了 性价比 太高 同学 一个月 数码城 买花 超值 奔腾 基本上 左右 标配 强烈推荐 外观 不错 其它 性价比 不错 与否 有待 考验 刚装 系统 没用 很多 朋友 说起 名字 吸引 买回来 看看 不过如此 很多 观点 相悖 可能 国情 不同 不能 完全 照搬 总之 想象 很多 失望 外观 很漂亮 自代 不错 这个 机器 评分 平时 办公 足够 已经 第二次 入住 市中心 没想到 这次 入住 泊车 服务 停车 方便 办理 入住 登记 前台 小姐 礼貌 热情 客房 标准 不错 退房 结帐 行李 主动 提着 行李 前台 服务员 操作 快捷 总的来说 这家 不错 服务员 介绍 还有 更好 好象 贵宾楼 下次 决定 那种 性价比 小巧 时尚 要是 黑色 同事 别人 比较满意 一直 介绍 客户 这家 公寓 由于 地理位置 方便 接送 临近 苏州 乐园 环境 好像 一样 比较满意 直到 最近 遇到 一些 有所 怀疑 是不是 判断 提出 国外 总部 办法 上网 第一天 晚上 加拿大 文件 晚餐 不得不 早早 回到 工作 不了 只好 打电话 沟通 解释 深夜 第二天 回来 询问 上网 密码 操作 前台 半天 账册 打印 一张 大小 说明 简单 一下 发现 需要 建立 连接 设置 步骤 及其 复杂 略懂 担心 操作 第三天 老板 无精打采 告诉 没法 连接 网络 并且 告诉 下次 不要 再订 这里 情形 真的 面子 退房 解释 部分 直接 上网 部分 需要 手工 设置 真的 无奈 难道 不能 事先 说明 尤其 老外 意大利文 设置 起来 语言 不能不 自找麻烦 安排 直接 上网 建议 早点 建立 连接 彻底解决 这个 当然 愿意 这里 还有 其他 原因 对于 入住 时要 刷卡 多押 一天 房费 十分 不满 去过 很多 国家 唯独 中国 当然 不是 所有 卡号 人格 极大 信任 发达国家 决不会 入住 要求 刷卡 现金 远超过 房价 金额 解释 惯例 不管 中国 外国人 一样 决不 外国人 歧视 心理 舒服 观念 落后 或是 信用 落后 由于 工作 需要 要求 延住 一天 再次 要求 补刷 差额 这次 要求 一天 房价 也许 不满 人员 太大 压力 最后 不用 这时 真的 发火 难道 规则 随便 随便 执行 不刷 这算 出来 收回 恐怕 老板 怒气 再次 激起 于是 结账 手里 两张 签单 由于 费用 超过 第一张 单元 于是 要求 再刷 一次 解释 不能 消费 超过 授权 其余 另外 一张 授权 中刷 或者 现金 元望 手里 授权 授权 消费 消费 老外 几乎 绝望 实在 搞不懂 这么 简单 事情 居然 这么 复杂 下次 不再 找麻烦 入住 环境 很差 大杂院 里面 消防队 小店 居民 设施 一般 毛巾 更是 差不多 可怕 凌晨 小偷 两次 光顾 钥匙 打开 房门 幸亏 防盗链 进来 事后 方面 承认 防盗 压力 很大 屡有 客人 失窃 建议 考虑 推荐 补充 点评 年月日 应为 建议 考虑 取消 推荐 没话说 同事 这里 三次 早餐 两次 肚子 这个 不会 收拾 浴巾 知道 收拾 垃圾 知道 收拾 小心 进来 千万别 续住 前台 态度 好像 他们 一样 空调 声音 极大 晚上 无法 休息 极其 舒服 坑坑洼洼 早上 起来 印痕 吃饭 超级 政府 消费 骚扰电话 早就 开始 很晚 结束 门口 出租车 正规 出租 素质 近距离 拒载 远距离 绕路 青岛 日本 巨多 早餐 吃饭 看着 日本 胃口 夜景 不错 不错 早餐 不错 海边 商业区 距离 服务 满意度 有些 距离 早早 可是 回来 硬盘 检测 报告 退货 为了 周日 朋友 只好 下单 一台 第一台 回去 一周 现在 告诉 我能 不能 售后服务 效率 可能 中外 文化 理解 差异 可能 小孩子 太有 代沟 怎么样 喜欢 水墨画 一点 风格 漫画书 但愿 女儿 长大 一点 喜欢 也许 期望 过高 拿到 一部分 不过 空泛 大于 具体 现在 知道 该书 哪儿 房间内 见缝插针 几乎 放满 各种各样 收费 小商品 茶叶 泡泡浴 塑料套 床铺 舒服 干净 晚上 可怕 恶梦 卫生间 浴缸 四周 填满 黑色 污垢 亟待 改进 大堂 宽敞 高雅 前台 宽敞 椅子 椅子 上办 入住 退房 手续 其它 很少 前前后后 买齐 套书 儿子 喜欢 翻看 非常适合 学龄 孩子 首先 书本 不大恨 适合 携带 字体 适中 行间距 宽松 一点 眼睛 外出 或者 上学 作为 课外读物 不错 选择 其次 丰富 每位 科学家 介绍 是从 孩童 时代 开始 成长 经历 经历 磨难 付出 努力 直至 成功 另外 内有 彩色 插图 考虑 孩子 特点 避免 通篇 文字 枯燥 其实 孩子 喜爱 最大 理由 书上 单词 音标 特大 缺陷 方便 读者 拼读 别说 好记 遗憾 退货 不用 一定 退太差 里面 很多 发黄 隔壁 出租 别人 办公 服务态度 不好 他们 居然 不过 上面 他们 服务员 原话 态度 极其 不好 话语 生硬 好象 施舍 房子 一样 不要 低级 协议 相信 你们 每次 可靠 这次 极度 失望 超值 几件 东券 节省 哈哈 感谢 这位 会员 提供 突然 香港 办点 急事 通过 携程网 订购 假期 真的 方便 八达通 卡有 携程网 小时 地铁 免费 足够 位置 虽小 设计 合理 实用 干净 预备 预备 包括 雨伞 机场 来回 单程 既省 银子 观光 时代广场 方向 不用 天桥 港岛 太小 走路 九龙 天星 渡轮 看看 星光 大道 观观 维多利亚 夜景 太平 山顶 缆车 上去 必要 摩天 平台 一直 喜欢 那个 年代 人物 故事 总会 那些 畸形 环境 改变 纯良 本性 那样 真情 如今 看来 竟是 少之又少 压抑 珍贵 爱情 尤其 深厚 化解 不开 浓烈 感让 欲罢不能 静秋 少许 感性 拥有 磨难 生出 理性 女子 坚定 信念 当时 社会 应该 不少 可是 知道 老三 男人 痴心 担当 卓尔 不凡 同样 坚定 这个 世界 几个 女人 一生 拥有 男子 夫复 何求 区别 封皮 专业 怎么 网友 品论 郁闷 之极前 几年 一次 这次 变化 太大 服务 好像 全面 装修 温馨 床上用品 舒服 配送 果篮 晚安 点心 免费 衣服 性价比 遗憾 卫生间 小过 几天 同事 出差 建议 这里 补充 点评 年月日 餐饮 不错 提前 预订 只能 大厅 菜式 味道 一绝 这家 性价比 入住 行政 楼层 单人间 客户 行政 楼层 双人间 硬件 设施 免费 宽带 上网 早餐 丰盛 准备 免费 行政 楼层 下午茶 晚间 鸡尾酒 由于 时间 享用 非常 员工 热情服务 也好 距离 地铁 一家 商场 紧邻 购物 方便 唯一 缺点 办理 入住 手续 大堂 办理 速度 比较慢 我排 将近 分钟 队后 告知 行政 楼层 行政 楼层 接待处 直接 办理 入住 手续 能够 直接 说明 不用 这么久 辛苦 综合 比较满意 尤其 能令 客户 满意 面子 印刷 很棒 可惜 文字 过于 生僻 傻瓜 有点像 韩国 电视剧 过于 华而不实 喜欢 韩国 作风 内涵 记忆 效果 建议 别买 盖子 严实 缝隙 上去 带响 内存 发现 双面胶 处理 太差 显卡 切换 短暂 黑屏 现象 书中 总结 起来 女生 学会 圆滑 处世 懂得 着想 才能 创造 成功 人生 也许 正是 要求 圆滑 处世 不到 喜欢 作为 推理小说 可能 不是 最好 作为 言情小说 可能 不是 最好 结合 一起 惊奇 羡慕 那样 爱情 那样 生活 也许 所有 杀人犯 心酸 一段 生活 一段 历程 一种 常人 无法 理解 痛苦 无助 他们 得到 一份 也许 真的 更好 生活 元元 陆劲 爱情 有情人终成眷属 真的 一件 欣慰 事情 无论 生活 环境 找到 付出 付出 一切 那个 机器 很轻屏 很亮 表面 迎着 光线 似乎 不是 平整 外壳 白色 非常 漂亮 发热 忍受 夏天 大腿 基本上 温温的 不是 打游戏 估计 热人 识别 功能 有意思 光线 基本上 电脑前 一坐 识别 登陆 快速 启动 系统 实用 临时 想起 看个 股票 天气 非常 方便 看片 功能 集成 也许 说好 人太多 期望值 过高 拿到 手里 看时 书写 肤浅 意思 半天 时间 作工 精致 价格 厚道 驱动 搞定 加群 咨询 群内 高手 补充 一条 可惜 外壳 送来 时坏 以前 当当 遇到 也好 里面 分册 损坏 计较 赫赫 书嘛 来看 不是 用来 观赏 计较 以后 注意 当当 速度 快递 叔叔 态度 好好 赫赫 计较 区别 市面上 粗制滥造 一些 所谓 怀孕 百科 非常 详实 专业 怀孕 各种 专业 检查 比如 唐筛 妊娠 糖尿 耐性 科学 解释 广大 孕妇 释疑 扫盲 不用 盲目 一些 不必要 检查 生活 方面 衣服 如何 挑选 内衣 信息 非常 实用 更加 孕妇 心理 变化 非常 指导意义 比如 如何 公司 告知 怀孕 信息 如何 平衡 怀孕 工作 看到 柳州 性价比 最好 之一 规模 客房 品质 说得过去 地理位置 也好 基本 接近 四星 水准 宾馆 反馈 年月日 非常 感谢您 支持 厚爱 柳州 宾馆 致力 打造 柳州 性价比 最高 宾馆 五星级 标准 装修 高层 观景 客房 即将 竣工 期待 光临 现实 脱节 白领 产物 起来 像是 一本 流水帐 真不知道 怎么 起来 一般 学习 英文单词 没什么 满篇 胡写 一点 内涵 里面 插图 一气 真是 后悔 题外话 不知 为什么 过程 以写 名义 耍流氓 里面 不好 适合 学生 看仅 代表 个人观点 自打 买回来 以后 六岁 儿子 天天 看书 可爱 动物 造型 别致 贴纸 符合 圣经 原则 教导 亲切 信赖 教会 主日学 即使 不信 基督教 朋友 孩子 看看 帮助 培养 孩子 养成 良好 品德 西方人 由此 可见 西方人 价值观 圣经 依据 西方 文化 源头 现在 一代 一代 传承 其中 说明 值得 中国 家长 深思 摘抄 别书 自身 美容 经验之谈 凑字 赚钱 嫌疑 较大 之后 心里 战栗 最大 悲剧 已经 不是 悲剧 惨绝人寰 完全 不为过 头皮发麻 思想 惊悚片 不过如此 庆幸 现在 不是 那种 生活 不然 宁毋死 可是 要死 老大哥 一切都是 才准 生活 极权 可怕 不敢 想象 奥威尔 天才 绝对 天才 甚至 错觉 根本就是 先知 故事 女儿 一岁 开始 今天 女儿 是否 喜欢 原因 女儿 故事 小时候 听过 具体 喜欢 描写 具体 工作 一天 到家 坐在 软软 椅子 翻开 女儿 不看 文字 光看 印着 淡淡 颜色 书页 舒畅 女儿 做完作业 休息 一会儿 休息 想法 做成 多好 成本 太高 大师 精美绝伦 酒店设施 早餐 秉持 水平 临近 医院 条件 入住 同一个 集团 旁边 洲际 心理 方面 书籍 一直 感兴趣 朋友 推荐 于是 不错 里面 实际 找到 人生 不好 模式 慢慢 改正 第一次 一口气 看到 云里雾里 后来 慢慢 一遍 终于 现在 推荐 很多 朋友 坚信 只要 相信 只要 愿意 改变 可能 改变命运 只有 两个 硬盘 号称 其实 只有 联想 品牌 不到 一月 只是 晚上 上上网 看看 电影 只会 认识 货有 我会 告诉 所有 朋友 千万 不要 网上 摄像头 似乎 音孔 太紧 开机 太慢 刚买 蓝屏 一次 巨型 光驱 劣质 接口 全开 品牌 价格 不错 除上 盖外 做工 材料 不错 散热 无线 信号 不错 联想 免激活 虚拟内存 速度 比较满意 键盘 防水 导流 机身 空格键 异响 金属 摩擦 声音 屏幕 边框 太宽 呵呵 看起来 图片 骗人 机器 图片 机器 显卡 对于 主流 游戏 来说 已经 够用 整体 做工 优良 散热 不仅 好看 用处 本人 一家 外企 行政 毕业 一年 菜鸟 阶级 书中 知识 弥补 欠缺 涉及 实际 理论 方面 几段 标记 特别 值得 借鉴 研究 相看 这个 值得 推荐 地理位置 真是 中式 庭院 服务 有待 改进 两天 看到 笑脸 手机 充电器 英式 插头 无法 充电 向前 台借 接线板 回答 第一次 四星 听到 回答 来说 硬件 不错 设施 或许 不是 环境 优势 突出 第一次 当当 遇到 缺页 情况 郁闷 之极本 想着 换购 手续 实在 麻烦 只能 先退 以后 考虑 重新 订购 无极 发现 其实 导演 心理 师才 发现 其实 作家 用书 成语 形容 的话 我会 毫不犹豫 选择 乏善可陈 这个 对于 心理 炒作 一浪 高于 一浪 其实 值得 首先 文学 角度 来看 这是 一本 相当 阅读 过程 毫无 阅读 快感 实在 看不下去 后来 硬着头皮 下去 以至于 怀疑 是不是 毕淑敏 枪手 人物 塑造 毫无 特色 应该 看得出 毕淑敏 人物 性格 塑造 出来 塑造 人物性格 起点 人物 语言 书中 每个 语言 何等 相似 万福 应该 性格 懦弱 不善言辞 人物 语言 显示 幽默 灵活 其实 矛盾 几个 故事 实在 没什么 只能 乏善可陈 心理学 角度 值得一看 心理学 技术 技巧 毫无 体现 贺顿 咨询 过程 居委会 大妈 思想 工作 自以为是 自作聪明 大妈 一本 建议 大家 不用 太旧 大厅 看上去 设施 成旧 不堪 卫生间 马桶 真的 走水 早餐 一般 入住 朋友 思想 准备 期望值 不要 太高多 一晚 说实话 不太值 自带 系统 超级 麻烦 害得 电脑城 找人装 系统 大洋 驱动 难搞 完善 这个 启动 灌区 声响 分区 系统 要是 处于 换代 过度 系统 喜欢 商务 大床 不是 很大 温馨 免费 上网 中午 退房 总台 服务员 可能 吃饭 时间 以前 书店 随手 翻阅 发现 一样 梅拉 抢眼 精美 故事 浪漫 价格 实惠 唯一 遗憾 成套 两本 上网 查才 发现 梅拉 竟是 这么 热门 朗朗 常常 遐想 即使 看过 会想 法国 文学 浪漫 唯美 主一 虽说 我家 抵制 法国 货可书 应该 豁免 一套 属于 小口袋 文学 之类 不错 希望 出版 一些 这类 精美 实惠 图画书 动辄 二十 亲近 阅读 容易 一次 失望 另外 早餐 二楼 单点 这个 永远 留住 思维 用到 随机 往往 日常生活 影响 思维能力 原本 理性 走弯路 茫然 行进 可怜 知道 可怜 俗话说 水中 不怕 这些 看来 简单 道理 真正 做到 容易 文化背景 性格 形成 重要 因素 受伤 回到 原点 开始 就要 认知 从现在起 机会 重生 非常 知道 怎么 推荐 发霉 味道 毕淑敏 作品 期待 下来 些许 失望 言语 堆砌 模糊 情节 一直 字里行间 强调 过往 从医 经历 明显 不够 专业 这部 作品 专业人士 贻笑大方 业余 不觉 吸引 两头 不到 其实 读者 对于 经历 不感兴趣 文字 任何 一部 作品 经典 经典 订单 怎么 收不到 你们 信誉 还要 不要 郁闷 便宜 漂亮 实用 三者 平衡 本子 不是 精致 奢华 适用 平时 背山面 地理位置 优越 经营 面积 当地 算大闹 有静 天然 优势 明显 看得出 以往 曾经 有过 一段 辉煌 历史 不知 原因 现在 反而 舍得 投入 日常 维护 保养 各项 设施 破败 服务 人员 服务 质素 一般 房费 偏高 地理位置 优越性 而言 好象 替代 鉴于 地段 自然环境 优越性 下次 选择 入住 我订 普通 标准间 非常 糟糕 尤其 淋浴房 设计 洗完 之后 水流 一地 第二天 没干 严重 影响 心情 本来 计划 二天 无奈 第二天 早上 退房 接口 太少 左边 出库 返现 赠包 活动 不能 保价 大大的 不爽 预制 麻烦 不如 裸机 节省 价格 键盘 不是 上下左右 还有 需要 适应 很累 好好 研究 版本 一般 不敢 贸然 盗版 貌似 不过 看看 罢了 这书 没什么 收藏 删减 出版社 编辑 自律 觉悟 或者说 和谐 建议 大家 三思 香港 原版 地理位置 相当 好离 海港 走路 五分钟 灯光 明亮 液晶电视 舒服 惟独 大堂 下次 选择 只有 内存 插槽 上面 配置 表里 两个 满意 机子 拆开 插槽 客服 人员 确认 一下 准备 换条 内存 机子 买回来 浪费 一条 内存 一名 教师 深知 兴趣 孩子 重要性 女儿 从小 特别 读书 惟独 百科 书籍 不太看 进去 原来 百科全书 十万个 为什么 只有 我读 才能 其中 知识 不太 主动 阅读 这方面 书籍 相反 爱看 故事类 书籍 自从 这套 神奇 校车 非常 阅读 兴趣 故事 形式 出现 科学知识 书籍 第一次 遇到 真是 感谢 本地 书店 根本 这么 优秀 读物 太棒了 位置 市中心 见到 半岛 江面 餐饮 旋转 餐厅 非常 宾馆 反馈 年月日 非常 感谢您 支持 厚爱 柳州 宾馆 致力 打造 柳州 性价比 最高 宾馆 五星级 标准 装修 高层 观景 客房 即将 竣工 期待 光临 白色 干净 很漂亮 携带方便 速度 不错 一周 满意 电池 小时 左右 面积 很大 服务 尚可 总的来说 满意 刚买 儿子 不太 喜欢 以前 比较简单 可能 太长 原因 喜欢 现在 非常 爱看 几乎 每天 几遍 汤姆 汤姆 挨罚 汤姆 幼儿园 汤姆 小妹妹 爱看 本来 以为 汤姆 海滩 那本会 喜欢 去过 海边 明白 没想到 喜欢 第次 大海 这套 确实 不错 值得 推荐 说明 一下 儿子 现在 发货 奇慢 无比 我下 订单号 发货 现在 没收 下次 这里 卖书 炒股 几招 收到 晚上 到达 兰州市 火车站 火车 知道 最后 选择 打车 因离 火车站 打车 要元 建议 兰州 作为 中转站 朋友 最好 选择 其他 可能 晚上 加上 大堂 偏僻 原因 就算 车子 门口 分钟 找到 大门 入口 登记 服务 小姐 竟然 一句 这里 早餐 请问 需不需要 不是 早餐 回答 当时 心里 感到 奇怪 为什么 不要 早餐 点分 进到 当时 发现 天气 找遍 整个 只有 两张 被子 因此 前台 打了个 电话 一张 被子 可能 太晚 当时 前台 小姐 开始 太冷 麻烦 帮忙 一下 一下 的话 无能为力 当时 这间 服务 勉强 最后 回复 当然 不想 第二天 早点 生平 看过 早餐 快快 退房 本次 旅游 前后 通过 入住 宁夏 甘肃 青海 总的来说 一间 方面 最差 完全 感受 不到 服务 还要 受气 补充 点评 年月日 认为 价格 订位 完全 不合理 配置 合理 外观 不错 稳定性 接口 做工 还好 相比 硬件 配置 稳定性 外观 做工 其次 散热 效果 市内 打车 要元 偏远 一点 不过 以后 发现 环境 不错 比较满意 已经 第三次 入住 一些 新床 桌椅 越来越 无论是 服务 其他 只有 一星 而已 只是 南戴河 的话 办法 后悔 并非 观点 体会 而是 东拼西凑 心情 指数 为什么 气愤 可选 起源 其他 妈妈 推荐 女儿 家中 所有 喜欢 套书 由于 儿子 年龄 女儿 相仿 书名 来看 此书 适合 女孩子 儿子 现在 喜欢 此种 顾虑 尝试 此书 没想到 儿子 非常 喜欢 现在 已经 开始 第二遍 期间 通过 谈话 了解 之所以 喜欢 此书 是因为 书中 故事 平时 经历 一样 书中 的话 所要 表达思想 于是 第二辑 个人 不是 喜欢 这书 主角 故事 太假 农村 出来 一贫如洗 女孩子 小学文化 贵族 老太 指点 一两年 读个 心理学 课程 心理 玄乎 真实 右边 快捷键 驱动 网上 下载 系统 不会 悬浮式 键盘 好看 容易 积灰 这个 软件 根本 看不到 相应 这个 快捷键 摆设 不是 很会 买来 帮忙 一些 常用软件 提供 系统 选择 帮忙 双系统 第一次 宝宝 一起 银行 排队 带上 小小的 轻便 不能 宝宝 可是 一样 讲故事 图片 嘟嘟 干什么 可爱 不停 翻来覆去 质量 厚实 经得住 翻阅 妈妈 画面 不过 女儿 看起来 还好 小脚 落得 注意 男孩子 妈妈 可能 要费 心思 太慢 系统 参考 电池 接口 读卡器 亮点 幸好 屏幕 边缘 这书 不是 喜欢 女儿 这书 认为 适合 中国 儿童 其中 一本 完全 英语 单词 要教 孩子 必须 要求 家长 标准 发音 外国 孩子 来说 一本 以内 识物书 意义 要学 英语 同类 专业 教材 很多 情节 中国国情 不同 孩子 不好 理解 材质 一般 模具 一般 算不上 精致 不算 粗糙 一般般 芯片 内存 耿耿于怀 声卡 调制解调器 一代 补丁 否则 怎么 驱动 起来 外观 漂亮 做工 优秀 键盘 手感 功能齐全 配置 满足 一般 娱乐 办公 屏幕 主流 配置 指纹 麦克 摄像头 读卡器 蓝牙 功能丰富 主要 这个 品牌 这个 价格 绝对 性价比 冠军 强烈推荐 超俗 像是 买菜 摆地摊 大妈 思想 难道 韩国 女人 中午 入住 到达 门口 发现 两张 房卡 无法 打开 门锁 楼层 服务员 打开 承诺 马上 房卡 送上来 直至 下午 未见有人 送卡 只得 下楼 自取 出去 就餐 回来 告知 电梯 漏水 停用 现场 一片 混乱 无人 确定 如何 回房 冒险 乘坐 唯一 一部 回到 发现 床头灯 自动 忽亮 忽灭 水箱 没水 房门 没锁 服务员 后经 检查 告知 需要 换房 此时 已近 夜点 调换 尽早 洗澡 睡觉 不想 浴室 洗头 沐浴液 牙刷 盒内 牙刷 物品 只有 空盒 实在 沮丧 无论 硬件 软件 无法 达到 标准 充其量 下次 绝不 再住 以为 曾经 排行榜 第一 一定 不错 拿到 书后 非常 失望 印刷 一般 纸张 一般 提起 只能 消遣 一下 有些 理论 十分 错误 迎合 大众 心里 不负责任 态度 失望 建议 大家 非常 失望 白花 块钱 发热量 散热 节能 中国 节能 认证 电池 正常 使用 小时 以上 任何 商品 完美 凑合 现在 这个 德行 关键 服务 上取 商家 脚踢 他们 售后 服务态度 不好 包括 客服 德行 配置 很差 可惜 太仓 如家 锦江 之星 下次 不会 入住 这家 不大好 喜欢 少有 许多 一样 思想 不同 出现 多次 表达 意思 几乎 相同 骗人 电池 续航 能力 标称 小时 实际 大概 小时 机器 有时 反应迟钝 同时 进行 多个 任务 明显 机器 身上 标志 灰色 不是 白色 标志 说明 只能 实现 基本功能 整体 不错 下次 还会 这里 几楼 火锅 推荐 一下 外观 沉稳 干练 外观 不错 屏幕 键盘 人性化 设计 接口 丰富 送货 客服 尽责 投诉 咨询 回复 很快 推卸责任 机器配置 硬盘 内存 双核 内存 只能 键盘 手感 传说 可能 习惯 不过 同事 试了试 键盘 一样 舒适 习惯 独显 集成 毕竟 不行 小说 人物 要说 真实 起码 源于 生活 高于 生活 编写 不让 别人 求证 心虚 虚伪 煽情 要说 成是 真实 一部 作品 细节 有待 提高 当然 不能 富士通 要是 屏幕 更好 确实 较慢 开机 需要 较长时间 建议 启动项 尽量减少 续航 能力 较差 电池 只能 维持 小时 左右 潮州 迎宾馆 确实 装修 不过 里面 那样 隔音 效果 旁边 有人 开门 洗澡 听得 一清二楚 半夜 尽然 老鼠 空调 出风口 捣乱 另外 送餐 服务 及其 差劲 餐牌 送餐 划价 建议 出去 没白 面积 室内 怎样 增加 收纳 空间 很多 创意 大到 家具 布置 小到 柜子 收纳 实用 兼顾 美观 基本上 平方 以下 居室 收纳 适合 普通家庭 以前 太小 放看 完后 居然 清出 小柜子 女儿 衣服 一步 打算 清理 书柜 腾出 新书 再下 一步 打算 增加 几个 篮筐 解决 堆放 报纸 女儿 玩具 这家 性价比 入住 行政 楼层 单人间 客户 行政 楼层 双人间 硬件 设施 免费 宽带 上网 早餐 丰盛 准备 免费 行政 楼层 下午茶 晚间 鸡尾酒 由于 时间 享用 非常 员工 热情服务 也好 距离 地铁 一家 商场 紧邻 购物 方便 唯一 缺点 办理 入住 手续 大堂 办理 速度 比较慢 我排 将近 分钟 队后 告知 行政 楼层 行政 楼层 接待处 直接 办理 入住 手续 能够 直接 说明 不用 这么久 辛苦 综合 比较满意 尤其 能令 客户 满意 面子 地理位置 实在 人大 床房 进屋 一看 竟然 套房 一样 不过 小屋 桌子 电视 小屋 只能 放下 一张 电视 实在 小得 可怜 工作 早餐 对面 刚刚 羊杂 的确 印象 深刻 唯一 遗憾 只有 中午 开门 晚上 营业 商务中心 飞机票 竟然 告知 不能 刷卡 只能 现金 结帐 因此 没买成 不爽 设施 标准差 个人 认为 设施 至多 达到 颗星 足以 匹配 由于 原因 白天 几乎 必须 开灯 弥漫 一股 潮湿 发霉 气味 房屋 隔音 很差 早就 过往 客人 嘲杂 声音 吵得 不能 好好 睡个 懒觉 不能 说书 不好 不过 实在 观念 相差 甚远 通篇 下来 除了 理财 稍微 建设性 之外 其余 无一不是 找个 婚姻 或者 自我 中心 不能 吃亏 也许 现在 社会 确实 书上 才能 所谓 幸福 品质 非常 不错 屏幕 完美 自带 系统 还行 内存 加上 以后 起来 机子 散热 不错 包包 鼠标 缺失 原厂 太小 机子 钢琴 容易 留下 指纹 无伤大雅 漂亮 宽带 上网 速度 挺快 一楼 烧烤 不错 整体 性价比 酒吧 一条街 打车 以前 一直 机器 停产 这次 不觉 意外 惊喜 性能 不错 性价比 不错 值得 产品 太新下 声卡 驱动 欠奉 甚至 网上 出现 这个 型号 紧张 半天 奶牛 的确 整晚 手头 所有 版本 安装盘 不行 第二天 公司 深度 一装 没得说 散热 声音 钢琴 外壳 透着 水纹 肌理 不错 配置 均匀 性价比 相当 配置 均衡 尤其 显卡 很大 吸引力 基本上 需要 太大 升级 个人 认为 内存 足够 并且 这款 独立 显卡 不会 占用 系统 内存 显存 已经 段时间 可能 年纪 一部分 真是 吃力 要死 很多 细胞 今天 终于 鼓起勇气 一贯 后妈 风格 虐得 无话可说 童雪 遭遇 确实 很惨 幸运 这么 多人 禽兽 爱人 方式 不敢恭维 却是 这么 努力 地爱 童雪 禽兽 有些 所作所为 真的 讨厌 比雷二过 无不及 一种 说不出来 无力感 看着 心痛 作为 上网 本屏 分辨率 越大越 只是 只有 这点 实际 知道 很大 卫生间 设计 艺术性 感谢 入住 两天 那位 男服务员 帮助 谢谢 自带 红旗 系统 超级 垃圾 无从下手 最后 改装 不行 必须 安装版 郁闷 听说 于丹 看看 以前 读过 论语 拿到 手一看 失望 没什么 新意 论语 好比 粮食 小朋友 只想 了解 一下 皮毛 的话 看看 真正 懂得 论语 精神 看看 原文 快餐 而已 抢购 超值 做工 细致 塑料 不是 很强 联想 很大 老公 每次 那里 郑州 算是 不错 地点 方便 舒服 服务 价格 便宜 预装 随机 不带 驱动 光盘 只有 驱动 光盘 人性化 很漂亮 元加 内存 目前为止 速度 接口 丰富 外观 漂亮 性价比 天津 自提 商场 便宜 服务 四人到 太原 办事 入住 两位 男同事 一间 大床 折腾 半天 搞清楚 同事 退房 前台 一条 睡裤 无法 想象 相信 同事 睡衣 放在 位置 知道 争论 半天 饭店 态度 真的 失望 请要 入住 朋友 入住 一定 清点 消费 物品 一台 朋友 朋友 机子 系统 麻烦 同意 前面 弟兄们 周围 拆迁 环境 交通 很差 地铁 方便 知道 不会 拆迁 好奇 补充 点评 年月日 郁闷 半天 总台 小姐 竟然 先办 人家 插队 鄙视 懒得 去争 地理位置 不错 早餐 中等偏上 网速 一般 长春 物有所值 多年 入住 主要 服务 地理位置 设施 陈旧 应该 要重 装修 才行 否则 性价比 不高真 算不上 四星级 不过 什邡 象样 没得 选择 郁闷 位置 地铁站 很近 服务 价钱 公道 大厅 经理 副理 似乎 有些 需要 驱动 只能 网上 下载 光驱 随带 方便 床间 房子 不算 干净 卫生间 简陋 早餐 品种 饭店 上菜 太慢 卫生 不停 苍蝇 转来转去 下次 不会 每个 小鸡 动作 神态 一样 可爱 喜欢 画画 儿子 非常 喜欢 插图 文字 幽默 一家 三口 同看 合不拢嘴 买回来 发现 原来 好多年 张爱玲 书里 已经 收录 这些 短篇 上当 键盘 手感 不太好 内存 插槽 升级 内存 多余 一条 出来 那儿 回来 的确 大相国寺 很近 鼓楼 夜市 更近 住宿 环境 极差 标准间 四楼 电梯 箱子 层高 四楼 可不是 一件 轻松 极其 浓郁 异味 通风 条件 极差 不敢 开窗 对面 居民区 几条 喜欢 狂吠 大狗 总之 下次 开封 不会 选择 补充 点评 年月日 还有 热水 浪费 不过 前台 接待 热情 笑脸相迎 本次 住进 长春 国际 大厦 这家 位居 商业 大街 周围 市场经济 不相称 管理 太有 感受 那天 晚上 约点 一进 大门 霉味 扑鼻 顿时 意识 这家 人气 不旺 前台 一位 服务员 打电话 滔滔不绝 数分 已经 开始 不耐烦 柜台 暗示 入住 手续 可是 压根 意识 存在 眼度 后来 进来 一位 服务员 登记手续 好不容易 上楼 开门 不了 服务员 只能 下楼 一把 不了 服务员 打开 丢下 行李 准备 出门 吃饭 倒霉 事情 怎么 这里 只能 下楼 服务员 捣鼓 半天 确认 门锁 同意 卫生间 简陋 提一 洗澡水 满地 流溢 凭良心 洗澡水 第天 早上 办理 离店 手续 服务员 片刻 死机 中毒 等到 何时 办法 赶路 再三 要求 下才 手工 退房 手续 这是 服务 招待所 不如 星级 不难想象 为什么 霉味 真是 倒霉 送给 老婆 外观 很漂亮 配置 均衡 对得起 这个 价位 蓝牙 还有 包装箱 清楚 客服 为什么 总是 回答 改过来 欺诈 嫌疑 江门市 中心 很远光 的士 就要 莱茵 西餐厅 服务 非常 水有 异味 三个 两个 声称 食材 鲜虾 带子 拼盘 侍应 带子 新鲜 不敢 番茄 牛肉 侍应 说此 牛肉 但生 牛肉 牛扒 非要 顾客 其他 较贵 菜式 牛肉 牛肉 明摆着 说谎 侍应 态度 绝对 不敢恭维 取消 动作 还要 脸色 客房 其中 一张 被子 正面 破洞 翻过来 还有 破洞 伴有 污点 水壶 已坏 不能 正常 水沸 断电 浴室 开始 热水 工人 整修 一段时间 终于 供应 竟是 黄色 放水 好长时间 洗澡 一件 心寒 晚上 睡觉 还有 蚊子 骚扰 为什么 开业 四星级 如此 现象 本来 休息 一下 没想到 积了 一肚子气 价格比 市场 上要 便宜 左右 外观 大气 颜色 大气 商务 喜欢 关于 大家 驱动 惠普 官方网站 找到 我个 小时 搞定 换成 系统 超值 几件 东券 节省 哈哈 感谢 这位 会员 提供 半个 收到 同一 单中 一样 国庆 收到 日订 连同 这本 一共 今天 为止 没收 到货 中途 打电话 客服 令人恶心 客服 舌头 以为 好听 京腔 办法 我查 一下 服务 早晚 要亡 当当 客户 越来越少 等着瞧 接着 忽悠 收到 一鼓作气 一遍 现在 放在 床头 时不时 还会 翻阅 几页 里面 每个 情节 带来 心情 一月 甘心 听说 内存 只有 升级 浪费 非常 一本 传记 作品 值得 一读 不仅 周作人 较为 详实 客观 了解 另外 角度 鲁迅 先生 解读 周作人 后期 一段 光彩 经历 固然 不容 主流 定性 周作人 一生 稍加 歪曲 无论 对于 怎样 不同 最大 可能 还原 历史 真实 每个 了解 真相 作出 自已 判断 机会 认为 认同 一般 推荐 那样 实在 书店 翻看 一些 的话 不会 屏幕 不过 好像 上网 小本 屏幕 可能 产品 只有 一种 颜色 其他 颜色 更好 显卡 游戏 内存 运行 屏幕 视角 一般 外甥 放假 在家 几乎 没见 翻过 看看 其它 显然 这书 来说 幼稚 图多字少 好像 拼音 记不太清 五颗星 失望 书中 一些 语言 适合 小孩子 滚开 之类 小孩子 容易 模仿 建议 大家 看好 决定 个人 意见 不好 入住 软件 硬件 价格合理 停车 车库 不能 直接 进入 要出 车库 正门 进入 不是 方便 不过 下次 太原 首选 下午 刚刚 收到 晚上 安装 驱动 自带 重新 分区 安装 系统 网站 下载 所有 正常 速度 很快 很漂亮 同学 家近 这次 海逸 交通 便利 出门 分钟 码头 轮渡 湾仔 价格 非常 便宜 湾仔 东取 铜锣湾 西扫 中环 金钟 黄埔 花园 巴士 总站 五分钟 路程 坐到 沙嘴 海港 城去 机场 方便 机场 快线 九龙 免费 巴士 早上 点半 开始 每分钟 一班 不过 地铁 直达 晚上 不能 太晚 末班车 服务 香港 服务 一直 不错 这次 游泳 身上 口子 大碍 不过 重视 第二天 专门 问候 环境 不错 不过 客房 有些 临海 下楼 海边 散步 舒服 坐落 黄埔 花园 里面 边上 海天 豪宅 据说 林青霞 香港 驻地 凤凰卫视 总部 生活 设施 比较完善 市区 那样 喧闹 客房 一般 这次 为了 压缩 成本 景房 推窗 一望 果然 园景 厉害 窗外 除了 对过 别的 卫生间 格局 来说 特别 别扭 有些 落灰 厉害 入住 那天 居然 发现 枕头 鞋印 另外 估计 这家 本地人 来说 算是 中档 消费 每天 食客 盈门 结婚 特别 大堂 一直 热闹 周一 碰上 韩国 团队 棒子 内地 旅客 喳喳 吃不消 风扇 声音 网速 一般 流量 知道 移动 怎么 打开 网页 打开 几个 网页 太贵 速度 太普通 好象 新装修 方面 可是 原来 一次性 刮胡子 希望 继续 提供 驱动 的确 麻烦 至今 摄像头 没弄 打开 出错 体积 有些 过于 庞大 不够 精致 介绍 明明 平装 收到 砖头 一样 精装 无法 随时随地 享用 公车 即使 床上 长久 每隔 几分钟 被迫 换手 最后 不是 看得 太累 尽兴 而是 手指 抽筋 不得不 暂时 罢工 精装书 一份 亲切 一份 随和 反刍 欲望 几率 呈几何 速率 递减 生命 无法 承受 精装 之痛 西双版纳 美丽 度假胜地 价格 而言 物有所值 提供 早餐 种类 繁多 服务态度 良好 贵宝地 提出 建议 西双版纳 山林 草木 众多 植被 繁茂 少数民族 居于 山野 不知 火势 猛于 常见 他们 烟头 之类 随便 丢弃 山林 更有甚者 皇宫 山上 看到 当地 民俗 表演 中有 一项 过节 高升 现在 正是 旱季 森林 防火 更是 重中之重 若因 疏于防范 酿成 大祸 国家 人民 带来 莫大 损失 当地政府 引以为鉴 我带 家人 一次 印象 非常 度假 晚餐 星期一 五买 三送 划算 八月 准备 第一 插入 无线 上网卡 接口 自动关机 第二 待机时间 宣称 长久 第三 容易 手印 套书 失败 一套 自已 拿到 里面 确实 色彩 不是 鲜艳 那种 可能 外国 文化 中国 文化 很大 差异 反正 孩子 根本 愿意 知道 其它 宝宝 反映 如何 昨天 收到 本本 电脑高手 朋友 测试软件 温度 屏幕 亮点 等等 一一 测试 得出 结论 性价比 高是 不错 本本 嘿嘿 心中 窃喜 网上 平米 实际 另外 空调 不是 凉快 于丹 看过 一本 最后 一本 浅显 导致 废话连篇 本人 推荐 大家 内存 不是 方便 操作系统 另外 硬盘 改成 格式 麻烦 估计 现在 不知 硬盘 专业 驱动 另外 奶奶 串口 到哪去 工作人员 告诉 到底 太旧 服务 一般 桑拿 那里 超级 有如 对外 经营 一样 地段 其它 单肩 不好 说明书 详细 出厂 默认 红旗 系统 完全安装 好要 进入 自带 设置 安装 光驱 安装 挑碟 适合 知识 人群 认识 叶永烈 小时候 十万个 为什么 记得 好多 文章 右下角 署名 叶永烈 当时 崇拜 为什么 知道 从那以后 总是 似有 关注 这位 平易近人 作家 这次 叶永烈 世界 系列 真是 华丽 辞藻 语言 堆砌 一切都是 一如既往 平实 贴近生活 平实 语言 笔法 不知不觉 领略到 真正 真实 异国 风情 值得 推荐 太热 出风口 热装 不能 原版 只能 集成 驱动 作为 商务 经济 连锁 过得去 繁华 区域 这个 价钱 过得去 其他 同样 价钱 提供 更好 服务 设施 相形 见拙 设施 管理水平 不高 导致 整洁 不尽人意 本身 设计 清爽 干净 浴室 设施 卫生 平庸 来到 品牌 失望 类型 按照 水准 高低 进行 排序 锦江 之星 宜家 莫泰 宜家 莫泰 之间 还有 省略号 就是说 里面 若干 知道 久悦 台面 考虑 锦江 宜家 品牌 做到 品牌 保证 效果 补充 点评 年月日 空调 漏水 严重 自来水 似的 早上 立即 空调 然后 接水装 半壶 性价比 不用说 配置 正常 工作 娱乐 电影 玩些 游戏 键盘 亮点 击键 幅度 没什么 声音 打字 手感 不错 不过 键盘 容易 进灰 建议 宏友们 买个 键盘 现在 已经 专用 加元 送条 内存 不错 便宜 摄像头 蓝牙 非常 实用性 价比高 速度 屏幕 玩游戏 键盘 特点 台式机 特别 喜欢 同学 羡慕 自称 实际上 顶多 贵宾楼 好房 干净 夜景 不错 不错 早餐 不错 海边 商业区 距离 服务 满意度 有些 距离 商务 全黑 镁铝合金 外壳 很大 无论 商用 办公 家用 配置 方面 除了 显卡 集成 其它 配置 主流 当然 集成 显卡 魔兽 游戏 游忍 有余 市场 有太多 关于 股市 大部分 扔掉 一本 放在 书架上 将来 教育 子女 孩子 告诉 中国 股市 曾经 走过 岁月 那段 惊涛骇浪 历史 书里 很多 资本运作 案例 现在 受到 监管 原因 很多 运作 已经 不能 实现 一部分 市场 运作 特别 市场 很多 水下 幕后 真的 当年 如此 起家 受益 感谢 老雾 老雾 总裁 韦小宝 黑金 不错 强烈推荐 日本 客人 五星级 这个 价位 便宜 至于 环境 服务设施 应该 不错 宾馆 本身 不错 餐厅 服务 相当 到位 宾馆 位置 不太好 周围 不太好 整体 不错 键盘 真的 喜欢 一直 苹果 这个 键盘 有些 本本 手感 用惯 其他 可能 习惯 时间 喜欢 简洁 现代 屏幕 真的 不赖 摄像头 摄取 范围 较小仅 头像 华硕 客服 咨询 摄像头 驱动 烦请 哪位 前辈 驱动 不吝 分享 下载 链接 先谢 看到 网上 如此 买下 哪里 想到 根本 值得一看 说实话 自我 吹捧 不知 以前 童鞋 出于 目的 如此 简直 这家 非常 满意 原因 第一 结帐 时拒 开发票 服务员 开发票 必须 四元 不然 严厉 斥责 他们 公然 逃税 她们 无话可说 最终 一元 发票 火车 不然 一定 追究 到底 第二 楼梯 必须 走上 非常 三星 他们 牌照 回答 没发 下来 第三 饮水器 非常 水桶 拆下来 半天 里面 一台 指纹 收集器 重量 差不多 赶上 不过 续航 时间 接受 多点 触摸板 有时候 反应 滞后 新兴 主要 看重 地理位置 机场 大巴 门口 西站 出门 逛街 地铁 紧挨 城乡 贸易中心 翠微 由于 普通 标间 豪华 标间 出太大 差别 临街 双层 玻璃 晚上 睡觉 安静 服务员 态度 不错 临走 以为 朋友 火车票 退房 西站 打电话 客户 中心 询问 热心 帮助 寻找 最后 虚惊一场 这点 感谢 服务员 不错 其他 宾馆 相比 价钱 稍贵 其他 卫生 环境 服务 不错 小心 上策 两本 办理 退货 麻烦 同学 操作系统 操作系统 几乎 拿到 对于 新手 来说 这是 相当 痛苦 漫长 过程 功能 默认 打开 设置 无法 正常 安装 光盘 驱动 版本 不全 出风口 温度 不过 独显 本子 大都 位置 一般 服务 不错 价格 偏高 周围环境 晚上 容易 入睡 书中 静电 防护 接地 详细 介绍 常用 测量 工具 详细 说明 专业书 电子行业 重要 工序 之一 焊接 详尽 讲解 包括 手工 焊接 浸焊 波峰焊 再流 电子束 焊对 焊接 质量标准 说明 工艺 介绍 说明 确实 不错 题目 电子产品 装配 技能 装配 所有 工序 详细 介绍 电子 工厂 员工 技术人员 不失为 一本 有用 知识 系统 参考 网上 介绍 实际 却是 另一番 现象 交通 非常 不便 晚上 除非 包车 否则 根本 没法 出行 另外 性质 居家 服务态度 服务质量 一般 周围环境 传说 诗意 体验 农村 生活 的话 一住 否则 考虑 阳朔 街上 一带 住宿 通过 无意 网上 看到 阅读 分享 这个 至大 秘密 发自内心 感到 幸福 感恩 感谢 机缘 能够 读到 明白 很多 真相 道理 从前 更加 清醒 更加 能量 信心 意识 好书 人生 多么 重要 之前 读书 方面 不明 未尝 好书 滋味 意义 真心 推荐 大家 精读 细读 反复 研读 命运 定会 改变 改变 一起 加油 特殊 年代 一段 刻骨 爱恋 一种 压抑 山楂树 不单 只是 四月 初去 深圳 我订 豪华 套房 开始 网上 新装修 照片 吸引 入住 发现 根本 不是 那样 除了 大塘 装修 楼层 样子 完全 装修 八百多 房费 简直 浪费 下次 不会 做工 中下层 本本 垫脚 只有 四只 手指 掌托下 下去 本本 底部 发热 严重 帮别人 折腾 说明 预装 外包装 产品 配置 图标 被刻 本人 拿到 迫不及待 一口气 实用 文中 提到 自制 豆浆 养颜 道理 上周 店里 一只 豆浆机 每天 喝上 一大 几个 痛经 小秘方 本人 试用 效果 不错 呵呵 总之 不错 当当 三本 医学 这本 最差 江湖骗子 语言 可读性 推荐 健康 方法 更是 匪夷所思 本人 不敢 尝试 看看 当当 销售 排行榜 上当 不是 我要 屏幕 下方 一小 区域 反光 可能 漏光 光驱 办法 刻录 恢复 需要 外置 光驱 很烂 三星级 阴暗 睡个 而已 马路 对面 干锅 推荐 要不是 飞机 到达 时间 点才 不会 选择 外面 飞机 声音 很大 隔音 效果 很差 一般 晚上 骚扰电话 下次 不会 选择 既然 朗读 手册 应该 一本 朗读 孩子 书吧 翻开 知道 原来 全书 围绕 大声 孩子 读书 这个 废话 只有 最后 几页 孩子 推荐 书目 列表 用处 总结 这是 一本 毫无价值 标题 垃圾 当当 物有所值 暮光 之城 系列 最后 最厚 一本 好久 终于 等到 人物 内心世界 刻画 精微 最后 大决战 部分 要是 看过 金庸 决战 靠着 贝拉 超能力 基本 怎么 动手 相信 很多 一样 唯恐天下 希望 看到 精彩 对决 意犹未尽 还有 线索 人物 细说 知道 不想 继续下去 希望 继续 看到 系列 故事 喜欢 开始 试试 心态 买下 喜欢 封面 简介 一点点 确定 是否 能够 喜欢 实际上 很快 这个 故事 看似 荒谬 理由 想法 所有人 感到 惊异 不解 情况 依然 执拗 认定 异想天开 妻子 爱情 羡慕 笔墨 不是 着重 介绍 他们 爱情 字里行间 洋溢着 妻子 喜欢 叙事 手法 开始 可能 习惯 很快 适应 喜爱 性价比 太差 严重 复合 所谓 标准 周围 环境空气 较差 麻烦 空调 系统 冷气 夹杂 浓重 烟味 开窗 简直 没法 生存 拿到 里面 疤痕 不过 影响 不大 不管 机器 预装 简单 图形界面 只能 重装系统 还有 价格 优势 是因为 先前 电视 有券 这儿 舒适 服务 良好 大厅 明亮 整洁 一直 以为 了解 女性 思想 看过 张小娴 散文 之后 发现 女人 真的 一无所知 尤其 对于 爱情 现在 女人 以为 了解 看过 之后 发现 曾经 很多 错事 伤害 多次 现在 已经 身边 为了 真正 了解 也好 为了 不再 别的 女人 身上 同样 错误 也好 认认真真 读完 希望 知道 真的 认识 改悔 即使 再也 机会 一起 对不起 我爱你 上周 两晚 本来 想住 飞订 没房 推荐 这家 服务 真的 不错 还有 水果 阎蕾 小姐 亲自 打电话 问候 每年 潍坊 七八次 这地 常住 朋友 厦门 游玩 听说 这家 市政府 中心 交通 便利 于是 选择 入住 这家 机场 的士 直达 店门口 需要 分钟 左右 下车 值班 经理 行李 马上 前来 帮忙 贴心 慰问 后来 得知 来意 交代 前台 接待员 安排 同一 楼层 满意 整体 来说 服务 热情 干净 整齐 入住 赠送 欢迎 果篮 房间内 还有 免费 宽带 上网 游泳池 康乐 设施 不错 这里 自助 早餐 丰富 而言 物有所值 一出 门口 车站 周围 厦门 各种 出名 小吃店 西餐厅 不少 还有 特色 商业街 银行 中心 附近 不远处 购物 非常 方便 厦门 游玩 这家 不错 选择 看到 其他 适合 以下 孩子 儿子 进门 决定 送人 小儿科 幼儿园 大班 孩子 浅显 设施 标准差 个人 认为 设施 至多 达到 颗星 足以 匹配 由于 原因 白天 几乎 必须 开灯 弥漫 一股 潮湿 发霉 气味 房屋 隔音 很差 早就 过往 客人 嘲杂 声音 吵得 不能 好好 睡个 懒觉 十月 二日 入住 前台 小姐 态度 冷淡 三楼 标房 电梯 走廊 闷热 空调 房间内 设备陈旧 吹风机 招待所 标准 哪是 三星级 宾馆 晚上 吃了饭 宾馆 左右 宾馆 关门 服务 人员 开门 晕死 这个 服务 还收 房费 建议 天目湖 游人 选择 这个 宾馆 物不所值 会展中心 参展 这家 理想 打车 沿着 金水路 一直 下去 会展中心 老外 比较满意 自然 价格 稍微 有些 美中不足 早餐 大堂 下沉 空间 烹炸 味道 充溢 大堂 可能 有些 不在乎 不大 喜欢 那种 味道 要是 改善 一下 通风 的话 应该 更好 补充 点评 年月日 他们 饭店 有座 专车 可租 机场 的话 人多 行李 应该 两辆 出租 舒服 实惠 侃价 呵呵 附加 一句 无关 的话 郑州 机场 出租 这家 饭店 饭店 机场 只花 整整 一倍 提醒 大家 一定 小心 非常 不错 非常 不错 非常 不错 非常 不错 非常 不错 非常 不错 非常 不错 非常 不错 非常 不错 非常 不错 打车 发现 门面 特别 不起眼 前台 办手续 发现 态度 特别 服务 标兵 牌子 一点 一般 第二天 中午 下午 四点 飞机 因此 商量 能否 退房 时间 稍微 延迟 二十分钟 左右 答复 一分 不行 超过 一分钟 就算 半天 口气 友好 敬告 各位 不要 晚上 空调 上网 一会 信号 一会 早饭 一般般 价格 我定 最差 宾馆 补充 点评 年月日 最多 两星 过去 招待所 一直 喜欢 林夕 歌词 有些 歌是 慢慢 成长 看到 毫不犹豫 几年 由于 个人 原因 一段 时期 感到 非常 迷茫 困惑 相交多年 一位 朋友 曾经 一直 开导 好象 所说 不是 理解 接受 几年 今天 阅读 一些 似曾相识 观点 内心 豁然开朗 之前 困惑 终于 解开 仿佛 一股 清凉 泉水 注入 心田 仿佛 一支 来自 心灵深处 声音 产生共鸣 性价比 配置 玩玩 现在 终于 抛弃 以前 服务 很差 送货 发票 数额 送货员 直接 当当 负责 上次 出差 套房 以下几点 感受 装修 一般 好像 卫星 电视节目 晚上 早餐 极其 一般 就餐 环境 食堂 附近 设施 装修 整体 特别 不好 正门 不了 不让 服务 人员 协助 停车 哪里 像是 五星 服务 水准 卫生状况 不是 理想 备品 像是 五星级 比如 牙刷 根本就是 劣质 产品 整体 软性 服务 需要 提升 看得出 管理 一般 饭店 服务 有员 整体素质 一般 地理位置 市中心 方便 服务 早餐 品种 丰富 可口 商务 数码 速度 宽带 速度 令人满意 以后 南京 前面 不错 选择 这家 很多 国贸 性价比 一家 大厅 豪华 不错 设施 服务 只能 刚刚 达到 标准 郑州 这个 这个 价位 属于 很贵 看到 里面 宣传 小册子 只有 好像 大清 肯定 差不多 早餐 欢迎 水果 免费 桑拿 免费 按摩 赠送 相比 好像 吸引力 地说 补充 点评 年月日 想到 早餐 补充 一下 一百元 一人 真是 不值 没什么 好吃 非常 一般 很脏 上网 还要 收费 好象 小时 极度 不爽 市内 一点很多 便宜 以后 不会 再住 这个 名不副实 建议 不要 这类 登入 有损 名誉 宾馆 反馈 年月日 非常 感谢您 意见 对此 非常重视 特意 针对 此事 召开 紧急会议 作出 相关 处理 针对 客人 提出 较脏 经过 调查 客人 入住 洗手间 门口 地毯 确实 污垢 相关 部门 人员 做出 处罚 关于 上网 收费 信息 携程网 明显 公布 收费 标准 为元 小时 另外 准备 部分 楼层 改为 商务 楼层 届时 应该 满足 商务 客人 需求 周围环境 设施 陈旧 服务员 懒散 餐厅 方便 路线 复杂 早餐 选择 种类 遇到 最差 进门 没人管 进去 大堂 打招呼 退房 很慢 不会 既然 热心 一些 试读 帮纳 兰大 大发 一些 推荐 性价比 配置 除了 神舟 其他 牌子 很难 做到 本来 上周 受到 没法 发现 订单 完成 今天 才能 受不了 错过 积分 套书 题目 吸引 孩子 爸爸 工作 很少 爸爸 有空 读来 增进 他们 之间 感情 第一 爸爸 宝宝 一起 分享 故事 喜悦 宝宝 非常 开心 第二 丰富 很多 生活 常识 语言 优美 易懂 现在 每晚 一家人 书上 介绍 一些 游戏 快乐 游戏 宝宝 学会 一些 需要 能力 回复 查看 其他 用户 举报 对此 进行 投票 本职工作 起来 不错 待机时间 满意 系统 起来 新鲜 做工 预期 一样 尽管 四星 宾馆 这里 服务员 不会 不知 何原因 早餐 差劲 不说 冰冷 馒头 要求 打热 一下 遭到 拒绝服务 太差 四星 标准 根本 不符 走廊 地毯 非常 舒服 服务员 服务 周到 态度 管理 到位 一层 自助 早餐 品种 有些 单调 不过 晚上 露天 啤酒节 凉爽 风吹 喝点 特别 舒服 主要 卫生 一天 衣服 看到 衣服 女孩 一本 长安 红袖 拿来 两页 文章 很美 懒得 书店 于是 想到 朋友 曾经 推荐 试着 订购 一下 很快 到货 包装 非常 不错 分门别类 介绍 一下 历史 那些 奇女子 有关 诗句 有些 诗句 以前 读过 琅琅上口 了解 相关 背景 加深 那些 美诗 美句 理解 非常 值得 收藏 细读 纳兰 词会 发现 豪放 外放 风骨 忧伤 内敛 精魂 纳兰容若 清代 第一 词人 权相 之子 御前 侍卫 这个 名字 清词 高贵 男子 看似 拥有 世间 一切 半生 襟抱 未开 情路 坎坷 最重 情之人 于是 贞观 家家 争唱 饮水 词纳兰 心事 几人知 感叹 三十一年 短暂 人生 本身 一首 清丽 高华 哀伤 入骨 绝世 艳词 正如 所评 纳兰容若 一生 恰如 三月 味道 好重 本来 华天 世纪 他们 生意 太好 了丽晶 好久没 人住 霉味 好大住 两天 柳州 肯定 不住 这家 宾馆 反馈 年月日 提出 意见 进行 改进 设有 无烟 楼层 推出 奢华 新装 商务 行政 客房 一定 不会 失望 知道 不是 合格 妈妈 儿子 现在 六岁 大约 两个 突然 一天 告诉 看到 恶心 小鸡鸡 反映 所说 恶心 男女 亲密 行为 当时 不知 怎么 帮助 于是 开始 网上 搜索 儿童性 教育 方面 知识 终于 找到 这里 感谢 胡萍 老师 由于 坚持 问世 已经 受益匪浅 恶劣 报价 根本 清楚 主楼 东楼 以为 四星级 之后 东楼 东楼 设施 根本 谈不上 星级 不如 普通 旅馆 极其 简陋 电梯 摆明 挂羊头卖狗肉 欺骗 早餐 难吃 散热 相当 简单 附送 垃圾 软件 屏幕 呵呵 样子 商务 按键 还好 看过 讲座 看看 大失所望 想不到 为什么 多人 追捧 简单 深度 另一方面 反映 大众 传统 经典 陌生 初中 看过 魔星 高照 这个 人帅帅 魔术 变得 特别 奇怪 怎么 内地 不是 出名 还好 春晚 现在 看到 称奇 魔术 越来越 感兴趣 本人 喜好 第一次 网上 购书 有些 担心 看到 真的 版面 精细 任何 破损 不用说 喜欢 刘谦 喜欢 魔术 应该 就要 真的 不错 朋友 比较满意 交通 非常 拥堵 每次 进出 要花费 很长 时间 外观 漂亮 功能 指示灯 好看 价格 中关村 划算 一些 女孩子 适合 电影 音乐 音效 收到 之后 第一 脏脏 随手 几页 发现 里面 竟有 破损 纸张 页面 还有 漆黑 脚印 当当 工作人员 发书时 难道 确认 好看 喜欢 小林 宗作 先生 电车 教室 大树 奇怪 上课 方式 味道 味道 学园 情不自禁 发出 笑声 阵阵 伤感 感动 印象 最深 校长 先生 竟然 耐心 小豆豆 小时 话语 看到 小豆豆 那样 一句 弄完 以后 这些 回去 遗憾 校长 小林 宗作 先生 已逝 喜欢 小林 宗作 先生 喜欢 学园 可能 心片 缘故 跑不了 版本 只有 一键 没用 菜鸟 的话 麻烦 可能 要常要 系统 朋友 他家 小朋友 应该 喜欢 纸张 质量 相比 城里 差点 不过 价格 便宜 还要 提出 好久 快递 速度 真的 咋样 装修 气味 很浓 一般 星有 不少 差距 入住 期间 居然 空调 热得 要死 刚好 向阳 期间 几次 电话 最后 同价 升级成 单人 套房 郁闷 心情 总算 好点 卫浴 太旧 不爽 总之 感觉不好 下次 不会 网上 才定 总结 优点 一是 交通 便利 交通 便利 别的 确实 差点 环境 不说 要求 本来 不高 入住 三楼 发现 外面 通风管道 嗡嗡 一夜 入住 同志 千万别 三层 设施 相对 老化 属于 五星 老年 需要 重新 装修 基本 通风 采光 憋屈 总之 我加 好多 银子 不爽 后悔 今天 香港 回来 地理位置 潮湿 洗澡水 不热 不能容忍 电视信号 错过 欧洲杯 比赛 电视 等同于 很烂 旅馆 应该 价格 做出 很大 让步 遗憾 原价 以后 绝对 不会 再次 入住 此家 宾馆 宾馆 反馈 年月日 先生 您好 为了 提供 电视频道 徐家汇 月底 安装 电视 正好 调试 阶段 入住 抱歉 错过 欧洲杯 现在 电视 已经 安装 完毕 看到 频道 以及 凤凰卫视 卫星频道 还有 各种 影视剧 点拨 功能 由于 安装 电视 错过 欧洲杯 再次 道歉 希望 今后 入住 符合 美国 风格 严格控制 成本 所有 设施 过于 简陋 霉暗 晦涩 睡床 糟糕 床单 不洁 下次 决不再 尝试 宾馆 反馈 年月日 尊敬 宾客 感谢您 入住 同时 感谢您 酒点 提出 意见 前段时间 苏城 梅雨季节 霉暗 晦涩 客人 提供 一张 舒适 干净 责任 激励 更好 年月日 更名 星程 按照 星程 连锁 标准 进行 装修 客房 服务 进行 全面 升级 努力 全新 面貌 赢得 最大 满意 希望 再次 入住 时会 一样 体会 本来 想订 不是 这家 看到 这家 每条 点评 回馈 服务 不错 就订 对于 自驾 熟悉 苏州 来说 这个 不太好 一个多 小时 几次 电话 找到 下雨 服务生 主动 出来 第一印象 不错 发现 惊人 衣橱 卫生间 走廊 知道 有没有 平方 尚算 苗条 转个 碰到 可想而知 小成 啥样 要求 安静 窗外 美食街 饭店 后门 脏乱差 尽收眼底 难怪 母亲 怎么 愿意 那条 吃饭 电视机 很小 频道 很少 几个 凤凰卫视 国内 有线 几乎 选择 布置 用品 确实 不错 这些 这点 房价 第二天 发生 愉快 点多 餐厅 早餐 当时 一家 在内 个人 早餐 品种 本来 除了 面包 馒头 其它 几乎 服务生 反应 很久 加个 继续 保持 一半 品种 状况 开始 以为 厨房 来不及 后来 看到 倒光 牛奶 橙汁 厨房 回来 只加 大概 倒杯 这个 小家子气 当时 已经 用餐 时间 只是 他们 承诺 供应 时间 一半 结帐 检查 阿姨 总台 有条 毛巾 搞脏 洗不掉 总台 意思 就要 开价 毛巾 确实 前一天 孩子 苏州 乐园 玩时 地上 弄脏了 洗起来 麻烦 绝不 洗不掉 是否 洗过 确定 洗不掉 回说 清水 真是 知道 该气 那个 清洁 阿姨 为什么 不用 洗衣粉 居然 理直 气状 洗衣房 洗衣房 这里 任何 洗涤 用品 实在 不想 脑筋 不太 清楚 直接 主管 出来 拿些 厨房 洗洁精 随便 洗洁精 原来 白色 出来 那个 主管 正常 白色 色差 报废 洗衣房 要加 等等 看看 时间 已经 耽误 半个 小时 一家人 不想 他们 承担 洗涤 主管 居然 开出 高价 大约 等同于 水洗 毛巾 想着 离开 计较 价格 谁知 主管 居然 所谓 大度 态度 总台 算了 就让 他们 赔块 实在 听得 一天 心情 破坏 看来 现在 价廉物美 这个 词是 没什么 性价比 物超所值 正点 小键盘 用处 不错 大屏幕 适合 女孩子 使用 看久 不累 送过来 其他 好好 塑料 封皮 一本 活着 不但 外套 皱皱巴巴 蹂躏 不成 样子 影响 阅读 心情 位置 地铁站 很近 服务 价钱 公道 大厅 经理 副理 机器 散热 样子 死板 键盘 按键 不怎么 舒服 硬硬 没点 手感 触摸板 好像 散热 一样 第一 降价 太快 降价 怎么 这么 厚道 降价 过些 第二 无法 更换 系统 更换 启动 不了 官方 提供 驱动 全有 很多 硬件 无法 识别 办法 更换 位置 偏僻 环境 清净 交通 方便 周边 就餐 选择 浴场 海水 中有 水草 太浅 不太 理想 水上运动 中心 基地 进行 帆板 运动 亮点 酒店设施 陈旧 简陋 清洁 一般 面积 足够 早餐 不好 糟糕 本人 旅行团 人较 接待 能力 不足 甚至 早餐 简单 冲洗 重复使用 非常 卫生 夫人 当即 拒绝 早餐 表示 立即 退房 本来 预订 另外 晚上 加个 枕头 还要 收取 清洗 以前 遇到 昨天晚上 此书 揭开 猎头 神秘 面纱 猎头 运作 展现 人们 面前 小说 形式 猎头 工作 展现 开来 期间 穿插 有关 猎头 叙述 受益匪浅 主人公 极富 正义感 信守 承诺 优秀 才华 人物 看穿 世事 虚浮 寻找 一片 宁静 内心世界 故事 结尾 未免 过于 伤感 失去 至亲至爱 表现 出来 最最 脆弱 一面 仿佛 感受 撕心裂肺 伤痛 期待 出版 小小的 过份 所谓 可供 上网 台子 笔记本电脑 放不下 差点 摔破 杯子 期间 通过 预订 赠送 精美 钥匙扣 钥匙扣 哪里 好像 没送 早餐时间 时分 要求 餐厅 煎蛋 服务生 煎个 鸡蛋 回答 今天 煎蛋 结束 为何 服务生 告之 没蛋 还有 二十分钟 早餐 结束 为何 没蛋 仅仅 鸡蛋 当时 他们 经理 算了吧 这里 失望 下次 不去 预装 系统 原版 技术员 安装 盗版 系统 花掉 安装 调试 大洋 心里 不爽 他们 不能 安装 郁闷 一阵子 此书 算是 一本 论文 合集 对于 中国 古代 甲胄 介绍 尤其 详细 包括 原始社会 宋朝 里面 各代 甲胄 特点 材料 制作 工艺 介绍 十分 具体 并且 配有 表格 清晰 线描 图令 受益匪浅 对于 武库 胡床 考古 发现 第一次 看到 新鲜 总算 明白 胡床 什么样 可惜 对于 兵刃 介绍 不够 不失为 一本 丰富 好书 驱动 难搞 最后 找齐 可惜 声卡 一直 不大好 驱动 几个 有破音 现象 其实 不得不 一句 这个 宣传 标语 纯爱 感动 比起 现在 其他 言情 好太多 看过 言情 里面 少数 几本 直接 很多 有些 直接 翻过去 我要 申明 以点 以前 那些 开头 兴趣 很多 连分 之一 看到 直接 结局 之所以 跳过 原因 他们 阴谋 揭穿 看起来 伤人 直接 只能 接口 鼠标 系统 貌似 麻烦 朋友 帮忙 小巧 轻便 性价比 突出 礼品 实用 当然 除了 瑞星 以外 产品 机器 价格 不错 机器 价格 不错 机器 价格 不错 机器 价格 不错 机器 价格 不错 机器 价格 不错 人物 风格 小丸子 缺少 作为 漫画 应该 夸张 或是 幽默 插图 小学生 日记 很难 引起共鸣 前台 餐厅 服务 太差 早餐 不能 签单 霉味 骚扰电话 太小 周围 全是 装饰 市场 环境 太乱 另外 哈尔滨 朋友 注意 机场 市区 出租车 计价器 全有 显示 价格 一般 高元 实际 正常 应该 左右 过路费 这个 反映 强烈 人管 只要 注意 砍价 性价比 相当 买回来 直接 系统 非常 完美 驱动 开头 琐碎 特别 人物 繁多 不过 每次 学校 一下子 认识 很多 同学 一样 人生 其实 产生 重大意义 一两个 有些 直接 忽略 图书馆 张爱玲 传记 参照 读过 以后 确实 自传 有人 想读 部分 炒得 只能 文学家 就算 非常 含蓄 内敛 富于 想象 阴暗 异味 总之 非常 失望 肯定 不会 适合 三岁 小孩子 儿子 已经 从会 听到 现在 绘声绘色 不错 内存 太小 点面 钢琴 容易 弄脏了 可取 系统 麻烦 很多年 对于 官场 潜规则 总是 有些 认识 困惑 并且 迷茫 看到 如此 容易 理所应当 正义 某些 遭遇 很多 阻力 于是 糊涂 现在 真的 清楚 看到 这些 阻力 潜规则 存在 很多 小人 上去 无非 迎合 那些 潜规则 利益 透心 寒冷 不过 也好 有些 透彻 寒冷 好过 糊里糊涂 网上 一间 迷你 温馨 双床 打开 四楼 第一间 突入 其来 一股 扑鼻 烟味 迷你 温馨 致电 服务台 要求 换房 五楼 服务员 回来 开门 分钟 没人来 只好 总台 钥匙 第二间 还好 烟味 旧旧 不如 一般 三星 宾馆 晚上 电视 实在 太小 正面 不了 桌子 结帐 居然 他们 抗菌 毛巾 剃须刀 毛巾 撕开 正面 完好 幸好 两位 女性 剃须刀 干吗 折腾 一个多 小时 服务员 大夫 解释 半天 没有碰过 终于 免单 浪费 不少 时间 知道 这家 平时 怎么 管理 交班 除了 总台 态度 不错 以外 再也不会 这么 糟糕 电话 预定 告诉 我离 春熙路 分钟 走路 其实 足足 两站 公交车 分钟 差不多 麻烦 选择 法文 键盘 输入 正确 测试 内存 频率 是不是 知道 是不是 软件 原因 服务 不错 餐饮 重新 装修 补充 点评 年月日 不如 鸳飞 大酒店 安庆 宾馆 确实 不错 舒服 存在 缺点 优点 环境 安静 每天 水果 空调 已经 开启 进入 非常 舒服 较大 舒服 缺点 窗户 不能 上锁 不够 安全 电梯 早餐 点半前 过点 没什么 结帐 较慢 来说 不错 下次 应该 反思 时间 无法 停留 可能 倒流 幸好 反思 总结 希望 一直 中国 教育 很大 学生 老师 学校 似乎 似乎 不是 于是 高屋建瓴 一句 制度 放之四海而皆准 对于 说法 一向 敬而远之 制度 在我看来 不啻 一种 借口 制度 制度 不是 左右 于是 不是 来看 不太 接受 好看 当年 飞龙 全传 升级 行政 楼层 很大 舒服 很大 落地 窗户 以为 坐九铁 真得 十分 方便 到达 意外 香港 还有 这么 系统 感觉不好 用换 非常 麻烦 不是 了解 推荐 不要 安装 本人 研究 半天 终于 换成 非常 成就感 非常 非常 喜欢 两遍 并且 推荐 很多 朋友 还有 老公 完后 有种 豁然开朗 对于 生活 遇到 许多 难缠 给出 简单 可行 建议 意见建议 时间 管理混乱 朋友 读读 建议 时间 不够 朋友 读读 建议 立志 并且 无法 立长志 朋友 读读 自我感觉 受益匪浅 我刚 拿到 仔细阅读 粗粗 里面 蓝黑 两种 颜色 有些 单词 下面 还会 历年 考到 题目 加深 印象 不错 不是 舒服 光盘 中间 光盘 那个 封面 固定 中间 容易 拆下来 光盘 出来 封面 留在 的话 对于 来说 中间 我会 顺手 整体 版面 看着 舒服 性价比 高用 券后 入手 系统 听说 麻烦 直接 拿到 城里 装块 搞定 不过 好像 有个 亮点 系统 装会 头痛 买回来 发现 不能 上网 有线 无线 不行 服务 电话 网络 工程师 发现 网卡 原装 系统 超慢 容易 死机 系统 驱动 却装 不了 麻烦 后面 售后服务 简直 人性化 多年 食品 添加剂 行业 工作 经验 曾经 立志 成为 食品 添加剂 之神 食品 添加剂 行业 视为 出来 应该 相当 水准 这是 不用 怀疑 很多 可能 认为 该书 天书 一样 晦涩 难懂 其中 必然 涉及 食品 添加剂 领域 术语 一路 走来 却是 轻松 异常 通俗易懂 时间 基本上 大概 姑且 称之为 一本 科普读物 位置 设施 不错 价格 隔音 太差 隔壁 晚上 技术 区里 唯一 四星级 外观 不起眼 服务 不错 尤其 材质 不错 弄个 螺丝刀 打开 后盖 最后 成都 服务站 他们 帮忙 内存 免费 分区 一键 恢复 破坏 满意 加上 速度 还行 高清 电影 效果 不错 游戏 怎么 不是 博客 博客 不用 买书 一点 写书 概念 纯粹 博客 过来 威海 合庆 饭店 服务 特别 周到 特别 人性化 服务 走南闯北 很多 从来 家象 威海 合庆 饭店 体贴 周到 服务 建议 旅游 道里区 这个 太远 交通 方便 客房 新装修 浴室 小且 异味 白天 水温 不热 价格比 价格 便宜 拿下 不过 服务态度 不错 做工 差强人意 打开 屏幕 摄像头 居然 会响 面板 进去 勉强 接受 影响 使用 触摸板 实在 太过 灵敏 音质 一般 驱动 一般 不送 鼠标 安装 系统 不认 硬盘 上网 茄子 马上 呵呵 分钟 系统 搞定 呵呵 观点 不太 客观 太过 现实 不太 符合 成熟 女性 人生观 不太 喜欢 失望 地理位置 优越 客房 经过 新装修 舒适 安静 服务员 服务 相当 热情 他们 商务酒店 附近 几家 宾馆酒店 算是 性价比 最高 值得 推荐 朋友 下次 北京 这里 补充 点评 年月日 他们 设施 不错 尤其 宽带 上网 速度 很快 卫浴 科勒 不错 液晶电视 收视 效果 不错 这次 北京 出差 由于 出行 方便 事情 办得 顺利 有些 不足 门口 标志 不太 醒目 不过 听说 他们 写字楼 整体 标识 容易 找到 这次 元旦 期间 入住 装修 不是 干净 想象 当中 正好 面对 门口 风景 不错 不能 开窗 空调 不是太好 入住 退房 快离 地铁 门口 公交 或者 起步价 即可 沙田 火车站 轨道交通 早餐 难吃 附近 很多 餐馆 实惠 附近 还有 屈臣氏 便利店 买点 日用品 或者 零食 饮料 方便 考虑 性价比 今后 可能 这里 散热 不是 不过 散热器 用到 天热 怎么样 之前 两位 写得 那段 史实 之后 限于 国内 档案 公开 原因 国外 中文 互联网 第二次 明显 不如 以前 看来 管理 不够 包装 漂亮 失望 冲着 庄子 原先 看原 有些 明白 真正 悟出 其中 道理 原以为 看于 心得 有所 启发 发现 心得 所悟 还要 敷浅 失望 本人 说不出 深刻 道理 对于 深入 了解 庄子 一点 帮助 终于 结束 一切 迷题 解开 无论是 或是 这篇 增加 许多 玄幻 里面 的话 说虐 这么久 结束 不然 实在 对不起 观众 知错 能改 善莫大焉 意思 呼呼 就让 一切 重新 开始 承着 彼此 心中 眷念 展开 历程 从此 眼前 只有 背后 总后 品牌 价格便宜 配置 还好 屏幕 看起来 舒服 外观设计 独特 还好 性价比 不错 方面 均衡 这个 价位 配置 比较满意 玩玩 一般 游戏 绰绰有余 哈哈哈 硬盘 时常 咔响 担心 机器 使用 底部 有些 发热 外壳 容易 指纹 贴膜 费劲 建议 买版 文采 真的 不错 人品 世界 之大 无奇不有 看来 动物性 一面 老板 一直 用系类 老板 需要 不是 很贵 小本 马上 推荐 读纪 图书 几乎 本本 当时 犹豫 拿到 淡雅 封面 几片 薄荷糖 心中 窃笑 怎么 不画 几片 薄荷 不是 贴切 阅读 之后 发现 封面设计 确实 贴切 薄荷 清香 余味 甘甜 正是 知敏 爱情 知敏 坚强 知敏 通过 努力 奋斗 获得 幸福 与此同时 阅读 获得 幸福 一本 好书 几天 幸福 阅读 时光 读完 暖洋洋 舒服 呼市 出差 入住 金辉 设施 相关 条件 左右 房价 中算 不错 服务员 态度 估计 工行 下属 关系 那些 乱七八糟 骚扰电话 满意 地理位置 极佳 餐饮 购物 银行 景点 全离 下次 呼市 还会 选择 这里 补充 点评 年月日 金辉 自助餐 一位 菜品 冷热 主食 大概 左右 价格 全理 餐厅 点菜 以上 用餐 选择 点菜 菜价 不算 贵菜量 相当 服气 塔木德 恰恰 一本 在生活中 践行 经典 传承 几千年 简单 值得 仔细 品读 才能 精华 尼亚 译本 目前 国内 符合 原著 精神 简易 毕竟 塔木德 浩瀚 今天 收到 此书 兴奋 虽读 那时 未必 理解 其中 真理 今日 更加 欢喜 爱书 朋友 不要 犹豫 按照 网上 推荐 一样 梅拉 神奇 校车 忙忙碌碌 青蛙 弗洛 成长 故事 几本书 一读 宝宝 一听 不好 可能 引导 宝宝 方法 失望 套书 宝宝 一看 喜欢 不得了 一个劲 妈妈 我要 故事 青蛙 故事 每个 故事 还有 回答 宝宝 很感兴趣 终于 网上 购书 找到 信心 环境 非常 服务 到位 公司 韩国 喜欢 这家 三星级 大堂 零星 三星级 卫生 早餐 尚可 内存 小跑 起来 慢刚 到手 便宜 鼠标 杀毒软件 不降 蚊子 一大 電話 一大堆 洗腳 有問 小姐 服務 野雞 真的 改進 下午 五一节 期间 快递 送货 今天 收到 过个 节过 干净 设施 家具 稍微 有些 商务 楼层 前台 不错 不过 清洁工 一般 时间 长好 几次 放新 拖鞋 不过 星里 他家 价位 算是 黯然泪下 不是 为了 查理 是因为 查理 小托 兄弟 情深 感动 小托 决定 战场 重要 原因 无法 想象 查理 分离 痛苦 他们 这辈子 一直 生活 一起 分享 所有 事情 包括 茉莉 查理 紧要关头 宁愿 违反 军令 不曾 离开 受伤 小托 半步 最后 兄弟 不得不 分离 相信 小托 坚强 下去 答应 查理 好好 照顾 其他人 查理 一生 信守 诺言 商品 没收 价格 已经 似乎 打开 媒体播放器 时间 一直 你们 当当 拉拉 升职 不久 但书 打开 一看 发现 书中 不下 白版 无字天书 你们 你们 邮寄 怎样 以前 一张 发票 一个多月 直到现在 解决 麻烦 效率 高点 回复 入住 一直 没敢 洗澡 太冷 陈旧 设施 提供 桶装水 还单 收费 经过 老师 推荐 网上 最近 几天 着重 一下 中小型 网络系统 方案 这块 这本 好处 在于 拿过 方案 不是 蒙着 来说 而是 引导 一步 一步 顺着 逻辑 思路 一条线 这条线 哪么多 坎坷 接下来 真正 项目 设计 容易 轻松 完成 拓扑图 设计 项目 成功 结束 理论 联系 实践 实践 证实 理论 硬件 基本 不缺 缺点 根本 不够 四星级 豪华 大床 居然 只是 三楼 三楼 不少 运动 场所 还有 发廊 嘈杂 不好 半天 找到 通风 很差 窗外 一点 街景 看不见 相隔 十几米 居民楼 相对 咖啡 不少 收费 饮料 核对 一下 入住 早餐 一般 特色 以后 绝对 不住 塑料 外观 一般 做工 不怎么样 拿到 键盘 上边 翘起 还好 一下 下去 估计 装配 扣好 不然 就要 送修 很小 装修 电线 全部 裸露 外面 不是 一般 屏幕 相当 功耗 效果 内存 没什么 蓝牙 不值 几个 机子 很值 此款 机型 硬盘 除了 服务 分区 只有 分区 系列 考虑 出厂 预装 系统 做好 分区 书名 一样 非常适合 作为 第一本 英语语法 适合 完全 语法 基础 或者 语法 概念 模糊 同学 里面 说明 通俗易懂 由浅入深 印刷 精美 起来 开心 不过 这是 一本 全但 不深 语法 对于 语法 拿来 复习 同学 这本 可能 简单 推荐 一本 英语语法 新思维 系列 初中 高级 讲解 系统 详细 工具书 不错 每次 泉州 早餐 丰盛 门口 大巴车 交通 方便 大巴 中旅 习惯 很差 喜欢 市区 兜来 到处 接客 非常 耽误时间 商务 客人 最好 中心站 坐车 初为 父母 育儿 一无所知 父辈 那里 获得 传统 属于 物质 匮乏 时代 育儿 模式 需要 充电 许多 看过 之后 迎刃而解 许多 疑惑 得到 解释 孩子 已经 出现 提出 合理 解决办法 明白 孩子 身上 还有 很多 不足 既然 生他 就要 负责 比起 暗中摸索 前行 需要 一盏 指路 支灯 一名 工程 技术人员 不是 管理人员 喜欢 哈佛 商业 这倒 不是 领导 而是 方面 用以 管理 自我 时间 精力 各种 兴趣爱好 生活 紧迫感 管理 方面 却是 关于 精神 状况 态度 涉及 具体 经营 管理 身上 非常 合适 紧迫感 真正 紧迫感 虚假 紧迫感 自满 很大 帮助 启迪 现代人 好象 愿意 至少 大学生 简单 就可以看 反复 画面 简单 文字 简单 陷入 一种 迷失 状态 或者 孤单 翻翻 存在 一种 随意 不用 刻意 身边 朋友 不错 新生 可能 适合 一点 来说 个人 目前 喜欢 不过 对于 看多 文字 决得 乏味 推荐 只是 喜欢 幸福 结合 梁先生 初等数学 复习 研究 平面几何 发现 现在 市场 中学生 所学 教材 平面几何 实在 肤浅 甚至 不少 有名 重要 定理 教材 大纲 删去 或者 选学 这样一来 不少 难度 平面几何 试题 不曾 碰到 考试 不考 减负 对于 爱好 平面几何 数学 优秀生 不利 性价比 同类 本本 这款 高出 本本 朋友 赶快 出手 隔音 效果 很差 客人 九楼 晚上 四楼 一直 营业 一点 客人 反应 无法 入睡 本来 预计 三天 后来 提前 退房 开始 心情 平静 看到 中间 真的 期待 结局 有个 人生 可是 乐观 情节 越来越 多如 预感 结局 心痛 平静 最终 回归 生活 内心 爱情 看法 再次 进行 调整 身不由己 调整 生活 力量 真的 足够 巨大 巨大 平静 面对 一切 过眼云烟 眼前 期待 相差 甚远 平淡 不过 满足 平淡 真实 插槽 屏幕 视角 太小 色域 只能 凑合 转轴 塑料 偏重 开始 工地 本来 市区 施工 停工 苦苦 等到 不见 巨大 声响 无法 入睡 一天 后来 总台 总台 居然 只有 标准 爱人 宝宝 单人床 一晚 不肯 差价 模具 屏幕 边框 毛刺 天天 打开 看见 电池 真的 真的 经用 全新 充满 只能 坚持 小时 多点 本来 打算 当个 移动 台式机 音量 调解 旋钮 镜面 容易 指纹 这个 一般 甚至 不好 一点 离红门 徒步 泰山 方便 车上 泰山 方便 服务 有好有坏 第一天 凌晨 宾馆 寄存 三趟 打搅 服务员 三次 睡觉 不悦 表情 晚上 宾馆 提出 一下 公用 到些 照片 另外 服务员 用话 搪塞 高兴 其他 宾馆 公用 满足 来宾 上网 照片 需要 他们 搪塞 失望 还有 宾馆 被子 不是 干净 乱七八糟 收费 还有 避孕套 男女 洗液 搞笑 当然 这些 收费 牙刷 没敢 他们 不是 付钱 而是 不过 话说回来 泰安 宾馆 不怎么样 综合 配置 不错 键盘 触摸板 手感 不错 液晶屏 电影 效果 不错 上下 视角 重量 轻便 塑料 外壳 合上 时尚 重量 不错 键盘 手感 顺畅 单独 故事 之后 总让 惦记着 比如说 每周 下午 电视 一直 惦记着 到底 是不是 贵州 记不清 一直 惦记着 空落落 这些 儿时 回忆 书里 字迹 竟然 开始 惦念着 知道 想不起来 愿意 一直 惦念着 四个 四个 四个 现在 疏远 而是 疏远 真实 留下 最大 特点 当然 小巧 三星 作工 不用 键盘 手感 相当 开机 运行状况 安静 厉害 装真 不是 一般 麻烦 送个 内存条 负责 现在 联系 维修 不能 保修 郁闷 到手 出于 不信邪 原因 入住 之前 查阅 点评 最近 点评 已经 大半年 时间 一厢情愿 以为 酒店设施 有所改善 只能 三个 形容 差差 一次 恐怖 入宿 电梯 依旧 吓人 一股 霉味 第二天 隔壁 一百 假日 一般 介绍 价值 职场 规则 只能 一般 完全 炒作 出来 交通 方便 不是 的话 方便 尤其 早上 叫车 他们 时间 观念 客房 服务员 骗人 前台 蚂蚁 不名 小虫 以后 绝对 不会 那里 同样 宁愿 开元 来说 概括 外观 很漂亮 东券 节省 哈哈 是从 这里 得到 当地 知名度 挺高 出租车 司机 知道 大楼 顶上 高挂 民航 招牌 酒店设施 成旧 入住 小时 房间内 暖意 手试 一下 取暖器 发现 热气 于是 总台 联系 房间内 半天 除了 显著 位置 按摩 中心 电话 实在 不到 总台 客房 中心 电话 只得 下楼去 还好 电梯 碰到 客房 服务员 不久 服务员 电话 管道 老化 换间 于是 行李 搬家 房间内 设施 旧有 浴缸 淋浴 很大 舒服 毛巾 还有 破洞 早餐 各式各样 冷冰冰 很少 下午 飞机 总台 商量 可不可以 小时 退房 总台 小姑娘 把头 别说 不成 房间内 不够 热得 毛衣 才行 于是 第二天 睡觉时 一条 被子 半夜 冻醒 奇怪 去试 一下 暖气片 冰凉 只能 披上 外衣 半夜 点下 总台 总台 小姑娘 马上 小伙子 一看 警服 小姑娘 小伙子 然后 窗户 本来 就够 换间 还有 一样 房问 能否 一间 窗小 一点 服务员 脸一拉说 不行 价钱 这么 随便 换房 房时 协程 不是 紧张 信用卡 担保 不让 后来 留意 一下 其实 入住率 极低 办法 只能 换房 于是 半夜三更 收拾 所有 行李 先到 总台 房卡 然后 服务员 始终 奇怪 面容 看着 任何 欠意 表示 也许 值夜班 无聊 总算 乐子 冰凉 发现 走廊 客房 中心 电话 过去 服务员 半夜里 暖气 除了 备有 被子 还有 备用 毯子 上天 次日 起床 肠胃 冻坏 咕咕 拉肚子 等到 中午 退房 总台 显著 位置 放着 按摩 中心 广告牌 墙上 四星级 青年文明 吉林省 优秀 服务 单位 招牌 不由得 长叹一声 肯定 一家 民航 系统 国营 服务 意识 基本上 停留 举目无亲 感激涕零 文革 时代 对于 国营 国家旅游局 向来 有颗 水份 其实 开始 天涯 看到 帖子 马上 文章 吸引住 尤其 看到 一帮 医术 高超 朋友 云游四方 免费 医病 实在 敬佩 帖子 订单 没想到 买回来 老妈 已经 深深地 吸引住 闲着 无聊 一口气 读者 很想 知道 到底 写些 如何 毕淑敏 文学 修养 差得 太远 真正 文学 爱好者 此生 必定 失望 书中 所有人 对话 如出一辙 毫无 个性 绝不会 一本 流芳百世 不如 直接 几个 心理 分析 案例 还好 写成 文学作品 这么 牵强 现在 收到 当真 好慢 上个星期 书本 这个 星期六 没得 拿到 完美 速度 很快 原来 顺手 准备 几天 改成 显卡 集成 不过 玩游戏 无所谓 之前 很多 价格 上贵 一些 这个 价格 还好 这是 一本 好看 小说 直至 今天 那个 年代 故事 仍旧 过时 落伍 那段 历史 小说 永恒 存在 重温 过去 感情 依然 饱满 文字 角度 而言 丁玲 这本 小说 流畅 朴实 符合 那个 时代 特点 故事性 而言 同样 非常 好看 不能 遗忘 过去 更加 无法 淡漠 过去 建议 喜欢 文学 年轻人 读读 这些 小说 对于 心灵 对于 了解 我国 文学史 朋友 同时 实体店 光盘 用不上 装箱 清单 真的 奇怪 键盘 手感 舒适 触摸屏 设计 独特 人性化 机器配置 相对 高性价比 不错 值得 推荐 环境 地理位置 交通 方便 舒适 服务 昨天 总部 自提 额滴 满意 服务 没得说 长得 漂亮 看来 拆过 封装 严实 好像 第一次 开机 仿佛 看见 清纯 招手 一楼 检测 音效 不错 坏点 优化大师 惭愧 反复 好几遍 出来 有没有 不会 漏光 屏幕 效果 好看 半天 眼睛 不累 键盘 温度 不是 有人 风扇 响声 完全 忍受 月初 南京 这家 网上 不错 可是 特不 舒服 客观 一下 那位 门童 大叔 笑容 可鞠 前台 服务员 自助餐厅 服务员 真是 宾至如归 太小 除了 一张 单人床 走路 困难 设施 非常 陈旧 几十元 招待所 计划 两天
1,这是 一部 非常 贴近 现实 官场 小说 书后 常智奇 先生 那样 子夜 寒流 撕破 黎明前 黑暗 塑造 一群 历史 剧变 形形色色 人物 凡人 七情六欲 知道 人之初 性本善 性本恶 难道 骨子里 潜藏 野性 也许 可是 应该 遏制 野性 冲动 理性 难道 人性 思想 精神 情操 固守 诱惑 人性 重新 审视 若有所思 有所
1,电池 的确 耐用 整体 做工 不错 运行 速度 尚能 接受 机器 两年 全球 联保 这个 不错
0,屏幕 坏点 只是 光盘 驱动 不太 明白 无用 驱动 比如 指纹 鼠标 表现 吝啬 不要 瑞星 玩意 换成 鼠标
0,喇叭 低音 刺耳 电源线 变压器 部分 只能 插进 不知 其他人 不会 影响 使用
0,实在 强烈 推荐 现在 越来越 不象话 豪标 房一进 居然 两个 床靠
0,书评 小侄女 看连 里面 花花绿绿 吸引住 知道 小孩子 不爱 学习 适合 中国 小朋友
1,今天 一套 送给 女儿 班主任 希望 班里 所有 同学 得到 正确 引导
1,买到 二零零四年 温故 算是 温故 温故 几篇 味道 沈继光 先生 倾听 先人 手泽 历史 回声 提供 启发 关注 生命 视角 告诉 世界 心灵深处 回声 感悟 对话 乱世 逸民 康同壁 母女 沈从文 上海 文坛 书目 风波 提供 生命 洪流 那些 着眼点 触摸 一种 状态 阅读 越有 味道
1,知道 是不是 所有 清华 这么 有用 精辟 仿真 主要 基于 基础 电力 电子 仿真 软件 方面 冗余 介绍 熟悉 这个 软件 朋友 建议 进行 学习 然后 具体 涉及 仿真 算法 涉及 对于 各种 算法 值得 借鉴 对于 建模 一塌糊涂 的话 建议 好好 看看 书上 提到 很多 关于 建模 方面 例子 启发
1,几天 看到 叶兆言 一篇 文章 爱书 父亲 看到 别人 眼睛 书橱 忍不往 提心吊胆 知道 有人 借书 不会 硬着头皮 有时候 遇到 前科 熟客 绝望 往往 书刚 借出去 立刻 书店 补买 一本 补买 其他 名著 配套 话说回来 一下 经典 版本 便宜 价格 个人 喜欢
1,美国 侦探小说 大多 硬汉 风格 例如 开山 之作 雷蒙 钱德勒 比如 布洛克 马修斯 卡德 探案 系列 这本 女性 作家 撰写 佳作 展现 女性 特有 细腻 执着 以及 男人 世界 顽强 生存 抗争 坚毅 当然 仍然 逃不开 美国 文化 特有 个人 英雄主义 情节 作为 科学 而言 阅读 对于 美国 法律 制度 一番 另类 了解 非常 期待 系列 其他 佳作
0,太过 简单 安置 之类 发现 靠近 光驱 右边 键盘 很软 一压 明显 左边 键盘 结实 右边 最后 一排 键盘 其他 看到 透到 下面 小小
1,商品 值得一提 性价比 品牌 已经 足够 其他 升级 便宜 做工 相对 这个 价位 来说 非常 不错 不过 相对 来说 一些 距离 不过 价位 那里 整体 来说 不错 服务 不错 网上 看到 快递 进程 客户 心里 有谱
1,电视剧 小说 星空 卫视 电视剧 米仓 凉子 决绝 喜欢 这部 人性 刻画 战栗 小说 更为 压抑 直接 看到 最后 原来 电视剧 色调 很多 改动 安岛 原子 后来 复仇 带给 无限 希望 小说 一切 不切实际 幻想 一一 击碎 有的是 不过 人心 贪婪 利益 挣扎 原子 最后 救命 收尾 短促 有力 延续 松本 清张 灰色 基调 破碎 不甘 真实 残忍
0,这点 机器 最弱 之处 广大 网友 反应 安装 系统 非常 困难 很多 系统盘 失败 告终 郁闷 好多 机器 样子 看样子 只能 装个 毕竟 趋势
0,过于 奢华 家具 实用 温馨 凌晨 发现 老鼠 家里 打电话 前台 要求 换房 前台 下楼 房卡 理由 服务员 睡觉 调到 价位 第二天 结账 还要 按照 高价位 结算 并且 发现 老鼠 一事 意思 道歉
1,商务 大床 整体 里面 设施 简单 人性化 服务 人员 态度 热情 早餐 不是 好吃
0,附赠 硬盘 原装 鼠标 内存条 瑞星杀毒软件 序列号 哪里 回复 刮刮卡 知道 那位 大侠 赠品 里面 找到
1,此书 印刷 质量 浅俗 易懂 结合 现实生活 简扼的 分析 对照 唤醒 中国 五千年 史实 读完 此书 昆曲 更深 了解 前人 那种 无比 创造力 顶礼膜拜
1,儿子 翻开 画面 浓郁 文字 简单 纯美 看似 两棵 小小的 却是 生活 儿子 善良 大度 孩子 小朋友 一起 难免 发生 矛盾 儿子 不仅仅 珍惜 友谊 善待 朋友 同时 希望 渗透 未来 人生 总是 离别 得失 平和 积极 面对 多一些 宽容 多一份 拥有 适于 渐渐 成长 同样 适于 历经 世故 用心 体味 一本 好书
1,一本 推理小说 不如说 一本 悲伤 爱情故事 主人公 平淡 生活 车祸 发生 翻天覆地 改变 人生 轨迹 具大 变化 朝着 不断 决择 前进 一种 失去 决择 也许 最初 开始 主人公 注定 失去 所有 只是 坚持 一种 信念 坚持 很平谈 不愧为 东野 大师 作品 只在乎 故事 结局 东野 作品 最让人 期待 推荐 白夜 行写 很棒
0,光驱 内存 太小 真烂 开机 老公 这个 慢性子 受不了 电池 顶用 快递 北京 小时 送货 实际
1,品牌机 优势 性价比 目前 运行 稳定 进行 复杂 图形处理
1,狮头山 突然 大雨 雨中 阶梯 无处 躲藏 只好 雨淋 这时 清楚 听到 雨声 仿佛 拼命 鼓掌 总是 舞台 鼓掌 总是 忘记 鼓掌 舞台 大地 鼓掌 学习 爬险阶 时常 鼓掌 暗处 一些 掌声 明处 鼓掌 非常 喜欢 失败 应该 如此 态度 自爱 才能 更好 爱人
1,万豪 旗下 管理 不错 环境
0,行政 正对 杂物间 一直 敞着 别提 脏乱 要求 换房 空调 制冷 冰箱 推土机 要求 再换 门口 楼道 巨大 脏布 隔壁 装修 不知 这个 过节 故意 难受 另外 所有 电话 内线 指示 客人 长途 转接 还有 五星级 小姐 怎么 真是 影响 北京 市容 奥运 和谐 环境 餐厅 送餐 味道 吐出来 本人 目前 最让人 难忘 这些 本人 已经 克制
1,翻书 一套 不错 儿子 四岁 认识 一些 汉字 基本 饶有兴趣 地读 下来 成就感 我悔 套书 适合 左右 孩子 故事情节 简单 字少 汉字 重复 率高 识字 故事 一箭双雕 不错 套书 英语 释义 家长 选择地 孩子 一点 英语 翻翻 翻开 折页 孩子 发现 新奇 话语 天地 孩子 兴趣
0,朋友 德国 湖南 打算 张家界 预订 房晚 第天 早上 结帐 服务员 衣架 朋友 只好 上去 服务员 数错 朋友 生气 服务员 数数 数不清 发生 客人 愉快 同时 耽误 客人 结帐 时间
1,上网 本中 不错 配置 特价 一次 自提 目前 看出 希望 能够 保持 下去 电池 大概 维持 小时 不是 小时 屏幕 这是 肯定
0,去年 好像 装修 早餐 好像 去年 一样 两个 老外 豪华 餐厅 安排 下面 早餐 很差 沙拉 需要 一点 早餐 应该 顾客 说明
0,入住 真是 后悔 三星 只是 招待所 水准 设施 极其 陈旧 要命 第一天 八点 起床 发现 竟然 热水 总台 总说 等等 后来 干脆 可能 上午 热水 真是 后来 景区 发现 很多 家庭旅馆 价格便宜 强烈要求 不要 推荐 这个
1,电池 小时 续航 不是 介绍 小时 外观 不错 后天 怎么 涨价 算是 赚钱
0,没加 内存 比较慢 恢复 下载 第三方 送货 挺慢
0,太老旧 地板 震动 厕所 手纸 一点点 价格 不包 早餐 最可气 刷卡 的话 还要 手续费 就算 结帐 服务员 竟然 房费 手续费 奇怪 就算 四舍五入 应该 进位 再说 刷卡 消费 就算 分钱 争辩 太过分 随随便便 加收 庐山 宾馆 印象 差差 建议 大家 选择 其他 宾馆 反正 上面 很多 宾馆 价格比 这个 便宜
0,关于 如家 价格 谈判 能力 值得 怀疑 这次 套房 通过 价格 网上 显示 门市 价格 如家局 前店 发现 门市价 为元 价格 优惠 后来 常州 朋友 如家 旁边 告诉 直接 预定 轻松 打到 价格 折扣 非常 怀疑 价格 谈判 能力 通过 预定 为了 经济 拿到 价格 公开 门市价 低元 根本 具备 价格优势 甚至 通过 当地 朋友 拿到 便宜 价格 干什么 关于 套房 设施 太为 陈旧 实在 价格 不符 尤其 一楼 客厅 沙发 简直 最大 败笔 灰绿色 沙发 实在 垃圾堆 里检 出来 套房 下层 复式 结构 上层 窗户 下层 窗户 窗户 外米 一堵 高墙 依稀 透进来 一点 光线 地下室 睡觉 屋子里 蚊子 拍死 不下 只住 家住 不少 第一次 遭遇 出游 不想 影响 心情 回来 投诉 希望 如家 有所 反馈
1,说实话 本来 一点 知道 平时 关注 小说 儿童文学 小说 儿童文学 儿子 喜欢 最近 一位 朋友 推荐 念楼 学短 小学 语文 老师 教学 水平 非常 孩子 学习 古文 帮助 一篇 有利于 孩子 学习 六年级 孩子 以后 喜欢 喜欢 真的 不错 好象 随着 阅读 感受 中国 优秀 古典文学 意境
1,性价比 模具 适合 女性 选用 红色 搭配 不错 硬件 搭配 平衡
0,定单 现在 拿到 投诉 几次 开始 客服 还给 回过 后来 音讯 这个 竞争 激烈 时代 做客 的话 势必会 淘汰 已经 失去 信心 投诉 今天 收到 当当 发给 邮件 眼不见 心不烦 既然 邀请 不得不 几句
1,面试 公司 读到 当时 直接 感到 惊为 天书 不是 难读 而是 竟然 明白 那种 好像 已经 进入 财报 大门 一切 发掘 新闻 经济 新闻 一块 刘顺仁 先生 文章 写得 通俗易懂 深意 特别 强调 品质 勇气 责任 国内 此类 书籍 少有 因此 决定 爸爸 哈哈 推荐
0,黑屏 一次 知道 原因 不到 原因 解决不了 现在 黑屏 以后
1,一直 认为 健康 身体 重要 可惜 生活 中有 很多 知道 误区 所谓 不知者 不畏 开始 仔细阅读 发现 很多 平日 忽略 细节 其实 正在 影响 健康 即使 出生 杏林 世家 忽略 很多 细节 于是 决定 慢慢 改掉 一些 忽略 不良 生活 习性 感谢 著者 身体健康 做出 贡献 强烈推荐 此书 实为 不可多得
0,价格 实际 提供 服务 相差 暖气 不够 需要 穿着 毛衣 毛裤 甚至 有时候 需要 被子 客房 偏小 设施 陈旧 优点 火车站 很近 步行 过去 需要 分钟 左右
1,朋友 一天 价格 虽不像 这么 夸张 确实 不贵 外观 配置 不错 硬盘 日立 听见 异响 至于 风扇 空调 开到度 本子 外壳 听见 声音 知道 起来 啥样子 不怎么 照理说 风扇 可能 正常 启动 运转 好几个 小时
0,简单 重复 儿子 一岁 五个 明显 这个 不敢 兴趣 喜欢 汤姆 系列
1,日常 办公 娱乐 完全 够用 方便 外置 光驱 系统 驱动 小时 搞定
1,轻薄 散热 做工 不错 价格 相对 中关村 实际 便宜 村里 含税 基本上 这个 价钱
0,价格 上网 配置 办公 娱乐 性能 一些 作为 低功耗 平台 电池 持久力 有待 加强
0,怎么 好评 怎么 女儿 喜欢 放在 一边 是不是 喜欢 女儿
1,华硕 品牌 大送 体面 配置 不错 性价比 玩游戏 不错 华硕 官方 显卡 驱动 显存 变成 显存
0,散热 不足 系统 男装 懂得 建议 买个 装好 系统 卸载掉 再进 不然 全部 没用
0,前天 入住 上次 年前 同一个 现在 设施 早餐 停车场 人员 服务 很次 下次 不会 选择 这里 舒服
0,一般 结账 等候 时间 太长 很慢
0,整本书 关于 穴位 至少 而言 没太大 实用性 喜欢 穴位 朋友 或许 有用
0,想象 中好 只是 提出 过多 进行 详解 有些 虎头蛇尾
1,大家 分享 儿子 很少 爱书 出来 小朋友 一起 分享 这次 他会 神奇 贴纸 放在 床上 几个 朋友 一起 贴纸 游戏 海边 精灵 王国 孩子 梦幻 小朋友 不亦乐乎 孩子 贴纸 开心
0,青岛 现在 正在 招募 一批 志愿者 公共场所 商品 错误 用语 这些 志愿者 大概 出书 学习 英语 帮助 英文书 直接 笑死人
1,念晚 哥哥 真的 情到 深处 从头到尾 听到 一次 却是 死前 最后 的话 真是 惋惜 到底 真是 狠心 心肠 那声 归宿 一篇 好笑 最后 悲伤 话剧 却是 真真实实 发生 看到 念晚 死去 唯一
1,发货 速度 一天 买单 第二天 早上 家门口 产品 来讲 性价比 不错 平常 只是 为了 上网 聊天 看看 电影 办公 的话 肯定 够用
0,基本上 用书 单词 记住 几个 背单词 每天 死记 可能 不会 使用 此书 或者 太笨
1,逝去 亲人 也许 只有 当事人 才能 真切 感受 讲述 梅姨 逝去 亲人 思念 梅姨 生前 老伴 收养 孤苦伶仃 小女孩 两个 老人 富裕 甚至 可说是 生活 拮据 他们 全部 这个 女孩 温暖 竭尽所能 毫无保留 关心 照顾 人生 还有 无私 大爱 珍贵 不是 亲生 胜似 亲生 逝去 永远 活在 别人 心里 感动 一本
0,看到 多热评 同时 一起 生病 智慧 这个 二本 起来 这本 实在 推荐 的话 模棱两可 拐弯抹角 一会 感慨 中医 西医 一会 批判 现在 中医 一会 怎么 怎么样 喜欢 大爱 精神 只在乎 展示 只想 丢掉
0,同事 一晚 雾都 宾馆 下午 入主 外出 回房 不能 房卡 开门 服务员 开门 先要 查看 身份证件 表示 入主 提交 证件 现在 房卡 不能 进门 宾馆 服务 身份 开门 大堂 经理 狡辩 电池 两个 房卡 同时 没电 可能性 进而 奥运 期间 保卫 需要 合法 入主 按时 结帐 任何 违法行为 违法 国家 公安部门 限制 有效 入住 时间 自由 出入 希望 满意 答复 宾馆 态度 服务 成问题
1,地理位置 不错 市中心 繁华 地段 天津 街清 泥洼 方便 楼下 不远 有轨电车 标间 想像中 大有平 服务 不好 一点 上网 居然 收费 元天 不过 时间 希望 以后 免费 电视 收到 韩日 美港 有些 清晰
1,性价比 非常 这个 价位 的确 美国 神舟 系统 的确 难装 相对 不过 基本上 最近 系统 直接
1,对于 实在 对于 真的 值得 细细品味 现在 已经 一年 孩子 已经 无数次 一遍 一次次 书中 感兴趣 知道 许多 日常生活 事情 增强 观察力 书中 很小 细节 看见 作为 家长 其实 其中 许多 细节 原本 不是 了解 学到 不少 真是 物超所值
0,大家 段时间 不要 他们 施工 吵死 并且 提示 开始 施工 结构 开始 他们 解决 早上 一直 停止 过到 他们 有理 继续 开始 施工
0,兰州 我来 不想 再来 城市 第一天 入住 金轮 宾馆 一肚子 满意 一次 要求 整一个 好点 一样 星级宾馆 西兰 国际 大酒店 堪称 兰州 以及 中国之最 最差 四星级 非他莫属 晚上 入住 手续 办完 上楼 没灯 半天 由于 太晚 有些 疲倦 想到 进屋 休息 没想到 居然 门卡 开门 前前后后 折腾 终于 服务员 开了门 停车场 露天 收费 那句话 老总 亲自 入住 一下 你们 推荐 宾馆 两个 丢人
1,杭州 西溪 国家级 湿地 公园 贺岁 一部 非诚 勿扰 带给 全国 人民 作为 杭州人 出现 实在 引起 很大 注意 前身 鱼塘 火柿 水网 地带 开发 湿地 公园 原来 历史 这么 久远 五千年 历史 真的 挖掘出 大量 人文
0,看到 网上 可是 几页 以后 后悔 实在 看不下去 简直 浪费时间 简历 好像 可是 书中 车轱辘话 同样 不同 语言 一遍 一遍 复述 好像 为了 骗取 稿费 垃圾 现在 放在 书架上 根本 不想
1,三部曲 读完 暗夜精灵 一万年 以前 一些 了解 一些 构思 其实 挺不错 伊利 痴迷 恶魔 魔法 精灵 趋向 德鲁伊 诞生 还有 暗夜精灵 男人 为什么 答案 读到 蓝龙 一族 未来 其实 伤感 未来 一万年 这些 生物 处于 灭绝 边缘 死去 蓝龙 后来 变成 天灾 冰霜 巨龙 书写 不错
1,光盘 里面 老外 声音 好听 中文 女声 不错
0,做工 粗糙 尤其 键盘 没法 价格 只能 内置 蓝牙 模块 加装 的话 还要 好多 屏幕 浏览 网页 太短
1,第三次 入住 不错 正好 碰上 地震 楼层 明显 希望 四川 尽快 灾情 恢复过来
1,大堂 不错 四星 样子 设施 一般 卫生间 细节 不错 各种 配套 不错 机会 泰山 还要 入住
1,这是 一本 介绍 浙派 篆刻 小书 要言不烦 关键点 涉及 所示 印例 黑白 不妨 读者 浙派 系统 了解 书中 特别 赵次 进行 论证 有力 说明 赵之谦 有关 巧拙 出笼 与其 气度 狭隘 心态 狂傲 修养 欠缺 导致 论点 偏颇 赵之谦 崇拜 印人 晚清 成就 斐然 一点 不必 贤者 相反 更加 应该 客观 分析 历史 本来面目 以为 这是 亮点 之一
1,友谊 宾馆 环境 绝对 一流 服务态度 更是 心旷神怡 全家 渡过 美好 三天 感谢 良好 服务 感谢 准确 预订 唯一 不足 友谊 宾馆 服务指南 哪怕 简单 提示 餐厅 位置 就餐 时间 价格 服务员 热情 解答 总是 不太 方便 补充 点评 年月日 还有 一点 海滩 游泳 非常 方便 换好 衣服 回来 冲洗 温水 真是 舒服 下次 度假 一定 还选 这里
1,环境 不错 不远 三峡 广场 无聊 看看 美女 早餐 结帐 速度 较慢 总的来说 不错
0,你好 一下 日订 英文单词 为什么 没到 不是 存货 货期
1,如家 标准 装潢 不过 楼下 一样 水温 确实 忽冷忽热 隔音 确实 不过 这个 价位 要求 不能 太多 好歹 下次 搞定 水温 这个 应该 不难
0,这个 隔音 太差 木板 纯净 饮用水 配给 免费 矿泉水 设置 不好 同事 淋浴 竟然 出水 奉劝 大家 不要
1,非常 值得 推荐 系统 强大 配置 品牌 价格 实在 做工 用料 满意 性价比 不错
1,几个 制造 差不多 质量 外加 退货 换货 服务 大件 不怕 质量
1,我订 贵宾楼 标间 根据 前人 评语 筛选 最大 特点 服务 细节 考虑 周到 水果 晚报 餐巾 甚至 浴缸 垫脚 毛巾 特别 提示 因该 贵宾楼 标间 靠近 马路 双层 隔音 玻璃房 单层 隔音 玻璃房 对于 噪音 敏感 建议 预定 双层 隔音 玻璃房
0,像是 五星 三星 标准 失望 两个 海景 只能 看到 一个角 服务 意识 两个 蓬莱 没人 联系 打电话 他们 回来 踢皮球 半天 回去 郁闷
1,孩子 两遍 活学活用 变成 小鸟 贵点 还值 希望 孩子 多一点 相象 能够 插上 想象 翅膀
1,指纹 蓝牙 独显 这个 价格 市面上 最低 实惠 送货上门 方便 放心
0,除了 地理位置 靠近 火车站 以外 任何 可圈可点 之处 干净 设备 面积 不是 符合 性价比 卫生间 马桶 还有 堵塞 房费 包含 自助 早餐 更是 没到 早餐 结束 时间 所有 盘子 剩下 咸菜 牛奶 下次 不会
1,稍微 这本 职志 搭配 似曾相识 应该 瑞丽 杂志 某些 联系 之前 看过 瑞丽 太多 区别 只是 瑞丽 广告 价钱 定价 三十块 卖二 十几块 不错 当然 重要 个人 学习体会 买来 以后 作为 藏书 值得
0,豪华 标间 价格 同等 对比 最差 周边环境 除了 地铁口 其它 餐厅 不行 周边 找不着 小住 两天 还有 一天 晚上 没水 宽带 收费 打印 贡献 几十个 绝对 不值
1,外观 不错 其实 一直 联想 没什么 好感 不过 联想 终于 一改 以前 呆板 全黑 做型 心动 一下 承认 联想 今年 的确 爆发 一下 背光 还有 目前 规格
1,机器 工艺 设计 依然 轻薄 风范 依旧
1,开始 这个 故事 打动 拿到 里面 画面 本人 不是 喜欢 一种 说不出 有点像 过分 曝光 照片 担心 孩子 喜欢 我先 尝试 睡觉 前不拿书 小家伙 一下子 这个 故事 吸引 非常 喜欢 第二天 开始 每天 这个 故事 非常 有意思 做个 小游戏 画里 灰袍 奶奶 袍子 自然 融成 一色 需要 一点 眼里 才能 考考 小朋友
0,这个 作家 真的 一般 除非 交叉 经历 否则 很难 找到 细腻 日本 长处 平凡 动人
1,昨天 订货 今天 价格 保护 到位 昨天 今天 价格 保护 够买 内存条
1,现在 已经 无处不在 友情 亲情 时时 感动 少年 阿米尔 懦弱 叹息 少年 哈桑 遭遇 叹息 拉辛 叔叔 对待 阿米尔 感到 幸运 沦落 美国 施舍 宁愿 受苦受累 支持 阿米尔 学业 感动 长大 阿米尔 鼓足勇气 哈桑 儿子 一切 感动 一切 感动 好像 我同 阿米尔 一起 生活 成长 一起 面对 过去 挣扎 最终 成为 父亲 一样 勇气
0,国内外 不少 丹东 国际 这次 是因为 办事 选择 这家 所谓 丹东 唯一 一家 四星级 从来 见到 服务质量 这么 处处 客人 本人 入住 由于 本人 十一点多 航班 中午 特意 前台 能否 六点 结帐 总共 两天 房钱 前台 当时 同意 两天 预付款 等到 日晚 六点 同志 两分钟 时间 他们 居然 要收 三天 房钱 当时 本人 先耐着 性子 前台 两个 服务员 解释 后来 戴眼镜 大堂 副理 过来 说来说去 就是说 电脑系统 六点 一过 自动 锁定 一天 副理 后来 打电话 请示 陈经理 旁边 亲耳 详细 只是 客人 六点 退房 提出 半天 行不行 得到 否定 答案 抬头 拒绝 本人 本人 告诉 打电话 请示 电话 你们 经理 提出 半天 你们 同意 事实 问住 本人 由于 赶时间 懒得 她们 理论 奉劝 不要 这家 签订 住房 合约 免得 引来 投诉
0,远离 市区 开发区 环境 冷清 前台 服务 很差 办理 入住 两个 接待 小姐 看到 台前 知道 主动 招呼 而是 相帮 后面 客人 进来 直接 挤到 旁边 大声 吆喝 入住 小姐 立刻 办理 训示 怎么 客人 排队 居然 反应 中餐厅 一幢 那天 被包 婚宴 只能 外出 吃饭
1,收到 书后 发现 只有 黄金 游戏 一要 小且 紧凑 因此 字数 实际上 很多 丰富 质量 远非 那些 快餐 书籍 可比 强烈推荐 敬佩 豪哥 每日 博客 无私 大家 分享 这里 真诚 豪哥 声谢
1,新浪 连载 费力 终于 不到 当当 一本 我要 继续 体味 这本 好书
1,不错 装修 风格 郑州 最好 可惜 时间 好好 晚上 一点半 早上 八点半 开车 舒服 早餐 好吃 哈哈哈哈
1,本次 入住 不错 本人 注重 环境 每次 入住 查看 点评 选了 这间 好找 入住 他们 价值 体验 真是太 舒服 早餐 价值 丰富 真的 超赞 极力推荐
1,太原 不错 个人 认为 山西 大酒店 国贸 没住 价格 太贵 呵呵
0,为什么 刚买 降价 回头 一望 已经 有点像 股票
1,附近 修路 出行 痛苦 服务 一如既往 偶尔 健身房 好小叻 设备 一起 其他 不错 餐厅 金银 打折
0,想象 差远了 没什么 感动 语言 平淡 人物 苍白 总之 怎么 无法 理解 那些 感天动地
0,好像 风扇 声音 可能 时间 较长 原因 要是 能配 鼠标 还要 另外 随机 光盘 怎么 恢复 系统
0,九华山 回来 百岁 山庄 大堂 飘溢 奇香 不知 有些 刺鼻 紧凑 设施 洗澡水 不错 可有 潮湿 通风 怪味 被单 不洁 痕迹 只注 一天
1,位置 距离 东街口 非常 服务 非常 一路 有人 引导 乌龙茶 白天 出去 工作 老婆 正好 使用 除了 家具 设施 稍微 有些 过时 早餐 普通 其他 缺点 晚上 很多 形形色色 往楼 夜总会 不少 醉醺醺 出来 最近 升为 不过 个人感觉 不到 四星 标准 至少 对得起 这个 价格 补充 点评 年月日 下面 点评 服务员 主动 衣服 阳台 留下 字条
0,此书 质量 不好 买回来 看书 出现 页页 本来 马上 送人 因一 还要 全部 退货 耽误 时间
1,现代 许多 年轻人 喜欢 那些 女人气 散文 民俗 作品 不屑一顾 其实 民俗 民情 中国 文化 根花 娇艳 支撑 太湖 实在 茶文化 故乡 就算 日本 茶道 起源于 中国 更何况 茶圣 陆羽 茶经 太湖 写成 湖畔 惠泉 山水 曾经 唐朝 宰相 李德裕 杨贵妃 千里 荔枝 一样 无锡 送去 惠泉 山水 长安 煮茶 品茗 太湖 茶俗 实在 影响 中国 数千年 值得 拥有
0,太旧 卫生间 很多 锈迹 大大 不错 喜欢 价格 太旧 舒服 服务员 水平 差不多 二十年 国营 水平 下次 会换 一家 不过 据说 小姐 不错 没试
1,选择 大床 房刚 装修 不久 屋里 存有 一股 装修 味道 屋内 设施 单身公寓 一个样 不错 舒服 可能 皮肤 小气 床上用品 偏硬 还有 大床 编外 一样 安全门 服务员 介绍 大床 每层 只有 两间 一间 临街 不过 幸好 门口 有个 阳台 孤立 空间 总的来说 性价比
0,做工 单薄 键盘 下去 整个 键盘 下沉 电池 远远 不到 宣传 小时 不知 是不是 激活 缘故
0,原来 差不多 重吧 屏幕 液晶屏 外面 一块 玻璃 手写 左手 手托 这里 发热 明显
0,内存 太小 标配 视频 模糊 装有 点麻 驱动 麻烦
1,外观 大气 配置 整体 设计 合理 性价比 特别 适用 男士 使用
1,往事 视为 个人 传记 通读 加深 先生 了解 一生 了解 一代 文学 大师 如何 坚守 自我 钱钟书 先生 如何 坚守 他们 立场 同时 了解 他们 时代 风云际会 读完 此书 感受 先生 面对 钱钟书 两人 同时 卧床不起 艰难 心境 当钱 离开 人世 哀恸 悲伤 钱钟书 不让 得知 这个 噩耗 实在 动容
0,收货 仔细检查 拿到 活着 高兴 包装 皮儿 好值 这块 一口气 小时 然后 发现 居然 已经 皮是 皮书 这书 值得 用来 收藏 随便 看看
0,奇怪 这款 奇怪 明明 装箱 清单 鼠标 镜布 打开 箱子 奇怪 应该 不会 出现
1,这个 价位 配置 差不多 主要 模版 精致 或者 电池 续航 能力 硬盘 优派 满足 这些 条件
0,第一次 所谓 畅销书 本来 教育 一下 可能 哲学 大脑 淡如水 一本 好书 要么 受到 启发 学会 思考 要么 纯粹 务实 起来 小女生 既不长 学问 务实 纯粹 纸上谈兵 肤浅 值得 阅读 换句话说 不了 书架 浪费时间
0,作为 星级 四百多 价格 性价比 太差 房内 小小的 鞋拔 浴衣 浴室 内有 飞虫 飞水斗 裂缝 根本 五星级 前台 领班 模样 冷冰冰 宾馆 设施 已有 别人 不再 发表 网页 介绍 太仓 花园酒店 拥有 一应俱全 健身 娱乐 设施 配套 服务 确实 如此 宾馆 外观 来看 宾馆 主业 可能 这里
0,以前 刚有 孩子 看过 一本 卡尔 威特 教育 好多 大概 一边
0,光盘 高速 读取 有些 微微 发抖 声音 添加 内存 方便 卸下 整个 螺丝钉
0,读过 一般 一般 需要 多人 批评 于丹 水平 哲学 仁者见仁 智者见智 学问 每个 看法 批评 正常 成名 太快 国人 一种 气人 劣习 批评 正常 古来 知识分子 讲究 安贫乐道 宠辱不惊 淡泊 名志 宁静致远 利用 圣贤 学说 布道 售书 谋利益 可能 符合 学问 价值观 批评 正常 不过 我能 理解
0,不知 为什么 该书 排行榜 一直 看过 历史书籍 写作水平 文法 最差 没法 小说 不像 小说 传记 不像 传记 散文 不像 散文 正史 不像 正史 戏说 不像 戏说 易中天 形似 神不似 想学 郭德刚 缺乏 幽默感 全是 中学生 不如 貌似 华丽 文辞 不停 堆砌 不知 其他 读者 有无 同感
0,敬告 各位 不要 晚上 空调 上网 一会 信号 一会 早饭 一般般 价格 我定 最差 宾馆
0,一本 蕴含 广博 严谨 深沉 论语 在于 诠释 变得 唯美 华丽 灰色 教条 变成 华丽 文学 盛宴
0,这部 用来 作为 榜样 激励 实现 梦想 挥别 周而复始 单调 生活 寻找 自我 之旅 启程 然后 发现 生活 之美 宁静 内心世界 一本 带来 能量 喜欢
1,追源溯流 指明 详细 出处 提供 丰富 证现 每条 典故 含义 用法 本词典 我国 词典 大家族 成员 词典 词条 包括 语义 典故 来源 举例 三个 部分 英语 典故 英语 语言 文化 宝库 重要 组成部分 民族 文化 积淀 民族 智慧 结晶 典故 寓意 深刻 民族色彩 浓厚 具有 很强 修辞 作用 英语 典故 构成 形式多样 来源 极其 广泛 了解 熟悉 一些 常见 英语 典故 有助于 了解 英语 国家 文化 习俗
0,设计 非常 漂亮 散热 很棒 设计 非常 漂亮 散热 很棒 设计 非常 漂亮 散热 很棒 设计 非常 漂亮 散热 很棒
1,周年 英寸 本限 金牌 抢购 价格 可爱 本子 除了 激动 还有
1,月號 朋友 入住 給人 感覺 寒磣 有點 老式 招待所 豪華標 準間 號樓 感覺 房間 沙發 舒服 衛生間 重新 裝修過 星級 檔次拉開 窗簾 屋外 風景 因為 裡用 早餐 這一項 沒有 概念 陽朔 這家 確實 最好 環境 客房 完全 不是 西街 那些 幾十到 百元 旅店 能比 尤其 感動 入住 時候 因為 中國 南方 大面積 降雪 的關 電力 緊張 幾度陽 全城 停電 除了 發電機 發電 外服 務員還 特地 外面 風機給 我們 取暖 一再 我們 調試 平心 而論 香港 上海 那些 五星 中經過 整套 西方 禮儀 培訓 服務員為 標準 衡量 百樂來 服務員 似乎 不夠 專業 他們 服務 給人 一種 地道 親切 感也許 碰到 惡劣 服務員 建議 入住 朋友 一些 理解 不要 過於用 顧客 上帝 心態 挑剔 當然 確實 問題 還是 提出 一句 時候 號樓 正在 裝修裝 修好 硬件 設施 應該 有所改善
1,对于 大明 个人感觉 对于 官场 不是 熟悉 除了 对付 丁胜贤 手段 其他 做到 厅长 能力 陈伟阳 主题 赌博 主题 牵涉 关系 故事情节 根本 微软 主题 那样 步步 为局 不过 主题 围绕 不错 整本书 对于 侧面 描写 天宝 喜欢 个人 天宝 为人处事 可能 相当 这些 纯属 观点 哈哈
1,性价比 真的 超高 做工 一般 相对 价格 绝对 接受 西数 硬盘 顿卡 现象 幸运
0,预定 标间 竟然 会议 我订 信誉 下次 再也不会
1,本来 其他 周末 刚好 看到 这里 便宜 不少 立马 拿下 自提 检查 包装 完美 不错 机器 散热 想象 好些 屏幕 漂亮 支持 基本 顺畅
1,第二次 入住 免费 接机 服务 车上 还有 免费 冰镇 饮料 服务员 友好 不管 哪个 部门 看到 主动 微笑 问候 客房 设施 略显 陈旧 客房 保险箱 电视机 老式 球形 显像管 大床 舒服 豪华 单人间 窗拉 窗帘 就要 两分钟 面积 很大 卫生间 换气扇 顶灯 同一个 开关 洗澡 开着 换气扇 有些 建议 分成 两个 开关 早餐 丰富 第一天 入住 还有 果盘 附近 白鹭洲 过去 只要 十分钟 散散步 风景 硬件 设置 欠缺 一些 下次 肯定
0,非常 不好 经历 通过 以后 服务 人员 居然 身份证 美国 生活 早就 身份证 还好 护照 勉强 接受 整个
1,读完 套书 作为 中国 痛苦 为什么 中国 美国 差距 为什么 还有 中国 排斥 民主 腐败 中国 官僚 体制 辩护 痛苦 看到 一种 希望 民众 真正 拥有 自由 民主 奴役 中国 应当 一种 信念 阻挡 群星 闪亮 一片 黑云 黑云 可能 永远 阻挡 星辰 读书 套书 读过 之后 绝不 后悔 一套
0,今天 汉庭 快捷酒店 上海 虹桥店 住宿 有余 入住 其它 记不清 离店 结账 产生 麻烦 至今 困扰 当日 通过 高级 大床 总价 当时 入住 办手续 一切顺利 服务生 拿出 订单 打单 刷卡 有条不紊 拿单 签字 当然 注意 刷卡 签单 授权 核对 服务生 打出 另外 每张 单据 每个 字符 第二天 离店 结账 麻烦 再次 刷卡 签单 发现 拒绝 签单 预订 不同 此时 服务生 拿出 昨天 一把 签单 高级 大床 房晕 忽悠 昨天 细心 昨天 任何 提示 今天 买单 服务生 理论 最后 服务 主管 同意 按元 结账 似乎 一切 结束 然而 并未 如此 服务生 卡刷 一次 同意 签单 一张 拒绝 签字 收回 单据 然而 收到 银行 账单 发现 扣款 致电 答应 查询 给予 答复 至今 收到 任何 回复 银行 方面 联系 其中 多次 银行 联系 银行 终于 退回 估计 银行 该店 进行 交涉 左右 银行 致电 退回 核对 再次 情况 反映 银行 应该 退回 再次 签单 账单 扣款 等待 银行 交涉 之后 不知 这次 还要 等待 多长时间
0,两边 第一 一般 不敢苟同 号称 学术 明星 于丹 同志 见解 见识 页数 压缩 何必 浪费 纸张 难道 孔夫子 教育 怎么 环保 到此结束 懒得 浪费 笔墨
1,入住 两天 海景房 那天 下着雨 熟悉 坐地铁 环站 二十多分钟 前台 接待 态度 非常 可惜 海景房 不能 升级 遗憾 海景房 落地窗 看到 居民楼 很近 干净 国内 显得 不过 据说 香港 大小 已经 不错 服务 到位 免费 班车 港澳 码头 老公 两人 司机 态度 挺不错 出门 左转 坐当 当车 交通 方便 后来 知道 香港大学 挺近 本来 散散步 下次 机会 可能 别人 点评 发现 价是 价格 好象 优势
0,硬着头皮 第一本 四本 实在 喜欢 几大 弊病 翻来覆去 那些 尔虞我诈 杀人如麻 官场 斗争 可惜 对此 毫无 兴趣 宁愿 看些 后宫 秘史 之类 人情味 叙事 顺序 混乱 一看 知是 网上 出来 重重叠叠 反反复复 完后 搞不清楚 那个 事情 那个 事情 文笔 大约 某位 武侠小说 真传 文笔 苍白 只有 无数 感叹号 过目难忘 明白 为什么 受到 追捧 喜欢 文笔 介绍 人斗 技法 正在 高中 儿子 心里 格登 一下 有些 不想 误人子弟
1,关于 孕妇 如何 养胎 可谓 五花八门 层出不穷 吸引 分阶段 介绍 孕产 知识 准备 升级 爸爸 准妈妈 充分 准备 书中 不仅 介绍 孕妇 饮食 需求 详细 阐述 爸爸 准妈妈 生活 注意事项 保胎 护胎 培养 宝宝 第一步 一本 详细 介绍 宝宝 成长 孕产 知识 值得 服务 快捷 高质量 价格 实惠 谢谢
1,特价 抢购 性价比 非常 之高 机器 不行 正版 操作系统
1,服务 应该 提升 一下 怎么 符合 五星 标准
0,想象 强悍 尤其 显卡 配置 摊上 这么 系统 算是 机器 起来 不是 很快 如何 忍受 不过 不能 只能 华硕
0,屏幕 机身 连接处 要是 设计 螯合 现在 有些 缝隙 要是 严谨 做工 完美
0,多年 这次 失望 本来 最好 一肚子火 建在 居民区 周围环境 可想而知 开业 半年 处在 试营业 卫生间 糟糕 下水管 排水 淋浴房 估计 只有 平方 洗发液 卫生间 可怜 坐在 马桶 肩膀 靠着 淋浴房 肩膀 靠着 卫生
0,知道 是不是 个例 键盘 空空 华硕 维修 下用 双面胶 下去 还会 起来 键盘 晃悠 晃悠 请问 这个 怎么 处理
1,摆设 其他 不同 地理位置 荃湾 中心地带 地铁 附近 出入 夜晚 附近 消夜 还过得去 周边环境 夜晚 安全 旁边 好多 住宅楼 下次 考虑 几文 当然 比如 心差 起码 属于 中等 如心 房大新
1,春节 期间 入住 性价比 不错 知道 平时 多少 成都 知名度 高住 面子 太小 显得 可能 当初 设计 关系 门口 单行道 不是 方便 价钱 这么 可人 的话 下次 还会 选择
1,性能 不错 主板 内存 继承 显卡 屏幕 键盘 尺寸 对比 全面 提升 原来 反感 一下 宽屏 视野 屏要 舒服 非常 强劲 内存 速度 相比 几乎 翻倍 速度
0,设施 陈旧 卫生间 真的 有够 电梯
0,内容空洞 讲得 道理 平常人 知道 值得 没事 书店 翻翻 不必 浪费 这个
0,很小 地毯 很脏 毛巾 黑色 中央空调 异响 后半夜 只好 关掉 洗澡水 忽冷忽热
0,铁路 晚上
0,很多 方法 制作 启动盘 不能 启动 发热 厉害 触摸板 其他 牌子 灵敏度 怎么 怎么 不是 屏幕 分辨率 袋子 键盘 字母 颜色 突出 键盘 麻烦
1,外观 不错 快递 沟通 及时 测试 游戏 平时 正常 使用 硬盘 声音 不算 发热量 凑合
1,这个 男人 感到 心疼 极了 才华 极了 经历 可能 天妒 英才 几乎 所有 才华 上天 注定 一条 平平 仄仄 坎坷 之路 养子 聪明 聪明 一生 唯望 孩儿 愚且 无灾 无难 公卿 写下 这些 心里 满是 酸楚 没到 一地 即使 天涯海角 周围 才华 崇敬 始终 政治 理想 实现 算是 壮志未酬 也许 这是 英雄 最大 悲哀
1,看起来 很大 精美 有个 键盘输入 数字 方便 散热 去年 起来 原来 那个 没法儿
0,中医 穴位 好象 有用 其实不然 知道 这书 怎么 起来 使用 不是 很大
1,做工 精细 外形 时尚 轻薄 启动 速度 上网 速度 很快 空间 足够 一般性 软件 使用 完全 实用 性价比
1,个人 之前 提炼 总结 之后 知道 财商 究竟 怎么回事 财商 几种 能力 结合 它们 不可分割 不是 一种 能力 完后 生活状况 接下来 清楚 目标 满意 现在 生活 改变 提高 财商 重要 学习 开始 改变 希望 多富 爸爸 粉丝 交流 注明 当当
0,缺点 以下 几个 右托 掌处 外壳 接缝 不严 本子 合上 下部 对齐 属于 去年 产品 分区 麻烦
0,不足 两点 风扇 噪音 开机 关机 风扇 一直 转用 摸摸 出风口 有时 凉风 知道 是不是 设置 风扇
1,位置 不错 方便 最好 隔壁 八达 航空公司 洛阳 郑州 新郑 机场 非常 方便 最晚 一班 下午 洛阳 出发 不错 气味 受不了 这个 解决 下次 实在 不想 何况 价格 没什么 优势
0,吵闹 服务 不好 隔音 不好 总之 不好 以后 不会
1,宝宝 周个 套书 一定 伴随 一起 成长 这是 一套 教育 孩了 如何 表达 管理 心情 情绪 面对 种种 生活 时用 怎样 心情 心态 对待 事情 孩子 喜欢 说出 书中 小兔 遇到 事时 所说 的话 表达 心情 以此 教育 孩子 日常生活 点点滴滴 纸质 非常 色彩 清晰 立体感 孩子 用手 摸摸 小兔 身上 长着 毛绒绒 哗哗 开心 孩子 非常 喜欢 阅读
0,没住 这么 首先 不能 刷卡 服务质量 极差 我刚 安排 打扫 安排 打扫 第三次 安排 干净 当时 致电 想换 告诉 当时 承诺 入住 付款 紧张 无奈 只能 明白 空着 打扫 紧张 办完 手续 前台 告诉 电梯 提着 三个 大包 五楼 行李 保安 服务员 看见 根本 不管 估计 心里 第二天 早餐 发现 包括 人才 三个 台上 食物 十个 这个 紧张 要求 入住 付款 缺乏 应有 诚实 后来 客服 人以 四倍 语速 电话 估计 以前 绕口令 其实 几乎 主要 意思 经理 亲自 入住 道歉 一直 退房 没人 过问 本人 喷血 推荐 前往
0,预装 为了 节省成本 系统 麻烦 键盘 确实 响应 不足 按键 用力 不过 可能 是因为 本子 舍得 用力 原因 可能 显卡 太烂 打游戏 效果 理想
1,正如 标题 一般 王小波 冠以 名号 不如 一只 特立独行 王小波 一直 争议 作家 不得不 承认 天马行空 才华 不同于 世俗 甚至 有些 惊世骇俗 观点 想法 用笔 思考 生命 思考 作家 文字 感受 生命 重量 实在 一件 幸福 痛苦 走进 王小波 精神家园 看看 怎样 怎样
0,每个 看法 可能 有所不同 也许 围墙 用心 看者 朋友 介绍 跟风 欢喜 拿到 一读 意思 情侣 夫妻 两个 每家 每家 故事 特点 只要 用心
1,确实 商务 特点 缺乏 周到 五星 服务
1,性价比 收购 康柏 低端 娱乐 路线 独显 不错 触摸屏 一体 成形 喜欢
1,这本 依晨 求学 日记 安排 非常 紧凑 纽约 生活 充实 至极 读完 这个 女孩子 电视 想象 真实 贴近 生活 依晨 知识 渴望 生活 期待 读书 真的 一件 非常 快乐 非常 带劲 事情 果然 经常 一些 鞭策 书籍 很多 明星 很多 代笔 真实 感受 怎么 可能 代笔 支持 依晨 文字
0,晚上 上饶 打电话 问路 态度 不好 指错 上饶 好久 找到 入住 发现 小且 干净 厕所 马桶 很脏 烧水 器连个 指示灯 下次 肯定 不住 这儿
0,对于 而言 真得 不错 不过 怎么 独家 推出 网上 好多 免费 知道 是我太 版权
0,文笔 一般 一般 史料 详细 网上 言过其实 业余 玩票性质 建议 下载
0,一般 有些 单词 简单 简单 很多 单词 殡仪馆 美容师 耳鼻喉科 医生 之类 反正 现在 记住 说来 没什么 意思
0,非常 一般 单词 简单 句子 一起 举例 的话 更好 特别 那些 情绪 单词
1,做工 不错 键盘 散热 相当 风扇 声音 不是 很大 接受 多个 盘盘 狂汗 解决 不会 影响 预装 操作系统
0,刚买 降价 郁闷 价格 保护 不起作用 做工 还行 要是 更好
1,报名 考生 最好 选择 历年 真题 了解 把握 题型 难度 市面上 目前 好像 这个 版本 真题 该书 共有 四套 试卷 三套 历年 真题 考试 大纲 一致 阅读 目的 数量 今天 考试 一样 现在 今年 考试 综合 能力 阅读 只有 五篇 中等 长度 难度 文章 该书 真题 比较简单 模拟 很难 今年 实际 考试 难度 介乎 真题 模拟 难度 之间 该书 值得 考试 同学 参考 选择 每套 题目 详细 解答
0,常识性 稍微 有些 英文 基础 不会 这些 错误 建议 没什么 英文 基础 笑话 读读
0,员工 也许 缘故 反正 以后 不去 宾馆 反馈 年月日 尊敬 宾客 感谢您 点评 希望 方便 情况 意见 建议 反映 大堂 副理 尽力 改善 谢谢
0,这个 根本 不是 骗人 他们 服务 设备 最差 尤其 服务态度 极端 恶劣 大家 不要 这个
0,说实话 为了 跟风 赶时髦 买回来 后悔 呵呵 可能 喜欢 女人 历史 眼光
0,系统 环境 自带 驱动 软件 不能 自动 运行 需要 进盘 逐一 安装 有些 软件 知道 用途 颜色 似乎 不够 亮丽 不过 可能 设置 光驱 声音
1,这家 太原 性价比 上次 入住 服务员 单独 一床 被子 气味 极其 不好 不相称 早餐 建议 考虑 协调 一下
1,总之 第一句 便宜 同事 帮忙 系统 运行 起来 不错
1,女儿 知道 是从 哪里 知道 顺便 有趣 谈到 健康 知识 有益 注意 观察 健康 负责 最好 每次 大家 一起 饺子 面团 成书 描画 健康 样子 然后 告诉 大家 便是 这个 样子 说明 健康 可惜 大部分 成人 小孩子
0,看书 发现 这本 根本 网站 介绍 那样 精彩 搞笑 只是 别人 生病 滑稽 郁闷
0,标间 面积 实在 太小 卫生间 开身 客房 服务 一般 打电话 态度 尚可 值得称赞 咖啡厅 环境 不错 中餐厅 口味 还好
0,入住 询问 态度 不错 朋友 莲蓬头 很小 漏水 不著 隔天 要求 退房 也许 不同 服务 人员 态度 很差
0,非常 糟糕 服务态度 隔音 非常 即使 高层 夜晚 火车 第二天 搬到 远洲 国际
1,一周 性能 不错 散热 想象 中好 屏幕 完美
1,已经 几次 这家 非常 服务员 态度 友善 专业 客房 装设 时尚 舒适 配套 设施 齐全 使用 起来 方便 总之 郑州 索菲特 选择
1,就算 上海 非常 价格 不过 个人感觉 对得起 这个 价格 这次 非常 遗憾 黄山 看到 下次 肯定 下次 肯定 北海
0,这书 可能 外国 格式 编写 个人感觉 不够 吸引力 不如 国内 儿童 书籍 趣味性 适应 中国国情
1,提点 回来 拆开 一看 本本 体积 很小 六芯 电池 续航 时间 金属 质感 拉丝 外壳 做工 手感 一流 键盘 打字 顺畅 舒服 一般 本本 好用 散热 开得 时间 再长 烫手 风扇 声音 几乎 不到 屏幕 很靓 好看 电池 耐用 维持 六小时 基本 满足 外出 需求
1,最近 几个 好友 大家 喜欢
1,定位 大学 入学 读物 已经 修完 汉语言 文学 本科 看着 新鲜 很多 知识 第一次 了解 有些 知识 明白 之所以 选择 这个 版本 一方面 是因为 大量 图片 重要 冲着 王力 先生 古代汉语 老师 推崇 王力 先生 著作 崇拜 王先生 赞赏 老一辈 严谨 细致 治学 态度 一本 受益 特别 对于 喜欢 古代文学 而言 肯定 一本 很棒 工具书
1,值得一看 书里 提出 值得 思考 不无道理 个人 支持 思路 激进 很多 舒服 激进 却是 现在 社会 主流 精英 缺乏 民间 暗自 涌动 个人 认为 高层 领袖 应该 认真 考虑 书里 看法 认为 方向 具体 做法 委婉 一些 细致 一些 具有 可操作性 具体 行文 句子 逻辑 稍显 混乱 论据 支持 进一步 加强
1,同样 有小有 地理位置 偏远 早饭 不是 自助餐 形式 采用 套餐 形式 能够 选择 套餐 之外 这个 方便 本人 不是 喜欢 宾馆 反馈 年月日 非常 感谢您 光临 感谢您 关注 提出 一些 一种 大小 一样 关于 同样 有小有 客人 原订 房型 不足 出现异常 为了 保障 预订 客人 给予 客人 免费 升级 入住 产生 情况 早餐 套餐 形式 共有 固定 中式 茶点 套餐 客人 选用 套餐 之外 增加 其它 点心 客人 自已 造成 不便 深表歉意 欢迎您 再次 光临
1,此次 三亚 共住 宾馆 第一家 三亚湾 普通 干净 只是 热水 发现 一只 壁虎 不轻 第二天 天域 喜来登 确是 此次 三亚旅游 入住 三家 条件 最好 只是 早餐 太贵 珠江 大东海 俄罗斯 特别 当地人 海滩 好像 嘈杂 后来 改为 海景房 海景 不错 阳台 太小 简直 可怜 恶贵 午餐 蔬菜 点心 泡饭 结帐 晕倒 还有 提醒 春园 那边 吃海鲜 需要 耐心 三个 人点 小时 所有 老板娘 亲自出马 催才 小时 之内
1,地段 尚可 火车站 沃尔玛 超市 需要 打车 大厅 前面 停车场 宽畅 设施 不错 不足 之错 三点 网络 稳定 好几个 不了 网线 插口 破旧 偶尔 断线 大厅 小卖部 铁将军把门 买点 需要 外面 餐厅 提供 经济 套餐 名不符实 套餐 外面 块钱 差不多 宾馆 反馈 年月日 尊敬 客户 您好 感谢 金城 大酒店 支持 对于 反映 三个 已经 反馈 相关 部门 谢谢
0,华苑 产业园 唯一 虽说 有星 快捷酒店 一点
0,这个 所有 设施 陈旧 早餐 简直 没法 下咽 洗澡水 小得 没法 洗澡 尽然 写字台 行李箱 趴在 行李架 上上网 本来 算了 两天 将就一下 可是 晚上 看电视 尽然 一只 老鼠 面前 吓死 办法 第二天 一早
0,这个 首位 排名 言过其实 比不上 圈子 全套 故事 里面 故事 很多 牵强 逻辑性 仅仅 上面 原因 马马虎虎 接受 毕竟 有些 和稀泥 招数 实际 工作 有些 用处 看到 故事 尾巴 笔者 匆匆 首位 手忙脚乱 极度 不负责任 王伟 莫名其妙 失踪 实在 无法 理解 主要 职场 故事 完整性 考虑 对得起 读者 逻辑性 不能 高分 推荐
0,明显 客人 受到 礼遇 第一次 怀疑 是否 必要 继续 星期 预订 大床 豪华 客房 要求 面对 泳池 两大 一小 下午 托人 办手续 入住 居然 米床 单间 至点 发现 不对经 交涉 一间 边远 地带 住宅 两张 单床 豪客 理由 会议 没房 晚上 行李箱 一只 伤脚 睡觉 小孩 奔来 绝对 令人 愤怒 致电 要求 大堂 副理 上门 解释 下文 投诉 不会 道歉 不会 免费 升级 不会 减免 房费 免费送 果盘 讨饭 服务态度 不会 再来 当然 可能 一样 不在乎 客人 不来
0,幼稚 整本书 除了 大卫 几个 小孩 家长 一点 帮助 浪费
1,本人 非常 喜欢 动物 一本 关于 宠物 书籍 看到 很多 商店 不见 朋友 说起 书籍 很全 试试看 心理 搜索 真的 拿到 细细 故事 感动 心里 一次 一次 温暖 一本 值得 可能 改变 狗狗 偏见 享受 心灵 洗礼 品读
0,今天 汉庭 快捷酒店 上海 虹桥店 住宿 有余 入住 其它 记不清 离店 结账 产生 麻烦 至今 困扰 当日 通过 高级 大床 总价 当时 入住 办手续 一切顺利 服务生 拿出 订单 打单 刷卡 有条不紊 拿单 签字 当然 注意 刷卡 签单 授权 核对 服务生 打出 另外 每张 单据 每个 字符 第二天 离店 结账 麻烦 再次 刷卡 签单 发现 拒绝 签单 预订 不同 此时 服务生 拿出 昨天 一把 签单 高级 大床 房晕 忽悠 昨天 细心 昨天 任何 提示 今天 买单 服务生 理论 最后 服务 主管 同意 按元 结账 似乎 一切 结束 然而 并未 如此 服务生 卡刷 一次 同意 签单 一张 拒绝 签字 收回 单据 然而 收到 银行 账单 发现 扣款 致电 答应 查询 给予 答复 至今 收到 任何 回复 银行 方面 联系 其中 多次 银行 联系 银行 终于 退回 估计 银行 该店 进行 交涉 左右 银行 致电 退回 核对 再次 情况 反映 银行 应该 退回 再次 签单 账单 扣款 等待 银行 交涉 之后 不知 这次 还要 等待 多长时间
1,今天 终于 一次 输赢 第一次 故事情节 吸引 其他 第二次 下来 一样 印象 特别 深刻 周锐 生活 态度 以及 做人 处事 态度 的确 人生 短暂 事业 只是 生活 一部分 重要 反而 如何 过得 开心 快乐 另外 方威 注重 过程
0,发现自己 不是 喜欢 很少 装帧 不过 下次 不会 不如 看多
0,这是 第一次 这家 位置 肯定 开业 已经 一段 装修 旧办 入住 手续 进入 状况 不好 决定 半天 房租 另外 其它
1,性能 不错 屏幕 不错 原来 公司 有人 办公 普通 娱乐 够用
0,第一次 通过 入住 这个 公寓 前台 服务态度 极端 蛮横 无礼 将近 点钟 准备 放下 行李 可是 前台 接待 生讲 上午 点前 入主 还要 加收 半天 房费 规定 经理 没用 已经 设定 固定 程序 要求 告诉 上海 黄金周 投诉 电话 知道 最后 打电话 交涉 一阵子 入住 简直 岂有此理 规定 上午 点前 入住 加收 半天 房费 的话 一天 一天 房费 忠告 计划 入住 各位 务必 预订 确认 入住 时间 加收 房费
0,续航 时间 短有 电池 散热 点个 小时 烫手 硬盘 分区 只有 个盘 正版
1,朝阳 不算 朝南 大有 沙发 昏暗 大堂 敞亮 位置 中心 门口 单行
1,性价比 配置 太高 要求 普通 家用 办公 不错 样子 好看 简洁 大方
1,可惜 硬件 设施 完备 加上 路边 噪音 本来 应是 完美 留下 一点 遗憾 希望 如家 加盟店 更上一层楼
1,有些 设施 一般 早餐 一般 位置 位于 火车站 附近 周边环境 有些
1,应该 济南 最好 不过 档次 来讲 不够 自带 商场 很大 遗憾
0,看得 实在 没什么 抽象 空洞 没什么 意思 后悔
1,标准间 环境 不怎么 楼层 低有 蚊子 商务 大床
0,翻译 不太好 绕口 观点 值得 借鉴 考虑 韩国 妇女 地位 国内 一样 角度 不太 适合
1,绝对 三星 标准 地处 商业区 购物 方便 对门 有家 羊杂 绝对 正宗 除了 价格 稍贵 满意
0,不错 想照 麻烦 能照 的话 应该 用出 很大 健康 追求 选择
0,由于 飞机 晚点 半夜 半左右 登记 无人 提示 是否 无烟 楼层 提供 火柴 半夜 楼下 火机 马桶 舒服 座垫 太小 半夜 风大 窗户 风吹 声音 很大 早餐 一份 自费 一碗 皮蛋 瘦肉粥 炒河粉 一杯 牛奶 鸡蛋 吃饭 偏贵 来说 值得 赞扬 天半 最后 半天 上楼 出示 房卡 清洁卫生 阿姨 楼下 一问 分钟
1,值得 推荐 最初 女儿 同事 看到 不错 他们 买过 多次
0,知道 为什么 大家 关注度 如此 当时 跟风 买来 真的 车上 一页 一页 读完 看到 后来 糟粕 大体 过于 理想化 过于 机缘巧合 细节 描述 不错 只是 趣味 大于 教育 意义 顶多 只能 算是 闲来无事 翻翻 真的 从中 获得 至上 道理 几乎 可能
1,性价比 非常 高元 能够 配置 笔记本电脑 非常 合算 基本上 配置
1,这个 价位 屏幕 性价比 送货 很快 江西 九江 前后 两天
0,订单 发出 现在 收到 怎么 订单 电话 即使 不到 地址 打个 电话 一下 到底 希望 贵网 好好 一下 避免 以后 出现
1,显卡 内存 不错 散热 除了 风口 玩游戏 效果 不错 很多 不了 优点 完全 必要 不放 实际 情况 很多 不会 不会 设置 不好 另外 运行 流畅 第一次 担心 不过 看来 多虑 完美 全新
1,青海 宾馆 西宁 不错 大床 房床 离门 非常 隔音 不算 太好 电视 小且 不过 环境 早餐 不错
0,说实话 其实 随便 有点儿 经历 出来 一点儿 实质性 一般 爱看 生活 哲学 其实 每个 一套 生活 哲学 只不过 有些 当个 事儿 拿出 来说 而已 当然 这些 信服 信服 之分 实在 不能 恭维 不能 解决 只是 写出 一些 知道 屁话 竟然 还有 总编辑 推荐 失望 至极 据说 之后 一本 改变 女人 一生 希望 大家 警惕 这个 陷阱 不过 不是 相信 有人 喜欢
0,本人 江苏 入住 最差 宾馆 晚上 准备 洗澡 居然 一群 男人 房卡 直接 开门 进来 这个 行李 里面 下午 入住 里面 任何 服务员 原来 人家 退房 人家 行李 扔出去 别人 钥匙 恐怖 管理水平 洗澡水 不热 第二天 感冒 早饭 更是 没说的 一塌糊涂 几个 服务员 态度 狂差 宾馆 建议 黑名单 不要 出来 害人
1,发现 华硕 无线 网卡 真的 牛能 收到 外楼 线路 信号 我试 联想 惠普 戴尔 信号 本子 散热 太好了 惠普 百倍 性能 附件 丰富 屏幕 清洁 电缆 扎带 其他 品牌 细心
1,地点 位置 交通 不错 下次
0,发热 一般 左手 托盘 发热 屏幕 一般 可视 角度 不是 亮丽 自带 软件 不够 机器 厚重 不太 适合 女孩子
0,应时 浮华 之作 商业 医学 水准 有限 翻翻 而已 千万别 认真 尽信 不如 无书
0,确实 磨合期 内存 右掌 温度 散热 需要 改善 声音 看起来 插口 之间 距离 太近 办法 全用
0,服务 不则 太旧 旋转 餐厅 不转 早餐 服务员 好像 他们 一样 很差
0,酒店设施 不错 位置 太偏 出租车 非常 方便 门童 第二天 早上 出租 竞收 十元 手续费 还有 西餐厅 实在 差点 西餐 出来 不能 后面 厨师 不是 正宗 西餐 难以 接受 价格 其他 一样 下次 决不可
1,香港 马可 吸引 当然 便利 条件 附近 美心 酒楼 早茶 不错 文化 中心 里头 特色 服务 一项 细心 体贴 办理 退房 手续 存包 继续 逛街 当大 包小包 回到 行李 服务员 很会 心地 行李房 最深处 一角 那里 宽大 桌椅 避免 大堂 开箱 合并 装袋 尴尬 举动 从容 行李 整理 整洁 出门 真是 一项 贴心 之举
1,第一次 这家 入住 不错 这里 员工 热情 新装修 安静 舒适 这里 交通 非常 便利 四通八达 液晶电视 科勒 卫浴 纯毛 地毯 宜家 家具 上档次 品位 上网 独享 不要 超值 强烈推荐 朋友 这家 入住
0,最差 管理 前台 宾馆 位置 熟悉 宁波 过来 出租车 是否 听到 前台 一边 电话 一边 纸头 声音 估计 地图 有否 无烟 房答 烟灰缸 一般 可是 客人 没法 控制 需要 培训 无烟 概念 结帐 时有 电话 消费 可能 手机 前台 再三 肯定 不会弄错 我查 时间 突然 想起 段时间 我进 看到 电工 自说自话 报修 就让 他们 记录 总算 查到 前厅 主管 手机 人用 客人 电话 手机 诬赖 客人 真是 闻所未闻 洗衣 特地 分开 水洗 干洗 傻瓜 明白 干洗 肯定 送来 时像 没洗 过样 质疑 重洗 耽误 用切 第二天 就要 退房 别的 即将 满口答应 可是 退房 无人 知道 此事 不是 多个 心眼 一句 恐怕 衣服 石沉大海 说好 送来 时间 后来 打电话 催促 总算 送来 可是 失望 居然 没洗 干净 奇怪的是 本来 干净 出现 点点 油斑 真不知道 洗衣服 穿衣服 严重 怀疑 洗衣 出身 电工 修灯 客人 打招呼 客房 出入 第二 在场 完后 面上 打扫 拿房 靠近 附近 夜总会 晚上 十二点 钟才 安歇 投诉 换房 总之 对此 宾馆 印象 极差 宾馆 反馈 年月日 首先 客人 表示 深深 歉意 感谢您 这些 意见 加强 员工 培训 力度 每位 员工 服务 意识 好好 吸收 各位 客人 意见 批评 有则改之 无则 加冕 希望 各位 客人 监督员 你们 监督 更好 谢谢
0,自带 系统 比较慢 回复 出厂 设置 调整 其余 不到 这个 系统 没用 习惯 建议 厂家 直接 用户 分好区
0,一般般 看不懂 穴位 不到 专业 看来 商家 忽悠忽悠 忽悠 继续 忽悠
0,国外 客人 一晚 第二天 离店 客人 晚饭 餐厅 肠胃 不适 偏偏 飞机 送到 机场 休息室 飞到 曼谷 医院 两天 举目无亲 泰国 接下来 出差 行程 取消 曼谷 美国 内疚 担心 你们 上海 水平 他们 入境 最后 一天 不会 水土不服 宾馆 反馈 年月日 反映 情况 非常重视 作为 一家 涉外 四星级 客房 餐饮 操作 规定 相当 严格 西餐厅 食品 原料 保存 食品 加工 非常 专业 开业 至今 从未 发生 过因 食物 引发 客人 不适 投诉 客人 遭遇 表示 抱歉 希望 早日康复
1,电池 使用 时间 上次 火车 小时 电影 最后 实在 熬不住 电池 有电 键盘 舒服
1,做工 出色 性价比 配置 实用 键盘 设计 屏幕 色彩 外观 模具 非常 对得起 这个 价钱
1,上午 拿到 之前 一款 样子 一样 一点 知道 质量 好不好 现在 发现 现在 使用 半天 发现 一点
1,其中 很多 剧照 三两下 翻完 中间 部分 访谈 专业 篇幅 显得 冗长 从书 中能 感受 那个 时代 成长 过来 不易 特别 演完 英雄 无悔 之后 红人 胡同 宿舍 那些 爷们 冲凉 茅厕 感受 别人 眼光 指指点点 感慨 通过 看到 公众 人物 平常 生活 另一面 喜欢 买来 翻翻
0,是不是 调高 价格 原来 不是 怎么 突然 涨价 大家 不要 调价 已经 买过 一般 不值
0,人住 第年 希望 越大 失望 越大是 不知所云 或者 无用 浪费 适合 随手 送人
0,无聊 无病呻吟 说法 女人 最好 赶快 找个 有钱人 几岁 晕死 认为 贵族 别人 贵族 有病 棒子 意淫
1,性价比 外观 舒适 散热 其实 冲才 独显 够用
0,应该 这个 名字 总是 不太 附和 很多 冤枉钱 玷污 名声
0,知道 这套 当卖 不错 仍然 一部 作品 糟糕 不仅 次序 混乱 糟糕 录像带 画质 惨不忍睹 缺失 大量 无语 六区 正版 厂商 你们 敬业
0,宾馆 一半 阳光 通风 服务员 态度 恶劣 交款 即便 怎么 半个 小时 卫生间 马桶 一不小心 马桶 摔碎 千万 小心 使用 床单 干净 居然 阴毛 弥漫着 厕所 味道 恶心 比起 其它 省市 如家 差得 太远 失望 故宫 周围 这家 便宜 这家 性价比 合适
0,散热 想象 系统 安装 图形界面 只有 字符 一般 只能 系统 系统 方便 需要 修改 改为 模式 办法 激活 麻烦 正在 解决办法
0,按照 排行榜 收藏 女儿 长大 买回来 发觉 印刷 质量 很差 尤其 一股 铅味 特别 浓烈 简单 翻阅 一下 故事情节 为免 一般化 怎么 受到 大家 如此 追捧 是不是 成人 眼光 孩子 不同 决定 退货
0,个人 一般 别人 神奇 很多 网上 看过 只不过 总结 罢了
1,硬件 比如 液晶屏 无线 网卡 显卡 低端 性能 接近 一代 高端 发热 想象
1,位置 一些 民族风情 机会 尝试 一下
1,对得起 这个 价钱 即使 神舟 升级成 内存 加上 加上 现在 完美
0,芯片组 驱动 难装 问宏 客服 居然 不要 垃圾 办法
1,机器 机器 联想 音响效果 不错 特价 突然 之间 降价 决定 出手 现在 看看 应该 这么 冲动
1,来说 不错 交通 服务 还行 年纪 看上去 档次 不像 四星 大堂 呵呵 性价比 凑合
0,怎么 当当 降价 到货 上去 看见 降价 现在 看买 降价 晕死 当当 价格 太不稳
1,面对 鸦绿江 大桥 望远镜 还有 飞镖 设施 没话 下楼 风景区 不错
1,值得 推荐 希望 大家 一下 有用
0,优点 靠近 商业中心 火车站 不远 价格 公道 缺点 设备 几乎 招待所 标准 周围环境 脏乱差 噪音 烧烤 气味 刺鼻 免费 注册 网站 导航 宾馆 索引 服务 说明 关于 诚聘 英才 代理 合作 广告业务 联系
1,散热 开机 一天 不到 热量 同事 惠普 已经 烫手 屏幕 上网 有个 小灯 晚上 关灯 使用 小黑 运行 稳定 出过 一个月 出现 任何 相当 满意 送货 速度 以前 周一 下单 周三 好像 送货员 一点
0,太烂 左右 后边 大型 娱乐场所 吵闹声 一直 凌晨 点多 隔音 很差 装修 很俗 中央空调 声音 很响 宾馆 反馈 年月日 尊贵 客人 谢谢您 对本 提出 宝贵 意见 非常 抱歉 入住 期间 带来 不便 对于 提出 空调 管理层 非常重视 马上 专业 人员 改善 空调 今后 不断改进 不足 所有 宾客 提供 优质服务 再次 感谢您 期待 下次 光临 谢谢
0,散热 好像 一般 看好 会员 要是 有券 更好 相比 不挺 划算
0,只是 一般 翻译 不够 语无伦次 重点 只是 简单 韩文 翻译成 白话文 特色
0,看到 一半 几页 空白 间断 一截 退货 可是 已经 书上 笔记
1,这是 一套 很漂亮 女儿 两岁半 好玩 还学 其中 一些 事情 譬如 洗手 睡觉 衣物 鞋袜 整套书 非常 温馨 温情 非常适合 亲子 阅读 增进 孩子 父母 交流 孩子 父母 更加 相互信任 理解 孩子 已经 三岁 以上 早慧 的话 建议 不要 女儿 现在 两岁 九个 三个 幼儿 来看 幼稚
0,不是 家庭 高级 不过 还有 家庭版 标的 对接口 位置 确实 不太 科学 这个 价钱 不能 要求 太高
1,一直 以为 世界 首富 比尔盖茨 沃伦 巴菲特 现在 知道 世界 还有 隐形 真正 世界 首富 他们 世界 历史 许多 战争 金融危机 有关 原来 世界史 还有 一面 真是 令人 打开 眼界
0,知道 为什么 开机 光驱 声儿 特别 习惯 只有 晚上 换成 起来 速度 说得过去
1,造型 外观 不错 实际 到货 硬盘 操作系统 质量 不错
0,很小 行政 名字 不符 另外 这家 按摩 千万 不能 超级 结帐 居然 打手 上来 大家 注意 决不会 入住
0,保护环境 第二天 要求 床单 必须 整理 他们 只是 草草 一下 皱巴巴 实在 不到 四星 二星 勉强 价格 系统 国际惯例 相差 甚远 留下 印象 这是 一家 黑店 希望 其他 入住 客人 价格 各种渠道 时间段 认真 核对 订单 必要 随时 撤单 以免
0,印刷 质量 很差 盗版书 很多 字迹 模糊 看起来 费眼 书到 失望 不到 阅读
1,天涯 看到 老师 帖子 马上 除了 阅读 大力 推荐 送给 朋友 拿到 妈妈 胜过 老师 欲罢不能 好书 相见恨晚 唤醒 心灵深处 记忆 一次 体会 学习 成长 快乐 读好 妈妈 胜过 老师 最大 感受 知道 作为 家长 知道 罢了 关键 往往 自以为是 固执 实施 错误想法 改正错误 现在 做起
1,服务 员工 礼貌 干净 不能 直接 通话 需要 总机 方便 在我看来 只能 四星级 黄山 只能 三星级
0,交通 方便 价格 相对 便宜 设施 有些 陈旧 网络 上网 服务生 素质 相对 低些 重新 装修 这个 位置 应该 不错
1,做工 真的 不错 小巧 适合 出差 颜色 黑色 至少 商务 不会 稳重 键盘 尺寸 合适 打字 不会 错键 速度 比是 一些 移动 服务 至少 联通 电信 一些 速度 无所谓 关键 服务
1,外观 漂亮 磨砂 键盘 手感 舒服 配置 不差 外观 漂亮 磨砂 键盘 手感 舒服 配置 不差
0,态度 超级 不好 我订 普通 标准 免费 升级 豪华 双标 一定 网线 第二天 告诉 不能 用网 附楼 超级 超级 姑娘 抗着 人管 第二天 打扫 人员 听不懂 前台 普通话 扛着 行李 来回 知道 干什么 换成 标准 标准 豪华 进去 发现 不仅 主楼 前一天 豪华 好多 至少 窗户 很大 网线 对于 第一天 入住 超级 满意
1,总的来说 几点 不足 卫生间 臭味 方便 走过 桥到 大街 招呼 中餐厅 偏贵
0,系统 准备 情况 不难 硬盘 驱动 琢磨 大半天 装好 还有 不算 缺点 不足 机器 款式 相对 屏幕 保护 还有 键盘 保护 屏幕 巧克力 键盘 新潮
0,纠结 老婆 喜欢 界面 本来 换来 不过 今天 失败 不过 还好 区分 基本 影响
0,真是 谈不上 幽默 妄想 看看书 费工夫 记住 英语单词 更是 白日做梦 总之 不值
0,本来 心理 很感兴趣 范畴 最初 毕淑敏 几本书 不错 上下 两本 好不容易 特别 特别 没意思 悬念 一下 成功 扫盲 一下 成功 讲个 故事 索然 无趣 收获 失望
0,到手 由于 书脊 完全 断裂 生气 大大 影响 读书 心情 知道 损坏 程度 怎么 发货 顾客
1,长长的 墨迹 全部 倾泻 曾子墨 这个 牲口 重洋 来到 陌生 达特茅斯 学院 美国 显得 那样 保守 格格不入 成功 摩根斯坦利 高层 改变 中国 看法 不由得 承认 命运之神 那样 眷顾 喜欢 付出 鲜为人知 努力 曾子墨 倾诉 美国 生活 紧张 面试 没日没夜 工作 回到 凤凰 还有 时装 宣言
0,陈旧 服务 设备 陈旧 垃圾
1,配置 合理 功能齐全 红色 好看 键盘 弹性 手感 现在 价格 不错 发现 亮点 暗点 送货 够快
1,布置 行里 火车站 较近
0,早上 近点 算一天 房费 大都 第三天 火车 晚上 点多 我延 半天 六点 退房 打电话 查房 没到 你们 那天 早上 我延 半个 小时 小时 客人 一样 以后 不去
1,服务 热情 交通 便利 下次 北京 选择 这家
1,香港 九龙 地区 以上 性价比 最高 交通不便 免费 班车 到达 旺角 尖沙咀 分钟 通过 预定 香港 朋友 预定 还要 便宜 并且 入住 提升 行政 标准 健身 游泳 免费 购物 大众化 方便 下面 购物中心 对面 购物中心 百佳 超市 海鲜酒楼 自助 火锅 步行 分钟 荃湾 城市 购物中心 广场 奇怪 为什么 网友 反映 购物 方便 晚上 以后 全世界 购物 方便 便利店 另外 以下 好象 大陆 旅行团 标准 以上 预定 豪华 香港 世界名牌 不是 方便 补充 点评 年月日 爱人 新婚旅行 香港 通过 朋友 定房 住层 标准 孩子 通过 定房 住层 豪华 亲身 体会 交通 方面 理想
0,主要 原因 是因为 炒出 名气 好奇 是因为 附有 穴位 老婆 想要 对书 说实话 抱太大 希望 买来 一看 封面 正中 印着 一尊 菩萨 预料 一样 文字 玄乎 武功 秘籍 中医 下去 真是
0,已经 帮人 很多 最近 一次 大图 目录 大家 收货 一定 检查 清楚
1,庭院 环境 设施 一些 总台 有位 小姐 服务 稍差
0,价格比 市场价 优惠 不少 貌似 第一台 要贵 一些 要是 便宜 一些 绝对
0,全球 最大 中文 网上商城 发货 不说 客服 态度 处理速度 主动 忽忧 消费者
1,性价比 非常 各项 配置 均匀 日常 办公 家用 需求 基本上 满足
1,别人 联想 应该 家里 一台
0,说好 地段 闹市区 中心 价格 便宜 房价 早餐 不好 门口 单行道 知道 怎么 开车 进去 最后 逆向行驶 进去 警察 摄象机 知道 有没有 停车 很少 停车 客人 总台 保安 态度 差朝 大街 对面 商场 喇叭 刺耳 卫生间 洗澡水 难调 淋浴 四周 一个半 拉浴 遮挡 洗澡 卫生间
1,买书前 网上 开放 部分 心里 念念不忘 看到 书名 引起 联想 放不下 一般 网络小说 很少 只是 随便 一看 这本 例外 买来 一气 反而 有些 小小的 失望 前半部 细小 坚持 沥川 与众不同 他们 感动 爱情 后半部 有些 草草 收尾 不再 细腻 感动 前半部 称得上 一部 好书 手里 有意思
0,口太少 并且 左边 包装 不带 鼠标 算是 个人 满意
0,明白 偌大 为什么 会卖 盗版书 已经 对比 图书大厦 正版 拿到 这本 拉拉 纸质 粗糙 字迹 颜色 明显 正版 路边 书摊 块钱 盗版书 多花 一倍 价钱 买来 暗自 欣喜 认可 网上 购书 优质 便利 真是 失望 之极
1,饭店 地理位置 非常适合 夏天 度假 硬件 设施 差于 服务 达标 早餐 自助餐 比较简单 困难
1,不错 没什么 毛病 起来 不错 外观 图片 基本 没什么 出入
0,知道 早熟 怎么 一般 有些 太过 现实 毕竟 每个 价值观 人生观 不同 不是 所有 观点 认同 看书 视野 一点 说实话 以后 韩国 日本 来看 很窄 推荐 大家 看看 羽西 中国 淑女 中国 绅士 这才 真正 心怀 宽广
0,很破 宾馆 号称 四星 不过 实际 情况 比好 一点 早饭 惨不忍睹
0,服务员 成心 坑人 点回 宾馆 准备 吃饭 收拾 结帐 服务员 离开 马上 按照 惯例 服务员 提醒 超时 收费 以为 收费 于是 不慌不忙 吃饭 收拾 两点 结帐 竟然 活生生 多收 半天 告知 提醒 收费 言语 直接 发票 押金 里头 不是 成心 坑人 可笑 套间 进去 找到 电视机 遥控器 电话 前台 前台 大妈 看看 大妈 进门 溜达 一圈 一句 好像 遥控器 之后 电视机 找到 遥控器 服务员 服务 真是 敦煌 摸黑 早餐 离谱 这家 宾馆 不得
1,白色 钢琴 很漂亮 声音 效果 很棒 对于 用来 上上网 做些 文字 办公 看看 电影 只要 超级 大片 完全 够用 关键 便捷性 电池 连续 办公 时用 半小时
0,书本 太小 方便 小孩 翻阅 有些 页面 字太多 字体 很小 可能 适合 上学 小学生 看吧 喜欢
1,外观 漂亮 配置 不错 性价比 保证 拆封 检查 全新 机器
0,第一次 河南省 第一次 郑州 印象 一般 入住 大河 锦江 饭店 了解 已经 上海 锦江 集团 脱离 合作 关系 很大 设施 已经 较为 陈旧 同样 豪华 大床 有些 沙发 有些 沙发 只有 椅子
1,作为 一本 西方人 创作 心理学 读物 西方人 视角 看待 方式 阐述 目前 刚刚开始 事物 描述 西方化 西方人 观察 事物 喜欢 重点 东方人 习惯 整体 这是 开始 这本 读物 不过 西方 开放式 教育 模式 这本 重点 教材 添加 无与伦比 趣味性 我国 教材 体制 明显 不同 个人 认为 非常 值得 一读 好书
1,一个月 内买 来说 不错 完后 立刻 安装 实在
0,本来 标间 后来 告诉 只有 标间 只好 答应 别无选择 以为 档次 城市 外标 多元 不错 实际 入住 性价比 较差 设施 简陋 不像 代表 该市 形象 窗口 空调 中央 控制 房间内 调整 刚进 异味 两年 唯一 遇到 宾馆 入住 还要 另外 缴纳 停车费 可能 少见多怪 优点 早餐 还好 符合 标准 补充 点评 年月日 建议 地址 改为 六峰路 开车 好找
0,令人 失望 进入 大厅 一股 酒味 餐厅 大堂 隔离 不好 电梯 速度 慢且 不过 四部 电梯 配置 等候 时间 缩短 设施 简陋 地毯 卫生间 非常 肮脏 令人 整个 卫生 程度 产生 怀疑 入住 那个 居然 还有 几个 飞蛾 不停 飞费 一番 周折 扑杀 才能 入睡 床铺 舒适度 经济型 无可非议 作为 四星级 合格 入住 第二天 台商 不知 那些 台商 感想 告知 在续 价格 会涨 唯一 值得 肯定 地理位置 不错 风筝 广场 斜对面 推荐 一家 风筝 胜利 东街 大桥 不到 一家 杨家埠 风筝 不错 宰客 斜对面 便宜 一半
0,服务 真是 臭死 如是 招聘 几个 客服 人员 电话 一直 人人 还有 那个 物流
1,非常 四星 标准 完全 超值 享受 服务 非常
1,运行 声音 很小 散热 不错 显示屏 看着 性能 漂亮
1,书较 史料 翔实 足以 平日 史料 考证 工夫 国民党 联共 反共 实际上 代表 两种 统治 阶层 处理 时期 主要 党派 关系 当然 随着 外部环境 变化 随着 领袖 变化 关系 不断 进行 调整 矛盾 斗争 对立 统一 翻开 厚重 了解 知道 了解 史料 看看 当年 时代 处理 技巧 从中 借鉴 理由 期待
1,设施 不错 服务 早餐 不错 金华 选择
0,五星级 三星级 星级 服务 零星 环境 以后 再也不会 这家
0,系统 第一次 棘手 以后 一次 可惜 这个 机会
1,环境 一流 庭院 深深 小桥流水 枯藤 昏鸦 多次 入住 只是 早餐 极其 惨淡 无论 中西 希望 改进
0,上当 用户 第一次 当买书 可是 已经 发货 现在 收到 实在 大失所望 知道 哪里 讨书
1,入住 中远 价位 性价比 非常 可能 装修 大堂 虽小 非常 干净 品位 由于 刚过 春节 红灯笼 楼梯 彩条 喜庆 不大 香港 应该 不算 干净 一点 满意 每天 开水 拖鞋 前台 服务员 热情 介绍 公交线路 公交 非常 方便 路路 门前 还有 电车站 门前 中环 繁华 唯一 不如意 之处 太短 老公 个子 一伸 腿脚 床沿 个子 高高的 人士 有些 委屈 来说 满意
0,浅显 总是 滔滔 不觉 辩解 纯粹 一本 炒作 包装 自我 孙寅贵 兄弟 经历 辩解
0,选择 快递 公司 送货 太慢 外包装 还有 很深 磕碰 痕迹 还好 里面 包装 完整无损
1,三月底 连天 阴雨 上册 慢慢 读完 上册 留下 深刻 印象 概况 推陈出新 旧有 废墟 建立 文明 似乎 沿袭 旧有 生命力 创造力 这个 变革 时代 这个 特殊 哪些 启示 下册 介绍 近代史 介绍 近代 文明 变迁 史方 更替 以史为鉴
0,环境 可能 当地 饮食文化 东莞 不同 原固 中餐 分为 二层 一层 饮茶 一层 食饭 本人 食饭 饮茶 楼层 茶位 一种 茶收 十元 后来 转去 食饭 楼层 饮茶 楼层 位费 一起 结算 饭时 茶位 他们 分开 核算 等于 重复 交茶 位费 真气
0,以为 炫灯 知道 直接 客服 礼貌
0,走不开 老毛病 发热量 较大 散热 不太好 不如 有待 改进 还有 独立 显卡 差点
1,这是 一本 破除 西方人 统计数字 迷信 针对性 科普 西方人 崇尚 事实 数据 说话 任何 观点 只要 拿出 相应 统计数据 似乎 站得住脚 理由 实际上 可能 事实 远非 统计数字 表现 那样 现在 中国 媒体 房地产 市场 调查 报道 很多 书里 揭穿 伎俩 看一看 有助于 纷繁复杂 信息 社会 保持 清醒 头脑 容易 别有用心 某些 忽悠 值得 一读
0,为什么 每天 订房间 水果 咖啡 协程 网上 果盘 简直 不讲道理
0,使用 说明 光盘 电子 说明书 多少 此外 降价 只是 几天 可能 还会 打击
1,自提 高性价比 相当 不错 当年 运行 稳定 质量 保证 散热 到位
1,好几年 偶然 读到 落仔 你们 百万富翁 当时 感动 眼泪 哗啦啦 地流 心里 欣赏 这个 女生 居然 感情 写得 这么 细腻 这么 温暖 于是 狠狠 喜欢 落仔 文字 看到 不朽 曾经 感动 文章 于是 毫不犹豫 买下 不失 所望 温暖 比落 仔小岁 女孩子 文章 描述 情感 故事 熟悉 窝心 喜欢 落仔 喜欢 那种 温暖
0,机子 本身 来说 几处 不佳 之处 左手 散热 出口处 温度 机子 表面 蓝牙 开启 关闭 指示灯 液晶屏 上盖 锁扣 来说 性价比 极高 非常 满意
1,很漂亮 完美 外观 不错 接口 丰富 奥特 兰星 效果 不错 独显 不错
1,非常 好订 标房 入住 当天 升级 豪标 干净 服务 热情 窗户 打开 透透气 更好
0,最差 之一 极其 高原 本来 缺氧 极易 加剧 高原 反应 简陋 窗上 床垫 露出 木头 床架 洗手间 几十块 招待所 更脏 马桶盖 铁丝 连在一起 冲水 装置 需要 起来 才能 部分 服务员 态度恶劣 退房 巨大 包问 服务员 不能 稍微 快点 几眼 总之 不怕死
1,做工 精细 出去 贴膜 连卖 做工 鼠标 需要 鼠标垫 以前 联想 随即 怎送 鼠标 这个 鼠标垫 起来
0,风扇 运行 噪音 散热 不太好 屏幕 两边 漏光 严重 鸡肋 重装 方便 镜面 指纹 收集器 专用 驱动 亮点 超过 三个 不包 商家 厂家 不管
1,拿到 初步 使用 内存 起来 稍稍 慢些 安静 关机 一样 键盘 手感 超好
1,这是 一本 感人 人物 生活 年代 注定 他们 命运 究竟 责任 苦难 死亡 面前 是否 仍能 完整 究竟 悲哀 勤勤恳恳 无知 无觉 悲哀 心中 留余恨 悲哀 坚守 信仰 伤害 至亲 悲哀 界线 所有 人物 身上 模糊不清 那样 时代 生活 那样 时代 很多 选择 无可 选择 很多 遗憾 不得不 遗憾 留下来 除了 还有 深沉 无可奈何
1,漂亮 性价比 值得 哈哈哈 哈哈哈 还会 自动 更换 桌面 白天 晚上 乐死 号称 联想 特色 嘎嘎 嘎嘎
1,这次 送货 速度 神速 昨天晚上 订单 第二天 上午 收到 先赞 一下 熊宝宝 绘本 好多 绘本 认定 真的 不错 浅显易懂 特别 适合 年龄 宝宝 开始 早期 亲子 阅读 里面 动物 可爱 表情丰富 特别 生动 形象 大部分 重复 宝宝 能够 加深 记忆 值得 推荐 唯一 缺点 第四 睡觉 好多 重影 不知 原因 美中不足
0,用户 安装 系统 驱动 服务 支持 不好 随机 资料 网上 任何 相关 安装 说明 用户 摸索 查找 下载安装 过程 中有 暗门 设置 安装 容易 导致 了解 不能 装全 驱动
0,大家 一定 谨慎 出现 到处 他们 不会 小心 上当 不够 糟心 省心
0,预订 钱塘江 景标 房一 进门 闻到 浓烈 烟味 所谓 江景 举目望去 基本上 只有 层高 野草 不能 忍受 跳蚤 以致于 晚上 只能 长衣 裤带 帽子 睡觉 身上 时不时 红肿 瘙痒 软件 服务 不错 不会 选择 开元 之江 出门在外 卫生 安全 重要
0,重量 轻点 这么 配置 价格 差不多
0,值得 这个 装修 一般 外是 烧烤 一条街 早餐 非常 简陋 下次 决不 选择 申请 延迟 退房 不肯
1,不错 原来 定元 凌晨 免费 升级 豪华 看到 海景 三天 换房 周四 周日 设施 达到 标准 洗脸盆 水龙头 漏水 餐厅 正好 餐厅 下面 一天 他们 员工 聚会 下午 楼上 餐厅 好象 对外 楼下 怡情 据说 青岛 出名 餐厅 挺火 味道 价格 啤酒 差不多 步行 向下 商场 购物 吃饭 方便
1,早餐 太差 全是 素菜 另外 礼宾 一件 行李 最后 发现 别人 领走 半天 回来 其他
1,这个 样子 换换 意想不到 驱动 这里
0,三星 机器 指纹 机太 容易 指纹 内存 集显 价格 性价比 宏基 机器 机器 市场价 其实 只有 标给 优惠 很多 错觉
0,真的 指纹 收集器 不光 还有 插上 电源 电池 拿掉 的话 充电 知道 电池 伤害 严重 华硕 真该 做个 开关 控制 电池 模式 直流 模式
0,味道 服务 实在 不敢恭维 预订 卖掉 免费 升级 不错 实在 可气 退房 衣服 前台 办理手续 不予 提醒 归还 行李 存放 将近 三个 小时 依然 归还 直到 离开 哈尔滨 回到 父母 家里 两天 整理 行李 发现 电话 过去 看到 衣服 服务 实在 太差 衣服 回来 还要 支付 快递 费用
0,一本 女孩子 怎么 追求 物质 值得 大家伙 这么 追捧 物欲横流 社会 精神 追求 真是 越来越少
0,破星 热水 分钟 中央空调 宾馆 反馈 年月日 中央空调 信息 热水 可能 白天 客人 洗澡 管道 内有 一些 冷水 需要 放净 此类 事情 哪家 出现 客人 谅解
0,非常 满意 先说 一点 接机 不错 其他 无一是 首日 入住 鲜花 水果 不知 贪污 不见踪影 隔音 效果 极差 当夜 一点钟 隔壁 运动 声音 吵醒 郁闷 当天 前台 退房 加收 全天 房费 垃圾 设施 一般
1,无锡 回来 二号楼 如下 干净 配制 齐全 还有 液镜 饭菜 可口 不是 很贵 值得称赞 服务 水准 老公 粗心大意 手机 工作人员 马上 送回 饭店 员工 几乎 笑脸相迎 难得 单从 这点 间接 提升 入住 饭店 理由
1,桑拿 设备 理由 正在 维修 真正 原因 赚钱
0,驱动 实在 太难 尤其 声卡 驱动 华硕 不会 这个 搞不定 不够意思 稍逊 这个 显卡 差点
0,今天 贴膜 突然 发现 网卡 售后 打电话 提示音 告诉 第一个 排队 分钟 等到 网上 提交 返修 申请 怎么 提交 不了 提示信息 不全 郁闷 售后 令人 非常 失望
1,套书 送给 孩子 六一 礼物 正如 读过 朋友 点评 那样 确实 值得 好书 拿到 担心 拼音 孩子 起来 吃力 事实证明 担心 多余 打开 一刻起 散文 一样 故事性 很强 深深 吸引 几天 已经 第四 睡觉时间 不肯 放手 今天 一早 起来 孩子 睁开眼 第一句 妈妈 喜欢 阅读 喜欢 儿童节 礼物 这话 欣慰
0,系统 小麻烦 两个 小时 系统软件 更新 另外 后面 两个 太挤 电原 只能 接小个 读卡器 没法用
0,太小 电梯 周围环境 正在 修路 非常 嘈杂
1,文革 时金镛 香港 报纸 预测 时事 每每 众人 询问 原因 资治通鉴 几十年 中国 大抵 如此 此书 真有 如此 神奇 怀着 好奇心 硬着头皮 历时 一年 终于 终于 明白 金大侠 所言 中国 确实 大抵 如此 历史 现象 不会 简单 重复 历史 规律 总是 不断 重演 此书 令人 认知 水平 拔高 一筹
1,服务 不是 专业 处理速度 太慢 不过 服务员 错误 副理 亲自 上来 道歉 非常 感动
1,得意 得意 居然 完美 受不了 呵呵 太好了 人品
1,轻巧 发热 原先 冰箱 哈哈 运转 声音 几乎 听不见
0,只能 一本 摆在 书店 肯定 卖不出去 言之无物 几页 肯定 不会
0,散热 不好 机器 一会 怪不得 散热器 自带 红旗 系统 垃圾
0,真正 起来 缺点 不少 首先 机器 价格 便宜 然后 键盘 手感 键盘 布局 协调 键盘 喇叭 设计 真的 难看 机器 刚刚 拿到 不好 其他 实际 使用 中才 清楚
1,套书 不错 里面 有小胶 按照 题目 要求 小胶 书页 我家 孩子 四岁 这册 比较简单 孩子 喜欢 里面 不仅 数学 还有 关于 时间 关于 远近 方面 训练 需要 大人 读题 题目 描述 有时候 拗口 孩子 有时候 不过 来说 不错 我家 孩子 打算 这五本 各个 家长 根据 孩子 发育 情况 来选 级别 要是 平时 数学 有些 概念 选高 一级 别的
0,之前 这么 五星 买来 以为 应该 值得 拥有 书后 心目 这本 所谓 称为 五星 真的 差劲 我用 几晚 时间 终于 围绕 如何 朗读 孩子 培养 阅读 兴趣 实在 很多 废话 根本 不应 这么 长篇大论 废话 需然 完完整整 整本书 看书 过程 感到 非常 不耐烦 明白 废话 干什么 家长 已经 知道 从小 陪养 孩子 阅读 兴趣 重要性 必要 这书书 写道 通过 家长 朗读 从而 陪养 小孩 阅读 兴趣 个人 认为 只要 家长 能够 以身作则 阅读 从小 孩子 亲子 共读 孩子 必然 从小 喜欢 书本
1,性价比 满足 家用 需求 我用 深度 盘带 驱动 不用 设置 安装 系统 顺利 遇到 视频 黑屏 情况
0,套书 买回来 孩子 太大 兴趣 随手 翻看 几次 现在 抽屉 以后 慢慢 看吧 不知 是不是 习惯 图画书
0,显示器 盖子 外凸 不严 扭曲 盖子 表面 用手 触摸 凸凹 托板 松动 好像 掉下来 一样 反正 做工 不是
1,先生 眼中 水浒 不仅 文学名著 更是 社会学 名著 水浒 放在 宋朝 政治 经济社会 环境 下来 研究 梁山 好汉 集结 一起 忠义 而已 这里 忠义 儒家思想 忠义 大有 不同 先生 水浒 为活 蓝本 简析 当时 社会制度 婚姻制度 水浒 时代 今近 世纪 书中 打家劫舍 论称 分银 生产 分配 方式 认为 当代 社会 值得 提倡
0,衛浴 設備 簡陋 沒有 熱水 洗澡 熱水 不熱
0,拉拉 升职 记太 现实 那种 职场 环境 简直 乌托邦 太少 对于 大多数 来讲 参考 意义 太小
1,无肉 不欢 每天 不吃 点肉 过得 兔子 一般 生活 当然 恶心 怎样 保证 蔬菜 合理 搭配 保证 天天 不腻 经常 考虑 呵呵 不错 图文并茂 还有 温馨 提示 产生 无限 味觉 联想 不过 值得 警惕 睡觉 尤其 不要 此书 尝试 两次 腹中 空空 感觉不好
0,枕头 太低 不好 不过 驻马店
1,第一次 听到 自然 转化 艺术美 真的 吃惊 年龄 不怎么 明白 对于 现在 中学生 受益匪浅 身边 同学 有着 执着 看法 并且 客观 他们 有时 爱慕 虚荣 从没 想过 真正 目前 读完 此书 班主任 推荐 非常 荣幸 能读 谢谢 朱光潜 老先生 谢谢 班主任 老师
1,外观 不错 很漂亮 内存 配置 很全 价格便宜 三星
1,公司 工程师 几天 如何 满脸 告诉 知道 真的 不错 处理 日常 工作 客户 演示 连接 高端 服务器 非常 够用 老板 发现 还用 玩游戏 老板 认为 升级 高端 机器
0,看一遍 差不多 想要 送给 武汉 需要 联系
1,上次 只有 一部 值得 先生 真是 博学 古文 不好 了解 传统 文化 精神 可先 南怀瑾 先生 著作 入手 很多 人写 其他 书上 怎么 怎么 不去 领悟 求证 开始 人云亦云 胡说八道 先生 儒家 道家 佛家 不仅 潜心研究 经典 根据 领悟 修证 经典 所说 是否 男得 大家 分享 读南 先生 著作 心得 感受
1,地点 还给 免费 升级 很多 价格 太高
0,灯光 地毯 很脏 发现 踩死 一只 蟑螂 牙膏 假货 毛巾 千万别 相信 不会 自备 登记 入住 听到 一名 像是 管理人员 另一名 导游 这点 小事 他们 投诉 顿时 后悔 这么 评分 还有 的话 一定 全部 他们 打分 建议您 多花点 开点 车选 别处 入住
1,朋友 据说 不错 一下 试试
0,地理位置 实在 城乡 结合部 服务 意识 出门 叫车 完全 可能 早饭 鸡蛋 后个 小时 同伴 一起 轮流 厕所 天才 补充 点评 年月日 楼下 估计 好多 马甲 居然 还有 这家
0,可能 周总理 朴素 陈设 服务 简单 不过 早餐 丰盛
1,一口气 真的 好羡慕 女主能 获得 感情 无论是 林主 魏主 甚至 杨主 轻易 心动 男主 轻易 获得 究竟 付出 获得 真的 很难说 善意 欺骗 女主 面对 最后 哥哥 结局 感伤 心疼 心疼 付出 难受 上天 不公 试想 哥哥 最后 痊愈 并且 张开 双臂 走向 女主 故事 结局 如何 我会 选择 真的 好看
1,处于 无锡 商业街 附近 火车站 很近 非常 方便 附近 美食 步行 到达 方便 中规中矩 木色 装修 舒服 绿色 地毯 个人 喜欢 不过 很多 星级 首选 通过 预定 免费 上网 元天 惊喜 另有 二个 饮料 赠送 开心 洗浴 小包装 味道 喜欢 拖鞋 很漂亮 服务 行动 有意思 进门 不到 开关 打电话 询问 回答 那个 灯是 应急灯 关不了 只能 电源开关 关掉 一定 关闭 的话 工程部 灯泡 卸下来 可爱 大堂 不过 电梯 很快 早餐 品种 中日 西式 日式 竟然 加料 喜欢 不知不觉 这么 总之 一句 中规中矩 五星 标准 位置 便利 商务 宾馆 反馈 年月日 感谢您 对本 支持 最近 客房 周末 促销 推出 一如既往 保持 星级 服务 标准 欢迎您 再次 下榻 衷心 祝您 身体健康 工作 顺利
0,宾馆 反馈 年月日
0,总共 预定 清楚 注明 希望 高层 当天 达到 时才 已开 理由 安排 一楼 当时 一位 前台 办理 完全 理会 预定 要求 家人 由于 老人家 非常 憋气 蚊子 多得 飞机 半小时 来到 前台 要求 换房 一位 前台 二话没说 一间 一楼 透气 蚊子 一抓 一把 解释 厦门 这个 季节 蚊子 著名 接下来 打电话 要求 协调 成功 心想 一家 老人家 不想 折腾 因此 天才 一间 二楼 应该 重视 客户 预定 需求 要求 满足 不能 满足 告知 客人 否则 还要 一场 闷气 旅游 兴致
0,书上 单词 音标 特大 缺陷 方便 读者 拼读 别说 好记 遗憾 退货 不用 一定
0,经典 小黑 品质 可能 有些 别有用心 哈哈
0,设施 老化 紧靠 马路 噪音 晚上 楼上 卫生间 水流声 空调 噪音 非常 无法 入眠 总台 反映 服务员 姗姗来迟 强调 如此 建议 入住 开发区 安庆 大酒店 市区 人民 锦江 之星
1,不会 多少 感兴趣 希望 看到 朋友 读读 文字 简单 篇幅 不长 记记 颠沛 坎坷 人事 传说 感悟 文字 有趣 只言片语 意味 悠然 苏轼 大家 不仅 文学 成就 源于 内心 天真 东坡 林中 随处可见 豁达 乐观 怀念 亲友 可爱 之处 一两 东坡 身边 朋友 真诚 迷信 背影 萧萧 而心 这么 温暖 这是 一本 好书 真正 好书
1,外观 键盘 性能 电池 挺不错 进不了 系统 郁闷 硬盘 嘎吱 怀疑 楼上 有人 导入 系统 解决问题 验货 可不 知道 售后 这个 方法 直接 换货 换个 保险
0,这个 实在 太差 开始 空调 简直 后来 拉倒 空调 一股 霉味 床上 发霉 千万 不要 这个 晚上 睡着 太差 早餐 简直 简直 一塌糊涂 服务 态度
0,系统 分区 知道 厂家 为什么 这么 既然 研发 产品 对于 他们 内行人 来说 简单 顺手 分区 还要 半天 特别 对于 女生 来说 更是 麻烦 习惯
1,晚上 中午 散布 绿树 一幢幢 俄式 两层 别墅 环境 幽静 起劲 他们 晚上 左右 休息 早上 点多 醒来 歌唱 海边 分钟 路程 宾馆 瓦西里 酒馆 环境 没得说 价钱 便宜 俄式 味道 地道 菜品 这里 外国专家 疗养所 俄罗斯 早餐 一般般 牛奶 鸡蛋 时间 两天 适应 说些 满意 大概 好久 人住 很潮 游泳衣 竟然 设施 古老 干净 服务员 不错 除了 房价 其他 不到 标准 补充 点评 年月日 早餐 不太 满意 餐厅 吃过饭
0,屏幕 转轴 知道 是不是 个例 电池 使用 时间 实在 一般 网上 不到 读卡器 驱动
0,太烂 门口 停车 还要 收费 屋里 霉味 很重 知道 那些 说好 怎么 体验
1,入住 中式 大床 环境 服务质量 不错 楼层 低点 整个 层楼 整体 不错 早餐 不是 自助餐 而是 酒楼 餐卷 对于 的话 方便
1,地理位置 环境 不错 早餐 服务 不错 特别 室内 游泳池 设施 舒服 陈旧 特别 拖鞋 太薄 不像 四星
1,无论是 任何 年龄 任何 职业 女性 通过 找到 全新 自我 幽默 笔调 自身 经历 讲述 情感 历程 周游 几个 国家 饮食 文化 之余 不禁 佩服 一切 一切 所得 或许 随着 年龄 增长 已经 不再 年轻美貌 一颗 永远 年轻 快乐 一辈子 幸福 女孩
0,散热 不怎么 还有 系统 实在 为啥 要是
1,好看 纯纯 白色 不错 散热 相对 其他 品牌 很多
0,文章 现实 严重 脱节 虽说 小说 允许 虚构 应该 如此 叙述 情节 混乱 虽说 最终 搞懂 读后 头晕 难受
0,厚实 还有 系统 太烦人 呵呵 重新 分区 还有 扩展 没法用 出来 现在 知道 怎么弄 郁闷
0,个人 不是 喜欢 这书 主角 故事 太假 农村 出来 一贫如洗 女孩子 小学文化 贵族 老太 指点 一两年 读个 心理学 课程 心理 玄乎 真实
1,观点 独特 语言 犀利 深刻 总结 男人 女人 之间 是非 恩怨 男人 女人 在生活中 积累 宿怨 一语道破 原来 非本质 而是 双方 本能 此书 不足之处 后面 章节 雷同 寡味 之感 感谢 游览 一次 男人 女人 本能 世界 呵呵 建议 读者 看一看 有则改之 无则加勉
1,用户 系列 有个 标记 所有 设计 用料 系列 一贯作风
1,一段时间 赶上 硬盘 卡滞 现象 温度控制 不错 总之 一款 性价比 非常 本本
0,房型 江景 双人 商务 房元 天间 客房 服务 服务员 态度 挑剔 故意 搞脏 一点 毛巾 居然 他们 发现 每处 喜欢 玩一玩 宽容度 太低 建议 入住 客人 自备 洗脸 毛巾 前台 服务 入住 退房 接待 及时 态度 非常 修养 客房 室内 温度 太高 不能 调节 整夜 打开 窗户 凑合 下面 锅炉房 轰鸣声 甚大要 外出 的话 穿衣 动作 一定 迅速 否则 汗流浃背 室内外 温差 约度 地面 看似 干净 小心 容易 带上 毛发 上床 被褥 雪白 雪白 干净 很细 毛发 显示 清清楚楚 窗外 松花江 太阳岛 一览无遗 日落 早餐 超级 不好 品种 可怜 三星 很多 比如 牛奶 只能 牛奶 开水 很凉 芹菜 肉片 芹菜 黄黄的 肯定 不少 餐厅 服务员 除了 早餐 无精打采
0,这次 当当 一共 购了 其中 父母 孩子 最好 医生 老年人 生病 智慧 还有 两本 求医 不如 求己 书本 切面 切口 整齐 起毛 书本 里边 很多 印得 清晰 想着 这些 阅读 价值 正品 收藏 可是 没想到 当当 居然 卖伪 货比 伪品 质量 价钱 却是 人家 两三倍 上次 别的 同事 生病 智慧 发生 以上 质量 虽说 免邮 成本 可是 不能 进伪质 货来 然后 利润 增加 真是 生气 奉劝 各位 消费者 之前 考虑 清楚
0,媒体 炒作 厉害 平时 时间 看电视 慕名 恭恭敬敬 拜读 发现 其实 一般般
0,今天 独家 首发 公平 定律 一口气 大失所望 尤其 回过头来 对比 推荐人 王宏伟 此人 干嘛 超级 肉麻 真是 倒胃口 体谅 此书 孙寅贵 毕竟 小学 毕业 商业 社会 应当 算是 成功人士 毕竟 文字 般若 不足 驾驭 文字 能力 有限 聊聊天 估计 表达 意思 反而 了解 清楚 写成 尤其 居然 总结 定律 实在 不知所云 祥林嫂 似的 东拉西扯 半天 居然 定价 只能 出版界 朋友 一声
1,本本 质量 不错 值得 信赖 另外 服务 的确 很快 服务态度
1,电池 相当 耐用 键盘 手感 大小 不错 屏幕 看着 舒服 硬盘 传输速度 很快
1,简易 最大 帮助 了解 成长 历程 主要 婴儿期 不同 方面 成长 实际 生活 小孩 一份 理解 难缠 耍赖 以前 不同 方法 解决 心里 难免 烦躁 难过 之类 看过 面对 孩子 不会 头疼 不同 表现 符合 这个 年龄 特点 我会 更加 理解 耐心 欣赏 分析 调整 更好 妈妈
1,配置 相对 价格 不错 自带 系统 一点 还好 同事 电脑高手 半个 小时 搞定
1,这是 一部 奇书 贵在 勇气 反封建 礼教 请问 五四运动 意义 当今 开始 重新 推崇 君臣 臣父 父子 谭嗣同 同始 一批 青年 牺牲 为了 历代 统治阶级 编造 所谓 二十四史 为了 统治 历史 鲁迅 翻开 见到 只有 两个 不想 希望 蒙蔽 双眼 麻木 好好 看看 清楚 可贵 自由 精神 勇气
0,原装 内存 太少 集成显卡 性能 一般 触摸板 生硬 不好 网络 摄像头 象素 照片 明显 颗粒感 只分 郁闷 接口 不过 基本 够用
0,有史以来 窝囊 郁闷 一次 出差 吉林省 亚泰 饭店 上午 通过 如入 吉林省 亚泰 饭店 下午 退房 前台 告知 物品 损坏 看看 发现 衣物 橱柜门 一处 大约 厘米 破损 透明 胶粘 原状 老天 入住 根本 发现 在场 宾馆 服务员 客房 经理 还有 装修 处长 弄坏 态度 极其 野蛮 赔偿 钱别 对天发誓 我会 赔偿 下午 拨打 报警 民警 赶到 带回 当事人 派出所 询问 口供 要求 指纹 洗清 冤情 下午 吉林省 亚泰 饭店 保安 部长 驾到 递烟 好话 事情 何必 闹大 愿意 报警 闲着没事 几年 多次 长春 出差 一直 乐府 从来 事情 乐府 最近 装修 长春 这个 城市 心目 印象 彻底 焚毁 下午 回到 再次 结账 最终 赔偿 开发票 离店 耽误 三个 小时 超级 郁闷 敬请 各位 意欲 入住 吉林省 亚泰 饭店 客人 注意 小心 栽赃 小心 讹诈 类似 情况 发生 立即 拨打 报警 希望 亚泰 集团 领导 能够 体察 一下 肃清 歪风邪气
1,其中 一本 充满 无限 期待 草原 小木屋 人会 知道 多久 少年 看过 同名 连续剧 那时 想得到 始终 无法 得偿 所愿 包括 北京 王府井书店 没想到 竟然 遇到 有种 踏破铁鞋 无觅 处得来 全不 费工夫 感谢 当当
1,根据 网评 预定 一天 标房 告知 协议价 只能 西北 朝向 感到 霉味 要求 换房 换后 西北 不过 楼层 高些 霉味 小些 窗户 家具 卫生间 旧款 不显 档次 舒服 服务 不错 楼层 前台 服务 更好 周围环境 真好 有山 有海 本人 后山 散步 差点 悬崖 建议 及时 后山 半截 加上 标志 围挡 危险 夜间 行走 小孩子 玩耍 危险
1,很大 还有 海景 阳台 走出 沙滩 非常 不错 唯一 遗憾 不能 银联卡 方便
0,冬至 这天 入住 浑身 舒服 有个 怪异 电梯 暗暗 商务 房一 进去 寒意 怎么 怎么 舒服 后来 换房 一起 个人 其中 一样 怪异 后来 不敢 单独 睡要 双人房 客房 设施 压抑 电视机 柜象个 大箱子 仿佛 随时 有人 里面 出来 柜子 床头 各有 大大的 黑色 圆球 好像 眼睛 同事 灯罩 居然 黑色 灯光 一直
0,酒店设施 陈旧 谈不上 星级 只能 算是 招待所 级别 走路 地板 摇动 总之 印象 一般 下次 不会 考虑
1,本子 不错 价格便宜 发热 功能齐全 完全 满足 家庭 娱乐 普通 用处
1,独特 钢琴漆 镜面 另类 开始 上面 以为 划痕 虚惊一场 有着 一贯 厚实 这个 品牌 低端 产品 也好 过于 其他 品牌
1,正是 工作 超累 之后 身体 不好 消炎药 退烧药 火药 常服 直接 一时 之痛 当时 知道 怎样才能 身体 恢复过来 正好 书上 太冲 睡觉 逐渐 找到 恢复健康 信心 真的 赞同 吴清忠 关于 身体健康 观点 正是 之后 中里 巴人 系列 出版 以及 一批 中医 保健 热卖 应该 清忠 老师 真正 智者 开启 正确 身体 保健 潮流
1,包装 质量 喜欢 读者 值得 这个 全集 三毛 一生 充满 传奇色彩 永远 真挚 热烈 一直 追求 成为 勇气 一生 短暂 无比 精彩 真切 留下 读者 惋惜 怀念 细腻 洒脱 手笔 叙述 真实世界
1,对于 要求 不高 来说 此款 本本 已经 足够 开始 不太 习惯 有些 键盘 时间
1,来说 比起 动画 差些 动画版 故事 简介 不过 减少 孩子 看电视 时间
0,条件 根本 够不上 星级 只有 价格 不让 三星 老房子 设施 装修 非常 陈旧 建议 预定 能够 说明 情况 以后 肯定 不会 这里
0,碰巧 专业 健康 保健 非常 接近 对于 这本 热销 图书 投入 关注 包括 这本 在内 数本 同类 热点 图书 认真 看过 之后 大家 身体 出现 状况 医院 进行 临床 诊疗 过程 艰难 花费 不菲 可靠 至少 可靠 评分 应该 低于
1,临时 决定 北京 出差 很快 就定 不错 两个 晚上 附近 这里 算是 经济 实惠 质量 最好
1,外观 漂亮 做工 精致 看得出 功夫 白色 适合 配置 不错 均衡 能用 一阵
0,看看 完再 发表 很多 读后感 很强 相信 大众 眼光 嘿嘿
0,散热 不太好 触摸板 那里 温度 系统 不好 初装 系统 折腾 大半天 没装 总是 提示 硬盘 后来 客服 知道 设置 驱动 提供 需要 网上
0,电池 续航 能力 不太好 只有 一个半 小时 介绍 华硕 靓彩 技术 知道 怎么 启动
0,前台 态度 一律 告知 标间 前台 标的 优惠价格 目的 诱使 客人 高标 设施 陈旧 维护 冬季 温度 上不来 骚扰电话 频繁 离店 办理手续 效率 了解 长春 这个 火车站 一点 其他 根本 优势 火车站 附近 快捷酒店 推荐 其他 建议 清除 这家 应该 定期 考察 清理 一些 合格 否则 影响 预定 满意度
0,拿到 同事 抢去 第二天 还给 惊讶 原来 晚上 一口气 交流 半天 完后 感触 里面 一些 故事 好像 发生 感触 总的来说 一本 不错 职场 工具书
1,开始 平平 随着 一步步 深入 知道 一切 只是 铺垫 结局 这条 毯子 走来 知道 任然 充满 好奇 好奇 它会 如何 走来 不是 令人 动容 真正 发人深省 内在 人生哲理 一生 只有 强壮 或许 能活 任何 掩饰 努力 无法 掩盖 这个 真理 不能 只活 自私 欲望 不要 学会 应该 毕竟 时间 再也 回不来
0,发热 确实 不低 温度 分布 不均 平时 待机 出风口 左右 环境 天气 的话 加个 散热 底座 必要 另外 原配 驱动 光盘 只有 驱动 芯片组 性能 不济
0,条件 实在 一般 陈旧 正好 这个 停车场 早餐 不怎么样 种类 很少 星级 标准 房价 贵去 圣亚 海洋 世界 无意 看到 星海 假日酒店 外面 看上去 特别 好蛮 好多 花点 钱订 这个
1,封面 是否 斯文 一些 呵呵
1,漂亮 重量 轻巧 接电源 轻便 键盘 足够 起来 别的 上网 本爽 自带 白色 包包 不用 额外 随机 小游戏 大头贴 软件 有意思 本本 起来 温度 烫手 性能 还好 一般 上网 应用 足够 无线 网卡 信号 不错 电池 续航 时间 一般 上网 应用 最低 亮度 关闭 蓝牙 无线 网卡 下个 小时 驱动 已经 摄像头 白天 晚上 起来 鬼片 正版 家庭版
0,太脏 停车场 太小 建议 不要 推荐 旅馆
0,垃圾 相当 垃圾 好多 重复 总是 关子 这个 详细 第二本 多少 那个 第一本 诸如此类 数不胜数 变相 手段 相当 下贱 字大行
1,算是 消遣 读物 还行 如果说 传记 如此一来 这个 传记 牵扯 人物 未免 过多 算是 蒋介石 传记 孔二 小姐 当然 这是 开玩笑 好书 历史 不过 想必 该书 共产党员 有所 顾忌 你别 想象 成是 励志 那种 原因 上面 一句 一起 厚度 相当可观 开本 那种
0,医疗 展会 入住 这个 豪华 海景房 设施 入住 日子 进去 离开 供应 热水 想想 一千多 房价 亏死 大连 维修 管道 简直 无耻 确认 同期 很多 朋友 收到 影响 解释 非常 勉强 预定 信用卡 担保 他们 取消 入住 打折 说时 不可抗力 航班 天气 原因 迫降 沈阳 取消 预定 打车 连夜 赶到 大连 这个 气愤 这么 事情 总而言之 入住 这么 无耻 倒霉 补充 点评 年月日 收费 项目 上网 时元 每分钟 打劫
0,接口 位置 人性化 高清 音频 驱动 网上 网上 下载
0,可惜 这个 系统 还要 麻烦 用盘 重装系统 要不是 这个 系统 不会 价钱
1,装有 难度 性价比 极佳 样子 漂亮 性能
1,做工 优秀 细节 方面 外接 显示器 选择
1,之前 商场 没想 那样 轻巧 喜欢 速度 不错 普通 使用 绝对 独立 显卡 一般 游戏 应付
1,一种 客观 真实 角度 描述 活生生 历史 人物 李斯 以及 所处 环境 任何人 摆脱 不了 所处 历史背景 过去 千多年 人物 今天 面对 形势 天壤之别 其中 人性 很大 改变 为了 仕途 血淋淋 也许 历史 很难 还原 真实性 只能 接近 原来 面貌 人物 一样 永远 不会 了解 某个 时刻 做出 决定 为什么 明白 仕途 一种 形式 不是 唯一 途径
0,画风 讨人喜欢 粗糙 笔触 流畅 多数 过时 地域性 明显 想象力 丰富 过于 脱离现实 价格 孩子 喜欢
1,前段时间 儿子 蓝精灵 系列 第一辑 狂热 喜欢 只要 空闲 时间 一本 细细地 沙发 床上 车上 马桶 早饭 晚饭 睡觉 沉浸 蓝精灵 快乐 世界 每天 回到 听到 兴奋 地说 妈妈 认识 蓝精灵 名字 这次 毫不犹豫 第二辑 一如既往 喜欢 你家 小朋友 建议 拥有 一套
1,地理位置 不错 闹中取静 出门 交通 方便 高兴 免费 升级 顶层 套房 太好了 大大的 客厅 不小 香港 从未 如此 宾馆 连住 两天 不想 离开 继续 下去 下次 还会 选择
0,内存 偏小 操作系统 指纹识别 相关 程序 硬盘 转数 过低
1,服务 意识 热情 主动 介绍 特色 不错
1,网购 风险 下手 谨慎 确实 卖场 便宜 套用 客服 的话 先生 通俗 运气 太差 入手 屏幕 有个 坏点 不够 坏点 退换 政策 郁闷 自认倒霉 凑合 套用 沈阳 观点 不能 这个 太重 发热量 确实 戴尔 本子 建议 配合 效果 散热 座用 那个 散热 垃圾
0,屏幕 还有 亮点 估计 没得 似乎 这个 价格 办法 成本
1,仔细 拜读 一下 无论 教学 思路 语法 讲解 或是 配备 习题 答案 非常 听力 理解 对话 练习 特别 一些 加点 需要 引起 老师 注意 之处 不要 讲授 生词 学完 对话 自然 理解 生词 介绍 故事 理解 情境 听力 目标 非常 详细 不可多得 好书
0,键盘 手感 稍差 白色 外壳 容易 呵呵 漂亮 代价 品牌 比不上 一线 当然 价格 售后 网点 联想 牌子
0,地点 十字路口 边上 十分 嘈杂 巴士 呼啦啦 直到 夜里 很小 洗漱 用品 不全 沐浴液 洗发液 洗手液 三合一 不好 服务态度 不好 电话 查询 总是 音乐 等待 长时间 然后 无故 电话 挂断 算了 一份 早餐
0,隔音 好像 开着 窗户 一样 没法 出差 不敢 这里 设施 床上 被褥 干净
1,第一次 兰州 市区 过夜 通过 电话 携程网 预定 友谊 宾馆 这是 一家 市委 招待 宾馆 建筑 应该 历史 入住 嘉宾 标准间 设施 干净 整洁 主要 缺点 电视 老旧 电视台 信号 不好 对于 基本 看电视 不算 很大 床单 素白 以及 卫生间 洁净 不错 宾馆 大门 附近 繁华 商业街 尤其 菜根 香和金鼎 牛肉面 非常 不错 往西 不远处 敦煌 路口 东南 大厦 三层 不错 网吧 宾馆 对面 博物馆 周边 环境 总之 繁华 便捷
0,五星 排行榜 挑到 买回来 以后 发现 不但 宝宝 喜欢 跳跃 思维 难懂 文字 真的 知道 怎么 多人 五星
1,适合 度假 尖沙咀 汉口 道逢 整点 免费 班车 往返 大小 适中 床上 看海 儿子 游泳池 不想 上来 缺少 浴袍 早餐
1,前期 周围 用本 朋友 了解 很多 最后 各项 指标 数据 合适 喜欢 触摸式 调音 整个 外形 做工 想象 中要 芯片 快速 更新 情况 这款 目前 最优 选择
0,收到 明明 另外 一本 一起 服务 不好 至少 应该 知道 这个 情况
1,非常 不错 已经 多次 入住
1,松江 配送 一打 看到 显示屏 下方 一处 黑漆 掉色 严重 朋友 郁闷
1,再次 回家 发现 小孩 视角 大人 真的 一样 我家 外甥女 居然 喜欢 车来 呵呵 本人 比交 看好 没什么 兴趣 还有 刷牙 那本 看到 书上 手指 三个 牙上 哈哈 应该 长牙 这个 动作 刚好 磨牙
0,朋友 苏州 想想 推荐 御庭 这里 门口 起来 预定 立即 拨打 通了 门口 门卫 有没有 预定 回答 正在 预定 抬起 栏杆 前台 门卫 为什么 门卫 预定 不能 进问 前台 直接 预定 门卫 已经 怎么 知道 正在 联系 前台 大哥 电话 一下 进去 直接 一下 转身 损失 门卫 规定 预定 不能 进问 现在 预定 是不是 进去 任凭 如何 解释 办法 挪动 一步 这时 后面 车要 进入 由于 拦住 没法 进去 此时 电话 已经 回复 已经 订好 立即 入住 接到 前台 通知 于是 抬杆 放车 居然 道歉 的话 并且 丝毫 这时 心里 已经 烧到 头顶 实在 无法 抑制 大声 喝斥 几句 还好 朋友 不在意 不过 对于 管理 服务态度 实在 气愤 门卫 前台 打个 电话 其实 容易 知道 是否 有房 本身 任何 好处 明明 有房 不卖 难道 这么 财大气粗 店大欺客 宾馆 反馈 年月日 感谢您 选择 并入 苏州 御庭 公寓 您提 宝贵意见 引起 高度重视 不断 努力 积极 改进 能为 所有 客人 创造 美好 温馨 舒适 居住 环境 衷心感谢 支持
1,只能 非常 性价比 超级 装潢 所处 地理位置 非常 附属 设施 齐备 服务 非常 周到 忍不住 改变 行程 多住 几天 闹市区 一点 中山陵 环境 真是 唯一 缺点 第一天 注意 几分钟 窗子 飞进来 蚊子 没好 应对 措施 以后 只要 南京 这里
1,绝对 三星 标准 地处 商业区 购物 方便 对门 有家 羊杂 绝对 正宗 除了 价格 稍贵 满意
1,这个 价位 超值 配置 合理 上网 文档 高清 简单 游戏 应付 做工 到手 完美 发热 噪音 不大屏 结实 对得起
1,网上 驱动程序 不过 明显 不如 红旗 不过 不玩 游戏 只是 看看 上上网 足够 物有所值 不会 程序 同志 上网 一下 找到 怎么 安装 不算 麻烦
1,整齐 宽敞 标准间 大床 只是 浴室 淋浴 笼头 不太好 出水 均匀 洗澡 舒服 服务 不错 早上 提前 入住 结账 速度 耽误时间 靠近 地铁 方便
1,机场 很近 很大 里面 还有 一面镜子
0,评个 鸟订 三次 投诉 两次 送过来 连书长 样子 知道 每次 投诉 只会 对不起 根本 解决问题 没书 直接 其他 过来 前后 三个 一共 几次 算了 不订
0,实际 用途 看到 韩国 一定 不买 不是 歧视 韩国 实在 国情 不同
0,疑似 返修 机理 键盘 上面 音乐 快捷键 贴膜 有条 划痕 右下角 闪联 贴膜 脚底 所有 螺丝 痕迹 明显 地掉
1,机器 性能 不错 性价比 内存 内存 不过 占用 系统资源 只是 而已 建议 安装 或者
0,听说 于丹 看看 以前 读过 论语 拿到 手一看 失望 没什么 新意 论语 好比 粮食 小朋友 只想 了解 一下 皮毛 的话 看看 真正 懂得 论语 精神 看看 原文 快餐 而已
1,哈哈哈哈 被迫 爱上 读史 很小 非常 喜欢 读书 独独 喜欢 历史 方面 书籍 她们 太沉重 中国 历史 这些 赤子 忧心 重重 一直 悲痛 惋惜 愤慨 朋友 推荐 看看 内心 拒绝 研究 历史 不必 刻意 强迫 吸引住 晚上 读完 然后 一看再看 不行 我要 买来 好好 谢谢 历史
0,当初 无意 电视 看到 对于 采访 满怀希望 地买 看看 电视 讲演 相距甚远 失望
1,小说 青春 万岁 活动 人形 恋爱 季节 变态 季节 踌躇 季节 狂欢 季节 青狐 应该 称之为 自传体 小说吧 小说 人物 真实 贴近 呼之欲出 似乎 担心 熟人 读者 不明 戏书 谁谁谁 现实 谁谁谁 传记 这该 直呼 其人 偏偏 欲说还休 深藏不露 打哑谜 一大群 读者 打入 闷荫芦 乃至 现实 揭破 谜底 还有 高手
1,很多 朋友 他们 说书 可能 在世界上 角落 正在 发生 尤其 你们 公司 家庭 哈哈 很多 朋友 公司 状况 正如 书中 一样 处处 隐患 一些 几岁 朋友 完后 好几岁 完后 会意 告诉 他们 早就 看穿 呵呵 来数 不错 读书 一定 找到 答案
0,本来 想订 不是 这家 看到 这家 每条 点评 回馈 服务 不错 就订 对于 自驾 熟悉 苏州 来说 这个 不太好 一个多 小时 几次 电话 找到 下雨 服务生 主动 出来 第一印象 不错 发现 惊人 衣橱 卫生间 走廊 知道 有没有 平方 尚算 苗条 转个 碰到 可想而知 小成 啥样 要求 安静 窗外 美食街 饭店 后门 脏乱差 尽收眼底 难怪 母亲 怎么 愿意 那条 吃饭 电视机 很小 频道 很少 几个 凤凰卫视 国内 有线 几乎 选择 布置 用品 确实 不错 这些 这点 房价 第二天 发生 愉快 点多 餐厅 早餐 当时 一家 在内 个人 早餐 品种 本来 除了 面包 馒头 其它 几乎 服务生 反应 很久 加个 继续 保持 一半 品种 状况 开始 以为 厨房 来不及 后来 看到 倒光 牛奶 橙汁 厨房 回来 只加 大概 倒杯 这个 小家子气 当时 已经 用餐 时间 只是 他们 承诺 供应 时间 一半 结帐 检查 阿姨 总台 有条 毛巾 搞脏 洗不掉 总台 意思 就要 开价 毛巾 确实 前一天 孩子 苏州 乐园 玩时 地上 弄脏了 洗起来 麻烦 绝不 洗不掉 是否 洗过 确定 洗不掉 回说 清水 真是 知道 该气 那个 清洁 阿姨 为什么 不用 洗衣粉 居然 理直 气状 洗衣房 洗衣房 这里 任何 洗涤 用品 实在 不想 脑筋 不太 清楚 直接 主管 出来 拿些 厨房 洗洁精 随便 洗洁精 原来 白色 出来 那个 主管 正常 白色 色差 报废 洗衣房 要加 等等 看看 时间 已经 耽误 半个 小时 一家人 不想 他们 承担 洗涤 主管 居然 开出 高价 大约 等同于 水洗 毛巾 想着 离开 计较 价格 谁知 主管 居然 所谓 大度 态度 总台 算了 就让 他们 赔块 实在 听得 一天 心情 破坏 看来 现在 价廉物美 这个 词是 没什么
1,对于 数学 态度 一向 不温不火 喜欢 讨厌 至于 真正 数学 生发 思索 却是 从来未 关注 事情 说来 奇怪 并未 数学 学习 获得 真正 感动 趣味 满足 怎样 解题 从容 清晰 充满 智慧 论述 很多 很多 笔记 收获 不小 至此 对于 数学 一点 直指 真的 认识 数学 思维 之舞 精准 优雅 纯粹
1,真正 算是 一部 极具 代表性 人物传记 随着 笔者 一点一滴 记述 观看 索罗斯 一生 成长 足迹 半个 世纪 金融界 摸爬滚打 传奇人物 人生 大起大落 真正 教给 正确 人生观 价值观 教会 怎样 洞察 纷繁复杂 规律 怎样 面对 财富 剧增 或是 暴跌 怎样 理想 事业 有机 结合 一起 创造 属于 辉煌 传奇 洞悉 混乱 可能 变得 富有 索罗斯 睿智 英明
1,套装 买好 之后 基本上 其他 配置 不用 添加 性价比
0,华硕 做工 有待 提高 键盘 中部 略微 凸出 影响 使用 其他 暂时 发现
1,性价比 服务态度 配套 不错 被褥 特别 干净 地毯 有待 提高
0,一般 工作 这件 如人饮水 冷暖自知 广告 捧得 太高 心智健全 情商 尚可 社会 新人 何必 浪费时间 待人接物 工作 经验 增长 逐渐 打磨 出来 真的 那个 面对 那样 自会 选择 有利于 行动 一定 要人教 喜欢 里面 爱情 批评 比较简单 的确 推荐
1,五星 客观 也许 曾经 无愧于 这个 头衔 现在 看到 实在 有些 落伍 强烈建议 重新 装修 更换 设施 不过 服务 得知 满意 经理 主动 升级 服务
1,全新 正品 行货 送货 人员 专业 已经 网上 质保 信息 这个 价格 上海 实体店 根本 不到 迷你 笔记本电脑 不是 上网 性能 一些 相媲美 最爽 电池 充满 四个 小时 满意
0,不带 外出 只好 大本 包里 携带 按键 弹力 打字 容易 错键 屏幕 垂直 分辨率 偏低 对于 一些 大小 不可 对话框 不能 完全 显示
1,有些 设施 一般 早餐 一般 位置 位于 火车站 附近 周边环境 有些
0,肯定 不会 再住 这里 陈旧 霉味 太重 感觉不好
1,开始 没想到 硬件 故障 除了 屏幕 还有 坏点 为了 换货 好几趟 可是 最后 联想 刚用 两天
0,喜欢 很散 类似 博客 形式 想到 哪写 系统性 归纳 还有 好些 病人 医生 问答 不能 通用 尽管 有些 观点 具有 参考性 不大 喜欢 准备 送给 老人 也许 时间 用心 研读 喜欢
0,本来 不错 可是 几页 发现 这么 居然 直接 从页 怎么 看来看去 左右 两页 对不上 知道 这个 解决 一下
0,提供 驱动 装机 麻烦 不过 驱动 精灵 武器 同时 提供 驱动 很多 程序 使用 显示屏 一般 最好 改成
0,此书 期待 然而 失望 只是 一本 博客 文章 集结 很多 重复 具体 操作性 不强 为了 出名 赶出来
0,缺点 老旧 电梯 果然 网友 非常 所谓 新装修 实际 只是 大扫除 一下 网速 不快 出门 方便 旁边 吃饭 消费 出去 不少 周边环境 不好 人员素质 很差 亲眼看见 楼上 飞下 矿泉水瓶 差点 前面 女孩 头部 优点 早餐 不错 周边 主要 商业区 不远 服务员 态度 尚可
0,电池 待机时间 短要 电池 本本 太重 不便 携带 出厂 分区 不得不 重装系统
1,商务 套房 价格 性价比 不高 配置 不了 那个 档次 厅里 沙发 藤椅 大概 彰显 一些 热带 风格 感觉不好 大堂 内部 环境 人员 服务 房价 降个 合适 还有 门口 正在 一路 走来 以为 地震 心理 阴影 好奇 白云山 四个 竟然 出自 毛主席 之手 知道 典故 宾馆 反馈 年月日 首先 感谢您 提供 宝贵意见 根据 喜好 已经 专门 设立 个性化 档案 下次 入住 不会 安排 藤椅 沙发 商务 套房 门口 市政 施工 只是 暂时 新昌 正在 文明城市 这边 示范性 一条街 由此 带来 不便 表示 谦意 真诚 期待 再次 光临 山庄 大门口 白云山 四个 是从 众多 毛体 摘录 下来 并非 毛主席 本人 所题
1,发货 很快 重庆 天机 完美 上网 大屏幕 怎么 舒服 半月 这个 价值 驱动 朋友 帮忙
1,韩琳 一名 优秀 军人 非常 积极 进且 独立 女性 姜士安 出身 贫苦 凭借 点滴 努力 取得 事业 卓越 功勋 她们 最初 相处 段时间 姜士安 心底 默默 非常 喜欢 可是 韩琳 相对 感情 两人 擦肩而过 若干年 时过境迁 韩琳 依然 姜士安 心底 最爱 韩琳 姜士安 不能 社会 道德 良心 两个 经过 苦苦 挣扎
0,酒店服 務員 服務態度 不太有 禮貌 入住 房間 比較 簡陋 房間 價錢貴
0,预装 系统 默认 分区 拿到 联想 改不了 只能 再压缩 盘来 系统 运行 慢是 预装 太多 功能键 左下角 常常 按错 也许 没用
0,汤姆 系列 这个 一直 搁浅 故事情节 男孩 打算 系列
0,于丹 论语 心得 简直 胡说八道 除了 论语 之外 全都 演讲 对于 构建 和谐社会 好处 歪曲 孔子 基本 精神 叫于 丹心 准确 一些
0,重量 偏重 今晚 出现 网络连接 不上 恢复正常 知道 还会 不会 出现 现象
0,外形 笨重 另外 型号 读卡器 两个 卡槽 装卡
1,拿到 手上 先看 像是 妹妹 姐姐 依赖 急切 继续 翻下去 仔细 看着 里面 详细 分解 超级 啰嗦 一切 简单 易懂 富有 一种 特殊 磁性 吸引 全然 不像 以往 书籍 几乎 急于 尝试 一个遍 于是 开始 烹饪 之旅 不光 只是 本好 教材 充满 故事 情感 自由空间 无论 是否 烹饪 充满热情 作为 引导 幸福 开始 一切 启程
0,这个 店太差 霉味 不能 忍受 前台 工作效率 极低
1,初二 晚上 这家 环境 后山 旅游区 前面 五一广场 设施 一般 服务 热情 还有 水果
1,漂亮 黑色 果然 永不 落伍 经典 之色 原本 白色 到货 不过 抵不过 黑色 诱惑 外型 小巧 大方 男女生 适用
0,外壳 面是 塑料 影响 美观 机身 重量 稍微 一点点 不过 一般 重量 装时 出现 蓝屏 网上 修改 干脆 闲装用 开始 蓝牙 驱动 不了 后来 裸机
1,配置 对得起 价格 太烂 启动 占用 系统 内存 只能 换换 要接 换回 模式 就要 集成 驱动 官方 驱动 提供 大部分 好像 机器 功能 其实 鸡肋 做工
0,屏幕 华硕 听说 是因为 背光灯 缘故 知道 是否 影响 使用寿命
0,箱子 外边 两个 货物 编号 貌似 一次 包装 出厂 证据 证明 这个 本本 旧货 总是 不爽 希望 以后 各个环节 注意 把关 不要 以次充好
1,王小波 青铜时代 开始 后来 陆续 读完 熟悉 文字 笔下 生活 说不上 读得 透彻 心里 共鸣 这次 拿到 套书 陌生 许多 起来 有些 字斟句酌 王小波 应该 不会 希望 别人 读经 那样 小说吧 永远 悲悯 关注 社会 小众 无法 超脱 可爱 套书 印刷 不是 纸张 好像 读者 隔绝 开来 一样 插图 尚可
0,盐城 多次 第一次 盐阜 宾馆 的确 失望 整个 墙壁 黑咕隆咚 好像 烟熏 一样 家具 非常 破旧 早餐 品种 可怜 水果 只有 西瓜 电视 年代 价格 严重 不成比例 宾馆 曾经 最后 知道 当年 总统套房 我晕 好奇心 呵呵
0,本人 两天 通过 预定 三亚 寰岛 海底 世界 通过 这次 预定 终于 眼界 领略到 三亚 高招 本来 预定 要元 晚上 海口 四个 下午 三点 半到 办好 入住 手续 四点 收拾 足足 将近 钟才 休息 呆住 之前 预定 时看 网上 点评 全都 写得 不错 这个 找人 上去 用来 骗人 一晚 居然 民宿 两样 厕所 还有 臭味 被单 这个 算了 新年 第二天 早上 准时 中餐厅 打算 享用 每人 中式 早餐 再次 呆住 知道 早餐 一小 白粥 小碟 味道 榨菜 三个 馒头 三个 肉包 三个 芝麻 一口 相信 这个 黑店 这些 早餐 起来 留给 一位 客人 两天 过去 退房 最气 事情 结帐 硬实 污了 二十块 其中 两包 清洁液 事实 根本 没用 就算 反正 二十块 出门在外 肯定 忍声 吞气 议论 争辨 打算 付钱 走来 身穿 黄色 衣服 面目可憎 女人 退房 加收 这个 不是 假期 只是 一晚 实在 太气 知道 根本 不过 她们 中国 现在 文明 社会 应该 投诉 有门 失望 海南省 旅游 投诉 电话 对方 询问 一轮 告诉 不是 他们 管辖 范围 三亚 投诉 电话 晓得 这群领 纳税人 过日子 职责 三亚 足足 半个 钟才 打得通 重复 一次 刚才 的话 对方 马上 派人来 了解 处理 挂断 心理 这个 假期 不算 太坏 还有 人为 主持公道 想得美 足足 两个 没到 期间 不断 打电话 再也 不通 可能 故意 电话 不通 那块 离开 离开 已经 下午 三点 大家 都还没 吃饭 三亚 这个 全国 闻名 旅游胜地 得到 待遇 竞请 各位 想要 入住 这个 游客 务必 阅读 这篇住 决定 免得 一样 本来 好好 假期 白白 糟蹋 宾馆 反馈 年月日 您好 春节 期间 入住 不尽人意 表达 歉意 其次 需要 说明 几点 被单 白色 淡黄色 二种 洗手间 内除 大理石 台面 黑色 之外 其他 白色 洗手间 自费 品浴 之伴 洗液 配有 非常明显 提示 有偿 使用 元袋 那块 离开 事实上 中午 退房 半日 要收 半日 应该 全日 租元 一半 即元 非常重视 客人 意见 提出 意见 客人 表示感谢 真诚地 希望 一位 客人 能够 提出 宝贵 意见反馈 帮助 改进 提升 服务质量
0,宽带 成为 最大 周边 工商银行 成为 第二 补充 点评 年月日 无可 早餐 成为 不可 原谅
1,外观 大部分 风格 显示器 不错 键盘 触感 等等 整体 一种 磨砂 起来 舒服 方面 设计 合理 屏幕 不错
1,外观 时尚 秉承 华硕 一贯 散热 优点 接口 位置 系列 合理 最爽 音响效果 不错 比月
1,学习 必要 痛苦 学习 变成 一件 快乐 事情 价值 意义 非凡 通信 全景 知识 大量 幽默 类比 说明 快速 明白 原理 真正 内涵 获得 这个 知识 同时 体验 轻松愉快 幽默 中国 一向 喜欢 知识 严肃 庄重 热爱 学习 凡夫俗子 望而却步 感谢 此书 学习 当作 一件 有趣 消遣 期望 出版 关于 通信 方面 专著
0,一般 主人公 内心 肮脏 之前 读过 余华 兄弟 恶心 一把 心理 兄弟 文字 更加 散乱 上当
1,拆开 里面 包装 居然 一般 塑料袋 好多 这个 价位 触摸 开关 显卡 真的 超值 系统 装不像 这款 里面 硬盘 模式 选项 改成 驱动 网上
0,挺贵 失望 利用率 太低 可能 我家 小朋友 大了些 对此 产生 任何 兴趣
1,一生 痛苦 一生 同是 博学 一生 苦难 积累 艺术 之花 更加 鲜艳夺目 篆刻 书法 绘画 诗词 论著 方面 有着 同时代 不可 比拟 成就 因此 该是 一代 大师 了解 大师 收集 作品 传记 一方面 珍藏本 原拓 赵之谦 印谱 精美 印刷 丰富 揭示 一代 大师 优秀作品 悲情 一生
1,周边环境 不错 对面 大润发 购物 方便 服务 性价比 不错
0,声音 适配器 黑色 硬盘 已经 折磨 引导盘 深度 删除 并且 重新 分区 现在 识别 硬盘 装不上 系统 那位 帮帮忙
0,除夕夜 订房 预订 标间 不错 再次 入住 提升 为豪 标元 没想到 竟比前 一次 标间 还要 淋浴间 更小到 无法 转身 梳妆台 衣橱 消失 向前 反应 跟前 次住 房型 还要 糟糕 服务员 回应 不仅 态度恶劣 以前 入住 门锁 理由 转房 女友 一气之下 索性 次日 凌晨 点多 赶紧 退房 中央大街 诺曼 入住 套房 房价 多贴 多元 房型 这烂远 达大上 诺曼 不仅 地段 远达 打到 中央大街 还要 多花元 前台 服务 更好 奉劝 各位 入住 远达 网友 千万 三思
1,开始 妈妈 以为 这书 小熊 绘本 一样 仔细 过后 发现 小孩子 小伙伴 每天 模仿 大人 过家家 宝宝 讲过 故事 巧虎 宝宝 作为 小伙伴 学着 波林 巧虎 一起 过家家 游戏 孩子 开心 孩子 四个 故事 医生 花园里 小汽车 宝宝 开心 跟着 波林 学着 伙伴 模仿 游戏 真是 好书
0,内存 大点 最好 配置 内存 难要 电池 还有 风扇 声音
1,性价比 还好 重量 较轻 想象 中轻 由于 使用 显示器 显示 效果 有所 改观 运用 节电 技术 电池 续航 能力 有所 提升 巧克力 键盘 起来 舒服
0,降价 速度 太快 疯狂 抢购 之后 降价 拿货 屏幕 亮点
0,九洲 环宇 这个 差距 太大 这里 号称 市中心 周围 除了 天宁寺 别的 老式 格局 洗澡水 很小 价钱 九洲 环宇 高多 非常 非常 不值 再也不会 选择 这里 除非 价钱 降到 以下
1,本本 不错 成本 原因 精简 很多 外观 速度 性价比 这个 价钱
1,雅雅 忠实 读者 新书 自然 少不了 买回来 收藏 这本 留学 不留 爱是 留学生 不同 阶段 生活 写照 出国 留学 仍然 那份 质朴 情感 感动 感动 雅雅 总是 同龄人 心声 文字 表达出来 可遇 不可 我会 一直 支持 雅雅
1,這是 一個 偉大 人絕 這個 詞來 形容 他葛 瑞格 摩頓森 覺得 完全 資格 諾貝爾 和平 平凡 平凡 事且 十年如一日 堅持 這種 執著 打動 我們 知道 人性 一個 閃光點 敬上 第一杯 一個 陌生人 第二杯 我們 朋友 第三杯 家人 將用 生命 保護 這個 感動 友情 世界 陣陣 茶香 撲面 清香 襲人
1,何以 整篇 看过 之后 一点 拖沓 掉节 连贯 拖泥带水 文字 好像 有股 清香 有股 力量 吸引 一步 一步 无法自拔 根本 不想 跳过 任何 一段 文字 真是 喜欢 喜欢 何以 喜欢 赵默笙 同样 深情 记得 很深 世界 曾经 那个 出现 其他人 变成 愿意 悄悄 离别 笙箫 沉默 今晚 康桥 喜欢 喜欢 值得 一读
0,只能 几个 字来 形容 脏乱差 半夜三更 按摩 小姐 骚扰 休息 不好 抗议 小姐 告诉 他们 协议 知道 协议
0,首先 绘本 通病 几张 几十元 一本 第二 大人 理解 其中 妈妈 可是 小孩子 未必 明白 第三 图画 风格 外国 小孩子 中国 小孩 这个 地步 第四 过度 吹捧 上当
0,热量 触摸板 那里 屏幕 下边 其他
1,外观 使用 不错 其实 精简 发现 其实 起来 没什么 区别 本来 系统 麻烦 现在 用原 系统 挺舒服
1,这家 设施 真的 非常 不错 地理位置 方便 大堂 气派 由于 预订 那种 房型 前台 升级 高级 来说 满意
1,闫红 名字 品牌 保证 闫红 女性 语境 写作者 特别 女性 读者 味儿 剖析 女性 心理 说不出 温暖 贴近 即使 讽刺 批判 男人 来自 女性 世界 评判 只有 女人 这个 角度看 男人 文章 秦淮 八艳 身边 男人 那些 所谓 才子 挖苦 不留情面 读后 男人 羞愧 女人 畅快
0,离开 市区 挺远 方便 除了 大堂 气派 根本 五星 充其量 较差 四星 莫名其妙 竟然 空调 下次 决不 考虑 入住
0,内存 只能 键盘 手感 传说 可能 习惯 不过 同事 试了试 键盘 一样 舒适 习惯 独显 集成 毕竟 不行
0,设施 非常 味道 难闻 卫生 恶劣 糟糕 还有 色情 电话 客服 需要 按摩 服务 听到 女性 旅客 电话 所谓 按摩 非正常 实在 想不通 怎么 推广 真是 要么 欺骗 考察组 要么 负责 这么 多年 信任 一下 荡然无存 大声 呼吁 取消 这家 脏店 推广 避免 会员 受到 欺骗 补充 点评 年月日 刚刚 接到 高层 致歉 电话 态度 非常 诚恳 再三 承诺 规范 服务质量 提高 软硬件 水平 由衷 希望 他们 言出必行 举国欢庆 奥运 之际 富凯 造成 名副其实 四星 国内外 旅客 快乐 满意
0,以前 书店 看过 差不多 拿到 只有 一半 根本 那种 宝宝 喜欢
0,特价 一股 霉味 门面 漂亮
1,新装修 浅色 温馨 布局 合理 宽敞 选用 布草 讲究 放在 手里 厚实 柔软 服务周到 特别 本人 出差 衣服 服务员 考虑 客人 实际 需要 随时 增加 衣架 饭菜 特色 去过 不同 楼层 满意 细节 过人之处 某些 改进 一下 完全 当地 五星 媲美 卫生间 放置 挂钩
1,本来 想换 舍不得 正版 三星 条子 运行 修改 系统文件 侧边 功能 齐全 起来 不错 上网 文字处理 这些 集成 声卡 质量 以前 有所 下降 音量 显卡 略微 有些 不足 配能 达到 这个 效果 满足 散热 相当 满意 安静
0,我于 年底 当购 此书 春节 期间 阅读 发现 漏页 现象 非常 严重 至少 存在 四处 漏页 漏页 跨度 非常 严重 谴责 强烈要求 索赔
1,豪华 客房 普通 客房 差距 较大 普通 客房 显得 陈旧 经常 听说 外国 客人 遇到 免费 升级 中国 遇到
1,之间 选择 外观 满意 一度 想要 换货 这款 产品 配置 老公 的话 留在 家里 用用 两天 性能 不错 散热 不是 特别 系统 公司
0,绝对 垃圾 书想读 历史 此书 毫无价值 类似 垃圾 小说 推荐 了解 明朝 历史 人读 这本 书我买 第一卷 打死 不想 后面
1,不错 到底 偏僻 九龙城 市区 里面 大上 好多 不是 时间 游客 推荐 这家 考虑 每天 增加 港币 小巴 费用
1,外观 时尚 性能 几天 一直 这里 发出 时间 现在 本人 由于 个人 原因 需要 转让 台机 仓单 发票 本月 收到 以元 价格 转让 请加 如是 广州 朋友 见面 交易 非诚 就要 打扰 谢谢 管量员 不要 大家 机会 大家 真的
0,天下 今天 到货 一看 价格 只能 运气 不好 呵呵 另外 分区 确实 畸形 联想 不能 做个 调查 估计 用户 希望 预先 作好 分区 当然 不是 变态 分区 嘿嘿
1,出来 降价 不过 提前 几天 享受
1,乖巧 轻薄 做工 细致 元时 赶上 特价 好日子 同事 性价比 不错 买回来 同事 重新 系统
0,每次 开机 音箱 杂音 必须 关机 重启 现在 超过 没货换 不了 痛苦
0,套书 收到 折开 后来 折开 一看 套书 成套 一本 一本 于是 及进 办理 退货 由于 不能 办理 换货 可是 星期一 新书 今天 星期四 退书 没到 退书 订书 可是 同一天 处理 实在 不能 理解
0,结帐 刷卡 总是 过去 为了 飞机 只好 答应 他们 解除 授权 结帐 回来 两天 主动 联系 昨天 打电话 过去 周一
1,阿加莎 之外 一位 犯罪 推理小说 大师级 女作家 女作家 作家 区别 在于 擅长 逻辑 严密 气氛 紧张 犯罪 推理 之外 人性 软弱 复杂 彼此之间 可堪 不堪 关系 有着 细腻 观察 丰富 细节 表现 小说 女性 法医 这一 男性 职业 种种 身心 压力 人际 压力 规则 压力 包围 如何 坚定 维护正义 呵护 亲情 爱情 进行 细致入微 表现
1,干净 服务员 推荐 女士 无烟 设施 餐厅 小点心 味道 吸取 之前 不好 停车 经验 三天 比较满意
1,在读 套书 之前 当当 齐全 一样 梅拉 那时 女儿 不到 三岁 非常 喜欢 后来 看到 这套 多少 有些 迟疑 画面 来说 有些 过于 简单 试试看 心情 一套 女儿 一看 喜欢 套书 特色 鲜明 一本 主题 塑造 孩子 优良 个性 有着 很大 帮助 女儿 弗洛 身上 学会 爱心 学会 自信 学会 勇敢 感谢 弗洛 感谢 当当
0,印刷 质量 不错 对于 来说 适用 像是 一本 教育 手册 反正 实用 读书节 运费 根本 骗子
1,喜欢 一种 嗜好 必须 得到 马上 例外 之前 买过 想过 某种 感情 催促 可是 现在 写下 关于 感受 封面 吸引 原因 像是 炎热夏日 一道 降温 清新 每个 心中 属于 摩天轮 永远 到达 不了 一段 一段 开始 独白 每当 仰望 天空 仰望 摩天轮 巴黎 推荐 大家
0,为什么 没收 不是 没发 显示 发货
0,超乎寻常 之差 怎么 三星 知道 按说 设施 水平 县级 招待所 不如 巨窄 洗手间 纯一 厕所 连个 物品 台子 地漏 容易 堵刚 分钟 水漫金山 总之 设备 过于 陈旧 建议 各位 驴友 切勿 上当
0,驱动 里面 无线 网卡 驱动 需要 下载 驱动 发热
0,非常 遗憾 此款 本子 本子 以来 第一台 缺少 硬盘 工作 指示灯 方便 大型软件 死机 一定 知道
1,太旧 服务 一般 桑拿 那里 超级 有如 对外 经营 一样 地段 其它
1,喜欢 张爱玲 并且 拥有 两套 张爱玲 全集 新出 怎么 当当 这么 实惠 爱到 这里 好像 当做 广告 不过 熟悉 张爱玲 或者 喜欢 文字 不要 沿袭 风范 晦涩 难懂 需要 用心 仔细阅读 喜欢 一定 下去 值得 表扬 出版商 封面设计 真不错 个人 非常 喜欢 装帧 考究 总之 超值
0,拿到 做工 一般 上盖 键盘 凸起 用手 用料 扎实 预装 系统 太差 容易 死机 快捷键 驱动 第一遍 键盘 反应 要装 两遍
1,不仅 指导 销售 岗位 工作 普通 职能部门 沟通 为人处事 启迪 其中 销售 五项 能力 完美 成交 十大 步骤 顾客 常用 十大 推托 借口 轻松 解除 顾客 十大 抗拒 成交 大师 三个 信念 等等 无一不是 人生 交往 过程 重要 章节 员工 培训 参考 或者 买来 送给 销售 技能 提高 培训 那些 表现 突出 员工 奖品 不错
1,收到 办公室 事先 看上 非常 好玩 故事情节 非常 有趣 爱不释手 本来 打算 送给 未满 三岁 侄子 之前 不仅 同事 三十好几 津津有味 八岁 儿子 同学 他们 侄子 手上 大人 着迷 要求 讲讲 饭来 顾不上 一本 好书
1,单独 内存 专用 性能 稳定 使用 一个月 没什么
1,初次 是因为 看到 经历 常人 骨子里 叛逆 思想 渐渐 浮上 心头 回家 来看 之后 渐渐 融入 书里 原先 思想 一扫而空 不是 一本 单单 介绍 人生 经历 而是 一部 展示 心理 历程 一些 想不到 经历 带到 遥远 慢慢 慢慢 每个 成为 项塔兰 主人公 心中 留下 永远 憧憬 向往
1,不错 能够 提供 湖景大床 型号 知道 为什么 提供
1,装修 不错 服务 非常 细心 周到 保定 中银 服务 留下 深刻 印象 然后 早餐 自助餐 种类 非常 质量 宾馆 周边 交通 方便 宾馆 对面 保定市 政府
0,设备 散热 处理 不太好 天气 开机 一段时间 度度 夏天 最好 借助 散热 底座 工作
0,楼楼 声音 打电话 大堂 投诉 居然 电话 挂掉 就算 以后 肯定 不会 入住
0,比价 地毯 还有 以前 客人 留下 瓜子壳 服务员 怎么 打扫 毛巾 烟味 隔音 很差 得到 隔壁 电视 门外 谈话 厕所 那个 防滑 地毯 不但 扎人脚 发霉 地理位置 还行 繁华 地段 不过 扬州 小住 哪里 差不多 女儿 出来 一张 要不是 汉庭 莫泰 不能 加床 不会 这里 反正 马马虎虎 差强人意
0,一年 看到 最差 我用 不到 小时 实在 愿意 浪费 时间 遗憾 收获 任何 书生 唯一 提到 一点 有用 告诉 有钱人 西方 富翁 学习 懂得 回报 社会 公平 所有 答案 一万 解决办法 陷入 中国 传统 文化 结症 循环论证 公平 解决问题 办法 深入 讨论 如何 构建 公平 保证 社会学 关注 话题 管理学 讨论 话题 不是 公平 二字 解释 如果说 本人 应该 非常 厉害 了解 多年 经历 知道 了不起 真的 一般 炒作 嫌疑 非常 当当 几百条 其中 相当 另外 定价 偏高 这么 块钱 不是 贵是 很贵 建议 不要
0,不敢 这本 书写 不好 实在 一本 舒服 知道 真实 心理咨询 生活 是否 天天 经历 这些 令人 难受 事情 并且 主人公 身世 设计 古怪 缺乏 真实性 早就 读毕 医生 散文 小说 读过 几本 喜欢 一本 身边 一些 爱书 朋友 读过 之后 同感
1,连续 一次 结尾 马上 从头 看起 大概 背下来 可是 心情 第一次 看时 一样 伤感 有些 感动 可能 世上 真爱 越来越少 越来越 喜欢 获取 安慰 可能 麻痹 突然 皇如 其实 有些 可怜 尽管 最后 得到 真爱 可是 经过 上千年 等待 痛苦 大概 人会 承受 时常 会陷 幻想 我会 怎么样 怎么样
0,第一次 入住 这么 糟糕 三星级 招待所 相当 地毯 床单 更换 枕头 大片 发黄 污点 水龙头 分钟 热水 热水 温度 只有 左右 浴缸 一大半 脱掉 根本 没法 洗澡 每次 衣桂 后面 电源 保险丝 才能 通电 马桶 留有 上次 客人 留下 烟头 说不定 上次 客人 留下 服务态度 极差 居然 修理 电源 六床 弹簧 已经 坏掉 极度 舒服 七到 前台 开对 帐单 前台 小姐 居然 入住 信息 不能 开单 反正 下次 蚌埠 大街 不住 这家 宾馆
0,先买 一样 梅拉 六册 儿子 每天晚上 睡觉 被窝 儿里 喜欢 喜欢 书上 俏皮 图画 喜欢 丰富 想象力 后来 第七册 我要 找到 朗朗 一出 赶紧 买来 儿子 一起 分享 热切地 期待 一样 梅拉 第八册 第九册 第十册 喜欢 梅拉 迪克 梅拉 卡门 带给 各种各样 充满 想象力 故事
0,别人 介绍 儿子 一点 喜欢 不怎么 喜欢 呵呵
1,外观 硬朗 大气 商务 气息 适合 男人 配置 绝对 够用 做工 精良 散热 键盘 超爽 值得
1,炒菜 讲求 色香味 俱全 缺一不可 一样 质量 图片 好看 前提 一道 菜谱 口水直流 涉及 范围 很广 冷菜 热菜 小炒 煲汤 应有尽有 配料 大多 常见 炒菜 流程 详细 很易 操作 新手 老手 之一 健康 饮食 越来越 重视 今天 一系列 保健 菜式 的确 不错 选择 炒菜 有时 一种 心境 好看 漂亮 不错
0,书中 理论 理论 本来 以为 书中会 编排 一些 适合 朗读 只是 罗列 很多 怎么 大失所望
1,之前 选择 酷睿 可能 更好 最后 选择 这个 奔腾 速度 很快 不是 真是 物美价廉 键盘 舒服
0,七月份 我司 客户 入住 六个 晚上 三个 晚上 异味 客人 意大利人 由于 语言不通 无从 投诉 告知 我司 工作人员 予以 更换 第二天 由于 局部 装修 早上 左右 无水 供应 客人 正在 剃须 洗脸 公司 尴尬 店方 开始 仅仅 报以 口头 道歉 客人 表示 非常 不满 后来 公司 极力 要求 答应 所有 共个 予以 会员 价格 其实 每间房 优惠 知道 最后 结帐 三个 优惠 这家 做法 真是太 失望 五星级 五星级 可人 不满 知道 是否 能画 一条
0,稍微 一下 开始 认真 可能 适合 已婚 人士 阅读 放在 一边 以后 需要
0,书一到 打开 不了 一天 时间 想着 若干年 要是 求职 帮助
0,散热 有待 提高 光驱 声音 有时候 拖拉机 似的 不过
1,实在 太远 香港 满足 购物 需要 留在 出门 方便 新界 屯门 边上 屯门 中心 打车 周边 商场 餐厅 下次 不再 选择 可取之处 设施 度蜜月 一两天
1,地理位置 楼上 晚上 其他 专卖店 关门 最后 尽兴 海港 分钟 步行 酒店设施 服务 房间内 备有 多用 转接头 几乎 插头 转接 忘记 他们 真的 方便 以后 哪个 国家 服务 人员 亲切 不算 两张床 距离 只有 一条 不过 其他 硬件 设施 不错 液晶电视 卫生间 有点像 三亚 喜来登 样子 卫生间 有个 窗户 一边 泡澡 一边 电视 新装修 支持 下次
1,看到 这些 结晶 图片 震惊 不得不 承认 这个 世界 认知 可怜 一种 假说 一种 以爱 感谢 主题 美好 祈愿 或许 是因为 偏离 从小 唯物主义 教育 感到 迷茫 这几年来 越来越 所谓 量子力学 理论 诠释 的确 动摇 颠覆 科学 不管 对错 是非 面对 这些 现实 所有 智者 最初 选择 宁愿 相信 至少 心里 很多 美好
1,葛翠琳 这个 名字 熟悉 可是 野葡萄 故事 记忆犹新 儿时 回忆 难得 人记 中国 童话 包括 神话 民间故事 现如今 妈妈 这代人 儿时 传看 袜子 皮皮 矮子 鼻儿 魔椅 看不见 小妞 等等 耳熟能详 国外 童书 大家 作品 并非 崇洋 实在 国内 儿童文学 作品 小时候 数年 儿童文学 少年 文艺 如今 记得 多半 外国 作品 不过 野葡萄 记得
0,丰富 适合 亲子 共读 彩图 贴切 生动 儿子 一遍 儿子 记住 里面 精彩 故事
1,眼里 最好 礼物 估计 成年 以后 记得 此前 送过 各种 名牌 衣裙 玩具 这个 这么 喜欢 看来 以后 开心 只要 好看 想想 小时候 喜欢 看书 真是 达到 废寝忘食 地步 幼儿园 拥有 多册 小人书 一有 时间 出来 反反复复 地看 呵呵 真是 习惯
1,首选 品牌 质量 可靠 性能优越 售后 人性化 各个方面 满意
0,很多 道理 知道 很多 事情 不用 繁琐 好像 宣传 洗清 舆论 嫌疑 不是 真的 成功 书中 很多 赘述 估计 策划 肯定 完全 亲笔 完成 有些 很假 宣传 真是 太过分 建议 不要 没意思 个人观点
0,除了 地理位置 靠近 王府井 其他 实在 不敢恭维 入住 发现 茶杯 半杯 通知 服务员 更换 惊愕 发现 服务员 杯子 卫生间 用水 洗洗 放回 原处 杯子 消毒 竟然 毫无 反应 离去
1,幼儿园 老师 应该 孩子 大多 时间 幼儿园 幼儿园 经历 一些 可能 影响 孩子 性格 甚至 一生 幼教 领悟 蒙特 梭利 育儿 真正 孩子 做主 真正 孩子 孩子 极大 耐心 相信 苗苗 长成 参天大树 明天 栋梁 中国 更加 强大
1,苹果 小弟 这本 来自 日本 童书 整体 风格 清新 淡雅 画面 大量 留白 除了 几只 苹果 红色 其他 黑白 色调 人物形象 数笔 活灵活现 十分 传神 女儿 宽宽 喜欢 当要 到来 小鸟 一只 苹果 画面 翻到 宽宽 已经 小手 起来 小鸟 扑扇 翅膀 适合 一岁 以上 宝宝 阅读
1,精美 开始 吸引 很多 推荐 晚上 时间 一口气 喜欢 谭斌 喜欢 程睿敏 喜欢 他们 之间 爱情 只是 一名 在校学生 将来 毕业 踏入 职场 谋求 一席之地 其中 一些 细节 羡慕 希望 谭斌 那样 干练 优雅 知性 大方 即使 傲气 骄傲 玫瑰 职场 小说 开始 有所 迷恋
0,硬盘 驱动 折腾 不行 最后 只好 按照 他们 要求 驱动 系统盘 折腾 老半天
0,通过 订到 最烂 入住 当时 元天 最多值 墙壁 斑驳 设施 陈旧不堪 卫生间 奇小且 看起来 非常 干净 价格昂贵 竟然 还要 信用卡 担保 知道 变态 变态 前台 态度 不错 秦发 北面 报业 商务酒店 价格公道 设施 干净 往北 还有 海岳 商务酒店 可惜 新装修 味道 太大
0,通篇 肤浅 俗气 例子 小学生 出来 这些 拿于 易中天 简直 糟蹋 教授 这书 千万别 买买 后悔 一辈子 一遍 废纸 水平 初中生 看不上
0,英文 写成 样子 真难 有些 搞笑 可惜 喜欢 风格 混杂 记住 一些 词汇 阅读 能力 搞坏
0,自提时 电池 插口 塑料 金属片 变形 完好 估计 出厂 工作人员 客服 调整 一下 触摸板 小黑点
1,设施 陈旧 不想 装修 样子 卫生间 一般 不过 三星 太短 不算 稍微 往下 居然 悬空 床外 床头柜 有个 收音机 特色 商务 房有 网速 不错 角落 噪音 不算 很大
1,最有 价值 支撑 压力 背后 以及 趋势 定义 至于 后面 波浪理论 以及 江恩 理论 这些 不是 大师 实战 技术 而是 股市 失败者 作品 不但 意义 反而 有害 不过 上书 不错 经过 完整 熊市 学习 炒股 重要 阅读 长时间 股市 成功者 其他人 总结 垃圾 不但 好处 反而 有害
0,散热 始终 突出 配置 功耗 无可避免 温度 另外 外壳 做工 方面 进一步 加强
1,长沙 各大 书店 本词典 研时 导师 力荐 一直 幸好 这么 就让 拥有 手里 以前 一些 英汉词典 发现 确实 一般 词条 丰富 很多 注解 详尽 唯有 要说 要是 条目 彩色 标注 不全是 黑糊糊 眼睛 好受 很多 毕竟 字体 太小 加点 色彩 会要 柔和 一些
1,配置 超值 发热量 联想 待机 最高 度度 高度 风扇 声音 不大 经常 高速运转 以内 机器 没见 过接 电视 播放 基本 流畅 硬解 占用率 超过 做工 说不上 精细 没什么 发现 缺陷 操作系统 安装 顺利 附带 中有 全套 驱动
0,服务态度 不好 除了 免费 水瓶 衣云收 那天 外资企业 洽谈会 全是 中国 老表 哪里 有鬼 外资企业 真烦
0,内存 只有 根装 主板 芯片组
1,做工 不错 外壳 很漂亮 测试 一下 还行 中通 很快 下午 订单 今天 早上 收到
0,系统 系统 中午 收到 货找 同事 装没装 售后 必须 正版 系统盘 兄弟 我装 不起 苏宁 电器 不行 人家 应该 无奈 明后天 太平洋 数码 掏钱 请人装 麻烦
1,大床 先前 筒子 介绍 情况 差不多 免费 升级 一下 两瓶 免费 可乐 服务 中规中矩 四个 不过 的确 评到 五星 过头 四星 差不多 当然 性价比 而言 毕竟 不是 标准 五星 价对 该店 算是 意见 的话 实在 看得出 花过 功夫 重新 装修 不够 喜欢 另外 早餐 基本 满意 品种 数量 味道 软件 方面 地图 免费 地图 送上门 草鞋 小意思 基本功 到位
1,总的来说 干净 地理位置 市区 繁华 地段 进出 方便
1,读完 全书 一种 面对 战争 真实感 政权 多么 残暴 为了 巩固 权威 难道 无休止 草菅人命 迷龙 完全 典型 中国 政权 牺牲品 牺牲 无奈 悲凉
0,鼠标 充电 适配器 充电 正常 试用版 找到 难道
0,右托 掌处 外壳 接缝 不严 一下 好像 下面 那个 脚座 其他 几个 这个 不爽 之外 还行
1,硬盘分区 驱动 真的 方便 以前 驱动 大半天 下载 这次 迅速 完成
1,五一 这里 作为 三星级 硬件 前台 经理 一行 隔壁 吃饭 发票 饭馆 不肯 态度 无理 此事 宾馆 前台 张颖 经理 处理 邮回 北京 没收 心里 愉快 毕竟 专业 责任意识 服务 意识 中华 大地 值得 提倡
1,总的来说 不错 早餐 四星级 来说 一般 外面 小吃 或者 一般 总的来说 出差 来说 不错
0,标准 大床 面积 宽带 每天 其他 连锁店 一般 免费 床垫 只有 床单 服务生 年龄 一般 很大 老油条 服务 较差 步行 世纪 公园 分钟 参观 上海 展览 中心 入住 该店 性价比 刚刚 及格
1,交通 方便 餐厅 饭菜 不错 只是 较小忙 时要 预定 价格合理 下次 这里 补充 点评 年月日 刷卡 国内 卡刷 出来 国外 卡刷 出来 奇怪
1,挺不错 敞亮 压抑感 看上去 干净 只是 洗澡 不过 很大
1,朋友 价钱 便宜 样子 漂亮 尽管 设计 样子 精致 轻薄 不想 以前 那样 看着 笨重 下面 开了个 散热 散热 不过 硬盘 散热 整机 硬盘 现在 朋友 双系统 挺快 这个 价钱 这个 配置 值得
0,入住 整个 晚上 隆隆 噪音 电梯 楼上 移动 家具 体育锻炼 起来 明显 枕头 音响 一夜 没睡 本来 预定 天第天 早上 赶快 逃跑 宾馆 反馈 年月日 非常 感谢您 提出 宝贵意见 由于 当晚 紧急 工程 抢修 造成 不便 请谅解 任何 致电 前台 前台 竭诚 客人 服务 欢迎您 再次 入住 中南 海滨 大酒店 提出 宝贵意见
1,孩子 拿回去 套书 宝宝 兴致 高一 晚上 时间 讲完 过瘾 宝贝 动物园 特别 喜欢 这个 生活 贴近 经常 宝宝 动物园 其中 场景 宝宝 熟悉 特别 兴致 其他 宝宝 圣诞节 生活 有些 宝宝 其中 一些 页面 来看 总的来说 不错 附注 孩子 年龄
1,洛阳 不错 餐厅 服务 不错
1,宁夏 来说 应该
0,接口 太过 分散 前后左右 底部 散热 不是 扩展 接口 盖子 盖住
0,洗澡 竟然 热水 郁闷 第二天 还要 爬山 不过 网速
0,触摸板 发热 很快 别的 散热 鼠标 那个 确实 人性化 摄像头 清楚 不开 知道 怎么 打开 一项
0,接口 太少 左侧 时间 键盘 运行 稳定 系统 机要 官网 下载 网卡 驱动 内存 只有 网上 驱动 太烂 摄像头 现在 没装
0,不够 艳丽 对比度 不足 触控板 不好 容易 误操作 不如 普通 触控板 容易 指纹 底部 后盖 容易 拆卸 更换 内存 小心
1,外观 漂亮 性能 优秀 观看 流畅 运行 高清 视频 当前 主流 游戏 尺寸 机型 重量 发热 控制
0,说实话 不太好 不会 学到 只是 一些 平时 日常生活 中用 网上 随便 搜一
0,敲击 键盘 过快 机子 反应 过来 有人 键盘 不好 不灵敏 慢点 敲时 这个 还有 操作系统 麻烦 再就是 价格 变动
1,几周 高考 当年 江浙 一带 黑龙江 知青 很多 经常 父辈 说起 电影 情节 看着 有些 似曾相识 这本 黑镜头 全是 陕北 北京 知青 相对 隔膜 一些 同样 很受 震动 只是 有个 悲凉 观感 平民 家庭 知青 大多 打入 谷底 而永在 谷底 精英 家庭 知青 大多 天将 降大任 故事
1,教授 黄帝内经 时间 一天 时辰 人生 不同 年龄段 论述 生活习惯 健康 影响 这本 从头到脚 健康 是从 空间 角度 出发 说明 疾患 相对 时间 论述 更能 当作 一本 工具书 使用 建议 家家 一本 身体 任何 部位 不适 翻翻 找到 解决 病痛 临时 方法 重要 发现 生活习惯 调整 生活习惯 获得 长久 健康 防止 习惯 遗传 后代
1,说实话 这个 价钱 这个 配置 本本 性价比 价格 实惠 显卡 来说 已经 非常 游戏 运行 流畅 系统 坊间 传言 难装
1,外观 时尚 性价比 设计 时尚 真机 照片 漂亮 值得 推荐
1,服务 位置 优越 出租车 大部分 知道 怎么
1,好看 表面 纹路 完美 屏月 下午 下单 付款 下午 速度 连续 工作 试机 小时 稳定 无故障
0,收货 仔细检查 拿到 活着 高兴 包装 皮儿 好值 这块 一口气 小时 然后 发现 居然 已经 皮是 皮书 这书 值得 用来 收藏 随便 看看
0,标准 单人间 实在 小房间 一张 大床 已经 塞得 满满的 设施 极其 简陋 除了 电视机 水壶 其他 四星级 标准 实际 不到 中等 三星级 水平 最差 临街 大堂 居然 三个 只有 正门 有人 看测门 电梯 任人 出自 半夜三更 上锁 安全
0,名字 绝对 讨好 相信 很多 一样 书名 书里 新意 小时候 爸妈 老师 教导 那套 立志 读本
1,地理位置 正对 长春 火车站 优点 方便 乘火车 朋友 缺点 环境 物价 周围 各种 饭店 很多 大小 一般 被褥 干净 马路 晚上 安静 卫生间 马桶 浴缸 旧旧 隔音 一般 走廊 地毯 正对 电梯 电梯 停靠 人声 嘈杂 含双早 种类 丰富 服务 中规中矩 没什么 特色 门童
1,买来 番茄 播放 视频文件 一卡 黑屏 动弹不得 后来 不知 系统 黑屏 黑屏 性价比 还好
0,清楚 国语版 谁知 收到 货一看 粤语 色彩 不好 失望
1,想象 华硕 变压器 一贯 来说 驱动 似乎 想象 难装 还好
1,最近 一直 昨天 一口气 建议 怀孕 末期 准爸 准妈们 本来 看看 通过 了解 孩子 一些 行为 其实 孩子 一些 行为 一定 老人 嘴里 那样 孩子 每个 动作 主动 表达 情感 作为 父母 只有 了解 孩子 真实 感受 才能 更好 孩子 沟通 老师 真的 非常 道理 里面 许多 个案 儿子 身上 有所 体现
0,不足 内存 不足 不过 任何 驱动 费事 接口 接口 过少 方便 底部 扩展 散热 不是
0,里面 提供 硬盘 运行 模式 切换 选项 安装 原版 不行 需要 集成 驱动 光盘 引导 安装 网上 居然 驱动 只有 网上 半天 找到 其他 本友 提供 全套 驱动
0,不过 床铺 干净 程度 接受 电视 遥控器 不好 窗户 完全 打开 外面 贴着 知道 广告 晚上 回来 已经 知道 前台 服务员 哪里 无奈 找到 其他 服务员 前台 告诉 早上 前台 已经 确认 幸亏 手机 闹钟 功能 不然 一定 赶不上 飞机 早上 结账 告诉 入住 客人 需要 外交 城市 建设费 好像 这个 费用 甘肃省 要求 甘肃 其他 入住 其他 承担 不过 反映 服务水平 唯一 好处 这个 提供 免费 接机 服务 过来 车子 应该 不是 车子 一路上 一直 询问 可否 车子 不过 师傅 态度 憨厚 城市 服务水平 不足为奇
1,朋友 一本 大家 感受 智慧
1,配置 价格 实惠 鼠标 鼠标 精美 屏幕 比好 主要 视角 较大 摄像头 只有 效果 很棒 无线 网卡 接收 信号 强劲 一代 网卡 信号 网卡 信号
0,全国 星级 这个 唯一 一次 提前 退房 经验 字差 傍晚 开始 宽带 不通 几次 电话 一直 敷衍 口吻 难道 晚上 点修 凌晨 点好 不好 既然 不好 为何 直接 告知 耽误 入住 客人 工作 赔上 声誉 早就 预定 大床 办理 入住 告知 满房 免费 升级 商务 标准间 强调 第二天 大清早 行李 整理 好后 放到 总台 普通 大床 否则 加收 房费 差价 第一次 遇到 道理 完全 服务业 以客 经营 理念 一到 晚上 骚扰电话 不断 回绝 差劲 管理 商务 标准间 家具 老旧 床单 毛巾 用品 泛黄 肮脏 没什么 食品 消费 简直 比如 锦江 星等 商务酒店 差劲 第二天 一大 马上 办理 退房 这家 不但 耽误 出差 工作 无法 上网 破坏 出差 心情 态度 敷衍 原来 常住 八宝 装修 一般 至少 吸引 我常 入住 原因 服务态度 亲切
0,售后 武汉 这边 自提 拿到 今天 显示 订单 完成 才能 产品 进行 效率
1,性价比 不错 交通 方便 值得一提 宾馆 斜对面 不多远 海鲜 一条街 便宜 实惠 下次 深圳 广深
1,本人 更正 开创 一文 第三段 一词 逊色 应该 小说 一词 大家 带来 误解 诚恳 大家 道歉 敬请 大家 给予 谅解 本人 初学者 本人 希望 大家 多多 帮助 以后 读书 不再 出错 谢谢 大家
0,送货 方有 一点 送货 打过 一次 电话 接到 竟然 当天 送货 前个 后来 着急
1,先天下之忧而忧 这群 思想 大局观 有识之士 共同 特征 天下兴亡 己任 他们 高尚 品德 群体 壮大 国家 民族 希望 希望 此书 唤醒 一部分 国人 不要 沉迷于 娱乐 网游 之中 国家兴亡 匹夫有责 国家 命运 承载 共同 命运 千万 当打 酱油 此书 章节 划分 凌乱 拼凑 感强 喜欢 华丽 辞藻 讲究 行文 朋友
1,干净 完全 对得起 标准 服务态度 保安 警觉性 安静 早餐 很差 不是 一般 除了 早餐 其他 满意
0,是因为 网上 铺天盖地 五星 收到 一看 大失所望 充其量 职场 油子 没事 一种 职场 日记 评论家 介绍 若干种 人力资源 方法 还有 工作 技巧 真的 建议 一下 那些 评论家 进修
1,机器 好看 键盘 不错 内胆 包和擦巾 提货 马上 附近 麦当劳 上网 无线 上网 效果 不错 图形界面 友好 功能齐全 电池 续航 时间 运行 散热量 继续 测试
0,周末 一晚 周边 出行 方便 周日 花果山 景区 打车 的话 设施 空调 晚上 单人间 卫生间 简陋 自助 早餐 水平 来说 要求 不高 的话 只能 随便
1,服务 应该 提升 一下 怎么 符合 五星 标准
0,使用 电源适配器 发热量 惊人 担心 烧坏 触摸板 灵敏 触摸板 按键 确实 键盘 左上角 一块 下陷 毛病 别的 还好 风扇 自带 调速 功能 失望 借助 软件 调速
0,选购 订单 一切正常 收不到 打电话 知道 已经 缺货 近期 可能
0,包天 话费 不出 电话 牙刷 盒子 空盒子 提供 购物袋
1,同款 配置 性价比 超高 主流 配置 一下 淘汰 不了 目前 行情 下用 这个 价位 这个 配置 真的 超值
1,环境 一流 令人满意 舒适 干净 卫生 只是 楼下 中餐厅 收费 打电话 旁边 夜总会 还要 电话费 那个 不过 五星 标准
1,性价比 不错 到货 关于 散热 不想 别人 触摸板 这里 其他
0,惠普 预装 软件 太多 竟然 有个 进程 垃圾 单核 特效 关机 慢新 上市 本本 驱动 只能 等等
0,中午 收到 速度 很快 昨天 下去 才定 值得 表扬 可是 收到 之后 失望 任何 包装 可能 原版 就算 可是 书角 封皮 边沿 开口 看书 侧面 整齐 怀疑 盗版 以后 当当 伤心 当当 这么 多书 第一次 遇到 事情 失望
0,读书 看过 电视 几次 这次 小说 来看 从中 吸取 一些 生存 力量 以笑 方式 表述 方式 更觉 悲痛 悲痛 之余 理由 好好 活下去
1,旋宫 性价比 这次 主要 位置 实在 佛山 主要 景点 祖庙 米左右 商业街 周围 应记 面馆 吃饭 方便 酒店设施 整洁 门前 停车场 免费 靠近 街边 房子 一点点 知道 是不是 贵宾卡 下次 打折
0,太差 露宿街头 包括 进来 实在 幽默 十堰 还有 燕良 大酒店 据说 行为 不去 联系 方便 一些
1,入住 不错 看到 整个 海景 服务 不错 不过 有些 瑕疵 浴缸 住客 头发 清理 干净 导致 放水 头发 漂浮 上来 恶心 还有 餐饮 实在 达到 标准 选择 很少 晚上 自助餐 很少 上海 一般 自助餐 一半
1,交通 方便 干静 宽敞 来讲 说得过去
1,基本 满意 只是 同去 老外 分到 不爽 浴缸 落水 坏掉 只能 淋浴 过来 挺快 完全 解决问题 至少 积极
0,这个 所谓 四星级 相当 非常 非常 简陋 设施 通过 预定 还要 将近 五百元 高价 当然 办法 周末 承德 旅游 旺季 可是 其他 这么 价格 相比之下 天宝 假日 这里 百倍
1,喜欢 里面 兔子 招惹 外星人 还有 兔子 起来 貌似 武侠 比武 有意思 拿给 室友 居然 思想 不禁 想起 几天 手机 报中 看到 关于 心理 抑郁症 说法 找死 兔子 前仰后合 说明 心理 健康 同意 哈哈 的确 看得 过瘾 开心 佩服 奇思妙想 衷心希望 心情 总是 不好 人们 能够 笑对人生 其实 没什么 过不去 坎儿
0,开始 看出 不足 有些 算是 大概 需要 内存 解决 希望 几个 这个 内存条
0,非常 奇怪 随机 一张 光碟 上面 居然 只是 说明书 文档 驱动 不要 客户 网站 下载 网站 驱动 下载 不好 有个 完全 一样 知道 如何是好
0,旗舰版 安装 比较顺利 不过 驱动 里面 无线 网卡 驱动 按照 前面 一些 朋友 型号 网上 下载 装上 顺利 还有 发热 似乎 夏天 起来 燥热 呵呵
1,升级 韩式 进门 脱鞋 只有 两个 床垫 有些 简陋 卫生间 冲洗 装置 不错
0,被告 预订 钟点房 半个 小时 入住 很小 空气 不好 当晚 老婆 例假 床单 弄污 方让 赔偿 房费 明白 黑店 态度强硬 后来 三方 沟通 表示 降到 物品 成本价 难以 接受 联系 表示 规定 他们 无能为力 后来 前台 居然 长途费 分钟 表示 强烈抗议 罢休 上述 过程 总共 花费 小时 实在 赔不起 时间 倒霉 给钱 不过 希望 合理 说法
0,机器 移动硬盘 开封 卖出 感兴趣 短息 联系 北京
0,去年 女儿 一套 无论是 印刷 质量 不错 几天 朋友 孩子 一套 收到 令人 失望 印刷 质量 很多 色彩 鲜艳 画面 清晰 心情沉重
0,显示屏 仰角 太大时 桌子 容易 过去 一点 设计 摄像头 需要 光亮 很强 晚上 灯光 暗就会 显示 清楚
0,送货 慢号 订单号 打款 到货 保单 填写 盖章 送来 保单 没什么 没什么 中文 说明书 两张 文字 发现 微星 任何 标识 电池 不是 原装 怀疑 水货
0,朋友 大致 翻阅 一下 喜欢 曲黎敏 老师 不过 朋友 喜欢 最大 好处 一套 人体 穴位
0,系统 运行 勉强 接受 硬盘 不时 吱吱 异响 华硕 好像 大多 这个 屏幕 色彩 表现 方面 好像 其他 品牌 艳丽 比如 上网
1,这个 至少 四次 进行 一下 简单 面积 够得上 四星 标准 只是 有些 稍旧 设施 中规中矩 上网 速度 卫生间 花瓣 欣赏 一点 相当 不错 客房 服务员 态度 非常 欣赏 推荐
0,我于 订购 拉拉 升职 通过 银行 付款 为什么 订单 两周 至今 到货
1,不错 饭店 饭菜 不错 潍坊 这里 值得
1,本本 不错 性价比 貌似 显卡 主要 发热
0,当天 预定 小时 不到 时间 到达 告知 已经 房型 知道 这个 怎么 管理 诚信 预定 不要 挂靠 反馈 真实 信息 明明 入住 反馈 这次 预定 客户 预订 麻烦事 以后 不会 考虑 这个
1,好开心 终于 拿到 这个 本本 白色 特别 秀气 网上 视频
0,奇怪 这么 怎么 看不出 哪里 孩子 好象 不怎么 感兴趣
1,作为 一家 星级 已经 不错 我订 套房 干净 宽敞 卫生间 很大 淋浴房 服务 到位 毛病 服务员 普通话 需要 加强
0,所谓 畅销书 越来越 失望 起来 味同嚼蜡 不管 小说 角度 心理 角度 非常 到位 以前 毕淑敏 小说 有些 不错 这本 失望
0,分区 真的 不合理 除了 备份 恢复 其他 连同 系统 里面 这个 直接 划分 影响 系统
1,非常 无论是 服务设施 交通 位置 方便 很多 客人 指定 这个
0,抓住 女同胞 心里 现在 这个 名字 超烂 千万 不要 后悔
1,地理位置 相当 好离 海港 走路 五分钟 灯光 明亮 液晶电视 舒服 惟独 大堂 下次 选择
0,发热量 比厚 一点 音量 大小 触摸 按钮 驱动程序 找到
0,散热 不是 一般 网页 左右 软件 左右 光盘 装时 到达 左右
0,有个 亮点 倒霉 看来 这款 亮点 不少 中间 位置 不爽
0,史上 恶劣 令人 无法忍受 喇叭 竟然 不如 索尼 爱立信 手机 喇叭 音质 排风 左侧 纳闷 可能 考虑 冬天 手冻 打不动 键盘 可烤 一下 人性化 设计
0,分区 郁闷 旧电脑 传到 本本 里面 使用 超过 空间 办法 备份
1,看似 简单 一本 彩色 随处 出现 令人 惊喜 出人意料 比如 轻轻 一拉 变成 完全 不同 一张 地图 不断 翻开 折页 不断 知识 几乎 所有 乐趣 立体 儿子 喜欢 这本 还有 拯救 地球 非常 不错 精辟 乐趣横生 一般 书贵 孩子 全新 阅读 享受 已经 超越 普通 一本 书籍 价值
1,溧阳 公务 旅游 适合 自助 早餐 丰富 内部 环境 服务 唯一 不足 大门口 晚上 时太乱 各种 车辆 门口 挤成一团 补充 点评 年月日 淋浴 水压 一会 一会 不好 调整 宾馆 反馈 年月日 非常 感谢您 选择 入住 金陵 溧阳 宾馆 给予 肯定 赞赏 倍受鼓舞 更加 自信 地去 做好 一天 服务 工作 正是 许多 一样 宾客 给予 不断 鼓励 赞赏 服务 品质 才能 得以 不断 提升 对于 大门口 秩序 淋浴 做出 相应 措施 再次 表示 衷心 感谢 期待 再次 光临
1,湖州市 打车 不是 方便 不过 门口 公交车 班次 最好 有车 景房 不是 临湖 只能 远眺 太湖 山上 清静 送餐 不收 服务费 便宜 只是 只能 喝热 水壶
1,电影 笑容 小说 实在 契合 不过 开始 担心 下面 电影 克里斯 怎么 演绎 第一部 大舌头 无知 无辜 无所畏惧 下面 似乎 挑战 演技 多一点 期待 翻译 不够 不敢 原版 自取其辱 只能 先读 期待 更好 译本 毕竟 梅尔 好歹 科班出身 相信 文字 不止 而已
0,地理位置 不错 距离 商业中心 政治 中心 黄河 服务 太差 东部 地区 三星 不如 白天 门童 公然 闲人 说话 招呼客人 服务 人员 遇到 主动 你好 早餐 品种 服务 主动 要是 不会 服务员 是否 咖啡 煎蛋 厨师 更是 绝大多数 不知去向 态度 很差 开业 时间 地毯 很脏 棉签 结构 奇怪 象是 政府 办公楼 设计 电梯 速度 非常 一共 客梯 控制 居然 不是 联网 任何人 客梯 快递 送饭 大堂 副理 经理 位置 只见 几个 军人 经常 坐在 那里 奇怪 总而言之 非常 愉快 经历 入住 飞天 大酒店 后来 太旧 这个 这个 飞天 大酒店 可差 真是 错误 决定 参见 飞天 大酒店 补充 点评 年月日 大床 大床 根本 惊奇 早晨 服务员 收拾 回去 一看 椅子 样子 根本 复原 地上 一次性 拖鞋 塑料袋 居然 收走 根本 开夜 服务 桶装水 一次 打电话 分钟 送过来 太差 建议 不要
1,价格 便宜 功能齐全 外型 不错 上网 价格 不错
1,机器 十天 这些 一直 确实 不错 做工 外观 很棒 重量 控制 不错 电源
0,非常 地段 娱乐 吃饭 灰暗 服务态度 有趣 健身房 住客 收费 查看 一下 一句 听说 健身房 住客 收费 那个 老头 听说 现在 听说 非常 李矛 粗鲁 下次 绝对 不再 补充 点评 年月日 还有 早上 下雨 出门 发现 不帮人 的士 只好 冒雨 后面 转角 的士 一身 四星级 根本 招待所 不如
0,应该 重视 软件 建设 特别 前台 入住 竟然 告诉 名字 现在 满房查 你们 锦江 锦江 同意 回去 刷卡 前台 小姐 态度 傲慢 查到 这次 你们 不好 不是 责任 你们 晚到 取消 预定 名字 同伴 名字
1,地理位置 市中心 服务 早餐 品种 丰富 商务 数码 宽带 速度 满意 干净 湖南路 小吃街
1,系统 平均 占用 系统 占用 驱动 不好
0,预订 这个 这个 宾馆 最小 所有 最小 小到 不能 衣橱 茶几 浴缸 一共 入住 半夜 点分 按摩 小姐 敲门 打电话 总台 投诉 虽说 立刻 保安 过来 得到 宾馆 任何 道歉
0,只住 晚上 很小 不过 考虑 只是 三星级 宾馆 要求 不能 太高 设施 陈旧 有些 设施 明显 修理 信用卡 不是 国有 四大 银行 不能 预售 罢了 居然 直接 刷卡 不行 前台 小姐 居然 不是 信用卡 狂晕 就算 认识 标志 应该 认识 银联 标志 怎么 不会 当成 储蓄卡 一样 刷卡 不行
0,服务 晚上 经常 骚扰电话 满意 分钟 长途电话 他们 电话 没挂 计费 系统 继续 计算结果 电话费 早餐 听说 很差 去试
0,心灵鸡汤 没什么 本质区别 至少 喜欢 经典 经典 解读 中国化 味道
0,通过 三间 标准间 套餐 朋友 三家 九口 一起 入住 由于 孩子 直接 要求 标房 换成 大床 说大床 房有 斜坡 屋顶 星星 入住 总台 告知 电梯 由于 三楼 大家 认为 承受 于是 行李 抗着 童车 背着 孩子 跟着 服务员 发现 原来 好多 栋楼 总台 隔开 跟着 服务生 一层 拐弯 一层 一拐 最后 到达 那个 星星 大约 平方米 一半 空间 屋檐 阳光 透过 两个 小小的 老虎 直射 进来 这个 凳子 显得 不是 太小 由于 节日期间 客人 刚刚 退房 服务员 马上 重新 铺床 随着 床单 抖动 发觉 空气 飘散 无数 粉尘 然而 只是 噩梦 开始 晚饭 竟然 发觉 餐厅 客房 之间 迷路 不断 几栋 房子 之间 穿越 走廊 上下 楼梯 大约 分钟 之后 终于 满身 臭汗 回到 洗澡 发觉 水管 全是 锈水 总台 迟迟 反映 分钟 第三个 电话 总算 得到 答案 工程部 反映 锅炉 放水 应该 继续 放水 分钟 锈水 依旧 之后 终于 第四个 电话 爆发 随着 骂声 出现 工程 人员 以及 服务生 他们 卫生间 已经 无力 关心 发现 最终 解决 将近 小时 洗完 睡着 半夜 几次 热醒 原来 为了 节省 费用 中央空调 晚上 关掉 一定 告诉 所有 千万 不要 这个 顺便 一下 所谓 钓鱼 水塘 里面 已经 有些 营养 旁边 下午 钓到 烧烤 苍蝇 很多 还有 一种 飞虫 专门 眼睛 恶心
0,简单 易懂 色彩 柔和 教会 宝宝 日常生活 应有 礼貌 行为 玩耍 时要 学会 排队 谦让
1,环境 不错 柳州 本地 升级 上来 四星 来说 不错 并且 服务员 态度 非常 拨打 国内长途 免费 这是 只有 柳州地区 较为 特色
0,怎么 发给 白色 不是 黑色 郁闷 欺诈
1,不错 尽管 火车站 安静 干净 早餐 一般
0,商品 不足 售后 开机 验货 发现 屏幕 立马 快递 拿回去 给钱 居然 返修 流程 条款
0,这么 平庸 作品 怎么 炒得 这么 火爆 职场 小说 出现 不久 已经 中国 快字 出现 死亡 为什么 中国 羊性 这么 阅读 能力 教育 完全 学历 缺乏 起码 阅读 能力 另外 中国 多年 中央 专制 统治 个性 全部 杀光 缺乏 主见 顺民 后代
0,预定 注明 二楼 入住 一楼 网上 说加 一份 早餐 实际 收元住 还要 停车费 豪华 单间 地毯 呼呼 真是 无语 环境 不错 可惜 环境
1,绝对 算是 正宗 系列 里面 性价比 最高 除外 散热 没话说 安静 关机 原装 软件 丰富
1,收到 以后 大致 翻看 一下 目前 只学到 第二章 非常 不错 翔实 架构 不错 考情 分析 主要 考点 知识 框架 考题 解析 同步 训练 答案 解析 对于 主要 自学 来讲 帮助 更好 理解 教材内容 起到 事半功倍 效果 美中不足 印刷 字体 稍微 一点 看起来 有些 费力 大概 为了 大家 节省 成本 缘故 可惜 宁愿 花高 一点 代价 换回 舒服 阅读
1,真是太 史蒂夫 能够 这么 洞悉 女人 心态 秘密 男人 心理 全盘托出 这么 风趣 幽默 难怪 过床 女人 分手 朋友 希望 能活 一些 史蒂夫 能够 带给 她们 快乐 史蒂夫 很棒 很帅 适合 做好 朋友 一旦 结婚 应该 不错 老公 发现 世上 所有 男人 差不多 原来 老外 男人 喜欢 女人 牛仔裤 恤衫 马尾辫 不管 年纪 嘻嘻
0,淋浴 竟然 下来 后来 修理 马桶 一直 请求 修理 两次 态度 无奈 技术 不佳 最终 解决 大便 硬是 憋着
0,预装 朋友 朋友 喜欢 只能 联想 盘给格 重装 这点 联想 太厚道 大家 喜欢 为什么 实惠 送个 实用 便宜 速度 一键 恢复 支持
1,拿到 书才 看到 适合 至岁 孩子 先看 两岁半 孩子 难度 回家 孩子 那些 图画 喜欢 星星 那本书 小鸡 找到 海星 同伴 嘲笑 没想到 女儿 竟然 伤心 原本 以为 听不懂 看来 孩子 对于 孩子 来说 深奥 需要 家长 费心 发掘 里面 有趣 孩子 喜欢
0,一直 重复 男人 成绩 赞美 女人 聆听 观点 单一 至少 不能 启示 帮助 开始 期待 一样 个人感觉 一般
1,外观 设计 合理 右边 鼠标 两个 左边 方便 操作系统 安装 还行 不是 特顺 不过 一天 搞定 感谢 网友 总结
1,环境 环境 设施 早餐 实在 不敢恭维 招待所 不如 希望 改进
1,四世同堂 之后 开始 老舍 先生 应该 五四 以来 中国 最出色 作家 抗日 时期 历史 可能 所谓 战争片 看到 寻常百姓 生活 在读 时常 身在 当时 奋起 抗战 尊严 活着 开始 下载 一部 电子书 手机 竟然 发现 书里 有些 删节 相当 反感 一部 伟大 作品 某些 标准 删去 某些 字节 真够 尊重 文字
1,王羲之 笔法 及其 流变 研究 还有 该文 关于 章草 今草 体系 分析 有些 模糊 甚至 令人 疑惑 事实上 汉字 字体 草化 简化 一直 继续 某种意义 字体 特征 更易 理解 章草 今草 分别 隶书 楷书 简快 所致 演变 而成 只是 今草 省简 更为 显著 两者 笔法 差异 突出
0,肤浅 论述 特别 小学生 范文 那种 模范 议论文 总分 中间 几个 例子 有种 上当 喜欢
0,面板 容易 指纹 痕迹 内存 扩容 必须 升级 才能 显示 说明书 介绍
0,晚餐 出长 头发 服务员 不以为然 洗完 澡时 发现 浴巾 有长 头发 如家 心目 一直 快捷酒店 楷模 这次 入住 北京 团结湖 令人 大跌眼镜
1,饭店 服务 不错 旁边 便利店 房价 偏贵
1,护肤 有关 按摩 方法 出来 护肤 讲解 模糊 有些 面膜 化妆水 偏方 像是 网上 下来 经人 试用 不敢 不过 心态 全新 生活 文字 透出 阳光 清新 舒服 女人 学会 很多 怕生 宝宝 变成 黄脸婆 看到 妈妈 美丽 喜欢 像是 女人 自述 或许 原来 生活 这么 精致
0,随机 驱动 光盘 完善 需要 网上 下载 最新 驱动 键盘 手感 噪音 软件 完善 控频 亮度 调节 基本 软件 便携包 鼠标 基本 配件
1,位置 服务员 热情 早餐 不错 电梯
1,功能 超多 特别 值比 两年 本强 太多 简单 介绍 一下 指纹识别 面部 扫描 屏幕 方面 表现 不错 性能 强劲 搭配 合理 平衡 超值
1,除了 停车 不是 方便 其他 不错 服务质量 市中心 环境 吸引 不错
0,唯一 找到 优点 机顶盒 先进 不过 电视 突然 声音 打电话 报修 竟来 根本 不是 维修 人员 知道 部门 看看 情况 当然 看看 而已 水壶 很脏 内壁 不明 黑色 恶心 出现 一只 巨大 蛾子 进房 窗户 关着 说明 之前 打扫 干净 早餐 种类 质量 牛奶 奶粉 咖啡 速溶 豆浆 怪味 口感 不好 早餐 居然 气愤 那顿 晚饭 大家 打电话 问有 特色菜 居然 特色菜 太多 告知 饭店 包间 最低 消费 限额 不让 进只 不到 大堂 供应 早餐 那间 桌布 全是 上菜 其慢 无比 半天 第二个 本人 等到 胃痛 晚上 后来 米饭 中有 不明 物体 圆筒形 长约 毫米 切面 圆珠笔芯 差不多 小姐 倒个 半天 端上来 竟是 透明 只能 称为 水叫 小姐 餐巾纸 小姐 一眼 然后 继续 隔壁 那桌 桌子 收完 过来 招呼 结账 居然 打折 百思不得其解 第二天 明白 一道 退房 气愤 接近 分钟 效率 有人 入住 退房 工作 停下来 一边 押金 拒绝 信用卡 起来 信用卡 然后 押金 直接 付账 明明 告诉 信用卡 押金 一张 卡是 付账 态度 不好 不够 礼貌 再也不会
0,自带 软件 多且 过于 复杂 适合 超级 菜鸟 使用 驱动 很大 一片 累死
0,设施 陈旧 看上去 干净 这间 不好
1,设施 环境 不错 周围 集市 超市 阳台 看到 一望无际 大海 真的 心情 非常 不错 唯一 每天 早餐 一样 机场 市区 不是 太远元 搞定
1,另外 闪光点 每个 知识点 后面 还有 相应 习题 解析 并且 针对 知识点 不同 设置 习题 解析 错误 提示 要点 剖析 细节 图文并茂 目前 市场 一本 不可多得 参考书
1,晚上 点多到 前台 定向 推荐 由于 外面 大雨 手机 雨水 淋坏 只好 入住 第二天 电话 确认 确实 我定 可能 前台 他们 搞错 或者 新来 愉快 他们 态度 不错
1,蜜月旅行 免费 将园 景房 升级 超级 海景房 看到 美丽 维多利亚 还有 一瓶 好酒 相送 干净 很大 服务 不错 市中心 班车 方便 半个 小时 一般 往返 沙嘴 其实 出去 购物中心 到达 第一天 进行 简单 购物
0,到手 很慢 单付 完款 下午 拿到 货才 三天 只能 货发 还有 降价 真的 太快 郁闷
0,耗电 太快 有些 驱动 装不上 价格 不是 时机 一两天 声明 本人 签收 送货来 打电话 包装 撕过 知道 是不是 快递 故意
0,于丹 讲教 译注 当然 不上 大师 适合 学生 做人 做事 道理
0,五一节 期间 入住 建筑 宏伟 车开 门口 人理 引导 停车 到位 询问 哪里 停车 答复 后来
1,价格便宜 功能强大 中关村 还要 带票 这次 带票够 便宜
0,大堂 服务 入住 登记 离店 付款 服务员 回答 不理 房间内 电源 电子 控制 毛病 多多 洗澡盆 下水 早餐 要点 以后 不会
1,价廉物美 价廉物美 价廉物美 价廉物美 价廉物美 价廉物美 价廉物美 价廉物美
0,孩子 梅拉 充足 勇气 孩子 不管 大雨天 滔滔 海浪 勇敢
1,华硕 品质 价格合理 质优价廉 外观 美丽 配置 较强 大众 消费者 承受 只是 价位 装有 操作系统 超值
1,不错 大床 房床 方面 设施 不错 卫生间 浴缸 淋浴 两个 独立 空间 服务 周到 入住 第二天 晚上 专门 打电话 意见 建议 出门 栈桥 五四 广场 打车 大概 二十块 来说 真不错 下次 青岛 的话 还会选 这家
1,买来 女朋友 生日礼物 这次 送货 很快 周四 下午 周五 送到 机器 速度 不错 金属 好比 网上 漂亮 屏幕 看着 舒服 特别 开关 显示 细节 十分 女孩子 喜欢
0,可能 别人 误导 没多大 意义 流水 记录 特色 女人 绘画 为啥 出版 这么 奇怪
0,入住 没想到 很多 不如意 不得不 缩短 行程 提前 返京 之前 网上 查询 特色 选择 此处 豪华 标准间 没想到 周围 正在 拆迁 非常 出租车 司机 三年 以后 一定 变样 分配 房子 马路 面对 一大 施工 极其 嘈杂 不得 要求 其中 两间房 调换 前台 情愿 告知 房子 这个 当时 为求 安静 只好 同意 后来 发现 上大当 调换 两间房 估计 普通 标准间 屋子里 墙壁 柜橱 斑驳 潮湿 痕迹 其中 一间 屋子 抽水马桶 经常 很小 书桌 之间 仅容 一人过 可恶 窗户 纱窗 朝过 蚊子 威胁 开窗 发现 无法 通气 因过 窗户 紧紧 封闭 一股 霉味 油漆味 散发 出去 更有甚者 因是 围拢 房屋结构 早晚 有人 说话 很闹且 灯笼 整夜 透过 菲薄 窗帘 不得不 忍受 光污染 屋子 隔音 效果 很差 需要 忍受 隔壁 看电视 声音 中央空调 服务水平 一般 调换 第二天 讯问 前台 要求 豪华 标间 前台 要求 调换 不补 差价 且说 现房 即为 折后 价位 可是 承德 前台 服务 很差 身着 民族服装 很漂亮 态度 冷冰冰 之前 老外 可是 鞠躬 哈腰 早餐 难以 下咽 周围 村庄 只能 早餐 四五个 咸菜 两种 豆包 包子 以及 奶粉 冲得 牛奶 即便 早餐 八点半 开始 打扫卫生 不管 是否 客人 非常 非常 后悔 选择 这个 性价比 最差 本想 休息 几天 住宿 实在 干脆 一家人 勉强 两夜 退房
1,一般 网络 蜗牛 等级 高速 真晕 补充 点评 年月日 早餐 点评
1,喜欢 终将 逝去 青春 象是 一只 无形 纤纤玉手 自觉 之间 已经 拨动 心弦 曾经 同样 心动 同样 哀伤 同样 年少 轻狂 历历在目 如果说 真的 时光 穿梭机 回到 过去 找到 辛夷 终将 逝去 青春
0,风靡 至少 图画书 故事 似乎 勾起 闺女 任何 兴趣 吸引力 希望 孩子 一点 感兴趣
1,散热 非常 连续 四五个 小时 不会 发烫 系统 速度 很多
1,随手 起来 翻翻 每次 童年 那些 美好 唤醒
1,看到 那一刻 激动 下午 还好 喜欢 外观 可爱 可是 晚上 看到 傻眼 昨天 变成 真的 郁闷 不过 喜欢 有些 事情 始料未及 呵呵
1,标准 三星 标准 五星 标准 一样 只是 档次 看着 低些 干净 大有 冰箱 服务 到位 环境 不错 网速 很快 收钱 授权 结帐 很快
1,三岁 左右 幼儿 科普读物 很难 选择 这么 宝宝 接触 科学 现象 奇妙 之处 借助 本来 培养 宝宝 科学 兴趣 不要 读者 写书 出版商 出书 相信 很费 一番 脑筋 这套 科学 形象 描述 生动有趣 借助 许多 动物 小宝宝 展示 科学 奇妙 之处 耳目一新 加上 优质 精美 印刷 低廉 价格 实在 低幼 宝宝 科普 入门 之选
1,看到 第六章 确实 如书中 所说 其实 很多 人际 日常 交往 技巧 真的 神秘 之处 日常生活 需要 注意 一些 细节 而已 这些 细节 能够 起到 很大 作用 值得一看 需要 每章 开头 英文 章节 名称 不要 中文 章节 名称 中文 章节 名称 不仅 翻译 很大 哪怕 意译 不是 直译 角度 考量 章节 本身 基本 毫不相关
1,改成 接口 就行 散热 不好 太热 建议 价钱 或者 出点 其他 机器
1,看过 草房子 之后 开始 阅读 数次 潸然 落泪 青铜 葵花 孩子 不仅 了解 书中 那个 时代 贫困 还应 知道 现在 农村 孩子 生活 总是 喜欢 上天 公平 可是 无法 面对 书中 触动 那些 公平 现实 常常 反思 社会 贡献 太少 应该 孩子 出去 走走 一起 帮助 那些 生活 贫困 孩子
0,环境 服务 不好 入房 还给 房卡 进房 吓一跳 有人 赶紧 下楼 柜台 烟位 非常 浓说 处理 竟然 处理 拿掉 烟味 几天 散掉 真是 气死 理论 清净剂 喷喷 烟味 实在 不能 接受 前面 马路 路上 泥巴 很多 早餐 送到 房里 好吃 服务态度 怎样 房里 洗衣机 不见 洗衣服
0,一张 驱动 就算 备份 不至于
1,长春 还好 环境 还好 现在 气温 已经 零下 空调 暖风 晚上 冻醒 几次 感冒
0,预期 不少 变压器 发热 超出 预期 放在 桌上 居然 烫手 机器 风扇 声音
1,怎么 之后 降价 窝火
1,外观 好看 白色 贴纸 方便 运行 起来 速度 不错 属于 主流 配置 一般
1,完美 屏幕 玩游戏 不卡 用来 作图 很快 主要 软件 音响效果 喜欢
0,系统 开机 进去 知道 原因 貌似 引导 正好 系统 哥们 这款 竟然 进不去 系统 希望 厂商 出厂 测试 注意 一下 不过 没关系 直接 格盘 反正 不到
1,散热 尚可 显卡 不错 这个 价位 独立 显卡 容易 硬盘 不小 一些 高清 电影 效果 不错
0,各位 會員 新春 大吉 四季 平安 生活 彈丸 香港 未曾 大陸 窄小 標準 實實 房間 真太細 肥胖 一点 兄弟 姊妹 很難 走動 正如 一位 會員講 一樣 浴室 地下 同水廁 坐板 有頭 不能 直立 房間 顏色 地点 不便 各車 環境 不太好 太近 民居 窗对 窗元 房价 不值 推荐
1,或许 完型 所有 四本 说明书 书里 所言 不怎么 确切 恭喜 身上 一种 新型 血液 可能 已经 诞生 不妨 血型 独特 名字 比如说 然后 动手 说明书 说不定 很多 因此 找到 共鸣 世界 再也 孤单
0,一般般 道理 知道 操作 指导性 大概 刚入 社会 小女生 看看 扩展 一下 思路
0,不能 使用量 制作 安装 系统 光驱 安装 系统 费劲 应该 加强 研发 发热量 不低 风扇 总是 嗡嗡响 键盘
0,看到 其他 适合 以下 孩子 儿子 进门 决定 送人 小儿科 幼儿园 大班 孩子 浅显
1,一直 喜欢 文采 细腻 伤感 一直 当个 作家 发现自己 其实 不够 故事 只有 故事 人才 写出 别人 喜欢 文字 喜欢 比尔 喜欢 一切 人物 发现自己 看书 总会 陷进 书中 他们 伤感 跟着 伤感 他们 高兴 跟着 高兴 看书 伤人 总是 很长 一段时间 回到 世界 忍不住 很多 也许 选择 舒服
0,买到 真是 可能 受欢迎 销售 太好了 缺货 发给 真是
0,知道 不好 给予 希望 从头 看到 两个 质量 真的 非常 非常 非常 以至于 一页 总是 习惯性 回来 确定 是不是 多翻 一本 读者 洗脑 看书 之前 不想 洗脑 坚定 价值观 成为 改变 人生 小东西 不过 翻译 言语 之间 不是 特殊 紧密 留给 喘息 空间
0,胡同 一般 出租车 司机 不到 大堂 非常 特色 以为 室内 主题 会展 不论 不类 欧式 装饰 大大 床房 尚能 接受 有意思 林林总总 售品 一家 超市 饮料 方便面 桶装水 茶叶 零食 扑克牌 统统 收费 走进 卫生间 成人 用品店 内裤 安全套 壮阳 居然 还有 女用 用具 一应俱全 淋浴房 太小 建议 身高 超过 体重 以上者 务必 小心 洗澡时 动作 幅度 不要 过大 免得 碰到 四周 玻璃 房顶 还有 隔音 条件 实在 隔壁 人上 洗手间 刷牙 声音 声声 入耳 建议 起来 动静 兄弟姐妹 千万 不要 入住 不然 估计 整个 分享 快乐 不过 一是 免费 宽带网 速较 洗澡水 大三 门童 热情 北京 属于 少见
0,屏幕 右上方 亮点 内存 更大些 应该 安装 驱动 出现 蓝屏 现象 安全 模式 安装 正常 需要 重装系统 配备 鼠标
1,儿子 相当 喜欢 贴完 所有 图书 质量 不错 满意 孩子 贴完 想重 一下 不会 弄坏 书中 涵盖 丰富 方面 创意 方面 图形 分辨 方面 孩子 很感兴趣 容易 家长 配合 孩子 讲出 图中 要求 孩子 完全 凭借 能力 完成 这本 贴图 成就感 鼓励 兴趣
0,超大 噪声 巨响 浙江 老板 总缺 分量
1,电池 带电 使用 小时 左右 小巧 外观 非常适合 女生 使用
0,不带 操作系统 装配 鼠标 太短 其他 正在 查找 目前 音质 好像 不是
0,每次 中途 休息 不是 这家 主要 上下 高速 方便 一般 餐厅 饭菜
1,光驱 方便 卸载 人性化 优点 分区 分区 软件 改变 遥控器 设计 新奇 控制 播放 电影
0,书中 缺页 确切的说 白纸 你们 省墨 可苦 看起来 连贯性 有时 不知所云 故事情节 连不上 非常 讨厌
0,套书 失败 一套 自已 拿到 里面 确实 色彩 不是 鲜艳 那种 可能 外国 文化 中国 文化 很大 差异 反正 孩子 根本 愿意 知道 其它 宝宝 反映 如何
0,客观 地说 这个 不怎么样 列出来 大家 参考 晚上 八点半 看到 门童 吹风机 网线 电视柜 后面 打电话 客房 中心 知道 网线 第二天 迟个 十来 分钟 退房 前台 办法 加收 钱住 这么 回见 这么 呆板 结账 时要 信封 结账 时水单 打电话 过去 要说 一点半 过去 我查 挂星
1,真实 实用 白领 成长 故事 目前为止 所读 深刻 白领 生活 工作 总结 不但 受益匪浅 过瘾 振奋 中国 优秀 工人 自豪 确实 回忆 最多 不是 人生旅途 这些 成功 瞬间 而是 那些 刻骨铭心 失败 挫折 展示 地是 真实 真诚 真心 分享 如何 才能 成功 不是 天才 故事 打工 神仙 强烈推荐
1,当当 基本上 毕竟 当当 价格 便宜 质量 不错 活动 一直 经常 有券 因此 基本上 选择 现在 运费 活动 只是 对于 情况 更大 优惠 不足 另外 遇到 解决 速度 稍微 慢点 一定 耐心 这点 不是 要是 改进 一下 完美 希望 电话 联系 及时 一些
1,我住 七栋 该处 好多 人好 少路 远楼 矮房 网好 不知 主楼 如何 这里 体验 一下 值得 不过 下次 不会 这里 一句 服务 确实 不错 出门 之前 突然 裤档 服务员 迅速 收费
0,市区 浴池 下水 晚上 外面 施工 服务员 态度恶劣 垃圾
1,人民 大街 方面 满意 不过 长春 同等 价位 应该 还有 更多更好 选择 性价比 不算
0,驱动程序 安装 麻烦 安装 声卡 驱动 成功 后来 发现 声卡 补丁 郁闷 半天 呵呵
0,电池 光盘 转动 很大 共振 主要 电池 设置 右手 手托 这边 缘故 其他 暂时 发现 驱动 读卡器 只能 读卡 虽说 普遍 不足
0,缺点 估计 只租 几层 马路 那边 服务 不怎么样
0,不得不 当地政府 接待 真是 官宦 意识 浓厚 关于 早餐 此次 入住 离开 自月 早上 早餐 小时 开始 拉肚子 并且 伴有 呕吐 根据 医生 说明 食物中毒 上午 怎么 在意 一些 随身带 药品 效果 拉肚子 情况 越来越 严重 当天 晚上 根本 睡觉 并且 床上 全身 发冷 第二 实在 不行 医生 开药 过后 终于 一些 针对 这个 情况 联系 不能 帮忙 药品 居然 办法 后来 联系 前台 多次 沟通 这个 情况 勉强 答应 帮忙 出去 看看 药品 黄莲素片 居然 答复 外面 药店 其实 这个 回答 吃惊 每个 大大小小 药店 判断 出去 以前 这里 出现 情况 这次 严重 确定 在意 根据 以前 多次 住店 情况 结合 这次 肯定 这是 食品卫生 对于 四星级 认为 任何 解释 理由 借口 希望 引起 重视 补充 希望 在建 星级 能够 早日 开张 迎宾 期待
1,一本 抢走 拿到 办公室 准备 一本 留给 任何人 需要 培养 管理 管理 时间 能力 才能 尽可能 掌控 人生 高质量 生活 如何 如何 掌控 时间 生活 很多 学习 工作 怠慢 抬头 一眼 放在 案头 提醒 振作 奋发 工具 关于 光盘 不是 老师 或是 需要 培训 员工 管理者 作用 并不大
0,大家 千万 不要 入住 这个 不是 不好 太烂 一条 路上 三个 马哥 其中 马哥 港湾 应该 最好 马哥 太子 其次 马哥 香港 最差 至少 上个世纪 年代 装修 非常 很小 两张床 排放 隔音 效果 不好 后面 有个 工地 一天 施工 吵得 要命 入住 时持 双币 信用卡 前台 不问 一句 直接 美元 不是 其它 香港 商家 信用卡 至少 一句 美元 装太差 免费 以后 不会
1,显卡 不错 不错 送货 挺快 小时 不到 送到
1,机器 实用 外观 不错 实用 喜欢 快递 及时 满意
1,哈利波 以后 一直 以为 哈利 更能 吸引 文字 接触 梅尔 暮光 系列 以后 开始 迷上 这个 神奇 世界 吸血鬼 人类 爱情故事 总是 经久不衰 暮光 感动 仔细 回味 一种 深刻 感受 刚刚 收到 怎么 这么 才能 真的 这个 故事 吸引 却会 暮光 一起 时光 很快 流逝 真的 很棒
1,奥列 金色 种子 开始 发芽 世界 一方 绵羊 抵达 乐土 解决 童年 困境 家园 黎晓曼 外号 叫做 婆婆 无论 别的 孩子 要慢 许愿 得到 冠军 遥控器 能够 操纵 周围 世界 快进 倒退 暂停 于是 开始 充满 新奇 体验 小时 热切地 期盼 女儿 一起 奇妙 奥列 亲子 共读 美好时光
0,一般 一楼 窗户 后面 一堵 看到 窗和墙 之间 一堆 垃圾 隔音 不好 楼上 饮水机 声音 听到 饮水机 声音 更响 不关 无法 入睡 过分 两天 每天 早上 起床 最先 看到 小强 墙边 恶心 宾馆 商务中心 上网 小时 打不开 网页 总之 整体 印象 不好 还有 提醒 大家 一点 宾馆 用餐 的话 餐费 另外 餐饮 发票 房费 一起
1,充满 童趣 故事 可爱 图画 不但 吸引 我家 一岁 宝宝 吸引 人们 图书 一到 孩子 爸爸 所有 图书 一遍 爷爷奶奶 读完 一本 一本 宝宝 讲故事 仔细 那些 充满 童真 质朴 笨拙 图片 可爱 我家 宝宝 喜欢 书中 一张 动物 主角 图像 卡片 宝宝 卡片 开始 松鼠 眼泪 这是 小熊 肚脐
1,操心 老小 家庭主妇 工作 家务 之间 分身乏术 工作 女性 即将 嫁人 刚刚 嫁人 家务 缺乏 信心 女性 天生 不善 整理 经常 乱糟糟 不分 男女 放入 购物车 受到 启发 妈妈 开始 整理 每个 角落 感谢 带来 变化 尤其 窝里 心安理得 变得 爱上 收纳 整理 不能不 奇迹
1,八个 各不相同 故事 八段 难以 言述 故事 故事 想起 那些 丢失 青春 晦涩 淡淡的 爱情 轰轰烈烈 刻骨铭心 只是 浅浅的 淡淡的 几乎 过去 踪影 一丝 爱情 感伤 爱情 已经 成为 家常便饭 拥有 彼此 需要 青春 已经 不再 留住 青春 一块 残破 刀片 经过 支离破碎
1,老婆 外观 漂亮 女孩子 足够 小黑 好看 驱动 盘换 方便 内存 的话 贵先用 发热
0,放到 床上 回来 急不可待 翻看 一下 随手 放到 卫生间 只是 方便 时偶 一下 真的 实用 美女 很漂亮 老公
0,房价 一间 经济 奇小 无比 里面 转身 淋浴 设备 被子 干净 身上 很痒 通风 空气 很差 隔音 效果 非常 旁边 听见 半夜 酒鬼 敲门 惊醒 最差 五星级 千万 不要 那儿 开发区 很多 经济型
0,看到 推荐 宝宝 好像 喜欢 看也不看 沙发 后面 郁闷
1,磨难 爱情 不会 长久 袁喜 何适 他们 从来 不是 第三者 逝去 四年 时光 留下 不会 爱情 只是 对于 年少 怀念 袁喜和步 怀宇 他们 爱情 磨难 重重 甚至 有些 憎恨 袁喜 固执 恼火 倔强 明明 比何 适好 一百倍 男人 明明 何适 更加 适合 男人 步怀宇 依靠 成熟 男人
0,服务 一般 房价 相对 太高 满意 有味 要命 服务员 经过训练 一点 服务 意识 态度恶劣
0,今天 贴膜 突然 发现 网卡 售后 打电话 提示音 告诉 第一个 排队 分钟 等到 网上 提交 返修 申请 怎么 提交 不了 提示信息 不全 郁闷 售后 令人 非常 失望
1,五星 来讲 服务 有些 欠缺 退房 时间 宾馆 反馈 年月日 非常 感谢您 入住 金陵 溧阳 宾馆 通过 网站 入住 感受 分享 宾馆 始终 致力于 不断 提升 软件 硬件 设备 客人 提供 良好 入住 环境 美好 入住 体验 意见 专题讨论 对于 退房 一系列 服务 做出 改进 恭候 再次 光临
1,今天 朋友 已经 收到 看到 质地 相信 它会 手中 一样 温馨 美好 一样 厚重 踏实 对于 整个 购书 过程 满意 谢谢 谢谢 小王子 陪伴 岁月 七月 别离 长久 手持着 同样 一本 小王子 内心 感到 足够 温馨 美好 七月 一切 安好 盛世 太平
1,目前为止 第一家 下次 无论是 环境 服务 感受 星级 服务 尽管 春节 一部分 餐饮 关闭 服务生 快速 应答 到位 服务 感到 贴心
1,位置 非常 好过 繁华 南京路 地铁站 特别 硬件 星级 里面 算是 不错 服务 可能 开业 时间 略显 接近 一晚 价格 不能 免费 上网 不太 人性化 也许 上海 稍微 档次 总的来说 满意 下次 还会 考虑 入住
1,前面 部分 过瘾 尤其 西坪 日子 艾米 耐心 细致 描写 想起 恋爱 时日 碰到 那些 已经 多年 尘封 记忆 心境 变得 甜美 故事 结尾 有些 遗憾 结束 突然 结局 太过 生硬 好像 为了 结束 小说 草草收场 喜欢 艾米 文风 语言 平实 一下 抓住 人心 娓娓道来 起来 非常 舒服
1,套书 真的 非常 值得 大人 孩子 一起 阅读 买回来 那天 我家 小宝 第一辑 全部 讲完 每本 出门 商场 知道 活学活用 紧紧 牵着 前两天 第二辑 出来 睡觉 一口气 讲完 小人 记忆 有些 对话 记得 清楚 真的 小宝 着魔 大人 套书 指导意义 孩子 更是 没话说
0,两天 收到 怎么 仔细 一些 美容 方子 有些 不到 呵呵 继续
1,做工 外观 漂亮 重量 行加 内存 系统 速度 超快 散热
0,介绍 实际 不符 不到 星级 标准 紧张 要求 信用卡 担保 到达 现场 客人 满意 最后 选择 宁可 扣除 房费 选择 喀什 其他 推荐 中西亚 国际 大酒店 价格 相仿 其为 四星 标准 沟通 不好 明明 介绍 实际 较大 偏差 价格 比起 当地 旅行社 价格 高出 可是 方面 扣除 订房 全部 房费 同样 考虑 是否 继续 使用 作为 选择
0,服务 实在 太差 入住 晚上 总机 拜托 第二天 早上 叫醒 服务 房号 便于 查询 确认 竟然 做到 这个 长期 出差 第一次 碰到 事情 早上 分有 会议 提前 一天 还好 这个 床板 硬得 不能 好好 入睡 特此
0,硬盘 被格成 郁闷 似乎 一般 还要
0,标准间 较大 接站 服务 不错 总台 服务 不太好 退房 结帐 总台 打一 市话 告知 需角
1,性价比 不错 礼品 机器 散热 想象 中要 整个 表面
0,暂时 发现 缺点 一点 知道 不能 不过 大多数
0,失望 全是 图片 几句 讲解 智慧 综合 书类 小孩 会儿 走神儿 图片 印刷 一般 价格 便宜 值得
1,提升 不少 重要 电池 续航 时间 真的 很长 上网 电影 小时 字爽
1,这款 两者之间 长时间 当时 两者 最后 决定 这款 看中 平台 性能 好些 内存 未来 趋势 多个 内置 摄像头 送京券
0,差星 收费 大堂 前有 小孩 小便 没人管 向前 台要 记号 码头 电视 不能 电视 公司 不知 当天 不会 早上 早饭 连坐 别说 告诉 一晚 拿单 差差 差差 差差
1,看见 南怀瑾 推荐 买来 一看 应该 不错 韩国 居然 写出 大吃一惊 书中 大量 引经据典 中国 儒家 道家 佛家 思想 这些 贴切 经商 之道 相结合 人生哲学 融汇 一起 真是 惊叹 财物 象水 一样 平等 人象 一样 正直 再次 诠释 最高 境界 商道 乃是 逐利 而求义 值得 一读 唯一 稍微 写得 啰嗦 有些 重复
1,配置 不错 显卡 电池 续航 能力 已经 非常 不错 过热 情况 出现 噪音控制 键盘 手感
0,此书 阅读 价值 无需 质疑 好书 送来 这书 质量 特别 差读 第二天 中间 装订 如今 已经 十几页 出来 真让人 烦躁 真没想到 质量 这么
0,全球 最大 中文 网上商城 发货 不说 客服 态度 处理速度 主动 忽忧 消费者
0,坚定 想法 凡是 炒作 下次 神乎 怎么 一捏病 这么 神早 国家 领导人 御用 坚定 想法 凡是 炒作 下次 迷信 大全
1,拿到 书后 刚好 星期天 整整 一天 现代科学 来看 古代 佛学 道学 不是 道理 只不过 现在 解释 不通 到底 粒子 世界 是否 存在 看不见 摸不着 世界 上帝 掷骰子 难道 哥白尼 伽利略 破除 种种 阻碍 创立 日心说 因果论 现实 所有 一切 一切都是 虚幻 眩晕 准备 读读 佛经
1,整本书 短小 有趣 故事 组成 因此 连续性 限制 尤其 办公室 工作 时间 很长 或者 思想 逃离 办公 环境 的话 偷偷 一两 故事 那种 真爽 同事 知道 不过 整本书 下来 开怀大笑 不过 足以 现在 生活 环境 中能 几时 开怀大笑 最后 本人 此书 适合 童心 阅读
1,集合 两岸三地 艺术家 创作 插图 一本 风格 独特 字号 小学 课本 文字大小 差不多 并且 注音版 尤其 适合 小学 低年级 孩子 阅读 增加 孩子 阅读 兴趣 增加 传统 文化 修养 选择 非常 如果说 遗憾 的话 缩写 历害 对于 真正 了解 传统 文学 高年级 孩子 应该 阅读 完整 版本 一套 质量上乘 儿童读物 浙江 少儿出版社 一直 表现 值得 肯定
0,此书 期待 然而 失望 只是 一本 博客 文章 集结 很多 重复 具体 操作性 不强 为了 出名 赶出来
0,发现 键盘 上面 按键 地板 较松 光驱 读盘 噪音 安装 音量控制 快捷键 好像 不管 知道 是不是 驱动 安装 一键 恢复 系统 不能 出现 花屏 有人 硬盘 接口 需要 修改
0,婚外情 红杏出墙 玩意 上部 一半 看不下去 通过 这么 表达 不管 容易 传达 一种 婚姻 不忠 态度 世人 以为 这是 正常 事情 晕倒 批判 强烈 批判 流行 时代 价值 取向 真有
0,以后 再也 不去 这个 从来 没住 这么 五星 维景 以前 希尔顿酒店 后来 改名 最早 开幕 时去 几次 后来 南京 一直 金鹰 房价 维景 差不多 毕竟 五星级 金鹰 新街口 逛街 方便 由于 现在 南京 中山东路 地铁 外地 不能 进去 金鹰 的话 绕道 珠江路 一圈 才能 这次 懒得 开车 市区 维景 一下 沪宁 高速 经过 这次 经验 以后 宁可 开点 车去 金鹰 预定 要求 务必 安排 大床 回复 短信 确认 前台 一问 双床 前台 预定 不是 说明 务必 安排 大床 前台 回复 确认 确认 现在 大床 算了 正事 要紧 入住 懒得 理论 打电话 问是 怎么 回事 晚上 朋友 打电话 总机 客人 姓名 不能 朋友 以为 说错 房号 打电话 房号 没错 一次 客人 姓名 不能 转连 四五次 总机 电话 转过 入住 期间 一瓶 可乐 一瓶 雪碧 结转 黑店 不过 办法 人家 明码标价 只能 不长 搞定 开车 回家 停车场 露天 门口 三四十米 块钱 收费员 停车 上面 免费 停车处 不是 前台 盖章 还要 收钱 原来 过夜 的话 还要 块钱 停车 背面 那一 整面 密密麻麻 收费员 懒得 真的 奇怪 过夜 五星级 宽带 收费 稀松 平常 住宿 停车 给钱 第一次 碰见 总之 以后 不会 维景 金鹰 金陵 喜来登 甚至 四星 中心 大酒店 不管 硬件 服务 比维景 补充 点评 年月日 唯一 满意 门口 门童 出门 吃饭 亲切 解释 由于 现在 下班时间 出租车 交接班 麻烦 稍等一下 宾馆 反馈 年月日 非常感谢 客户 反馈 针对 停车 收费 事宜 给予 客户 特别 优惠 通过 预订 并入 客户 停车 前台 盖取 免费 停车 直接 享受 免费 停车 服务 谢谢
1,原严 通过 无印良品 一些 设计 设计 展开 全书 继而 分析 目前 日本 设计 走向 阅读 之前 中国 设计师 日本 设计师 走过 老路 了解 将来 中国 设计 走向 对于 设计 门外汉 只是 平时 喜欢 看看 不是 欣赏 能力 不够 创意 设计 无论 对于 处于 设计 领域 或者 一样 设计 基本 应该 有所 启悟
0,系统 大家 那样 蓝屏 多次 麻烦 另外 散热 真的 不是 散热器 可是 效果 明显 说明书 使用 说明 详细 网上 资料 只有 摸索
1,开始 六层 房子 不是 特别 后来 调到 不错 大小 合适 价格 星级
0,收到 货代 看看 书页 印刷 清楚 封皮 网上 图片 一样 第二次 打开 封皮 翻开 边际 折痕 裂口 明显 封皮 纸张 质量 太差 里面 几个 没想到 当当 很多 价格 的确 实惠 质量 是否 便宜 没好
0,晚上 要是 打死 个山 蚊子 有生以来 第一次 宾馆 提供 蚊香 不能 使用 后果 由于 客户 蚊子 墙壁 血迹斑斑 非常 恐怖
0,预装 系统 复杂 适合 家用 价钱 高高 另外 剩太 完美 呵呵
0,很破 宾馆 招待所 差不多 服务 找钱 还给 连声 谢谢 气死我 早饭 跟本 不是 送餐 没人来 餐具 晕倒 红烧 牛肉 牛肉 淋巴 不敢 要元 一份 只有 网速 很快 不过 建议 不要 入住 太差
0,喜欢 文章 啥意思 后悔 张爱玲 那段 懂得 避重就轻 虚伪
0,日订 今天 送过来 送货 人员 上周五 中午 打电话 马上 送到 周二 周三 一定 送来 除了 以上 电话 见到 深圳 正常 应该 一周 收货 现在 半个 这个 服务 成问题
1,总的来说 厦门 宾馆 不错 一间 大床 房层 一间 双床 房层 总共 晚上 宽敞 硬件 设施 稍显 陈旧 例如 灯光 开关 控制 不是 方便 智能 其他 方面 还好 服务员 彬彬有礼 训练有素 温暖 热情 早餐 品种 丰富 个人 喜欢 面线 鸭肉 牛奶 豆浆 刚去 味道 淡提 意见 明显 改进 中餐 不错 包间 服务 那天 年轻 服务生 非常 细心 周到 妥贴 周围环境 泰国 领事馆 交通 便利 打车 轮渡 燃油费 总之 宾馆 服务 环境 相比之下 去鹭江 宾馆 两次 可能 生意 太好 缘故 有些 服务员 不耐烦 态度生硬 舒服 小吃 不错
0,预定 要求 一定 安静 一间 马路 要求 挂断 电话 这个 四星 号称 没有冬天 失望 同样 武汉 只是 要求 楼层 一点 办法 达到 要求 主动 联系 解释 心情 愉快 接受 环境 不是 主要 服务 王道
0,知道 为什么 只要 不是 预装 系统 机子 系统 驱动 困难 升级 知名 下载 驱动 惠普 网站 驱动 下载 形同虚设 真是 搞不懂 这么 公司 产品 这么 复杂
1,两人 感情 不深 山盟海誓 一种 舒适 青梅竹马 两小无猜 纯净 感情 包含 某样 执着 守护 简单 感情 只有 小说 才能 找到 每个 女孩 内心深处 习玉 看到 看到 脆弱 影子 不到 念香 包容 了解 保护 怜惜 真心 现实 残酷 找回 人心 纯净
0,个人 认为 推荐 宾馆 注重 会员 基本 利益 一半 大马路 晚上 无法 入睡 每次 预定 总是 声称 无法 保证 安排 安静 宽带 明显 重视 客人 本人 经历 多次 可怕 预订 过程 协调 能力 始终 客人 深感 失望 希望 赚钱 同时 真正 会员 利益 着想 不要 推荐 服务 死板 本人 今后 决不 入住
0,系统 网卡 驱动 装完 能通 网关 无法 上网 经过 多次重复 安装 确定 驱动 驱动 太烂 同方 网站 不爽 这个 型号 机器 其他 别说 下载 别的 驱动
1,不错 外观设计 做工 精美 质量 可靠 送货 速度 很快 质量 放心 多大 包装 不错 发货 速度 基本 当天 发货 刚用 不错 想象 中要
1,性能 配置 不错 自带 系统 开机 传说 送货 很快 当天 下单 次日 早点 到货
1,服务生 周到 合作 应该 水果 免费 洗烫 衣服 速度 很快 有人 开会 估计 很多 相应 免费 升级 入住 商务 不过 翻新 一下 还有 周围 没什么 商场 晚上 吃完饭 下去 走走 周围 全是 烟酒 难怪 郑州 空气 其余 相当 满意
1,不错呀 孩子 不要 楼去 其他 楼层 前台 主动 安排 大床 免费 一张 态度 满好
1,外观 漂亮 显示 色彩鲜艳 声音 效果 质量 轻是 一款 非常适合 女孩子
0,奇型 怪状 环境 一般 厕所 超大 床超 价格 送餐 居然 还要 服务费 要不是 客满 不会
0,内存 直接 外壳 不过 磨砂 不错
1,最后 调整 新翼 他们 新装修 楼层 不错 浴室 面积 很大 早餐 丰富 挺贵
1,经历 汤口 宾馆 西海 饭店 待遇 国脉 无疑 惊喜 宽敞 整洁 起码 保证 好觉 放在 其他 城市 可能 国脉 够不上 四星级 西海 饭店 之流 能算 四星级 的话 国脉 真的 算是 性价比 超高 地理位置 也好 价钱 便宜 此次 黄山 之行 满意
1,性能 不错 运行 起来 流畅 外观 简捷 大方 屏幕 超好 屏幕 很赞
0,订单 明明 为什么 其它 收到 为什么 一本 为什么
0,严重 名不副实 所谓 四星级 差距 入住 豪华 大床 只有 一张 位置 卫生间 淋浴 空间 甚至 转不开身 房屋 隔音 隔壁 两人 说话 声音 清晰 入耳 楼道 服务员 交谈 声音 远远 听到 餐厅 强横 哪儿 还有 心情 吃得下 这儿 根本 不是 像是 改造 不行 不行 太差
0,联想 预装 软件 烦躁 玩个 魔兽 宽屏 人物 变形 居然 不能 知道 占用 屏幕 受不了 打开 浏览器 不得了 看着
1,师哥 推荐 阅读 此书 读到 关键词 有感而发 细嚼慢咽 韵味 十足 受益匪浅 此书 整体 框架 人权 开头 独具匠心 自然 体现 作为 公民权利 价值 优先 性书中 大体 贯穿 自由主义 精神 很多 观点 认同 体会 政治学 拳拳 赤子之心 颇受 鼓舞 南京大学 教授 一眼 全豹 可知 彼处 学术 氛围 理应 饱具 活力 实则 令人 向往
1,门口 时条 单行道 外出 有些 方便 其他
1,怎么 做工 散热 不错 还有 系统 麻烦 设置 一下 硬盘 参数 随便 找个 一装 驱动 下载 安装 完成 驱动 自动 下载 下来 自动 安装 麻烦 怀疑 你们 这些 到底 不会
1,其实 认为 小厉 同学 应该 知道 写意 报复 至少 有所 察觉 可能 认为 亏欠 写意 良多 同时 为了 彼此 恩怨 过往 两清 机会 估计 为了 重新 开始 未来 选择 放任 写意 当真 来临 我想 心不痛 可能 一直 认为 阿衍 断腿 疼痛 折磨 心里 伤痛 转移 身体 疼痛 上来 至少 写意 一点 负罪感
0,本人 收到 之后 认真 几张 想象 中差 很多 屏幕 很多 雪花 眼睛 影响 很大
0,入住 感想 如下 供参考 机场 很近 无车 接送 走路 八分钟 夜晚 雨天 走路 艰难 谈不上 服务 一切 自助 房间内 浴巾 清洁 室内 游泳池 可能 从未 开放 过大呼 上当 一楼 餐厅 料理 味道 可能 建议 最好 不住
0,卡看 高清 占用率 内存 需要 加没带 刻录 软件
1,配置 不错 价格 接受 散热 好用 十多 小时 机器 升温 大度 硬盘 小键盘 方便 机器 运转 声音 明显 风扇 声屏 中算 较大 玩游戏 视频 声音 不错
0,接口 只有 三个 起来 有时 不够 毕竟 现在 接口 外设 居多
0,其中 一台 键盘 鼠标 爆掉 机器 第二天 键盘 鼠标 坏掉 换货 其他 发现 还有
0,装订 不好 打开 开始 文学 角度看 文采 情感 出发 鸡蛋
0,系统 麻烦 至少 告知 具体方法 比如 改中 硬盘 选项 非专业 想不到 另外 刻录机 读盘 震动 非常 认为 硬盘 肯定 损伤
0,内存 太小 肯定 跑不动 需要 内存 改成 内存 基本 够用 内存价格 落后 外壳 镜面 好看 不好 容易 变成 指纹 收集器 显示屏 镜面 眼睛 不好
1,位于 福州 热闹 东街口 出来 吃饭 购物 逛街 十分 方便 商务 人大 床间 宽敞 配有 液晶电脑 方便 尤其 值得一提的是 服务 非常 每天晚上 楼层 服务生 专门 送来 小点心 温馨 明日 天气 提示 当日 报纸 贴心 下次 福州 还会 选择 这家 这么 贴心 服务 值得
1,今天 中午 收到 样子 性能 不错 内存 运行 速度 挺快 目前 看来 比较满意
1,对比 很多 上网 联想 键盘 边框 太宽 导致 键盘 惠普 边框 太贵 银子 有限 至于 华硕 性价比 不高 华硕 普遍 贵宏 还行 做工 用料 差些
0,太重 女孩子 真的 不要 考虑 键盘 浮动 右边 触摸 点点 鸡肋
0,第一次 竟然 键盘 不能 型号 最后 搞好 还有 同事 看见 那送 鼠标 不过 没什么 介意
1,价格便宜 这个 款式 已经 买过 多次 偶尔 出现 坏机 意见 你们 换货 反应时间 真是 太慢 订单号
1,金属外壳 上档次 携带方便 一点 还有 正版 系统盘 马上 感到 放心
1,不错 不错 不错 不错 不错 不错 不错 不错 不错 不错 不错 不错 不错 不错 不错 不错 不错 不错 不错 不错 不错 不错 不错 不错 不错 不错
0,看过 讲座 看看 大失所望 想不到 为什么 多人 追捧 简单 深度 另一方面 反映 大众 传统 经典 陌生
1,轻巧 键盘 电池 差不多 小时 看上 续航 能力 免费送 内胆
1,更新 系统 成后 使用 起来 不错 灵图 导航 软件 注册 寄回 灵图 公司 免费 升级 最新 天行者 版本
1,总的来说 不错 好像 完整 中心思想 中医 方面 具多象 中医 基础 不会 操作 不敢 操作 当然 一些 简单 操作 比如 现在 每晚 孩子 按脚 刺激 位置 主要 两口子 近视 几天 孩子 眼皮 白点 晚上 不知 是不是 原因 希望 看看 好处
0,酒店设施 陈旧 服务员 态度生硬 位置 偏僻
1,一起 以来 都持 观点 时间 打磨 一切 尤其 爱情 从未 想过 五六年 光景 爱情 依然 那样 热烈 直到 看到 看到 网友 不要 以为 时间 消耗 爱情 爱情 经得起 岁月蹉跎 经不起 忽然 明白 爱情 其实 孤独 算不上 真正 孤独 依然 孤独 需要 考虑一下 是不是 真的
1,入住 活动 原多 只要 合算 地理位置 不错 不错 不过 原价 满意
0,首先 感谢 求医 不如 求己 家人 身边 朋友 带来 益处 节奏感 愈演 生活 所有人 忘记 生命 随时 可能 侵害 生命 看过 此书 朋友 一定 豁然开朗 原来 如此 轻视 身体健康 建议 朋友 一下 此书 相信 它会 带给 一样 收获 此书 明白 有个 后患 身体 实现 所有 梦想 基础 健康 求医 不如 求己 健康
0,降价 太快 找到 几天 一个月 现在 无线 路由器
1,香港 成行 已经 第二遍 日本 确实 注重 细节 因此 翻译 过来 描写 日本 有关 有种 莫名 优越感 比如 日本 人开 家庭旅馆 怪怪的 篇幅 很少 看过 以后 香港 地图 了然于胸 很想 满上 出发 实践 适合 第一次 朋友 只是 该书 版本 可能 会于 实际 差距 回来 告诉 大家
0,应时 浮华 之作 商业 医学 水准 有限 翻翻 而已 千万别 认真 尽信 不如 无书
1,本本 里面 算是 合理 赶上 特价 心里 舒服 购物 愉快
0,干净 加床 无法 动弹 设施 二星 水平 山上 不错 只配 二件 羽绒服 加床 小孩 必须 挨冻 能力 极强 前台 无法 商量 元天 只是 加床 费用 羽绒服 餐厅 绝对 五星 价格 二星 服务
0,几乎 江阴 最好 很多 老外 这里 大小 装饰 设施 五星 标准 四星 差不多 最让人 受不了 这家 停车场 普通 日子 碰上 有人 宾馆 结婚 地下 地上 停满 婚宴 住店 马路 对面 那天 中雨 车上 法国人 菲律宾人 两个 中国 不得不 行李 躲过 水坑 宾馆 大厅 门口 保安 好像 情况 已经 见怪不怪 看着 四个 在于 跳来跳去 无表情 真是 烂透
1,第一次 入住 这家 不错 服务员 笑脸相迎 服务周到 干净 温馨 豪华 配有 液晶电脑 免费 上网 网速 很快 值得 推荐 下次 深圳 这家 酒店宾馆 反馈 年月日 尊敬 宾客 您好 首先 非常 感谢您 给予 我店 好评 同时 高兴 告知 网络 光纤 原来 升级 极大 提升 网络 速度 无论是 商务 办公 网上 冲浪 更加 方便快捷 不断 提高 服务水平 宾客 提供 优质服务 宗旨 真诚地 欢迎您 再次 光临
1,目前 使用 发现 看起来 不错 第一次 本店 发货 及时 发现 质量 线路 由用 感受
1,毕竟 一分钱 一分货 这个 价位 不能 苛求 太多 不错 只是 装是 麻烦 只要 重新 分好区 格式化
1,由于 位置 关系 一些 时间 不太好 打到 当然 不是
1,据说 青岛 最贵 之一 温馨 卫生间 好像 有些 其他 还好
0,周边环境 很静 天门山 机场 不远 接机 服务 方便 出行 周边 方便 闹区 小脏 床单 不怎么 干净 水壶 底下 金属 脱落 发霉 不敢 使用 冷水 沉淀 杂质 敢喝 淋浴房 容易 漏水 地板 变得 很湿 早餐 不怎么 餐厅 个体户 大众 食堂 卫生条件 不好 看到 综合 评分 上当
0,明白 为什么 这么 追捧 崇众 思想 影响 一口气 好多 用来 用来 朋友 可是 一半 以后 受不了 整个 东拼西凑 大杂烩 现在 流行 各种 养生 书籍 或是 哪里 抄录 一些 所谓 养颜 宝典 加上 卖力 炫耀 所谓 幸福 可读性 当然 聪明 知道 卖点 知道 已经 快要 女人 心理 或许 根本 不是 美女 搞不好 胡子拉碴 邋遢 编辑 作品
0,阳光 豪华 行政 居然 同事 豪华 房小 很多 要不是 正巧 同事 那边 看看 就让 过去 价格 除了 面积 许多 甚至 不如 普通 标房 其他 设施 任何 变化 变相 斩客 做法 消费者 欺诈 行政 楼层 人员 值班 任何 行政 客人 专项 服务 行政 酒廊 专人 服务
0,一般 设施 床上 可能 虫子 早晨 起来 很痒 同住 同事 同样 今后 不敢
1,今天 凌晨 点下 订单 下午 收到 真是 速度 本来 先验 验货 载载 刷卡 呵呵 送货员 不让 理解 回家 打开 一看 分区 表态 现在 果然 见识 客服 打了个 电话 咨询 一下 备份 安装 驱动 客户 邮件 发到 邮箱 还有 各种 驱动 信息 注意事项 不错 不错
0,本人 一家 大小 入住 淋浴间 满意 玻璃 里面 动作 清楚 看到 洗完 还要 走出 外面 洗手台 穿衣服 小孩 十多岁 尴尬 位置 狭小 无比 最让人 气愤 一间 标榜 五星级 五星级 收费 配置 产品 品牌 远远 不到 标准 洁具 龙头 五金 特别 提醒 停车场 那边 住客 厕所 记得 拉好 窗帘 别以为 反光 玻璃 你们 里面 美态 真让人 心跳
1,价格便宜 功能强大 中关村 还要 带票 这次 带票够 便宜
1,国庆 河南 旅游 郑州 国贸 二晚 地点 郑州 西南 出行 方便 较大 设备 齐全 电视机 老土 对不起 五星级 价格 还有 宾馆 两座 并列 大楼 组成 安排 正对着 隔壁 大楼 窗外 实在 不爽 服务生 不错 感受 河南 热情 停车场 较大 方便
0,视觉效果 不好 不如 以前 清爽 明亮 节能 其实 折磨 眼睛 上当 之感 这次 配货 简直 胜过 蜗牛 拖拉 之极 取消 订单 指令 要求 发了 不少 三次 反应 采取 入袋 退货 要求 置之不理
0,翻译 不太好 绕口 观点 值得 借鉴 考虑 韩国 妇女 地位 国内 一样 角度 不太 适合
1,此书 古代汉语 角度 出发 详细 分析 来源 成因 纵向 研究 换句话说 研究 通时 语言学 一本 值得 参考 好书 不知 何原因 手中 书皮 非常 很多 磨得 厉害 还好 装版 只好 外皮 扔掉 希望 当下 注意 检验 之后 再发 另外 买书时 题目 汉语系 词是 来源 成因 研究 手中 知道 全是 繁体中文 有些 惊讶
1,位置 西街 街口 环境优美 自助 早餐 价格 太贵 品种 月份
0,一颗 螺丝 本来 现场 内存 那个 工作人员 说装 内存 要斯掉 条形码 螺丝 压在 条形码 下面 没帮 我装 回来 说明书 条形码 根本 螺丝 忽悠 不爽
0,偏僻 禮賓部 根本 沒人 服務 幾天 時候 空調 借口 經開 一點 風聲 這樣 誇張 下次 一定 不會 入住 該店
0,所有 决定 确实 讲得 正面 很多 所说 怎样 本人 不够 大众化 书中 方法 只能 适合 部份 短暂 使用 不能 长期 使用 看书 朋友 你们 一定 结合 切身 体质 加以 考虑 运用 书中 方法 商业 性质
0,书中 拼成 正文 背面 错误 出版商 读者 合理 解释 纠正 此错 商家 信誉
0,我本 以为 最好 应该 地毯 干净 安静 肥皂 浴帽 可惜 入住 之后 发现 地毯 脏得 可怕 还有 一股 难闻 味道 里面 知道 机器 吱吱作响 无法 入睡 卫生间 里面 羽毛 竟然 恐怖 最高级 尚且 如此 标间 怎么 还有 早餐 咖啡 齐齐哈尔 天气 一样
0,外观 看起来 不错 房间内 物品 实在 陈旧 席梦思床 竟然 左右 高低不平 一边 致电 管家 部后 很快 一位 服务生 怎么 情况 动作 熟练地 干开 被子 枕头 床单 行李 桌上 席梦思床 翻个 最后 床单 一铺 整个 动作 非常 连贯 真是 一气呵成 看得出来 同样 事情 服务生 浴室 浴巾 磨损 非常 非常 别的 早就 不会 出来 客人 拖鞋 象纸 一样 坚持 不了 多久 梳子 电视频道 非常少 优点 附近 交通 非常 方便 多条 公交车 站点 附近 饭店 吃饭 不成问题
0,服务 很差 服务员 态度 不好 环境 一般
0,电池 鸡肋 不是 罢了 总该 标准配置 厚道
1,知道 网线 接口 哪儿 高家庄 地道口 隐蔽 床头柜 后面 想不道 怎么 自带 以上 网线 自带 板凳 垃圾桶 翻过来
0,通过 预定 一天 单人间 大床 性价比 很差 银川 有香 渔和柏悦 好像 看起来 不错 为什么 酒店设施 过于 陈旧 地毯 很脏 一点 配不上 四星 价钱 卫生间 淋浴 下水 很慢 洗慢 被淹 中央空调 关闭 轴流 风机 还有 声音 是不是 有阀门 内漏 造成 知道 专业 维修工 怎么 知道 哈哈 卫生间 抽水马桶 下去 就弹 上来 还要 修给 只是 修好 一次 下次 同样 除了 维修工 服务 人员 比较满意 小黑 系统 造成 黑屏 一针见血 找出 提供 修复 方案 提出 表扬 还有 西餐厅 我定 灵武 出租车 再次 提出 表扬
0,通过 预定 最差 首先 走廊 地毯 很脏 进房 表面 质量 很差 网线 电话 两次 服务台 后来 服务员 送来 一根 网线 不好 用后 打电话 男服务员 后查 最后 确定 进线 要求 下换 这个 网络 发现 这个 热水器 打电话 三次 服务员 房间内 小袋 茶叶 收费 饮用水 收费 收费 收费 强烈建议 取消 预定 以便 再害 他人
0,美中不足 送来 赠品 包包 质量 不让 遗憾
0,想象 差远了 没什么 感动 语言 平淡 人物 苍白 总之 怎么 无法 理解 那些 感天动地
0,环境 一般 设施 豪华 标准间 看不出 豪华 浴室 特滑 差点 扭伤脚 以后 不再
0,内存 只有 想加 内存 只能 换装 差点 一条 内置 插槽 模块 不能 包装 不怎么样 机子 已经 拆封
1,日小假 湖州 国际 大酒店 入住 不错 性价比 蛮高 特别 处在 湖州 热闹 购物 领略 城市 五一 假期 市民 过节 方式 静心 挑选 湖州 特产 丝绸 毛笔 专卖店 隔壁 常常 游玩 青山绿水 这次 购物 别有情趣 服务 不错 下次 需要 还会 入住
0,这么 星级 白色 床灯 灯罩 霉到 发黑 浴缸 锈到 斑点 像是 这次 岛上 看到 巨型 蜘蛛 趴在 那里 可怕 儿子 不敢 里面 洗澡 整个 洗脸 台上 水泥 修补 裂缝 痕迹 北海 星级 评定 整个 除了 服务 人员 满意 以外 整个 硬件 一处 说得过去 星级 不如 一般 新修 一点 招待所 整个 北海 这个 很大 遗憾 要不是 做事 拖拉 提前 订好 海边 不会 整个 海边 满员 零时 这家
1,位置 出去 松花江畔 江边 早点 起来 推开 机会 看到 雾凇 交通 方便 火车站 打车 过去 一次 设施 半新不旧 老三 星级宾馆 翻新 布局 不怎么 淋浴 不够 总是 水量 不足 样子
1,周六 周一 到货 满意 这个 感谢 下次 再来 感谢 其中 话务员 询问 运货 情况 打电话 回复
1,配置 做工 不错 音响 不错 声音 悦耳 尤其 大片 屏幕 上面 交待 分辨率 一样 散热 不错 电池 续航 能力 不错 光是 浏览 网页 不玩大 游戏 情况 曾经 小时 还有 百分之 电量 送货 这个 价格
0,鲁迅 故里 故里 商贩 晚上 营业 整个 故里 晚上 灯光 咸亨 提供 套餐 三人 套餐 多元 绍兴 水乡 风光 不复存在 故住 此处 意义 值得 重新 权衡 不能 三轮车夫 三轮车夫 顾客 客栈 客栈 车夫 回扣 客栈 无法 提供 小时 热水 干净 设施 陈旧 摆放 形同虚设 根本 不能 门窗 关不紧 老宅 大理 丽江 民宅 改造 截然不同 胆小 慎重考虑 免得 踏实 客栈 承诺 小时 免费 接送 服务 需到 火车站 客运 中心 客栈 联系 计划 等待时间 早晨 行要 火车 汽车 提前 客栈 预约 早餐 需到 提供
0,虽说 合肥 服务 差能 理解 没见 这么 服务 酒店设施 四星级 简直 不如 街边 旅馆 服务员 前台 大堂 经理 素质 特低 简直 垃圾 房拼 通过 最差 要么 前台 房价 一样 很多 强烈 谴责 做法 坚决 不会 入住 火车站 旁边 有个 邮政 宾馆
1,丹麦 不愧 童话 王国 他们 这些 儿童文学 故事 角度 总是 新颖 图画 张力 极强 感染力 中国 小孩子 那些 本来 应该 孩子 可爱 已经 传统 教育 方式 孩子 变得 孩子 可爱 他们 应该 他们 无边 世界 想象 他们 权力 享受 整个 世界
0,以为 不错 知道 以后 一点 不好 其实 不是 了解 中国 女人 了解 国情 郁闷 这年头
0,宾馆 反馈 年月日
0,系统 麻烦 不了 不想 驱动 还有 回车 键盘 不好 还有 鼠标 那个 接口 不能 应该 怎么 处理
1,设施 一般 免费 上网 可惜 早餐 停车场 很大 自驾车 交通 方便 楼下 面对 那个 生意 超级 夜总会 一直 凌晨 汕头 来说 性价比 接受 补充 点评 年月日 两次 楼和楼 相同
1,外观 其实 不如 性价比 高给 女孩 喜欢 这个 颜色 办法 速度 独显 应付 一般 游戏 高清 视频 完全 太重 一样
0,平常 新意 有些 理解 应该 符合 原意 不是 一本 值得
1,阿拉伯 现代 文学史 一书 北京大学 外国语 学院 阿拉伯语 知名 教授 跻昆 先生 撰写 国学 大师 季羡林 先生 主编 东方学 研究 精品 丛书 东方文化 集成 中西亚 北非 文化 一本 该书 概述 阿拉伯 文学 发展 轨迹 近现代 阿拉伯 文学 复兴 过程 翔实 中肯 描述 语言 简洁 优美 可读性 纸张 质量 排版 很漂亮 非常适合 阿拉伯语 专业 研究 比较文学 学生 收藏
1,性价比 完美 通电 时间 只有 小时 主板 资料 有误 还有 蓝牙 这个 省去 拆机 蓝牙 模块 烦恼 硬盘 西数 西数 日立 以前 系列 日立 每次 启动 声音 西数 不到 内存 现代
0,北京 这么着 五星级 三星 水平 何况 四星 凑合着
1,大量 公式 数据 翔实 工程 图例 对于 设计 制造 方面 非常 实用 非常 专业 标准 教材 类书籍 适合 中级 以上 枪械 爱好者 主要 适合 对于 枪械 内部结构 动作 原理 部件 如何 设计 定型 方面 感兴趣 需要 一些 工程学 方面 基础 初级 读者 好奇者 基本 基本 看不下去 或者 是因为 看不懂 不了 几页 市面上 难见 况且 价格 接受 入手 一册 值得
1,整体 性能 均衡 音响 不错 外观 漂亮 键盘 手感 好试 一下 播放 几个 高清 片花 流畅
1,热水 系统 浴室 排水系统 糟糕 冷热 很难 调节 不是 太冷 烫洗 完澡 浴室 一地 其他 地理位置 不错 相对 房价 吸引
0,只因 李安 电影 色戒 张爱玲 小说 读读 失望 短浅 迷惑 导演 如何 以此 获奖 影片 女人 诱杀 男人 汉奸 最后 时刻 突然 这个 男人 也许 钻戒 却是 情于理 说不过去 于是 仓皇 放走 男人 不会 放过 她色 那个 男人 差点 命色 还有 戒使 那个 女人 真的 小说 精髓 大概 在于 主题 其实 新意 写法 耐人寻味 之处 欣赏 其实 只是 小说 标题 色戒
1,干净 整洁 服务 这个 价格 来说 不错 建议 大家 要定 窗户 餐厅 不够 一次 蘑菇 附近 超市 不太 方便 水果
1,机子 速度 挺快 多个 网页 开着 开着 机子 非常
1,一段时间 一些 掌握 一些 相关 精髓 积极 地面 一天 报怨 反而 伤人 改变 不好 习惯 书中 提到 手环 做法 不错 其实 有时候 一样 若有 外界 督促 一下 更好 一些 不是 用来 用来 实践 培养 成功 习惯 不是 金钱 衡量
1,记得 高中 第一次 县城 读书 怀着 书籍 外国文学 狂热 摸遍 大大小小 书架 唯一 找到 外国文学 燕山 那时 傻傻的 以为 中国 外国文学 最好 当然 燕山 出版社 充满 好感 当然 那时 认识 现在 认识 不可同日而语 看到 燕山 一种 故友 似的 亲切感 当然 质量 不错 译者 大名鼎鼎 翻译家 几乎 发现 任何 质量
1,舒适 服务 良好 大厅 明亮 整洁
0,宝宝 十个月 平常 各种 彩色 图书 图片 很感兴趣 可是 这套 书籍 完全 兴趣 第一页 最后 封底 一边 不看 可能 没到 喜欢 卡通 年纪 只能 以后 试着 看看
0,发热 相当 厉害 噪音 很大 夜深人静 电影 尤为 明显 硬盘分区 不合理 电池 突出 一块 严重 影响 美观
1,服务 周围 热闹 打车 吃饭 方便 干净 整洁 四星 不错 闹中取静 华清池 里养 很多 很漂亮 前台 鱼食
1,机器 散热 噪音 属于 良好 水平 没法 比起 其他 已经 相当 不错 外观 当然
0,内存 频率 屏幕 看着 舒服
0,商品 本身 划花 忍受 配送 实在 气愤
1,一般 谈不上 是因为 那里 离开 目的地
1,每个 小时候 矛盾 每个 身在其中 可能 不到 珍贵 回头 知道 真是 少年 不知 愁滋味 每个 孩子 一颗 跳动 不安 不论是 乖孩子 孩子 相比 成人 之后 新奇 快乐 充满活力 每个 孩子 不论怎样 父母 回首 回忆 多少 淘气 趣事 一起 回到 小时候 走进 林格伦 淘气包 埃米尔 找到 曾经
1,前台 传说 整体 服务 不错 当时 月份 洗澡 打哆嗦 网速
1,吉林市 找到 最好 入住 退房 速度 状况 不错 不如 长春 天天 舒服
0,垃圾 刚装 删除 机器 自带 试用 软件 彻底 死机 恢复 不了 恢复 分区 重要文件 不停 备份 细节 粗糙 连接 液晶屏 看见 电线
0,接口 分布 不是 合理 发热量 右手掌 位置 温度 偏高 知道 大家 是不是 这个
0,服务 不太好 咖啡厅 餐饮 非常 品种 样式 隔音 效果 非常 不好 第一天 隔壁 说话 好象 换房 走廊 说话 非常 清楚 打电话 只好 躲到 洗手间 反正 隐私 酒店设施 陈旧 快速 路边 外出 方便 携城 价格 朋友 通过 旅行社 所谓 只是 第一天 价格 欺骗性
0,机身 略厚 还有 优化 空间 镜面 指纹 厉害 部分 组件 用料 低廉 显得 不够 细致
0,容易 指纹 偏重 屏幕 换寸会 舒适 键盘 左半 部分 不实 下去 会下
0,无耻 之人 无耻 自白 胡兰成 现在 贪婪 混浊 自私 无耻 自个儿 当根葱
1,这是 一本 不算 读的书 一本 快乐 起来 生态学 理解 接受 大部分 概念 对于 其他人 不是 清楚 例子 坐火车 时读 小时 难得 已经 很久没 静下来 一口气 读一 只有 心痛 不是 文学作品 不是 纪实 报告 而是 科学 真正 理性 科学 奉劝 想要 注意 不是 一本 好看 小说 而是 一本 严肃 科学
0,晚上 没完没了 骚扰电话 真的 不敢恭维 补充 点评 年月日 怎么 平均 出来 莫名其妙
1,相当 性价比 极力推荐 不管 方面 来说 硬件 太大 对于 一般 来说 绝对 够用
0,通过 每晚 标间 性价比 真的 差一 通道 异味 特别 浓烈 晚上 久久 无法 入睡 设施 过于 简易 淋浴 水流 特别 在家 洗澡 时间 等于 洗头发 时间 吹风机 头发 需要 客服 借用 客服 竟然 说全 只有 吹风机 已经 借出去 早晨 起床 发现 洗漱间 热水 孩子 无法忍受 热水 索性 洗漱 早餐 一般 无所谓 服务生 负责 盘子 负责 台布 台布 很脏 倒胃口 第二天 立刻
0,这是 一家 相当 知道 其他人 如何 客户 那种 信任 表情 以及 工作作风 自以为是 狂妄自大 肆意 欺骗 顾客 他们 根本 客户 放在眼里 奉劝 看过 此贴 朋友 千万 不要 这家 黑店 切记
1,服务 服务员 一杯 茶水 温馨 硬件 一些 性价比 下次 山水
1,不是 很大 卫生间 创意 早餐 品种 味道 不错 服务 人员 态度
0,好长时间 这么 读完 能够 抓住 读者 心理 故事 语言 浅显 引人入胜 现在 快节奏 生活 不失为 一种 消遣 方式 正好 教学 刘基 柑者 大多数 学生 了解 学生 喜欢 教科书 刘基 庄重 冷冰冰 介绍 趁此 借用 看来 换成 轻松 语言 穿插 几个 故事 学生 很感兴趣 很快 刘基 了解 学生 推荐 谢谢 明朝 那些 事儿 几本 下去
0,使用 时间 不长 发现 缺点 只是 热屏 理想 背光
0,合一 读卡器 估计 所有 消费者 以为 外置 红字 忽悠 嫌疑 其实 插槽 基本上 所有
1,性能 不错 综合 不错 速度 很快 外观 满意 大小 适中 发货 速度 超快 昨天下午 订购 今天 中午 收到
1,看到 网友 最好 不要 楼和楼 不幸 指定 为楼 前台 等于 白问 告诉 设施 一般 洗面盆 冷水 超级 只有 热水 洗衣服 超级 不爽 服务 小费 服务员 立刻 瓶水 最大 好处 超级 近大 包小包 继续 其他
0,附赠 鼠标 方便 附赠 屏保 键盘 声音 音质 一般
1,春节 特价 当即 如家 喜来登 高级 只有 三星级 标准 太小 豪华 五星 样子 知道 五星 客房 标准 怎么 设定 床上用品 喜来登 特色 羽绒 舒服 服务 这家 逊色 特别 行李 背个 大包 不接 接手 前台 换房 有效率 特价 计较 要是 平时 不值
1,过去 浮华 世事 精彩 作为 一本 古代 浪漫 普及 不过 本人 见解 独到 终究 偏于 历史 过于 个人化 缺乏 史料 支持 喜欢 诗词 真是 一本 不错 遣词 唯美 淡雅 清丽 丝丝入扣 融入 深深 感情 基调 大多 悲哀 叙述 远远 过去 惊心动魄 爱情 心酸 悲凉 古典 诗词 步入 古人 世界
1,安庆 宾馆 确实 不错 舒服 存在 缺点 优点 环境 安静 每天 水果 空调 已经 开启 进入 非常 舒服 较大 舒服 缺点 窗户 不能 上锁 不够 安全 电梯 早餐 点半前 过点 没什么 结帐 较慢 来说 不错 下次
0,以为 好看 真是 用心良苦 大量 中国 错误 英语 图片 丢脸 文章 纯粹 可能 比如说 姨妈 说成 可能 除非 开玩笑 故意 任何 学过 英语 初中 以上 难以 错误 几个 故事 之后 积极性 大受打击 本来 当本 笑话书 来看 没想到 难以 出来
0,五一 长假 期间 碧海 蓝天 简直 失望 以前 南戴河 以及 碧海 蓝天 印象 谈不上 起码 干净 整洁 加上 帆板 可玩去 年轻人 印象 一直 不错 这次 特意 动员 几个 朋友 前往 没想到 首先 南戴河 全面 修路 出入 方便 其次 南戴河 整体 环境 很脏 满处 再次 碧海 蓝天 里面 不仅 任何 变化 外面 环境 还脏 价格 不低 海景房 门口 只有 工地 水沟 卫生 非常 不好 自来水 黄色 建议 协程 应该 多几家 一纬路 旁边 那些 度假 宾馆
0,昨天 键盘 改天 贴个 屏保 要是 这些 一起 配送 呵呵 还有 昨天晚上 听到 本本 发出 运作 同事 一起 那台 这个 不会 机子 内部 哪里 不好
0,本人 春节 入住 很差 四星级 可是 服务 完全 到位 我共住 五天 三天 服务员 被子 一次性 酒店用品 地上 清洁 第一天 纸屑 第三天 位置 没换 真可笑 晚上 开门 声音 很响 实在 很差 建议 大家 不要
1,人生 最怕 引路 认为 不知 兜错 多少 弯路 烦躁 翻开 此书 或许 缓解 情绪 迷惑 翻开 此书 或许 指迷 正点 正道 不如意 翻开 此书 或许 重拾 信心 崭新 眼界 看到 一切 事物 停一停 脚步 静下心 此书 提高 修养
1,位置 前面 栈桥 早起 运气 栈桥 看到 电视塔 日出 景象 对面 马路上 公交车站 专线 直达 北九水 早上 火车站 发车 建议 提前 分钟 侯车 车程 小时 服务 令人满意 海景 早餐 建于 世纪 装潢 一般 卫生设备 新换 科勒 隔音 确实 理想 半夜 听到 隔壁 声音 建议 客人 入住 时发 一张 晚上 保持 安静 卡片 周围环境 一点 吃饭 不过 辆车 肯定 找到 满意 餐厅 走廊 食品 孩子 不过 大家 自觉 适量 取用
0,英文 何不 留下 英文 十有 不是 更好 全部都是 簡體 圖畫 不見 吸引 將會 給別
1,还好 不错 配货 然而 那天 降价 为何 没帮 保值 返现 真晕
0,是因为 是因为 个人 文史 喜爱 真的 失望 当然 个人爱好 关系 不是 喜欢 语言 风格 缺乏 一种 真实感 不过 流连 榜单 也许 吸引 人之处 不过 目前 发现
0,观点 完全 相反 很难 认同 观点 可能 文化 地域 差异 十几 没用 浪费
0,整体 不好 尤其 前一晚 是从 迪士尼 乐园 出来 客观 而言 这家 绝对 不到 四星级 标准 这么 高额 房价 我会 期待 干净 环境 令人满意 服务 由于 订房 仓促 尽管 很多 评语 最后 忐忑不安 这间 距离 地铁 很近 过程 中有 看到 一家 华美 粤海 外表 看起来 更新 现代 地铁站 到达 前台 服务 人员 十分 热情 连点 笑容 一行 两人 那条 莫名其妙 酒吧街 已经 饱受 惊吓 还要 那些 前台 不爽 有股 奇妙 味道 当然 怪味 陈旧 不管 卫生间 各位 所说 水池 下水 速度 慢花 不好 打电话 前台 提出 需要 修理 前台 听不懂 国语 于是 自觉 电话 转到 英文 服务 即使 最后 人来 查看 睡觉 发现 被子 黑黑的 心头 一凉 鉴于 几个 晚上 只好 睁一只眼 闭一只眼 自欺欺人 安分 第二天 床头柜 上放 港币 第二天 卫生 第一天 还要 建议 这里 朋友 晚上 绕道 轩尼诗 出口 出来 这条 正常 所花 时间 好像 出口 还要 总而言之 这个 价格 对于 而言 太贵 不合算 反正 下次 再也不会 这间
0,非常 一般 充满 假想 理想主义 色彩 建议 毕业 职场 新人 千万 不要
0,单人间 极小 只能 放下 张小床 一张 沙发 第一个 空调 沙发 设施 陈旧 只是 卫生间 根本 不到 四星级 标准 连如家 这类 商务酒店 赶不上 强烈 推荐
1,来说 安装 系统 需要 那里 模式 改为 才能 安装
0,名字 吸引 眼球 内容空洞 一点 实际意义 明白 废话 值得
1,早餐 酸奶 有些 美中不足
0,值元 上网 居然 收费 人工 配制 打死 不再
0,一座 住宅 大廈 由樓 以上 改為 入住 一廳 一房 單位 雖然 開放式 廚房 煮食 爐灶 可是 任何 煮食 用具 很大 可惜 只有 坐位 梳化 雙床 房間 小得 可憐床 只有 一米 洗手 很小 淋浴 小企缸 廁及 洗手 盤緊 一起 剩餘空間 只能 容納 一人 可取 下酒 相當 經濟 附近 高級 住宅 區沒有 甚麼 購物點 房價實 不值
1,配置 随机 高级 安装盘 喜欢 用面 容易 指纹 重量 接口
1,通过 自由 行带 小孩 香港 旺角 喜欢 尖沙咀 最后 选择 朗庭 大堂 不错 知道 为什么 多人 嫌小 幸运 升级 当时 两个 可是 另外 前台 小姐 每个 免税店 抵价券 竟然 一直 受宠若惊 装修 橡木 地板 内地 不多见 窗口 看见 一点 海景 后来 看到 桌上 通知 知道 楼上 装修 可是 白天 出去 几天 凉快 比起 上海 真是 意外 孩子 去过 两次 美国 迪斯尼 这里 缆车 海景 最后 一天 说好 晚点 退房 小朋友 半日 游回来 游个泳 洗个 行程 很累 舒适 晚上 睡得
1,不错 不过 有个 他们 那边 有个 大型 室内 游泳馆 工作人员 介绍 目前 扬州 目前 最好 游泳馆 里面 假山 人工 造浪 还有 刺激 建议 过去 入住 试试 另外 不错 据说 新装修 大小 基本 套房 差不多 设备 先进
0,真的 普通 一家 应该 成为 香港 居住 选择 小巷 价格 奇贵且 国内 很小 单人间 标准间 前台 服务 冷漠 老对 大陆 翻白眼
0,机器 这个 凭恃 肯定 还要 电源 其他 机器 电池 电源 有斤 以上
1,价格便宜 配置 内存 显存 无敌 大屏幕 造型 稳重 摄像头 同等 价位 配置 无敌 同等 配置 价格 无敌
0,到货 时间 太慢 整整 系统 怎么 为什么 打开 之后 不动 显示 解释 解释 怎么办 应该 宏基
1,老旧 实有 必要 整修 尤其 地毯 部份 不然 整体 不错 早餐 服务 水准
0,电视 网络 媒体 对于 大肆 炒作 欣赏 论语 讲评 或许 仁者见仁 智者见智
0,卫生间 较差 不尽人意 不是 个人用品 卫生 规范 整洁 包装 完整
0,容易 指纹 不是 完美 屏有 一个点 屏是 触摸板 有些 电池 只有 半小时 不是 独显 大型 游戏 无所谓
1,打开 电视 入住 客人 欢迎词 屏幕 滚动 感到 温馨 干净 卫生间 设施 完备 附近 交通 方便
1,适逢 刘斌 纷争 两句 对于 普通 老百姓 来说 其实 恩怨 关键时刻 比如 战争 来临 人民 国家机器 绑架 不由自主 卷入纠纷 单纯 民族主义 无法 解决问题 当然 不是 放弃 原则 无条件 迁就 妥协 提高 国力 加深 理解 化解 恩怨 可行 办法
0,真的 不怎么样 知道 怎么 四星 早餐 没什么 服务 不好 骚扰电话
0,版式 太小 不是 要是 大版点 不会 杂字 可大点 不是 现在 不是 喜欢
1,拱北 关口 步行 分钟 到达 方便 豪华 标准间 太小 卫生间 设施 热水 充足 改住 系列 很大 改观 当地 旅行社 了解 通过 他们 预定 价格 携程网 价格 差异 早餐 品种 够吃 服务 不错 早上 点要 出发 早餐 开始 时间 安排 打包 送到
0,为什么 主板 导入 代码 证书 才能 口太少 鼠标 方便 用惯 无所谓 电源 插口 容易 碰到 经常 断电
1,前台 接待 人员 略显 死板 不能 主动 客人 介绍 各项 事宜 服务 被动
0,屏幕 一点点 瑕疵 忽略 杀毒软件 也许 特价 缘故
1,完美 支持 不敢 不能 这台 终于 失望 选择 所有 驱动 联想 网站 输入 产品编号 下载 价格 合理 屏幕 不错 散热 一般 一段时间 触摸板 发热 外接 鼠标 需要 禁用 触摸板 需要 先装个 老版 选择 存在 定点 装置 禁用 然后 再装 新版 直接 新版 这个 选项
0,塑料 十足 材料 薄屏 质量 实在 不怎么样 键盘 不平 键盘 不平
1,实物 图片 看起来 好看 意外 钢琴 外壳 丰富 接口 实在 感到 意外
0,电池 用个 小时 摄像头 晚上 基本上 不能 太暗 除非 大灯 照着
1,书质 不错 情节 更是 吸引 曾经 读过 两遍 一直 领略 那些 妙语 可能 年龄 关系 及至 现在 身处 围城 来看 一遍 围城 心里 不禁 绝妙 语言 运用 能力 拍案叫绝 诙谐 机智 揶揄 深刻 比喻 充斥 全文 初始 看时 大笑 肚痛 越往后 看渐 苦笑 无奈 而心 难受 转而 深思 作品 放至 今日 仍能 一一 对号入座 周遭 不乏 此种
0,晚上 搔扰 电话 比较烦 饭菜 质量 不好 价格 实际 相符合
0,非常 不错 非常 不错 非常 不错 非常 不错 非常 不错 非常 不错 非常 不错 非常 不错 非常 不错 非常 不错
1,几次 入住 一种 顾客 上帝 尤其 每次 接待员 万鹏 先生 给予 细致 周到 服务 心情 非常 愉快 每次 南京 喜欢 原因 朋友 情况 他们 表示 下次 尝试 一次
0,上当 实质性 一些 生活习惯 理念 这儿 卖弄 书名 有绰头 嫌疑 本人 喜欢 内因 决定 外貌
1,虽小 温馨 飞机 晚点 半夜 点到 南京路 下车 一拐 看到 想象 难度 特别 交通 特别 方便 出门 地铁 一点 庙街 这个 价钱 真的 太好了 以后 机会 还会
1,先看 网络 不错 一本 小说 男女 主人公 分开 七年 对方 幸福 一起 深深感动 现实生活 应该 书名 不是 每个 找到 适合 就算 现在 合适 不能 保证 以后 合适 人们 总是 徘徊 不安 前进 不是 每个 勇气 回过 头去 已经 错过 风景 回到 原处 风景 可能 已经 抓住 现在 美好 重要 当下
1,三生 三世 爱爱得 不渝不悔 十里 灼灼 桃林 见证 两人 终于 幸福 牵手 其中 曲折 辛酸 谁诉 一切 风淡云 轻后 一句 穿越 千山万水 而来 浅浅 过来 动容 感慨 文中 现代 用语 穿插 古代 情节 风趣 幽默 同时 笑声 流泪 其中 好多 东北 方言 不知 公子 哪里 绝对 值得一看
0,买回来 发现 原来 好多年 张爱玲 书里 已经 收录 这些 短篇 上当
0,慕名 发现 大家 上面 适用 废话 没什么 实质性 怀疑 当当 排行榜 真实性 每个 情况 相同 列举 很多 个例 适合 所有 一定 不会 第二部 第三部 来看
1,中国 古代 诗词 由于 用语 含畜 精炼 欣赏 起来 需要 安安静静 环境 作为 它们 载体 印刷 装订 质量 好坏 相对 其他 类型 而言 更会 读者 产生 直接 影响 真的 只能 精致 两个 字来 形容 改版 适当 配以 精美 插图 简直 完美 另外 惊喜 发现 页码 居然 仿古 形式 汉字 更添 一种 古香古色 实在
0,一天 一款 类似 配置 型号 竟然 降价 价格比 便宜 好多 亏了
1,比三救 姻缘 素质 家庭 慢慢 走向 社会 夹杂着 人物 之间 责任 关心 感情纠葛 一层 一层 惊险刺激 女主角 谢怀珉 医术 的确 相当 专业 看来 现代 中医 派上用场 成为 铺垫 不过 最后 简直 意外 希望 真的 书中 慧空 母仪天下 猜想 人士 君王 可能 希望 真是 如此
1,孩子 关系 现在 看绘本 简直 一套 绘本 依然 喜欢 跟上 那头 故事 讲完 孩子 乐呵呵 地笑 一只 勇敢 兔子 想要 捉住 一头 知道 发生 奇妙 故事 口袋 对于 学龄前 孩子 真是太 非常适合 六七岁 孩子 阅读 五个 怪物 其实 孩子 诉说 大自然 秘密 想象力 真是 丰富 其他 几本 大家 认真
0,散热 右边 不是 理想 系统 驱动 只能 驱动 网上 一些 蓝牙 不能 一些 快捷键 不能 用要 驱动
1,有些 进去 居然 打扫 出来 前台 服务员 协同 不好 补充 点评 年月日 这家 服务 不如 从前 设施 以后 不住
0,服务 很差 送货 发票 数额 送货员 直接 当当 负责
1,环境 交通 方便 服务 人员 素质 态度 更是 一流 这次 免费 升级 商务 漂亮 下次 一定 还会 选择
1,五星级 管理 维护
0,无线 搞定 原来 物理 开关 要开 才能 用要 然后
1,性价比 还好 看过 近期 好像 降价 不过 这里 这么 还好
0,一样 梅拉 的确 一样 家里 图书 儿子 偏偏 情有独钟 没事 书架上 下来 静静地 翻阅 梅拉 妈妈 一起 扮演 书中 故事 一遍 一遍 不厌其烦 可见 深深地 印刻 幼小 心灵 一本 一样 好书
1,基本 系统 运行 顺畅 驱动 光盘 找到 不全 希望 厂家 能够 更多为 顾客 考虑
0,我共买 大多 纸质 很差 轻像 盗版 希望 管理员 标明 质量 下次 发现 这个 退货
1,五一 广州 总部 自提 机子 不错 尤其 喜欢 键盘 音响 速度 还好 屏幕 挺舒服 亮点 不过 还好 开机 挺久 基本 发热 风扇 声音 很小 确定 芯片组 自提 服务员 态度 不错 耐心
1,环境 不错 入住 安装 电梯 预约 人员 对此 信息 了解 几月 出行 最好 价格 偏高
0,不是 镜面 屏风 开机 没停 声音 稍微 快递 不负责任 居然 不是 本人 亲自 签收
0,整本书 农民 暴富 害怕 别人 挤占 地位 不想 害怕 思想 暴露 明显 公平 二字来 一下 公平 不是 来用 推荐 实在 好奇心 的话 手上 这本 二手 联系
1,一系列 不错 书本 小古 文书 注音 注解 包里 有空 看看 其实 不太 喜欢 大本头 精装 豪华版 噱头 喜欢 排版 印刷 考究 平装书 声律 启蒙 押韵 适合 大声 朗读 只是 编排 注解 一些 韵律 诗词 体制 怎么 介绍 一般 读者 可能 搞不懂 起来 效果 就要 打折扣 一年 套书 买齐 几本 总是 为什么
1,外观 漂亮 实体店 见过 收到 失望 不错 散热 还行 散热器 观察
0,同意 楼上 点评 每房 标价 加收 城建 费元
0,看到 朋友 那借 认真 研究 发现 欲望 发现 很多 不同 版本 上网 寻找 版本 朋友 一模一样 选择 即使 价格 方面 别人 不同 一般 元元元 愿意 谁知 收到 打开 钻石版 为什么 不是 网上 那个 普通 一样 欺骗 换行 联系方式 能否 沟通
0,可能 是因为 电池 关系 比寸 重买 系统 装回 累死
0,为什么 赠品 当日 赠品 当日 订购 为什么 赠品
1,非常 除了 前台 服务态度 设施 非常 飞利浦 液晶彩电 还有 备用 只是 可能 通过 预定 直接 预定 原因 位置 非常
1,之前 网上 已经 看过 买回来 收藏 本来 不想 不是 好看 而是 再次 伤心 上次 之后 礼拜 沉静 挥之不去 心痛 伤感 这次 不由自主 翻开 也许 一切都是 命运 安排 凝夕 司夜 两个 夕阳 夜晚 永远 不能 共存 两个 彼此 伤害 感受 也许 从凝夕 出生 开始 注定 樱花 凋谢 那般 死去 美丽 惨烈
0,订单 明明 为什么 其它 收到 为什么 一本 为什么
1,位置 不错 附近 地铁站 通达 各处 机场 过来 省钱 的话 面积 设施 电吹风 电冰箱 保险箱 洗漱 用品 面巾纸 关键 屋里 沙发床 小童 的话 方便 服务 到位 整体 来说 性价比
0,现在 化妆品 真是 抵抗能力 店家 宣传 别人 说好 跟风 其实 简单 最好 注意 而外 调养
1,做工 非常 精致 进口 小本 媲美 老婆 朋友 做工 很多 静音
1,服务 不错 服务员 态度 友善 最赞 写字台 布局 交通 方便 周围 热闹 步行 分钟 闽百汇 顶楼 大排挡 吃饭 便宜 味道 不错 唯一 不足 早餐
1,优点 在于 持续时间 长久 电池 正常 使用 小时 足够 显示 很棒
1,重量 外观 不错 特别 几个 显示 两个 内存 方便 内存 总共 内存 安装 任何
1,现在 城市 生活 完全 不洋 一种 人生 华贵 衣服 饕餮 美食 只有 一间 寒冷 山坳 学校 以及 读书 孩子 纯真 笑容 认识 世界 重新 定义 价值观 无所谓 金钱 应该 坚定 选择 热爱 喜欢 事物 许多 梦想 现实 无法 实现 可是 现在 过得 现实 确实 机会 实现 梦想 不如说是 不敢 放不开 现在 不敢 冒风险 实现 梦想
0,刚取 回家 装完 系统 驱动 其它 朋友 几部 电影 暴风 影音 打开 电影 一两分钟 之后 机关 机再 几秒钟 之后 死机 重装 播放器 一样 后来 重装系统 驱动 电影 依然如故 死机
1,朋友 北京 多数 这里 套房 南方 不错 其他 朝向 不好 价格 降低 档次 特别 两头 特别 不好 朋友 满意 另外 停车费 极贵 一次 多元 应该 住宿 停车 免费
0,电池 没说的 好用 半个 一直 电池 用个 小时 开始 小时 效果 想象 理想
1,初中 开始 冰心 一直 身边 放在 床头 心累 烦躁 散文 翻看 随着 文字 推进 心便 随之 平静 冰心 那些 文字 喜欢 看得 散文 它们 小说 波澜起伏 荡气回肠 力量 匕首 般的 尖锐 可是 文字 渗透 那种 博大 深厚 深深地 嵌入 生命 融进 灵魂 早就 懂得 简单 快乐 懂得 知足常乐 懂得 宽容
0,第二次 入住 客户 很近 图个 方便 先说 第一次 入住 空调 不冷 桑拿房 一样 归类 运气 略过 不计 可是 网络 速度慢 只能 不可思议 形容 中国电信 宽频 服务 这个 居然 速度 拨号上网 还慢 算是 眼界 再说 第二次 开始 就让 决定 不会 这个 第三次 前台 那个 男员工 吊儿郎当 加上 一副 爱理不理 腔调 三句话 勉强 几个 搞不好 老板 儿子 要不然 想不出 员工 原因 何在 早餐 烹饪 厨师 知道 怎么 教育 躲来躲去 想下 一碗 面站 半天 硬是 不到 后面 服务台 小姐 索性 装作 看到 估计 希望 多一事不如少一事 设备 这次 正常 赶走 客人 这么 轻而易举 办法 发现 管理 适用 员工 管理 只能 根本 不想 做个 四星级 为了 吹毛求疵 道歉 绝大多数 兢兢业业 员工 表示歉意
1,我订 床间 大小 设施 不错 卫生间 淋浴房 实用 欣赏 早餐 不错 中西 兼顾 缺点 餐厅 晚点 打烊 为了 就餐 客人 一半 暗暗 酒吧 吃饭 服务 不够 四星级 停车场 停车 大门口 一小块 豆腐干 似的 住店 客人 收费 方便 驾车 两个 靠近 电梯间 晚上 电梯 上下 停靠 叮当声 此起彼伏 无法 入睡 遇到 多次 客人 安排 相对 理想 但愿 这次 不是 对面 以卖 千张 出名 那个 店家 这次 日程 紧没能 下次 一定 尝尝 高速 傍晚 驶过 南太湖 大桥 黄昏 日光 新亮 灯光 浸染 大桥 沿途 新城区 很漂亮 第一次 湖州 匆忙 留下 极好 印象 计划 下次 度假 还会 入住 国际 希望 下次 电梯 铃声 改进 不过 湖州 消费 不比 上海 这个 房价 不是 竞争力 关于 近年 房价 竞争力 众口 微词 相当于 旅行社 应该 拿到 散客 好得多 价格 这方面 是否 应该 众多 忠实 用户 有所 回应
0,预装 系统 很耗 资源 为此 没要 一款 不过
0,性价比 就算 地点 很多 出租车 不太 认识 单行 交通 不是 方便 考虑 价格 因素 这家 带个 窗户 走廊 窗帘 隔音 不好 私密性 不是
1,键盘 舒服 散热 非常 好开 一天 没事 噪音 几乎
1,张爱玲 知道 胡兰成 陈丹青 老师 开始 这本 今生今世 不得不 阅读 极其 愉快 词美句 美篇美 文字 似乎 看到 那个 穿着 长衫 一点 江浙 口音 男子 不紧不慢 看到 经历 一切 文字 不俗 了解 女子 懂得 每个 女子 这明国 女子 个个 女子 不管 传统 现在 女子 般的 可爱
1,开始 机场 飞机 发现 特别 一直 那里 机场 打折 回家 第一 时间 当当 读过 好多 喜欢 喜欢 知性 美丽 成功 自信 只有 真正 读过 知道 成功 后面 付出 所有 付出 回报 女人 美会 多种 美丽 不但 青春 流逝 减少 忙碌 工作 生活 之外 看看 思考 很多
0,随着 孩子 长大 居然 孩子 最爱岁 多月 睡前 必要 孩子 喜欢 最后 一页 有时候 一下子 最后 大卫 妈妈 我爱你 宝贝女儿 抬头 我爱你
0,硬件 设施 太旧 挨着 大街 环境 价格 偏高 不符
0,钢琴漆 缺点 容易 指纹 指纹 收集器 到手 硬盘 模式 另外 能装 驱动 装不上 能发 声音 就让 禁用 不会 开机 提示 安装
1,对比 好长时间 选择 这款 配置 不错 做工 精致 外观 全黑 很漂亮 赠品 不错 摄像头 清晰 奥特 蓝星 音质 性价比
0,这家 网络 简直 太差 耽误 很多 工作 几个 永远 发不出 邮件 打不开 网页
0,估计 太亮 原因 眼睛 担心 雪花 屏调 暗点 眼睛 舒服 机箱 机箱 标明 出厂 电源线 方面 甚至 一根 包装 怀疑 返修 电池 使用 过程 只能 显示 百分比 不能 显示 剩余时间
1,地理位置 南湖 旁边 透过 窗户 看到 南湖 写意 服务 不错 地毯 看上去 太脏
0,键盘 好看 敲上去 对于 新手 费事 我装 双系统 还行
1,非常 不错 非常 不错 非常 不错 非常 不错 非常 不错 非常 不错 非常 不错 非常 不错 非常 不错 非常 不错
1,昨晚 看着 看着 睡着 今天 早晨 醒来 立马 抓起 继续 正逢 小说 结尾 部分 正如 期望 吓了一跳 东野 小说 意料不到 事实 爱有 多种 可是 变成 某种 负担 多种 表现形式 某种 行为 对方 负罪 叫做 长久 永恒 变成 一种 恶梦 归于 最初 深入骨髓 无法 割除 接受 无法 预知 变数 始终如一
0,喜欢 很散 类似 博客 形式 想到 哪写 系统性 归纳 还有 好些 病人 医生 问答 不能 通用 尽管 有些 观点 具有 参考性 不大 喜欢 准备 送给 老人 也许 时间 用心 研读 喜欢
0,没见 以前 货到付款 这么久 真是 紧张 烦烦
1,重复 一本 抵制 不了 诱惑 第二辑 女儿 喜欢 不要 吃掉 拿到 迫不及待 一口气 三遍 不过 喜欢 一眼 可能 喜欢 名字
1,环境 不错 设施 档次 下次 还会 考虑 入住
1,不错 只是 电视机 一点 下次 还会 入住
1,除了 机场 没什么 可说 应该
1,商务 造型 沉稳 做工 精致 键盘 手感 不错 大小 适中 屏幕 工作 眼睛 配置 可圈可点
1,做工 不错 不算 速度 摄像头 清晰 键盘 不错
0,通过 两间 标房 一间 原想 四星级 标房 应该 不错 一看 简直 招待所 水准 装修 陈旧 小寸 电视机 还锁 柜子 不值 下次 肯定 不会 这里
1,闺蜜 看到 外观 不错 价格 便宜 正好 考虑 就定 速度 本来 内存 扩到 谁知 打开 发现 原来 只有 内存 考虑 一点 废掉 重量 稍微 不过 基本 背着 跑来跑去
1,同事 老兄 东莞 回来 详细 地问 一下 粤海 印象 硬件 软件 极好 表扬 一下
1,干净 整齐 服务员 态度 不过 餐厅 一般 早餐券 套餐 餐厅 套餐 不符
0,非常 差定 豪华 套房 可是 刚刚 做过 真空 处理 真的 很差 服务 方面 不用说
1,配置 合理 速度 系统 软件 屏幕 坏点 外观 第一次 买本 经验 多少
1,一次 偶然 机会 看到 这个 非常 医院 眼前一亮 这里 一再 提起 现象 常说 毛病 医院 各种 机器 又查 出来 亚健康 想通 手来 医好 周边 亲人 朋友 亚健康 于是 通过 一套 看后 非常 喜欢 于是 若干 送给 朋友 长辈 相信 他们 一定 一样 喜欢
1,同价位 几大 厂商 同事 联想 黑色 漂亮 散热 不错 键盘 手感 插口 位置 合理 光亮度 均匀 颜色 艳丽 强烈推荐 面得 纹路 很飘亮 联想 售后服务 非常 预装 系统 上网 下载 联想 搞定
0,配置 貌似 不错 号称 游戏王 运行 原装 系统 卡且 发热量 官方 系统 驱动 暂未装 据说 可能 桌面 导航 不了 暂未 尝试 显示 频触 碰会 弹簧片 似的 颤动
1,配置 均衡 需要 另加 内存 否则 内存 短板 价位 合理 散热 制作 精良 完美 运行 小时 尚未
0,不是 喜欢 而是 故事 展开 太乱 一种 纷杂 由于 个人 文学 修养 达到 一定 程度 个人 一般
1,三星 完美 三星 内存 硬盘 电源适配器 番茄 暂时 黑屏 现象
1,环境 花园 很大 服务生 态度 距离 机场 很近 方便 不错 下次 考虑 再次 入住
1,朋友 不错 性价比 样子 漂亮 基本 性能 只要 不玩大 游戏 全能 应付
1,个人 喜欢 诗词 自然 喜欢 诗词 背后 故事 每每 看到 经典 作品 遥想 诗词 展现 美妙 画卷 真的 一种 奇妙 感受 通过 行走 仿古 问今 展现 一首首 经典 背后 故事 展开 一幅幅 美丽 画卷 壮丽 河山 质朴 风情 不断 跃然纸上 个人感觉 美中不足 文字 部分 章节 略显 枯涩 不够 丰润 可惜 文中 插图 典型 中国 传统 水墨 山水画 心向往之
1,朋友 男人 一旦 开始 女人 认真 沈先非 男人 之间 有步 距离 只要 跨出 第步 方向 其余 平淡 告白 误会 一场 意外 导致 两人 五年 分离 他们 身体 彼此 痕迹 即使 最后 找回 对方 桑渝 锲而不舍 追求 绝对 堪比 玉面 飞龙 阿正 郑微 故事 完美 延续
1,超值 几件 东券 节省 哈哈 感谢 这位 会员 提供
0,买书 这么 时间 怎么 通过 支付宝 这个 迟买 星期 真不知道 怎么回事 是不是 你们
1,材质 重量 不重 难关 适合 女生 小巧 键盘 很大 电池 耐用
1,长腿 爸爸 不错 这是 喻璠琴 翻译 版本 正点 英汉 对照 同时 信中画 简笔画 删减 周到 全面 这部 书写 孤女 成长 经历 展现 乐观 面使 人们 对于 孤儿 看法 有所 改变 同时 重要 孤儿 自身 看法 绝大多数 孤儿 面对 他人 施舍 不是 理直气壮 自卑感 压倒一切 看过 女孩子 可能 乐观 不少 对于 理想 追求 准确 把握
0,一般 不太 推荐 不过 书名 误导 一直 赞成 孩子 养成 阅读 习惯
0,当初 儿子 喜欢 汽车 加上 好评 如潮 决定 可是 买来 一个月 一次 再也 不肯 本来 以为 套书 算是 白买 最近 儿子 突然 迷上 每天 两三遍 中午 睡觉 晚上 睡觉 一小 会儿 必修课 当然 爱看 轱辘 轱辘 已经 满足 讲述 一边 看着 一边 小手 指指点点 一边 撞车 轮子 大嘴巴 垃圾车 等等 那小 模样 认真 套书 图书 宝贝 上次 只评 两颗 办法 改了 只好 这里 大大的 五星 另外 个人 建议 一下 小男孩 家庭 年龄 以上 孩子 尤其 喜欢 汽车 男孩子
0,设施 简单 像是 四星 标准 早餐 丰富 不过 前台 接待 结算 速度 态度 不错 后院 停车场 特点 晚上 两台 划伤 恐怖 关键 保安 头目 不想 认帐 气愤
1,亲爱 安德烈 母子 之间 对话 话题 广泛 开放 处于 安德烈 差不多 年龄 母亲 龙应台 信件 收获 许多 知晓 成长 一些 难题 父母 人生 经历 总要 丰富 之间 交流 越来越少 父母 也许 体会 其中 喜欢 安德烈 这个 小伙子 女士 父母 缘分 看着 一次次 离开 长大 同时 开始 习惯于 父母 老去
1,书本 结局 本是 乐观 完番 之后 最终 佳期 和平 一起 可爱 女儿 纪念 为了 纪念 正东 为了 纪念 一段 青涩 岁月 正如 书中 以为 放手 不过 一段 感情 到头来 却是 一生 学会 珍惜 珍惜 生活 珍惜 友情 珍惜 爱情 珍惜 生命 正东 可惜 佳期 如梦 海上 繁花 好看
0,當當 網作 全國 知名 網店 怎么 能銷售 如此 質量 封面 已經 撕開 真是 失望 大家 這次 吸取 教訓 重新 審視 當當
1,父母 一起 家庭 房里 看到 无敌 江景 总得来说 干净 韩国 特别 一股 不了 味道 马桶 偶尔 漏水 莲蓬头 设计 非常容易 往外 溅水 早餐 缺点 多多 已经 算是 丹东 顶尖
0,不错 点评 标准间 无论是 硬件 服务 令人 失望 硬件 设施 不如 一般 农家乐 窗户 并排 走廊 一侧 通风 很差 一进 房门 扑鼻而来 浓烈 霉味 香烟 味害 晚上 没敢 关窗户 卫生间 淋浴 设施 地面 连挡 水条 洗澡 满地 前台 服务 冷冰冰 到达 打扫 完让 大堂 之后 人理 半小时 前台 问才 办理手续 实在 差劲
0,打车 方便 楼上 晚上 非常 特别 五楼 房客 前台 接待 态度生硬 不太 欢迎 通过 携程网 预订 接待 小姐 还给 一张 名片 订房 直接 宾馆 电话 发传真 还要 回传 比较烦 那位 小姐 好像 房价 水份 房价 标价 为元 一般 预订 只要 讲价 的话 通常 以元 成交 入住 第二天 退房 有事 还要 入住 前台 一听 通过 直接 回答 没房 预订 该市 当天 重大 活动 不是 旅游 旺季 价格比 外面 许多 一瓶 外面 一元 矿泉水 标价 为元 附近 购物 服务 意识 太差 询问 前台 工作人员 当地 天气预报 回答 知道 早餐 较差 部分 设施 缺乏 有效 管理 服务 意识 较差 甚至 店大欺客 味道 不是
1,屏幕 不错 色彩鲜艳 发现 点亮 友达 面板 外观 独特 蓝色 非常 时尚 杜比 音效 三星 内存 三星 刻录 西数 硬盘 网上 数码产品 害怕 旧货 收到 包装 完好 封条 完好 正确 一些 放心
1,最初 看到 随手 起来 其中 一个个 精彩 故事 吸引 然然 每个 故事 后面 还会 附上 相关 道理 其中 起来 一次 心灵 洗涮 学会 更好 心态 看待 生活 发生地 种种 人情世故 身处 繁忙 都市 人们 很多 大多 忽略 这些 平凡 简单 幸福 快乐 大家 遗忘 幸福快乐 罗列 出来 释放 心灵 枷锁 获取 真正 快乐 幸福
0,性价比 诚信 更差 尝试 一次 决定 不会 一次 宾馆 反馈 年月日 客人 原订 标准 双人间 改为 大床 房此 两种 房型 存在 价格 差别 沟通 差异 造成 双方 误解 对此 客人 表示 抱歉 遗憾
0,看到 网上 可是 几页 以后 后悔 实在 看不下去 简直 浪费时间 简历 好像 可是 书中 车轱辘话 同样 不同 语言 一遍 一遍 复述 好像 为了 骗取 稿费 垃圾 现在 放在 书架上 根本 不想
1,中國 旅行 十幾年 首次 服務 如此 到位 仔細熱 注重 細節 主動 住客 提供 服務 主管 先生 更是 親切 感覺 五星 更佳 極力 推薦 大家 來住 這裡 絕對 超乎 想像 服務個 認為 住過 中國 所有 這間 最好
1,柳州 性价比 最好 之一 规模 客房 品质 说得过去 地理位置 也好 基本 接近 四星 水准 宾馆 反馈 年月日 非常 感谢您 支持 厚爱 柳州 宾馆 致力 打造 柳州 性价比 最高 宾馆 五星级 标准 装修 高层 观景 客房 即将 竣工 期待 光临
0,真的 很差 酒店服 務態度 本人 還被 關在 電梯 痛苦 早餐 特色 齊齊 哈爾住 還是 選擇 湖濱 飯店
1,刚刚 收到 这是 一本 厚实 拆开 后迫 不及 待读 起来 几个 小时 原来 不能 秘密 同名 小说 应该 电影 一样 读完 小说 似乎 扭曲 杰伦 剧本 小说 不怎么样 书签 琴谱 不错 琴谱 真的 超有 独立 成册 还有 剧照 曲谱 弹奏 技巧 起来 好像 琴谱 这份 值得 来说 性价比
0,中店 一次 总有 电话 成为 他们 会员 然后 推销 大长 保健品 之类 已经 接到 几十个 烦死 当当 对店 中店 管理 太差 怎么 联系电话 随便 别人 至今 半年 电话 真是 忍无可忍 太烦人
1,非常 喜欢 质量 考论 史事 此书 重点 全书 精华 所在 钱大昕 二十二 史考异 王鸣盛 十七 商榷 并称 清代 三大 史学 名著 此书 更胜一筹 知识 渊博 工底 深厚 史实 基础 注重 归纳 演绎推理 令人信服 凤凰 江苏 古籍 出版 放心 古文 功底 薄弱 这个 版本 某种意义 此书 有助于 文言文 水平 提高
0,散热 可能 差一点 性能 一般 一般 游戏 没什么 大型 可能 太行
0,回来 系统 一半 机器 响个 不停 爆炸 一样 吓一跳 强行 关机 再次 其间 光驱 突然 发出 强大 噪音 飙车 一个样 恐其 飞盘 系统 装完 不能 关机 死机 担惊受怕 这么 郁闷 下午
0,端午节 期间 家人 入住 一晚 服务 根本 不到 四星 标准 下面 硬件 服务 方面 点评 硬件 位置 不错 繁华 夜间 安静 入住 东楼 很小 特别 卫生间 香港 衣柜 门把手 打开 费劲 席梦思床 席梦思 应该 隔音 不好 入住 当晚 隔壁 婚房 很多 闹房 声音 清楚 服务 准备 牙刷 拨打 分机 要求 提供 接线员 竟然 拨打 其他 电话 入住 卡上 清楚 写明 要求 直接 拨打 二楼 中餐厅 就餐 服务员 告知 中餐厅 当天 一楼 鲍翅馆 转到 一楼 鲍翅馆 服务员 一份 鲍翅馆 菜单 服务员 中餐厅 菜单 这个 服务员 竟然 问道 中餐厅 一楼 难道 菜单 搬下来 这时 服务员 情愿 中餐厅 菜单 通过 预定 积分 就餐 完毕 积分 卡给 服务员 由于 这个 服务员 已经 帐单 打印 不想 重新 打印 竟然 你们 下次 再来 是从 外地 过来 下次 不知 猴年马月 第二天 早上 早餐 由于 小孩 不肯 早饭 哭闹 服务员 竟然 过来 小孩 打屁股 这句 父母 你们 服务员 绝对 应该 希望 你们 道歉 就餐 完毕 餐厅 门口 服务员 眼睛 一下 招呼 打住 很多 四星 五星 从来 没见 这么 礼貌 宾馆 反馈 年月日 对于 住店 期间 发生 愉快 代表 真诚 道歉 非常 感谢您 提出 意见 批评 反映 反馈 相关 部门 进行 培训 整改 希望 机会 再次 提供 服务 相信 一定 不同
1,正是 空前绝后 崩溃 当中 很多 启发 知道 原来 情绪 不能 压抑 应该 应当 学会 臣服 思想 心想事成 现在 很大 变化 悲伤 转换 努力 调整 然后 许多 书上 提到 电影 越来越 清晰 痛苦 想来 现在 生活 想法 有关 负面 正面 不能 灵活 应用 受益非浅
0,马路 标准间 房间内 设施 简陋 并且 玻璃窗 户外 还有 一层 幕墙 玻璃 不能 打开 导致 不能 自然通风 采光 好吃 三顿 早餐 品种 少得 可怜 二楼 餐厅 租出去 价格 特贵 原来 订餐 时告 房客 九折 服务指南 明明白白 等到 结帐 海鲜 酒水 不能 打折 发票 经理 好不容易 第二天 拿到 发票 综合 来说 四星级 差距 太大
0,这是 满意 由于 太晚 隔壁 君逸康 大酒店 以为 天玺 君逸康 一墙之隔 不会 太令 失望 隔音 效果 极差 以至于 直到 半夜 听到 走廊 以及 隔壁 不该 听到 声音 设备 一般 设施 基本 老化 非常 恶心 事情 提供 一次性 牙刷 非常 要命 牙刷 居然 毛掉 牙刷毛 舌头 上能 感受 出来 漱口 半天 嘴里 清爽 第二天 早晨 另外 牙刷 效果 一样 由于 恶心 经历 时隔 多月 上来 点评 一下 对于 长沙 住房价格 来说 名不副实 大家 非要 附近 强烈建议 隔壁 君逸康
0,宣传 以后 兴趣 本来 买回来 小孩 学习 英语 拿到 以后 竟然 中文 英语单词 脱离 文章 学习 英文单词 方法 认同
1,完美 暂时 一个点 发现 机器 拿到 开机 硬盘 通电 时间 大概 小时 接受 内存 加到 台式机 稍慢 一点 对于 个人 而言 这个 配置 足够
0,光驱 不怎么样 噪音 太大 摄像头 一点 清楚 晕死
1,设施 看得出来 久远 非常 非常 干净 润肤霜 沐浴露 洗发膏 质量 不错 很多 星要 好且 味道 好闻 地理位置 坐落 商业中心 强烈推荐 大门 左绕 后面 路上 一家 章鱼 小丸子 他家 鸡肉 小丸子 非常 好吃 只是 门面 非常 小生意 非常
0,为什么 通知 一声 刚刚 收到 订购 书籍 惟独 一本 郁闷
0,硬盘 指示灯 键盘 半边 较软 打字 左边 键盘 整体 往下 一样 电池 使用 小时 一刻钟 机身 音量 按钮 其他 接受
0,几天 一直 这里 发出 时间 现在 本人 由于 个人 原因 需要 转让 台机 仓单 发票 以元 价格 转让
0,内存 小才 不是 独立 显卡 摄像头 硬盘 不是 接口 布局 不是 方便 不过 普普 布置 的话 估计 散热 不好 追求 独立 显卡 摄像头 不是 这个 价格 系统 不爽
1,喜欢 米开朗琪罗 打动 深入 了解 一下 作品 这是 一本 非常 合适 文笔 幽默 记述 翔实 手感 阅读 起来 非常 舒服 珍藏 图书 之一 米开朗琪罗 独特 艺术风格 紧张 极其 信任他人 性格 成为 喜欢 艺术家 喜欢 了解 请来 读一读
1,地理位置 优越 温馨 服务 不错 商旅 选择
1,机子 一下 速度 不错 外观 做工 不错 温度 不高较 安静 性能 不错
0,的确 味道 电梯 第一印象 不是 服务员 服务态度 不太好 无表情 宾至如归 标准间 不是 很大 遥控器 不好 前台 打电话 几次 看看 接触 不好 多余 更换 晚上 临睡前 电视 手动 距离 肯德基 很近 别的 选择 以后 不会 再住 这家
1,交通 便利 随便 叫辆 肯定 知道 装饰 格调 风格 洗浴 用品 过得去 浴巾 显得 服务 夜宵 能够 给予 明确 解决方案 叫外卖 不过 自行 通过 查询电话 似乎 改进 余地 早餐 寒碜 同时 超过 的话 几乎 价位 类似 例如 梅园 相比 很大 差距 类似 住房 价位 最差 一次 早餐 其他 值得 表扬 电话 订后 分钟 尚未 收到 传真 能够 联系 态度 诚恳 中规中矩 门童 吝啬 先生 再见 再见 之类 话语 可能 吹毛求疵
0,地址 错误 环境 糟糕 服务 到位 上当
1,一样 语言 如水般 清澈 透明 思想 娓娓道来 经验丰富 智慧 老人 解开 人生 难题 超越 自发 世俗 观念 引导 走向 光明 理性 彼岸 尤其 惊叹 那样 年代 一些 心理 居然 那样 体会 一些 人生 能够 分析 那样 深刻 透彻 确实 非常 难能可贵 之前 一本 罗马 皇帝 沉思 不知 高明 多少倍 直如 天壤之别
1,开箱 发现 触摸板 左键 惠普 质量 控制 体系 垃圾 形容 要求 换货 还要 客户 厂方 维修部 检测 证明 换货 过程 返修 留言 多日 无人 回应 售后 电话 等待时间 超长 服务 承诺 完成 换货 周期 实际 换货 过程 中间 价格 降低 价保 一次 用到 商品 服务 垃圾 等级
0,不错 不够 厚道 钻石 现在 促销价 没差 几分 不是 忽悠 钻石 一族
0,斯凯 瑞金 童年 系列 确实 不错 已买 全辑 孩子 喜欢 强行 起来 那晚 为此 一回 画面 丰富 文字 一般 意义 绘本 很多 个人 认为 适合 宝宝 亲子 阅读 自家 孩子 目前 刚岁 整辑 留到 大点 出来 第一辑 第三辑 一起 孩子 看过 那阵子 孩子 每天 必看 轱辘 轱辘 忙忙碌碌 第三辑 全本 喜欢 找金 虫子 后来 一天 邮局 书上 有时 真的 不得不 佩服 孩子 记忆力
1,这次 春节 金华 国贸 一天 不错 宾馆 硬件 服务 住宿 停车 收费 收费 不高 别扭 这个 好象 金华 宾馆 通病 还有 早餐 好象 不值
0,本本 开始 启动 风扇 声音 响到 后来 不响 知道 原因 本本 右上方 有个 红色 暗点 系统 是不是 家庭 高级 忽悠
0,胡兰成 这个 文章 一样 舒服 真不错 有人 胡兰成 无知 残忍 小孩 不懂事 随便 毁坏 一样 那边 邀功请赏 希望 得到 大家 认同 别人 最好 拍手 鼓掌 问心无愧 为什么 文和人 不能 划等号 搞不懂
0,儿子 简直 超级 喜欢 轱辘 轱辘 买回来 不到 一个月 几乎 翻烂 现在 倒背如流 反倒 一页 知道 前面 一页 后面 一页
0,一定 支票 发货 支票 居然 两天 不到 财务 那里 一天 找到 支票 那里 订单号 送到 支付 现金支票 依然 知道 那个 单位 忍受 服务
1,月份 曾住 二晚 服务 入住 客人 特别 尤其 旅行团 可能 肇庆市 区较 价廉物美 一间 设施 旧些 干净 观景 值得
1,小时候 故事会 杂志 封上 经常 看到 父与子 印象 非常 深刻 看到 立即 送给 孩子 不想 上一年 女儿 看到 爱不释手 睡觉 放在 枕头 旁边 生怕 拿走 看着 孩子 看父 专注 样子 不时 发出 笑声 真是 开心 父与子 的确 一本 好书 书中 那些 生活 场景 似曾相识 书中 蕴含 质朴 道理 受益匪浅 但愿 所有 读者 快乐 幸福
0,拿到 随便 发现 一页 一下子 跳到 然后 从页 后面 正常 看着 方便 影响 心情
1,入住 高级 硬件 一般 不是 宽敞 服务
0,最大 缺点 吵闹 对面 喇叭 白天 一直 里面 餐厅 白天 几乎 没发 休息
1,西楼 海景房 实际 面对 一片 工地 正在 施工 不过 还好 影响 睡眠 免费 升级 家庭 套房 张床 不过 卫生间 小点 尤其 台盆 服务 不错 热情 怎么 中午 高峰 时段 只有 不会 拖鞋
1,女儿 两书 买回来 天天 做题 喜欢 奖励 动不动 吃饭 睡觉 两本书 以前 全脑 开发 题目 有趣 适合 这个 年龄 孩子 贴纸 画边 做边 动手 特别 一下 设计 卡片 别的 同类 书上 只有 缺点 是不是 太厚 分成 几册 女儿 总是 一下子
0,书里 基本 日本 生活 环境 国内 有些 区别 可能 人住 共鸣 一边 还好 一本
0,九华山 回来 百岁 山庄 大堂 飘溢 奇香 不知 有些 刺鼻 紧凑 设施 洗澡水 不错 可有 潮湿 通风 怪味 被单 不洁 痕迹 只注 一天
1,环境 不错 下午 居然 三间房 一间 打扫
0,交通 方便 不是 的话 方便 尤其 早上 叫车 他们 时间 观念 客房 服务员 骗人 前台 蚂蚁 不名 小虫 以后 绝对 不会 那里 同样 宁愿 开元 来说 概括
0,没收 就要 发表 知道 当当 怎么 做事 缺货 通知 知道 收钱
0,标准间 卫生间 居然 热水 不来 后来 服务生 经理 折腾 半个 小时 第一次 这么
0,前台 好好 培训 永远 一张 扑克 顾客 干吗 脸色 设施 越来越 洗手间 毛巾 该换 不是 方便 工作 价格 绝对 不会 考虑 入住 以前 多次 以后 考虑 还有 真的 有用吗 入住 别的 以后 看到 管理层 回复 比如 大连 银帆 新协通 回复 怎么 从没 看到 改进 管理层 不思上 何况 下属
1,喜欢 动物 尤其 猫咪 一下 非常 有意思 喜欢 动物 应该 一下 猫咪 或者 动物 世界 不同
1,一本 好书 文字 故事 兼顾 这个 系列 诙谐 文字 写出 生动 故事 配合 充满 童趣 孩子 大人 非常 喜欢 孩子 认字 开心 高兴 真是 好书 送给 爱看 文书 小海龟 他们 妈妈 他们 喜欢 吸引 感谢 原作者 同时 感谢 译者 努力 通过 翻译 得以 欣赏
0,昨天 签收 系统 没装 开机 一小 会儿 听到 风扇 运转 声音 不知 散热 是不是 真的 不太好
0,屏幕 表现 一般 特别 系统 字体 看起来 模糊 建议 预算 一台 商务 机好
1,不错 干洗 衣服 还会 注明 哪里 有油点 哪里 开线 已经 相应 处理 感谢 风景 没得说 不错 仿古 舒服 下次 还会 这里
1,朋友 据说 不错 一下 试试
0,外面 环境 很脏 里面 不仅 地毯 瓷砖 地面 市区 太远
0,这个 奇怪 要说 用心 细节 不错 包括 毛巾 叠成 各种 动物 形状 马桶 玫瑰 花瓣 服务 真的 糟糕 环境 好看 介绍 房卡 八折 海洋 世界 各种 项目 居然 从订 房到 退房 工作人员 告诉 这件 离谱 居然 大厅 看到 一只 老鼠 这个 糟糕 补充 点评 年月日 一点 前台 服务态度 糟糕 之外 居然 专业 退房 回到 车子 机场 车费 方便 竟然 房卡 明确 告诉 他们 房卡 已经 还给 他们 确认 交还 负责 退房 男士 办理 入住 小姐 开始 相互 抱怨 一边 除了 惊诧 惊诧 等到 上车 开出 一段 以后 司机 有趣 是不是 已经 他们 已经 付钱 前台 有人 出来 签收 安排 车子 然后 打电话 确认 是不是 已经 付钱 瀑布
0,不能 就要 清楚 现在 操作系统 事情 老大 这个 郁闷 好久
0,文章 很多 以前 看到 想到 实用性 一级 译者 水平 确实 不怎么样 尤其 人称 转换 头晕 建议 最好 原著 英文版
1,双核 独显 低价 来说 不错 一下 别人 内存 硬盘 方面 支持 内存 双通道 集成显卡 性能 一般 集成显卡 发热量 一些 优点 便宜 性价比
0,条件 面积 太小 简直 不象
0,声音 效果 粗糙 机器 本身 以及 屏幕 吸尘 自带 实用
1,初中 数学老师 孩子 小学 三年级 平常 经常 书店 很少 这么 数学 课外读物 儿子 一起 套书 小学 三年级 孩子 来说 涉及 初中 需要 简单 讲解 听懂 听不懂 其次 关键 培养 孩子 学习 数学 兴趣 知识 通过 漫画 故事 展示 出来 真的 不错 翻译 有些 语言 叙述 别扭 为什么 中国 作家 出来 总的来说 非常 不错
1,此书 不错 二十年 怎么 希望 推荐 年轻人 不过 话说回来 里面 道理 恐怕 不是 每个 人都学 得来 毕竟 个性 很难 改变 另外 袁先生 有些 章节 用词 学术 不然 通俗 有趣 可能 本人 经历 有关 有名 大学 佩服 希望 一本 正在 职场 打拼 创业 家里 外面 中间 容易
1,指导 父母 如何 帮助 孩子 摆脱 负面 情绪 一本 句句 经典 极其 实用 强烈推荐 该书 再版 一次 一些 专门 中国 读者 序言 每次 收获 孩子 长大 父母 内心 不断 成熟 书中 很多 理念 方法 需要 漫长 实践 不断 消化 孩子 快岁 或者 已经 表现 迹象 一定 赶紧 学习 一下
0,等到 发现 主板 换货 时间 已经 强烈建议 大家 不要 这里 售后 要求 蛮高 特别 买回去 系统 半天 其他 看上去 价格比 外面 便宜 一点 其实
1,多数 文章 看过 当时 为了 看看 里头 是不是 好看 照片 可惜 全都 黑白 要是 彩照 更好 至于 文青 枕边书 有点儿 其中 看出 采访 功课 实在 任务 繁重 多块 买来 一边 那天 没准 能当 史料 总之 还好
0,老乡 作品 客观 来讲 的话 牵强 经历 丰富 文采 不错 喜欢 结构 风格 一次 跟风
1,字体 小寸 只是 页面 显示 字体 变小 轻便 速度 不错 硬盘
1,这是 一本 非常 有益 工具 类书 尤其 当前 经济 全球化 前提 中国 金融机构 显得 单薄 金融 产品 匮乏 情况 当然 考虑 金融风暴 因素 金融 衍生品 推出 相应 监管 慎之又慎 然而 既然 不能 因噎废食 即便 防范 风险 了解 世界 成熟 金融机构 管理 流程 此书 经典 选择
0,偏远 外面 修路 脏乱 服务 一般
1,入住 香港 主要 为了 地点 来讲 算是 位置 对得起 我订 价格 元晚 干净 入住 海景房 真的 看到 宽阔 海景 不错 卫生间 阔落 非常 舒服 唯一 欠缺 电视机 安置 侧面 看起来 不是 方便 不过 还好 反正 不是 为了 看电视 交通 方面 遇到 多大 只是 那天 来回 中环 很多 确是 购物点 一般来说 出门 看准 提供 时间 出发 铁站 中环 转乘 回来 电车 俗称 叮叮 沿路 海景 惬意 对于 订房 还有 一点 补充 一定 提早 一直 比价 出发 当然 几天 动漫 节则 一举两得 后来 接近 查看 价格 已经 变成 千多 海鲜 因此 深有体会
1,几乎 噪音 硬盘 声音 几乎 听不见 配置 主流 相关 软件测试 温度 今天 这么 天气 只有 做工 精细 外表 一种 爱不释手 确实 一款 难得
0,徐州 完差 假道 厦门 原来 好好 放松 一下 晚上 九点钟 预定 高级 无所谓 前台 服务 怎样 拿到 卡片 开门 一看 图片 完全 两样 典型 九十年代 装修 所谓 一晚 毕竟 提前 放置 水果 告诉 客人 随后 而来 服务员 改变 想法 直白 告诉 总服务台 水果 撤掉 原因 送错 而已 网站 水果 饮料 尴尬 打电话 询问 客户 专员 协调 最终 反馈 这里 只是 简单 前台 知道 客人 知道 客人 如何 知道 预定 高级 如何 知道 几点 到达 清楚 是不是 衣着打扮 不得体 引来 真正 由于 工作人员 疏忽 引起 可惜 原来 我本 心情 早早 睡下 稍后 拒绝 大堂 经理 升级 延迟 退房 道歉 方式 稍稍 抗议 不满 下次 南京 我会 慎重考虑 选择
0,服务 不好 第一天 前台 登记 入住 对预 授权 签字 质疑 前台 接待 竟然 愿意 签字 其他人 付钱 这个 回答 简直 无语 第二天 结帐 时用 另外 一张 信用卡 结帐 之前 用于 押金 授权 不能 解冻 告知 需要 天才 前台 理论 值班 经理 通知 天到 解冻 着急 办事 后来 打电话 询问 告知 要天 心中 诧异 打电话 银行 得知 任何 处理 自然 解冻 至少 提前 解冻 发传真 银行 他们 解释 及其 处理 行为 感到 气愤 上星 服务 太差 不管 软件 硬件 硬件 提高 花钱 人员素质 提高 花钱 不来
0,日经 预订 入住 四川 宾馆 西楼 到达 前台 服务员 查不到 预订 依然 顺利 办理 入住 前台 价格 价格 一样 这个 宾馆 不太好 四川 宾馆 主楼 南楼 西楼 三个 相距甚远 出租车 半天 找到 之所以 选择 这里 是因为 网上 大家 安静 商业区 可是 晚上 临街 楼下 一群 夜市 喝酒 玻璃 严重 隔音 一直 三点 作罢 睡得 不好 第二日 峨嵋山 返回 依然 打算 这里 设施 算是 干净 特意 跟前 强调 一间 朝里 安静 可是 没想到 出现 外有 空调 或是 锅炉 轰鸣声 吵得 耳朵 舒服 不用说 睡觉 忍受 十二点 打电话 前台 询问 告知 空调 声音 空调 已经 关了 旁边 另一家 空调机 依然 他们 办法 主动 提出 一间 办法 只好 摊开 一一 收拾 再换 临街 这次 还好 楼下 吵闹 可是 卫生间 味儿 满屋子 一股 臭味儿 实在 不想 折腾 妈妈 香皂 放在 床头 稍微 抵挡 一下 总之 这次 川宾 西楼 舒服 一号 返回 成都 需要 再住 两日 这次 绝对 不能 接着 宾馆
1,绝对 超高 性价比 完美 日常 办公 绝对 够用 外观 不错 出去 绝对 误解 高档
1,两年 多前 网上 看到 很多 红翼 行动 报导 没想到 中文版 这么 当然 归功于 翻译 水平 马库斯 这个 农场 长大 美国 大兵 写文章 质朴 幽默 原以为 新兵训练 童年 经历 部分 不感兴趣 没想到 所有 事情 描写 生动 记忆力 眼前 电影 一样 文章 画面感 很强 建议 不论 以为 海豹 部队 多么 了解 一定 不要 错过
1,从潇然 少年 丞相 不能不 说小佚 总能 带来 感动 心灵 震撼 无论是 祈然 专情 执着 感叹 不已 女主 并非 其他 文中 幸运 似乎 总是 扮演着 后妈 角色 设下 种种 磨难 成长 欣慰 不是 彩虹 总在 风雨 后人 不断 磨练 成长 唯一 不同 他们 目标 不同 成为 社会 不同 看着 临宇 成长 快乐 于是 跟着 快乐
1,这个 西部 城市 能住 欣喜 提供 免费 接机 服务 方便 出行 地处 市中心 购物 方便 早餐 丰富 服务 人员 热情 推荐 大家 试试 下次 这里 仍然 会住 这里 补充 点评 年月日 还要 特别感谢 客房 服务员 流鼻血 送来 加湿器 真的 感动
1,预装 很多 性价比 不错 外观 不错 保修 三年 送货 人员 服务 也好
0,刻板 无聊 适用 方面 应该 呵呵 本人 前面 几篇
1,环境 花园 很大 服务生 态度 距离 机场 很近 方便 不错 下次 考虑 再次 入住
1,设施 有些 陈旧 值得 欣慰 宽带 速度 宾馆 反馈 年月日 感谢您 宽带 认可 其他 方面 努力 欢迎您 再次 光临惠顾
1,喜欢 房间内 卫生间 大大的 浴缸 浴缸 带花 方便 独立 淋浴房 空间 很大 以后 还会 选择
1,曾经 经历 车祸 心里 多少 有些 阴影 一点 深有体会 小厉 一定 属于 阴影 未散 类人 写意 不系 安全带 反映 这么 激烈 可怜 写意 不明 以为 这个 皮笑肉不笑 家伙 喜怒无常 阴情 不定 真是
1,性价比 收购 贵族 机子 变成 大众 机子 大家 过把瘾
0,断电 后重 电源适配器 机会 出现 无线 网卡 默认 关闭 状态 以及 屏幕 亮度 默认 恢复原 设置 及其 方便
0,帮助 中心 退换货 发货 退换货 流程 明确 邮费 凭证 订单 号码 传真 承担 一次 国内 平邮 普通 包裹 邮寄 费用 多月 收到 退款 缺页 订单 换货 订单 打电话 得到 回答 永远 对不起 清楚 耐心 等待 耐心 美德
1,看起来 不错 系统 速度 挺快
1,价格 优惠 其他 品牌 上网 同样 配置 同样 外观 价格 一样 这个 居然 其他 品牌 便宜 超值 山寨 价格 品牌机 质量
1,说实话 纯粹 价格便宜 买来 一看 血型 里面 简直 一摸 一样 当时 怎么 日本 读物 神奇 看来 血型 决定 个人 性格 一定 道理 书短 血型 真的 应该 来看 别人 了解 真的 像是 遇到 知音 哈哈 今天 朋友 血型 好书 强烈推荐 一下
0,海兴 慕名 地段 服务 一般般 硬件
0,果然 一篇 说教 文章 果然 一篇 说教 文章 果然 一篇 说教 文章 果然 一篇 说教 文章 果然 一篇 说教 文章 果然 一篇 说教 文章 果然 一篇 说教 文章
0,是因为 是因为 个人 文史 喜爱 真的 失望 当然 个人爱好 关系 不是 喜欢 语言 风格 缺乏 一种 真实感 不过 流连 榜单 也许 吸引 人之处 不过 目前 发现
1,不错 晚上 六点半 送到 估计 最后 一家 样子 很漂亮 镜面 设计 外观 目前 正在 使用
0,刚看 开头 再也 看不下去 叙事 方式 初中生 水平 随便 一翻 一边
1,完藏 密码 不由 想象力 知识 丰富 从藏 密码 密码 宛如 三百六十度 美丽 充满 神秘 雪域 高原 转向 惊险 同样 充满 秘密 美洲 大陆 看到 卓木强 一行 经历 真的 他们 胆量 勇气 折服 这是 一场 惊心 刺激 旅行 对于 卓木强 遭遇 命运 真的 他们 捏一把汗 希望 藏地 密码 看到 心中 所想 人物 命运 期待
0,设施 不是 一般 招待所 毛巾 卫生间 竟然 发现 上面 臭虫 只能 餐厅 价格 大葱 炒鸡蛋 要元 其他 推想 地段 不错 服务态度 能够 全程 刷卡
1,教育 两个 看似 简单 简单 日常 威权 教育 于是 孩子 父母 愿望 个人 喜欢 成长 载体 很多 父母 不会 想想 孩子 是否 愿意 于是 孩子 只能 被动 享受 灌输 数千年 观念 面对 如常 教育 方式 已经 值得 反思 推荐 所有 家长 即将 成为 家长 当然 此书 并非 叙述 上面 话题 学着 尝试 孩子 良好 未来 孩子
0,前面 钥匙 一下 作用 新鲜 每次 这么 搞笑 拔下来 断楼 后面 正在 施工 推土机 打桩机 汽车 还有 工人 喊叫声 现场感 太强 夜里 休息 前台 小组 的确 一个个 哭丧着脸 人家 八百 一样 大堂 副理 不同 时段 电话 从来 没人 接过
0,书本 质量 不错 布局 不是 合理 打开 密密麻麻 孩子 喜欢
0,价格 太贵 太小 空调 有时候 开房间 厕所 抽水马桶
0,大失所望 广州 之前 研究 半天 后来 老公 要求 选择 欧洲 过来 那本 极尽 完美 之辞 推荐 网上 图片 介绍 应该 不错 点评 当时 认为 应该 一家 水平 差不多 可是 一进 发现 图片 实在 相差 太远 小得 可怜 行李 甚至 连坐 一张 小得 可怜 写字台 一台 小得 可怜 液晶电视 床上 看电视 恐怕 需要 一双 千里眼 使用 那张 写字台 一定 需要 苗条 才能 坐在 那个 位置 并且 需要 一台 小于 否则 放不下 干净 首先 进去 那间 大床 马桶 居然 漂着 头发 后来 立马 套房 其实 稍微 一点点 沙发 桌子 及大 一点 普通 电视 设施 陈旧 地板 有些 已经 翘起来 隔音 不好 热水 水压 不够 前台 服务 不错 服务员 英语 压根 见到 行李 个人感觉 不值 那个 价钱 个人 意见 推荐 入住
1,读完 之前 同事 推荐 同事 过瘾 一本 安排 闲暇 时间 空间 坐下 认认真真 下午 彩笔 书上 好多 然后 推荐 先生 总的来说 受益非浅 很多 婚姻 相处 原则 要点 值得 借鉴 书中 一个个 故事 化身为 子木 先生 或子 夫人 给出 分析 建议 值得一看
1,位置 不错 不过 靠近 马路 吵闹 窗户 不是 双层 服务员 热情 当时 电热壶 很快 送到 建议 注意 枕套 干净 程度
0,驱动 小麻烦 自带 驱动 驱动 基本 无线 网卡 起来 复杂 下午 搞定 还有 驱动 手动 出来 无法 自动 安装
0,一个多月 前住 印象 深刻 外表 看起来 不错 里面 一般 印象 深刻 第天 屁股 开始 痒害 赶快 医生 还好 没什么 可能 被子 没洗 干净 上面 细菌 肯定 消毒 被子 可能 没换 建议 大家 以后 贵点 不要 贪便宜 一两百 事情 后来 咱们 东莞 海悦 非常 好多 晚上 环境 服务员 态度 总之 满意 很值 相信 深圳 海悦 不会 现在 不敢 星星 放心
1,质量 趣味性 女儿 半超 喜欢 每天 下班 回家 贴纸 画面 温馨 随意 生动有趣 绘画 风格 大人 孩子 喜欢 用于 题目 语言 表述 一下子 孩子 响应 起来 每次 读完 题目 女儿 大声 回答 然后 认真 寻找 目标 歪歪扭扭 开心 一副 成就感 样子 非常
0,已经 海景房 一般 拖鞋 据称 不是 一次性 包装 说明 再要 需要 收费 发现 这个 拖鞋 其他 五星级 比有 特别 显著 差异 拖鞋 费用 实在 对不起 这么 性价比 不高 房费 准备 拖鞋 不能 住店 期间 弄脏 意味着 收费 可能 理直气壮 环保 理由 下次 不会 实在 看不出 特别 舒服 海悦 建国 试试 反正 这个 海景房 没什么 意思 相当 一般般 服务 没什么 值得 称道 甚至 肯定 比不上 泰安 遵华 华美达 泰安
0,表面 手摸 过后 不易 擦拭 预装 系统启动 太慢 原装 装点 鼓起来 价格 内不含 鼠标 有多景 售票
1,临沂 这个 算是 档次 外国 客人 服务 合格 可惜 电视 单调 国外 频道 很少 服务态度 不错
0,现实 应该 心机 金钱 看得 很重 这点 不好 应该 单纯 并非 有钱有势 就算 成功 在生活中 重要 学会 怎样 乐观 生活
0,南阳 现在 独此一家 选择 当然 第二次 选择 希望 加油 南阳 其他 加上 来金 凯悦 东方 价格 太贵 南阳 物价水平 相差 太远 全是 拐角处 边角料 实在 恼火 总是 有种 别人 压着 一点 上帝 不到 总之 服务
0,上面 钢琴 漆面 一把 容易 指纹 痕迹 键盘 触摸板 设计 左右侧 接口 由于 斜面 挖出来 不太 舒服 其他 尚可
1,散热 非常 显卡 玩游戏 一点 不卡 指纹 提供 很大 隐私 空间
1,那段 人性 泯灭 岁月 李光头 兄弟 相依为命 结下 血缘 情同手足 血浓于水 人间 亲情 小说 部分 李光头 飞黄腾达 之后 仍然 难以忘怀 兄弟 之间 一份 手足情深 绝对 一段 经历 息息相关 兄弟 魅力 在于 真实性 深刻 感情 描写 好多 涉黄 片段 譬如说 李光头 偷看 屁股 举办 处美人 大赛 李光头 林红 性关系 描写 究竟 怎么样 看待 书中 大量 性描写 认为 值得 探讨
0,缺点 女生 而言 系统 高难度 其它 只能 小本 选择 华硕 不会 后悔
1,功能齐全 外观 尚且 大气 随心 安装 喜欢
1,最近 生活 特别 几本书 读少 有人 开始 读前 几章 心情 豁然开朗 心情 放松 许多 对于 工作 对于 生活 信心 随着 后面 几章 阅读 很多 好像 有话 明白 总是 阐述 一半 接着 进行 阐述 下面 不过 振奋人心 启迪 人生 时间 一遍 古人 温故而知新
1,分量 屏幕 刚刚 小看 舒服 外观 不错 性能 过得去 内存 两三年 应该
0,你们 对外 推荐 里面 那个 服务 极差 入驻 用纸 洗脸盆 下水 服务员 年前 装修 介绍 装修 早餐 质量 极差 服务员 服务态度 想要 汤勺 后面 盘子 其实 最差 服务 钻石 贵宾 推荐 未经 核实 虚假 信息 然后 客户 不顾 客户 自行 陌生 城市 寻找 住处 年月日 投诉 进行 反馈 不过 理解 处理 事务 人员 放假 至于 客户 什么样 意见 哈哈 开假后 再说 再见 宾馆 反馈 年月日 感谢您 提出 宝贵意见 对于 入住 期间 经历 满意 深表歉意 开始 营业 经营 至今 分期 逐层 进行 装修 以供 客人 多种 房型 选择 著称 适合 商务 客人 特色 标准间 以大床 居多 新装 适合 夫妻 孩子 出行 家庭 还有 普通 大床 关于 餐饮 方面 确属 管理 疏忽 不过 时至 春节 招工 甚难 多加 理解 不过 不是 理由 一定 加强 培训 提高 员工 顾客 意识 致歉 减免 当日 房费 附赠 一份 礼物 以表 歉意 期盼 再次 光临指导
0,纯粹 国企 招待所 作风 质量 整个 看上去 显得 陈旧
1,正愁 知道 如何 孩子 沟通 学习 朋友 推荐 细细的 品味 突然 发现 很多 反而 例子 小时候 经历 庆幸 目前 那些 反例 引着 孩子 幸运 一句 多种 说法 每种 说法 语气 表现 出来 意思 味道 一样 中正 反例 学会 说话 阅读 二遍 第二遍 主要 任务 在于 第三次 阅读
1,马马虎虎 宾馆 地理位置 广场 很近 可是 周边环境 太差 门口 出租车 外出 方便
1,作为 一本 职场 启示录 不错 拉拉 一样 引入 故事 轻松 方式 告诉 如何 在职 场中 生存 如何 能越 爬越 高用 简洁明了 图形 模式 刻画出 在职 场所 职场 氦气 跃跃欲试 至于 为什么 星巴克 职场 启示录 个人 认为 一点 打广告 嫌疑 里面 似乎 牵连 美中不足 有些 阐述 不够 详尽 需要 不断 揣磨
0,太小 电梯 周围环境 正在 修路 非常 嘈杂
1,本本 不错 性价比 貌似 显卡 主要 发热
1,马马虎虎 宾馆 地理位置 广场 很近 可是 周边环境 太差 门口 出租车 外出 方便
1,性价比 不错 不足 接口 太少 左边 麻烦 麻烦 总结 性价比 不错 朋友 等到 通知
1,升级 总线 之后 一些 预装 系统
1,电池 果然 待机 九个 小时 以上 使用 七个 小时 左右 难得 做工 精细 电池 外观设计 合理 键盘 打字 顺畅 也许 本人 手小 麦克风 收音 不错 除了 所谓 以外 功能 齐全 即使 品质 一般 至少 具备 作为 第二台 职能 便携 够用 当然 光驱 除外 游戏 免谈 关于 正好 限制 上网 时间 优点 哈哈
1,晨晨 内向 很慢 真实 情感 进去 了解 晨晨 一路 走来 艰辛 容易 了解 晨晨 一路 走来 不仅 有乐橙们 支持 还有 比乐 关心 支持 晨晨 伯母 伯父 他们 心中 儿子 不仅 父母 他们 这个 孩子 今天 一步 容易 晨晨 学习 值得 大家
0,平台 性能 不错 风扇 确实 很响 假如 玩游戏 的话 风扇 一定 一直 可能 风扇 品质 一般 东芝 风扇 要响 不少 发热量 还好 出风口 后面 不过 热风 屏幕 下方 部位
0,价格 偏贵 开机 硬盘 不够 运行 还行 右掌 稍热 垃圾 不如
0,风扇 声音 不小 间歇性 这款 机器 开机 一小 触摸屏 注意 本本 扬声器 一般 宿舍 女生 东芝 音效 不如 那个 综合 起来 漂亮 很多 哈哈 很大 安慰
1,本本 不错 屏幕 亮点 散热 效果 非常 外壳 材料 显得 上档次
0,送货 确认 单上 签名 处写 确认 部件是否 完整 字样 送货员 不必 他们 只管 是否 里面 缺件 他们 不管 直接 签字 拆开来 里面 确实 没少 要是 有个 万一 不好
0,外部环境 不错 太旧 晚上 睡觉 阳台门 须用 顶住 性价比 不高
0,服务 太差 堂堂 五星 一双 拖鞋 一般 旅馆 不如 调来调去 垃圾 失望
0,驱动 有些 热键 不能 声音 不行 据说 驱动 知道 怎么办 屏幕 效果 一般 要是 屏幕 检测 生产日期 第一周
0,拿在手上 屏幕 随着 震动 晃荡 像是 结实 左手 托用 几分钟 明显 热于 右边
0,人物 风格 小丸子 缺少 作为 漫画 应该 夸张 或是 幽默 插图 小学生 日记 很难 引起共鸣
0,开机 关机 以后 风扇 声音 很大 系统 驱动 要是 一步到位
1,拉拉 早就 买过 第一遍 读是 看热闹 情节 等到 再次 阅读 罗列 职场 要点 标记 其实 意在 总结 在职 场中 经验 以及 技巧 高明 在于 所有 教条 融汇 生动 故事 塑造 鲜活 白领 形象 拉拉 区别 在于 故事情节 更加 跌宕 侧重于 职场 经验 总结 总之 好书 同时 教会 不少
1,非常 形象 描绘 小孩子 生活 心理 状态 波林 很多 行为 儿子 简直 一摸 一样 儿子 穿衣服 那本 常常 套头 衣服 时喊 怎么 真的 好笑 看出 的确 细致 观察 孩子 行为 不过 波林 女孩子 很多 举动 接近 女孩子 状态 应该 适合 女孩子 阅读
1,入住 香港 主要 为了 地点 来讲 算是 位置 对得起 我订 价格 元晚 干净 入住 海景房 真的 看到 宽阔 海景 不错 卫生间 阔落 非常 舒服 唯一 欠缺 电视机 安置 侧面 看起来 不是 方便 不过 还好 反正 不是 为了 看电视 交通 方面 遇到 多大 只是 那天 来回 中环 很多 确是 购物点 一般来说 出门 看准 提供 时间 出发 铁站 中环 转乘 回来 电车 俗称 叮叮 沿路 海景 惬意 对于 订房 还有 一点 补充 一定 提早 一直 比价 出发 当然 几天 动漫 节则 一举两得 后来 接近 查看 价格 已经 变成 千多 海鲜 因此 深有体会
1,总的来说 厦门 宾馆 不错 一间 大床 房层 一间 双床 房层 总共 晚上 宽敞 硬件 设施 稍显 陈旧 例如 灯光 开关 控制 不是 方便 智能 其他 方面 还好 服务员 彬彬有礼 训练有素 温暖 热情 早餐 品种 丰富 个人 喜欢 面线 鸭肉 牛奶 豆浆 刚去 味道 淡提 意见 明显 改进 中餐 不错 包间 服务 那天 年轻 服务生 非常 细心 周到 妥贴 周围环境 泰国 领事馆 交通 便利 打车 轮渡 燃油费 总之 宾馆 服务 环境 相比之下 去鹭江 宾馆 两次 可能 生意 太好 缘故 有些 服务员 不耐烦 态度生硬 舒服 小吃 不错
1,明朝 那些 一套 已经 看到 第六 过瘾 超级 过瘾 好看 最好 历史 所有 历史 语言 出来 开心 应该 学生 应该 早出 几年 那样 学习 历史 不是 痛苦 事情 特别 本人 走进 历史 多角度 分析 当时 人和事 看着 看着 好像 这些 事情 发生 身边 身临其境 不错 不错 相当 不错
1,算来 所涉 领域 五年 学院 描述 实业 成色 非常 过来 释然 当年 大学 业务 课程 多少 多少 呵呵 实践 相结合 确实 在校 大学生 现在 学生 至少 生活 信息时代 打开 涉及 一系列 网站 证书 知识点 就算 相信 有限
0,喜欢 女人 以为 小资 生活 每次 联想 上海 情景 不是 舒服 只有 颓废
1,总的来说 如同 男主 安倍 晴明 一样 平平淡淡 波澜不惊 舒适 温暖 大风大浪 尔虞我诈 只是 午后 樱花树 浪漫情怀 女主 能干 聪明 好吃懒做 不让 讨厌 文中 有些 令人捧腹 话语 想法 由于 平平淡淡 想不起 书中 印象 不深 文笔 不错 人物 塑造 偏离 安倍 晴明 本来 性格 一篇 绝对 水文
1,朱元璋 皇权 发挥 极致 皇帝 经历 有关 小聪明 机灵 读书 经历 坎坷 养成 复杂 性格 沉稳 坚韧 暴戾 多疑 越是 权利 越是 暴露无遗
1,麦克风 飞利浦 麦克风 匹配
1,四星 设施 陈旧 很小 健康秤 一般 价格 按照 四星 不是 很值
0,一般 女儿 不是 喜欢 介绍 以为 应该 不错 拿来 一看 故事 不是 有趣 卡通 形象 一般 呆板 女儿 似乎 只有 买来 有些 热情 翻开 一看 热情 可能 文化 不同 导致 国外 畅销 呵呵 比较而言 女儿 非常 喜欢 嘟嘟 系列 必须 一下 反感 作为 儿童读物 尤其 幼儿 读物 出版社 不能 控制 一下 油墨 质量 这书 价格 哪怕 儿童读物 油墨 味道 这么 味道 太大 熏眼 孩子 那里 愿意 放在 客厅 里个 星期 味道 基本 来看 油墨 幼儿 读物 有些
0,标准间 不如 设施 非常 陈旧 建议 标准间 改善
1,儿子 试试看 想法 几本 熊宝宝 绘本 其中 包括 这本 起来 儿子 非常 喜欢 看书 玩具 好多 儿子 一样 儿子 非常 亲切 第一次 讲完 儿子 没听够 甘心 熄灯 睡觉 通过 这个 故事 儿子 愿意 收拾 玩具 以前 怎么 没用 儿子 熊宝宝 不是 起来 下次 儿子 配合 收拾 玩具
0,内存 不过 现在 内存 便宜 需要 操作 系统重装 经常 移动 稳定性 不如 不过 很少 移动 类型 集成显卡 风扇 声音 很大 系统 麻烦
1,不错 地点 火车站 出来 一楼 吵有 旅行团 吃饭 客人 不过 影响 住宿
1,性价比 做工 还好 发热 预想 达到 一般 要求 水平
1,好像 第二次 入住 这次 标间 环境 不好 不台 干净 电视机 不好
0,接机 服务 不错 那天 出租车 送回 太小 布置 温馨 其他 一直 有人 进出 隔音 条件 不好 最可气 第二天 一早 七点 隔壁 竟然 冲击钻 施工 太差 下次 绝对 不住
1,怀着 好奇 忐忑 心情 开始 看写 这本 有关 减肥 宝典 开始 产生 强烈 共鸣 许多 减肥 不同 亲身经验 告诉 如何 改变 图片 看到 减肥 成功 希望 值得 所有 爱美 女孩子 看一看 不管 是不是 身材苗条 按照 书中 方法 更加 美丽 相当 推荐
0,本本 散热 差开 游戏 温度 直上 这个 要命 还有 电池 严重 缩水 续航 时间 小时 过点
0,配件 基本上 光机 以前 遥控器 网上 看到 人家 鼠标 发现
0,大多数 女人 希望 遇到 痴心 男人 不管 怎么 离开 只是 为什么 自私 偏激 时刻 怀疑 女主角 随心所欲 对待 男主角 男主角 这么 只能 理由
0,宣传 实际意义 从书 中学 新鲜 知识 想法 质量 不好 随便 看看 睡觉
0,发现 一样 郁闷 无线 加密 支持 郁闷 极了 远程 组网 网络安全 破解 现在 并非 难事 以为 上网 本是 时尚 没想 内置 一些 这么
1,万豪 硬件 设施 应该 相当 不错 只是 春节 入住 缘由 显得 异常 冷清 几乎 看不到 其他 客人 大多数 配套 设施 歇业 除了 健身 中心 健身 中心 清洁工 居然 客人 问及 拖鞋 浴巾 哪里 置若罔闻 回答 不到 害得 女儿 脚丫 游泳衣 穿过 长长的 进入 泳池 除了 还有 太过分
1,外壳 漂亮 实物 介绍 价格 实惠 高清 接口
1,系统 相当 及其 恶心 知道 狗日 想法 强行 使用 两台 系统 没见 网上 销售 重要 打架 尽量 不要 涉及 售后服务 这块 尽量 搞好 相安无事 其实 网上 售后服务 售后服务 差劲 换货 期间 以为 键盘 懒得
0,入住 西楼 宽敞 设施 一些 两道 这点 很少 晚上 安静 走廊 声音 很多 当时 相同 价格 附近 步行街 找会 惊喜 还好 电视信号 还有 那天 嫦娥 升空 真巧
0,蓝牙 纸质 说明书 我要 送人 人家 应该 需要
0,朋友 大致 翻阅 一下 喜欢 曲黎敏 老师 不过 朋友 喜欢 最大 好处 一套 人体 穴位
0,各下 单月 日下 收到 可是 单到 今天 没收 知道 回事
0,根本 提不上 不知 前台 服务态度 很差 前台 小姐 前面 两位 客人 发生争执 态度 抱歉 几分钟 小姐 为什么 登记 理由 以为 他们 一起 费用 设施 实在 差距 甚远 连个 一点 吊灯 全是 昏暗 头灯 心情 郁闷 隔音 设施 太差 早上 点多 马路 车水马龙 声音 无法 入睡 所谓 早餐 真是 知道 怎么 形容 总共 几样 只有 到样 餐厅 服务生 有意思 不知 是不是 热情 过度 盘子 已不多 她们 老来 不问 是否 需要 厨房 里少 盘子 回收 总之 一点 不论是 设施 服务 根本 只有
0,这用 习惯 预装 乱七八糟 知道 该留 麻烦
0,居然 连货 没收 后来 知道 解决 白白的 没收 怎么办
1,一段时间 最终 决定 商务 性能 不用说 加上 忠实 用户 年初 现在 正常 服役 安装 驱动 有些 困难 建议 朋友 改装 系统 时用 驱动 精灵 软件 解决 繁杂 驱动程序
1,前台 服务态度 细心 硬件 设施 由于 跟不上 老化
1,过年 三部曲 两部 只是 一般 仅仅 冲着 三部曲 最后 一部 开始 之后 这是 三套 里面 最好 看过 小说 里面 相当 不错 人物 刻画 丰满 情节 跌宕 结局 不算 不好 每个 他们 事情 不过 塑造 女主 形象 没什么 变化 心机 不会 害人 之前 流行 宫廷 小说 很大 不同 这个
0,开始 有模有样 往后 前后 反差 太大 贺顿 经历 初中 女孩
1,外观 重量 运行 起来 声音 很小 晚上 用应 不会 影响 别人 包包 结实 好用 屏幕 看上去 细腻
1,冲着 万豪 名气 失望 位置 不错 以外 其他 表现 平平 特别 装修 已显 老态 希望 当局 早点 更新 不然 对不起 八百多 一晚 房价 早餐
1,干净 舒适 出差 旅游 度假 理想 之选 服务业 不错
1,原文
1,其实 早就 网上 看过 电视剧 后来 别人 说书 网上 出入 然后 一本 看看 完后 不错 看书 电视 想象 空间 不像 电视 那些 演员 垃圾 一点 逼真 敷衍了事 喜欢 大家 的话 千万别 看电视 那样 心中 大打折扣 情节 比较简单 后来 真的 感动 学会 好好 珍惜 身边
0,预装 麻烦 需要 重新 分区 分区 不合理 系统 恢复 分区 默认 盘主 分区 恢复 光盘 重新 分区 一键 还原 不可 光驱 总弹 一半儿 换成 磨沙 表面 更好
0,距离 想象 太远 看看 内涵 需要 新闻稿 说明
1,好书 确实 亲身经历 很多 很多 时间 出来 真实性 很强 中国 城市 到位 本人 城市 这方面 文化 了解 很少 在读 起来 很多 不是 明白 个人 水平 有关 有人 带有 偏见 认为 一点 偏见 真的 刻意 大陆 香港 哪好 不好 见解 真实
0,黑边 大屏幕 再大些 光驱 瑞星 光盘版 内存条 需要 系统 不好 很多 软件 兼容 触摸板 不太 方便 还有 只有 分区 郁闷
1,男主是 总是 看似 无害 估计 主要 晕乎 越是 女主越 好奇 走近 两人 交集 越来越
1,看到 很多 进行 报道 于是 完后 认为 这是 值得 两本书 着重 方面 一样 第一本 坚韧 拉拉 遇到 任何 困难 不会 退步 一直 坚持 想要 为此 努力 付出 第二 倒像 传授 做事 方法 给人以 一种 智慧 尽管 一本 关于 职场 带给 不是 多方面 至少 最近 心态 得到 改观 并且 决定 考研 陌生 勇敢
1,很大 服务员 态度 只是 商场 招商 不是 方便
1,入住 活动 原多 只要 合算 地理位置 不错 不错 不过 原价 满意
1,其他 企业 管理 一样 小说 形式 告诉 企业 中该 不该 怎么 尺度 如何 条分缕晰 不会 老子 教训 儿子 主人公 一起 经历 风浪 一起 成长 所说 尽在不言中 易于 接受 不致 产生 抵触情绪 一本 关于 如何 做好 一名 员工 好书 不过 关于 爱情 描写 累赘 通篇 知道 拉拉 喜欢 王伟 失望
0,停车场 开始 说起 保安 停车场 自由 出入 那里 路边 空地 一点 安全感 进入 大堂 开始 一种 刺鼻 霉味 红色 地毯 脏得 变成 黑色 进入 第一 别人 扔进 地下室 豪华 马上 要求 退房 拒绝 主动 豪华 不过 窗户 打开 开着 窗户 一会 浴巾 居然 带有 异味 发霉 味道 真不知道 出于 心态 签约 出于 价格 接近 四百 便宜 奉劝 大家 千万别 这里 唯一 过去 服务态度 不错
1,很多 父母 家庭教育 无法 父母 不能 选择 家庭教育 只有 承受 哪怕 诸多 只有 默默地 接受 然而 长大 成人 觉察 自省 反思 父辈 教育 老师 清楚 明白 透过 自我 成长 真正 教育 方式 对待 下一代 相信 他们 成长 健康 快乐 启示 一本 好书
0,非常 一般 设施 位置 严重 复合 这个 价位
1,本来 以为 这个 价格 本子 做工 不会 哪里 到手 一看 做工 真不错 至少 性能 过得去
0,当初 很多 好评 虽说 本人 向来 不是 胡乱 血汗 银子 尤其 兴致勃勃 胡乱 更是 少之又少 特例 实在 搞不懂 怎么 多人 好评 看来 这年头 大家 对书 要求 太低 个人 写书 强迫 大部分 得到 实质性 现在 是务时 社会 浪费 银子 就算 不能 浪费 宝贵 生命 我家 本已 不大 此书 无异于 鸡肋 有位 仁兄 炒作 没错 炒作 煸动 性极强 以上 纯属 个人 愚见 仅供参考
1,感慨 良久 或许 书中 点点滴滴 发生 祖辈 历史 当中 家族史 个人 能够 忘记 父辈 一言一行 后代 有着 深刻 影响 能够 祖辈 原型 该书 里面 有所 凸显 风云变幻 年代 里面 怎么 能够 更好 怎么样 能够 家族 兴旺发达 值得 深思 思考 家族 命运 思考 命运 怎么样 人生 旅才 想要
0,酒店设施 陈旧 服务员 态度生硬 位置 偏僻
1,这是 一本 好书 仅仅 是因为 至少 发出 一种 自由 声音 今天 刚刚 收到 迫不及待 开始 阅读 读完 第一篇 宋强 必须 正视 内政 愤懑 知道 还有 这些 负责人 编辑 电视 制作 感到 安慰 同样 安慰 现在 不再 听到 电视新闻 动不动 盛事 赞歌 看到 政协会议 国家 领导人 列席 了解 各项 表决 终于 反对 声音 总是 全票 通过
1,相对 其他 品牌 来说 喜欢 小黑 磨砂 质感 容易 指纹 散热 不用说 预装 个人 喜欢 不过 兼容性 没辙 只能
0,上当 每篇 文章 看起来 过瘾 刚刚 不过 后来 知道 张爱玲 作家 文章 这个 风格 就算
1,态度 不错 服务 差点 其它 没什么 补充 点评 年月日 服务 人员 说话 态度 极其 不好 安排 他们 没关系
1,系列 第一本 全系列 起码 现在 佩服 这么 构架 现在 小说 当然 聪明 故事 脉络 清晰 某些 名著 混杂 繁琐 往往 表达 迷惑 辛夷 此作 当属 青春文学 典范 文章 笔法 扎实 老道 娓娓道来 容易 消化 点睛之笔 信手拈来 好书
0,天津 星期 送到 订单 送货 过去 一问 总部 第三方 送货 公司 态度恶劣 不如 自提
0,键盘 手感 一般 其实 机器 挺厚 分量 不是 机器 自带 驱动 里面 两个 无线网 驱动 竟然 装不上 型号 上网 下来 装上 随机 软件 马虎
0,很多 朋友 说起 名字 吸引 买回来 看看 不过如此 很多 观点 相悖 可能 国情 不同 不能 完全 照搬 总之 想象 很多 失望
1,我订 贵宾楼 标间 根据 前人 评语 筛选 最大 特点 服务 细节 考虑 周到 水果 晚报 餐巾 甚至 浴缸 垫脚 毛巾 特别 提示 因该 贵宾楼 标间 靠近 马路 双层 隔音 玻璃房 单层 隔音 玻璃房 对于 噪音 敏感 建议 预定 双层 隔音 玻璃房
1,呵呵 收到 之后 首先 重装 四个 小时 时间 记住 一定 主板 里面 关掉 安装 以后 关闭 状态 否则 进不去
1,宝宝 一岁 九个 套书 一个月 宝宝 喜欢 这书 制作 精致 根据 孩子 一些 基本 生活 设定 比如 我要 拉车 不错 唯一 遗憾 可能 日本 人有 一点点 太合 情况 比如 刷牙 一本 小河 寿司 还有 车来 商场 游乐场 儿童 套餐 垃圾 食品 不宜 过多 宣扬
1,起来 八台 这台 配置 有所 提升 性能 提升 同时 保证 非常 性价比 散热 优良 完美 公司 同事 非常 满意 很大 气用 起来 键盘 绝对 舒服
1,茱莉 生活 一下子 繁华 社交界 转入 别人 眼中 劳累 无趣 孤儿院 面对 八面玲珑 成人 转入 困苦 无依 孩子 亲密 伴侣 人人 眼中 魅力 成功 男士 变成 硬直 情趣 医生 当中 转变 心情 跌荡 起伏 难用 三言两语 清楚 偏偏 儿童 明白 浅显 语言 一清二楚 接受 这些 转变 十分 自然 合理 功力 非同一般
1,好本 移动硬盘 标准 小多 介于 二者 优于 二者 权威 管理员 回答 咨询 错误百出 咨询 误导 我多购 一条 内存 无条件 退货 热爱 抨击 不负责任 解答 哈哈 感谢 丰富 生活
1,入门 方法 通过 一定 特别 资金 管理 方法 强制 自我 操作 纪律 从而 克服 人性 弱点 交易 进行 记住 长期 进行 下去 认为 必要 方法 效果 对于 资金 管理 书中 一些 买卖 说明 系统 大家 入门 而已 特别 第一 部分 市场 参与 必须 基本知识 买卖 系统 还要 大家 慢慢 探索 提高 进场 胜算 几率 回到 实质 提出 资金 管理 重要
0,严重 后悔 决定 以后 不要 这些 当然 不是 准备 全是 胡扯 一如 现在 沸腾 大国 崛起
1,特价 完美 外观 做工 细节 方面 精致 看起来 非常 大气 不愧
1,这是 第三次 点评 纯粹 为了 积分 没什么 服务 不错
0,重了 上下班 背着 累人 还有 系统 气死人 分区 好多 办法 分区 系统 搞坏 备份 没用 只有 拿到 服务 还要 二百 大洋 搞好 分区 换个 系统
1,本来 买来 学习 教育 孩子 完后 总是 自觉 拿来 身边 成人 文中 理论 现实 应证 感到 中国 教育 真的 需要 改进 当然 现有 基础 吸收 新鲜 元素 文章 案例 帮助 正确理解 这蒙式 教育 理念 希望 我能 正确 运用 坚持不懈 执行 但愿 孩子 未来 光明 写些 爷爷奶奶 接受 更好 孩子 生活 统一 完整 谢谢
0,如题 总的来看 印刷 效果 整套书 一种 难闻 味道 不知 出版社 怎么 考虑 套书 可是 提供 孩子 阅读 这么 味道 孩子 呼吸道 可能 造成 一定 刺激 知道 为什么 获得 这么 五星
1,配置 价格比 村里 报价 性价比 挺高装 系统 顺利
1,做工 音质 特别 突出 触摸式 音量 调节 非常 没想到 这个 价格 产品
1,一般 儿童 书籍 不同 孩子 知道 结局 幸福 生活 一起 野兽 永远 可能 变回 王子 无法挽回 可能 结局 这是 生活 经常 遇到 事实 达尔 孩子 了解 现实 残酷 需要 不好 事实 存在 沦陷 绝望 生命 意义 达尔 中向 孩子 揭示 生命 用来 有利于 人类 事情 生命 强大 在于 长短 在于 是否 生命 照亮 生命
1,性能 不错 分级 评分 达到 屏幕显示 效果 鼠标 等于 入手
0,四个 糟糕透顶 晚上 十一点 入住 首先 交通 便利 必须 三峡大坝 专用 高速路 同时 还要 路过 几个 武警 拦截 停车 检查 专用 通行证 即使 出示 证件 当兵 盘问 由于 孩子 心里 不爽 安排 专门 通行证 接待 人员 还要 开车 家里 办完 手续 要求 回家 折腾 半天 下来 已经 凌晨 一点 总台 值班 服务员 态度 更加 糟糕 笑脸
0,最差 五星级 所谓 经济 间元晚 很小 通道 容下 一条 卫生间 没门 淋浴房 居然 没门 洗澡水 下不去 漫出 卫生间 一间 地毯 很脏 服务 不住 白送 不住 大刀
0,提前 一天 隔天 亏了 补偿 郁闷 机器 没装 系统 不是 方便
0,左侧 接口 太近 接设备 大点 不能 同时 光驱 声音 不是 一般 手写 软件 鸡肋 没什么 扩展卡 插槽 不是 通用型 难道 以后 趋势 以前 无线 网卡 不能
0,知道 原因 空格键 不能 正常 使用 只有 中间 下去 才能 左右 两边 下去 反应 客服 一定 检测 才能 换货 联想 客服 检测 不开 检测 单新 检测 折开 键盘 回来 能用 阴影
0,标准间 里面 设施 撑死 星级 标准 由于 二楼 餐厅 一股 厨房 相当 恶心
0,驱动 好像 一下 这个 败笔 不过 官网 找到 驱动 没什么 注意 版本 一样
1,学习 社会主义 理论 老师 非常 值得一看 老师 马克思 论点 解释 现在 社会主义 市场经济 阶段 理论 条理清楚 有理有节 充分 感受 社会主义 优越性 一些 社会主义 理论 相比 老师 现在 流行 术语 理论 全篇 结构 安排 紧凑 文字 流畅 通俗易懂 马克思 理论 透彻 分析 相当 具有 启发 性能 社会主义 理论 研究 这个 程度 真是 令人感动
0,先有 灵感 再有 主题 最后 编造出 这么 故事 故事 实在 一般般 某些 韩剧 水平 差不多 电视剧 编剧 眼当 当上 介绍 那个 意大利 居然 还有 中学生 评委 看看 那些 报纸 发迹 过程
0,环境 太吵 晚上 卡拉 影响 睡觉 服务 人员 服务态度 较差
1,三人间 宽敞 卫生间 不大 干净 三楼 胡同 设计 别具匠心 只是 早餐 结束 时间 太早 九点钟 餐厅 正赶上 服务员 收视 最后 一张 桌子 附近 特色小吃 很多 饭店 半夜 三点 营业 饭菜 汤面 可口 便宜 只是 忘记 饭店 名字
0,很多 说好 来看 也许 余华写 东东 本人 套路 完全 相克 书写 差劲 极了 个人感觉 模仿 王小波 那种 控制 文字 能力 差得远 不伦不类 非常 后悔 这书
0,相当 不过 便宜 交通 不太 方便 建议 不要 免费 注册 网站 导航 宾馆 索引 服务 说明 关于 诚聘 英才 代理 合作 广告业务 联系
1,性价比 价格 实惠 显卡 来说 已经 非常 游戏 运行 流畅 系统 坊间 传言 难装
0,屏幕 偏向 娱乐 电影 用来 工作 浪费 太扁 视线 不能 兼顾 两边
1,宝宝 两个 多月 看到 几乎 一口气 当时 不是 很多 宝宝 总要 家里人 我奶 不够 于是 不少 奶粉 知道 奶是 吸越 于是 下定决心 奶粉 不到 一个月 一天 四顿 奶粉 成为 母乳喂养 以前 准备 四个 准备 至少 一岁 现在 宝宝 七个 坚持 宝宝 睡觉 坚持 母乳喂养 感谢 小巫 这次 买书 准备 几个 怀孕 朋友
0,显卡 鼠标 按键 有些 电源 有些 松一 容易 需用 系统盘 重装系统 大家 地址 装机 非常 有用
1,财务管理 方面 各个 模块 主要 进行 简单 介绍 入门 不错 选择 接触 读者 来说 可能 稍稍 难度 起来 理解 不会 深刻 结合实际 业务 不论是 该书 理解 财务管理 理论 思想 掌握 以及 行业 应用 得到 非常 帮助 当然 初学者 一定 难度 毕竟 实践 漫长 过程 此书 适合 随时 阅读 反复 阅读
1,晦涩 理论知识 串联 故事 故事 情节 戏剧化 不过 为了 各种 知识 能汇 一起 并且 结合 发生 身上 而编 读者 产生 角色 混淆 不能 体会 书中 同心圆 由内而外 变化 建议 阅读 几章 然后 停顿 回味 其实 所谓 第一次 通读 一遍 然后 反复 阅读 几次 同样 能够 体会 温故知新 意义
0,电池 原因 比重 一些 电源 小巧 发热量 很大 烫手 外壳 容易 手印 最好 贴个模
0,很多 只能 适合 大概 浏览 一下 书里 讲述 早已 知晓 不用 提及 兴趣 下去
1,儿子 两个 突然 拉肚子 呕吐 第一 时间 宝宝 医院 父母 总是 奢望 白衣天使 准确 地治 好孩子 然而 两个 星期 过去 明显好转 好友 推荐 开始 怀疑 推拿 真的 治病 试试看 心态 孩子 小时 推拿 按照 书里 指导 没想到 第二天 明显 继续 推拿 两天 痊愈 现在 每天 儿子 推拿 小时 感谢 家庭医生 儿童 经络 手册
0,非常 小房间 设施 非常 装修 至今 已经 空气 非常 差一 打开门 一股 非常 烟味 霉味 迎面 服务 不错 楼换 空气 依然 非常 非常 非常 差得 不能 接受
1,周五 收到 沥川 往事 周六 一口气 读完 周日 不时 重新 读书 人物 发生 主人公 身上 故事 一副 美丽 伤感 画卷 不时 出现 眼前 小秋 沥川 故事 那种 心碎 心醉 女性 梦想 拥有 深深 陷入 小说 情节 难以自拔 不原 自拔 好久 欣赏 这么 美的 情感小说 感谢 主人公 爱情 完美 结局 人们 他们 流过泪 由衷 祝福 他们 他们 幸福 欣慰
0,散热 不是 接受 准备 买个 散热器 呵呵 散热 不是 接受 准备 买个 散热器 呵呵 散热 不是 接受 准备 买个 散热器 呵呵
0,四星 家具 家居用品 差象 招待所 设备 电视 放在 衣柜 柜子 看电视 还要 打开 柜门 才能 并且 免费 矿泉水 饮用
1,价格比 中关村 便宜 电池容量 真不错 电影 小时 左右 外形 喜欢 个人 好看 屏幕 色彩 不错 不足 显卡 真是 不行 电影 其他 操作 画面 一下 不过 毕竟 上网 容忍 总结 只有 屏幕 字体 清晰 丝毫 不到 屏幕 很小 轻快 携带方便 中关村 一天 发现 便宜 价格 值得
0,知道 为什么 大家 这书 个人 只能 一般 而已 起码 一本 小说 角度 文学 素养 真是 不好意思 恭维
0,入住 服务 大堂 一般 入住 发现 硬件 较差 比如 空调 马桶 尤其 电视 遥控器 非常 几乎 不能 空调 不管 走廊 味道 早餐 差刚 九点 服务员 疯狂 地收 问一问 客人 是否 需要 很差 曾经 看到 不太 确切 第二天 立刻 龙城 山西 真的 宾馆 知道 为什么 奇怪
0,质量 还好 实在 没意思 以为 侧重 心理 方面 分析 实际上 婚外恋
0,机器 最好 配合 独立 显卡 更爽 强烈 谴责 机器 驱动 好好 更新 这个 主板 显卡 驱动 不能 组成 交火 浪费 驱动 通用 厂商 自行 发布
1,复活 看到 好几个 版本 最后 看到 本草 翻译 冲着 一点 毫不犹豫 买下来 价格 一点 不过 书到 以后 值得 手里 很沉 足以 说明书 质量 不错 封面 平装 精美 里面 纸质 很棒 摸上去 手感 顺滑 其他 版本 要强 至于 草婴译 不必 总之 这是 一本 内外 兼备 好书 推荐
0,以为 温州 华侨 饭店 系统 入住 发现 校办 隔音 很差 不仅 左右 楼上 动静 一股 陈年 霉味 行政 大些 湖景 一般 一小部分 服务 国企
0,天宇 位置 内部 设施 消耗品 配备 实在 不怎么样
1,性价比 很高 不玩大 游戏 性能 足够 三年 保看 高清 不错 接口 齐全 散热 做工 不错
0,附送 价格 不具 优势 几天 不算 现在 新出 几款 上网 更具 性价比
1,设施 老化 毕竟 闹中取静 洗漱 东东 齐全
0,随便 封面 花哨 里面 字体 很大 差不多 极大 形容 尔尔 估计 以后 只能 当垫 桌脚 一致 以为 流行 花哨 众口一词 称赞 事物 需要 报以 最大 怀疑 谨慎 这次 理性 光芒 照耀 冲动 感性 本来 不大 添加 累赘 或者 鸡肋 当里 非常 非常 怀疑 当当 页面 假装 顾客 炒作 当然 只是 怀疑 需要 阅读 的话 建议 图书馆 借阅 买来 收藏 慢慢 吸收 阅读 毫无 必要 个人 观感 诸位 自鉴 反正 我家 桌脚
1,起来 不错 系统 没说的 垃圾 很多 软件 要求 软件 版本
0,其实 桐城 位置 桐城 里面 北苑路 走进 将近 十分钟 不好 不好 打车 条件 多元 太贵 补充 点评 年月日 说明 知道 现在 价格 如何 客人 三月 十一号 入住
1,冲着 万豪 名气 失望 位置 不错 以外 其他 表现 平平 特别 装修 已显 老态 希望 当局 早点 更新 不然 对不起 八百多 一晚 房价 早餐
0,两岁半 儿子 非常 喜欢 看到 大家 两套 外加 一本 系列 拿到 手上 第一 轻飘飘 尽管 开本 很大 纸张 一般 价位 相差 太远 翻开 轱辘 轱辘 当时 果然 以前 很多 买家 一样 乱太乱 画面 太满 情节 清晰 重要 很多 中国 完全 不符 比如 出租车 吉普车 儿子 喜欢 皮卡车 里面 翻译 翻译成 卡车 运输车 来讲 迷惑 起来 费劲 也许 孩子 太小 适合 套书 总之 系列 书买 不值 性价比 太低
0,先后 买过 两套 一样 梅拉 不仅 孩子 爱看 大人 爱看 里面 童趣 唤醒 每个 人内 心中 纯真 一面 画面 精美 语言 特别 适合 孩子 阅读 我大 侄儿 特别 喜欢 这套 读物 反复 爱不释手 今年过年 一套 送给 朋友 孩子 希望 他们 健康成长
1,入住 两晚 现在 上来 做下 点评 呵呵 双人床 年头 宾馆 整洁 程度 环境 不错 服务 人员 热情 由于 充电器 宾馆 使用 不了 半夜 要求 前台 送个 旅行 充电器 过来 三个 不好 服务生 上上下下 四五次 一点 厌烦 最后 一再 表示歉意 很棒 餐饮 方面 西餐厅 不错 价格 味道 方面 不错 至于 中餐厅 一般 菜品 特色 一顿饭 左右 吃饱 整体 环境 不错 后面 绿化 不错 有种 幽深 雅静 呵呵
0,不是 一本 完全 无用 多少 得到 启发 章节 公车上 打发 时间 不错
1,非常感谢 安排 服务 表示满意 希望 服务 越来越 贵宾 提供 优良 全面 服务
0,以为 里面 很多 图片 原来 文字 实在 心情 主要 照片 那该 怎么 确定 美女 不太能 信服
0,轻轨 虹口足球场 下来 西江 不近 不远 预订 时间 到达 前台 告知 商务 房要 小时 左右 空房 建议 换成 同价位 标准 于是 入住 标准 设施 马马虎虎 台灯 两个 写字台 床头柜 不错 电视剧 经常 信号 不清 画面 模糊 窗正 轻轨 因此 窗边 墙面 已经 发霉 另外 夜里 十二点 洗澡时 热水 不足 不过 早上 恢复正常 楼道 需要 房卡 安全措施
0,打开 角度 大概 样子 屏幕 颜色 奇怪 偏浅 不是 十分 艳丽 屏幕 驱动 详细 硬件 配置 说明 只能
0,距离 想象 太远 看看 内涵 需要 新闻稿 说明
1,拿到 超级 喜欢 外包装 一切都是 淡淡的 淡淡的 绿色 薄薄的 包装 放在 包里 手里 重看 开始 部分 女孩 生活 波澜不惊 一切都是 淡淡的 贴近生活 清新自然 完全 更是 喜欢 喜欢 那种 真实感 喜欢 那种 做作 生活 如此 最终 一切 归于 平淡 最终 捐给 无锡 书吧 人来 阅读 感受 那种 清醒
1,继续 再次 点评 其他 以前 一样 只是 对于 前台 服务 速度 希望 一点多 一点 笑脸 亲和力 不够 其他 没什么 值得 推荐
0,真的 很差 本来 为了 考试 考点 一点 基本上 服务 阴暗 一股 怪味 本来 大床 房非 标准间 总之 一肚子 气定 两天 一天
0,了解 现在 起来 舒服 上下 距离 太窄 宽度 相当于 屏屏 太亮 改了 设置 只要 重启
1,海景 一般 安排 海景房 升级 不过 吸烟 晚上 回去 发现 严重 后来 安排 空气 净化器 算是 解决 很大 不过 形状 不好 实用 适合 加床 装修 配置 一般 不能 豪华 班车 方便 四周 安静 商业 一般
0,第一天 入住 手续 前台 大姐 一直 直到 办完 手续 眼皮 一下 大床 却是 双人房 只好 前台 那位 大姐 始终 眼皮 竟然 衣柜 袋泡茶 有些 习惯 打扫 得到 干净 还有 免费 宽带 卫生间 浴缸 早餐 品种 极少 只有 一部 电梯 方便 本来 预订 五天 两天 退房
0,价格 稍微 一点 上网 第一次 开机 分区 注意 想要 通过 右键 磁盘 管理 删除 磁盘 重新 分区 重启 格式化
1,月初 一夜 不错 特别 钟山 一面 隔壁 南京 博物馆 许多 楼下 淮扬菜 餐厅 点菜 一般 一句 几次 南京 补充 点评 年月日 记得 缺点 上网 要钱 作为 五星级 必要 小气
1,入住 这家 环境 服务 不错 只是 礼品 果盘 没什么 大不了 这项 礼品 不写
1,坦白说 想象 三星 属于 一类 员工 服务 意识 很强 象是 内地 城市 价钱 不够 竞争力 火车站 遇到 拉客 导游 提供 更好 价格 路遇 旅伴 尝试
1,品牌效应 最牛 内存 大硬盘 硬指标 系统 不用 重新 系统 屏幕 大看 电影 玩游戏 视觉效果 一包 不用 花钱买 包少 一两百
0,我定 一套 明朝 那些 事书 好不容易 收到 只有 一本 朱元璋 我订 其他 乱七八糟 知道 怎么 寄过来 打电话 过去 一个劲 强烈抗议 真不知道 这事 怎么 处理
1,服务 真的 好评 不过 失望 五星 五星 服务 下次 青岛 还会 选择 这里 以后 机会 一家人 这里 度假 真的 这里 惬意 愉快 舒服
1,青岛 香格里拉 协议 没房 情况 不过 还有 需要 改善
0,标配 内存 三星 内存 两个 内存 插槽 升级 就要 浪费 标配 内存 如能 改为 单条 更好 不好 升级 内存 不太够 同样 成本 不如 预装
1,江门 出差 一直 这个 性价比
0,触控板 左右 键键程 偏短 生硬 适合 女生 使用 到货 发现 键盘 边缘 安装 到位 还好 本人 一点 重新安装 华硕 公司 应该 好好 检讨 一下 产品 怎么 通过 检测
1,英诺森 插画 还有 突出 特点 角度 多变 如同 电影 每幅 视角 不同 增加 生动 真实性 构图 往往 主角 安排 角落 需要 寻找 寻找 当中 看到 市井 生活 各种各样 风貌 形态 真是 无字 教科书 英诺森 插图 本身 宏伟 图画 值得 慢慢 品味 强烈推荐 喜欢 快餐 阅读 朋友 推荐 追求 认真做事 朋友 推荐 插画 要求 朋友
0,怎么 好评 怎么 女儿 喜欢 放在 一边 是不是 喜欢 女儿
1,大楼 很漂亮 价格 便宜 其他 一般 索菲特 起来
0,服务态度 不错 地点 周围 吃饭 早餐 以前 宾馆 反馈 年月日 市中心 只有 三分钟 车程 周围 很多 吃饭 欢迎 总台 咨询 早餐 品种 调整
0,功能键 好像 全部 怪怪的 不过 习惯 没什么
0,卫生 情况 较差 特别 早晨 点多 听到 卫生间 两只 老鼠 嘶叫 特别 硬件 设施 价格 不符 失望 令人 失望
0,系列 本身 厚重 一些 内存 不好 第一次 害怕 拆坏 联想 自带 开机 软件 太多 影响 速度
1,兴许 本身 阴阳师 书籍 资料 已经 很多 喜欢 那个 淡然 男子 了然 世俗 眼神 看到 关于 小说 很感兴趣 看到 很多 应该 不错 冲冲 拿到 一口气 目的 故事 算是 生活 小品 的确 不错 蜜蝶 迷迷糊糊 矫情 个性 喜欢 终归 小小 遗憾 冲着 料想到 结局 发展 下去 小小 憾事 罢了 罢了 小说 终将 带给 欢乐 温暖
1,不错 奶牛 做工 确实 相对 这个 价位 这个 做工 这个 配置 已经 超值 屏幕 三星 高亮 不错 光驱 竟然 支持 光雕 呵呵 显卡 硬件 支持 高清
1,二套 小区 妈妈 她们 非常 非常 特别 反义词 宝贝 已经 明白 黑夜 白天 说出 为什么
1,位置 火车站 机场 逛街 方便 设施 这个 位置 价格 真是 不错 不是 正好 有个 工地 边上 应该 会十会 清静 服务员 态度 只是 结账 不知 服务指南 内页 上用 原珠 笔划 不到 厘米 一条线 查房 服务员 反应 十分 过度 不让 结账 赔偿 最后 经过 交涉 赔款 不过 心里 十分 不爽 下次 入住 前如 不是 检查 底朝天 进去 希望 这次 经历 执行 制度 不会 过度 僵化 除开 这点 愉快 其实 值得 推荐
1,非常 没什么 缺点 轻便 性能 也好 现在 算是 国货
1,磨砂 外壳 实用 钢琴 朴素 不会 有脏脏 手印 总之 外形 非常 满意 独显 刻录 硬盘 满意 配置
0,读完 张爱玲 以及 关于 张爱玲 这里 似乎 不错 急切 了解 关于 张爱玲 一切 读完 张爱玲 以及 关于 张爱玲 作品 以后 心情 兴趣 这个 垃圾 淡定 淡定 既然 一下 侧面 了解 一下 也好 可才 一节 不想 下去 于是 某个 角落 再也 不想 才子 文笔 实在 拙劣 絮叨 杂乱 庸俗 不知所言 猪脑子 所有 认为 华丽 词语 堆砌 一起 便成 所谓 华丽 句子 垃圾
1,拿到 不敢相信 小盒子 呵呵 不过 包装 两个 盒子 保险 只是 外面 赠品 塑料 一起 机子 打开 发现 质量 坏点 期待 一样 千万 不要 出现 整个 机器 完好
1,不错 位置 中心 商业区 方便 上次 晚到 提供 升房 客房 协调 一些 升上去 一间 居然 里面 还有 行李 可见 内部 沟通 时间 只是 那时 已经 当事人 总会 舒服
1,服务 良好 态度 舒服 窗子 隔音 不好 外面 噪音 影响 敏感 位置 不错 百米 包河 门前 交通 方便 火车站 飞机场 不算 早餐 一般 晚餐 品尝 出门 右边 不远 一条街 有些 特色 饭店 以后 还会 入住
0,照片 事实 不符 太小 昆山 实际上 很多 这个 价格 便宜 价格 优势
1,电影 霸王别姬 电影 留下 印象 很深 那种 痛彻 心扉 哀伤 蝶衣 只是 错爱 付出 真情 得不到 回报 原著 小说 电影 有些 差别 小说 细致 那段 时期 描写 生动 建议 一下 原著 情节 贴近 现实 比起 那种 淡然 喜欢 电影 结局 青蛇 正在 阅读
0,屏幕 中间 明显 亮点 右下方 亮点 听说 亮点 无条件 包换 申请 换货 等待 处理结果 进展 随时 更新 机器 漏电 摸上去 酥麻 感装花 一天 时间
0,一般 学习 英文单词 没什么 满篇 胡写 一点 内涵 里面 插图 一气 真是 后悔 题外话 不知 为什么 过程 以写 名义 耍流氓 里面 不好 适合 学生 看仅 代表 个人观点
0,这个 应该 评上 四星级 最烂 最烂 最烂 一间 首先 进门 过道 地毯 发霉 味道 绝对 发晕 那层 居然 还有 经理室 之类 他们 鼻子 其次 进门 以后 天花板 发霉 掉落 墙皮 震惊 应该 招待所 差不多 卫生间 不错 先进 独立 玻璃 淋浴房 我人 不能 淋浴房 再次 超级 超级 隔音 隔壁 普通 电话 声音 存在 每天 早晨 对面 经理室 值班室 服务生 很大 力气 关门 继而 热烈 交谈 每天 早晨 点半 震响 经历 实在 头痛 最后 结账 有些 袋子 礼貌 前台 手提袋 结完 结账 忍住 怎么办 不了 机场 可是 我刚 房卡 最后 随便 楼层 楼层 服务员 手提袋 无话可说 明天 哈尔滨 打死 不会 选择 波斯特 宾馆 反馈 年月日 对于 入住 期间 发生 不如意 深表歉意 加强 雨季 楼层 通风 保持 清爽 干燥 同时 礼宾 预留 足够 备用 手袋 另外 加强 巡视 最大 限度 保证 楼层 安静 环境 最后 真诚地 欢迎您 再次 入住 感受 改进
0,干净 不错 早餐 一般 周围环境 不好 基本上 吃饭
1,标准 价格 稍微 一点 整体 位置 方便 公司 每次 自助餐 不错 旁边 小吃 广场 过过
1,免费 升级 行政 每次 这里 设备 空间 香港 来说 一流
1,发到 公司 几位 同事 看到 第二天 回来 儿子 很感兴趣 这次 共买 套书 十几本 这本 喜欢 还有 轱辘 轱辘 转看 好几遍 孩子 知道 这个 社会 分工 每个 工作 以前 懂事 知道 上学 长大 还要 工作 赚钱 买好 爸爸妈妈 这么 真是 开心
0,配件 搭配 鼠标 另外 麻烦 还有 送到 农村 送货 服务 不是 满意 另外 客服 电话 根本 打不进
0,斯凯 瑞金 童年 系列 确实 不错 已买 全辑 孩子 喜欢 强行 起来 那晚 为此 一回 画面 丰富 文字 一般 意义 绘本 很多 个人 认为 适合 宝宝 亲子 阅读 自家 孩子 目前 刚岁 整辑 留到 大点 出来 第一辑 第三辑 一起 孩子 看过 那阵子 孩子 每天 必看 轱辘 轱辘 忙忙碌碌 第三辑 全本 喜欢 找金 虫子 后来 一天 邮局 书上 有时 真的 不得不 佩服 孩子 记忆力
1,外观 帅气 精致 显示 丰富 配置 合理 评分 达到 显卡 强劲 达到 各种 模块 齐全 摄像头 蓝牙 实用 音响效果 的确 不错 之前 大家 关注 散热 满意 北京 连续 半天 同学 多台 相比 热量 他们 明显 个人 大家 一定 听取 某些 片面 抱怨 联想 值得 信赖 品牌 系统 方便 随机 驱动 光盘 再官 网下
0,酒店设备 一般 套房 卧室 不能 上网 客厅 千万 不要 餐厅 吃饭 价钱 贵不说 态度 极差 端上来 竟然 上来 米饭 要求 他们 一下 竟然 理论 下次 肯定 不会
0,右手掌 附近 确实 还有 显示 颜色 有些 怪调 一下 没调 特别 鲜艳 不太 自然
1,知道 台湾 这么 大陆 相关 几乎 房子 各种 了解 太少 买房子 买件 衣服 不好 不要 这个 应该 慎之又慎 里面 不是 操作 有些 需要 专业 仪器 足以 知道 许多 房子 健康 相关 常识 国内 不多见 维护 健康 意义 尤其 家里 宝宝 真的 注意 很漂亮 至少 看着 眼睛 满意
0,蓝牙 桌面 蓝牙 程序 点击 后弹 对话框 蓝牙 模块 装完 第一次 启动 一些 设置 第一次 无线网络 密码 莫名其妙 重启 一次 屏幕 太小 眼睛 费力
1,饭店 有些 干净 高层 向北 安静 假如 下次 大同
0,使用 最新 芯片组 却是 遗憾 最新 更好 不过 可能 这个 价位 没戏
1,优点 做工 功能键 居然 配有 蓝牙 惊喜 用过 不少 运行 声音
0,使用 第一天 发现 电源 按钮 两次 才能 启动 机器 原以为 需要 磨合 殊不知 使用 四个 如此 拿到 维修中心 维修 人员 正常 打开 面板 一看 知道 内部 零配件 一样 怀疑 旧机 翻新 失去 信心
1,质量 不错 模具 做工 很漂亮 屏幕显示 效果 不错 看着 舒服 很棒 接口
0,后悔 并非 观点 体会 而是 东拼西凑 心情 指数 为什么 气愤
0,不少 一般 点评 这次 实在 忍不住 不少 反映 地理位置 地标 明显 司机 半天 这个 门口 礼宾 部人 旁边 帮忙 行李 分钟 有始 以来 最长 一次 窝火 客房 走廊 异味 应该 不是 新装修 里面 一股 味道 这点 实在 受不了 工作人员 我象 各个 个头 招呼 打要 视而不见 看到 礼宾 人员 翘个 公用电话 打电话 不是 星级 酒店设备 管理 跟不上 竞争力 下次 北京 如家 不住 这个 宾馆
1,朋友 推荐 一看 居然 一口气 全部 读完 不像 文书 看得 睡觉 这本 书写 通俗易懂 生动 娓娓道来 适合 家长 孩子 共同 学习 作文 笔下 作文 不是 令人 头痛 不是 华丽 词藻 堆砌 不是 挖空心思 编造 这些 孩子 通病 作家 肖复兴 经验 告诉 作文 应该 怎么 写作文 来源于 生活 真情实感 作文 灵魂 等等 令人 感触 受益非浅
0,整体 做工 比低 档次 键盘 键程 反馈 力度 不足 怀念 键盘 做工 玩具 钢琴 不折不扣 指纹 收集器 外观 时尚 不够 沉稳 适合 进行 商务活动
0,一本 之后 怎么 不到 适合 中国 宝宝 儿子 一点 暂时 束之高阁
0,现在 怀疑 是不是 女儿 幼稚 写法 很傻 笔力 无聊 字眼 一天 几次 厕所 不是 有病 日本 有病 实在 不能容忍 白买 好处 小孩 如何 认字
1,超值 不用 元住 标间 干净 舒服 前台 服务员 态度 管理水平 免费 延住
0,服务 餐厅 垃圾 坑人 极力推荐 不住 补充 点评 年月日 坑人 行为 地下 一楼 按脚 告诉 分钟 然后 药水 另外 一位 不问 按摩 头部 一位 可是 头部 按摩 前后 三分钟 坑人 行为 当地 车回 北京 多加 服务 差到 二楼 餐厅 用餐 大厅 赶出来 理由 大厅 筵席 整个 大厅 除了 五六个 讨论 八卦 服务员 最后 一小 包厢 电视 遥控器 然后 那样 服务 差点 停电 任何 通知 更换 设备 总之 最差 饭店 特别 服务 打听 原来 当地 交通局 怪不得
0,套书 别人 介绍 回家 女儿 一起 分享 故事 女儿 现在 故事 对话 在家 玩游戏 真的 不错
1,马可 奥勒留 沉思 录能 思想 沉静 下来 看透 许多 事物 影响 思维 方式 思路 一下子 打开 很多 有种 大彻大悟 翻然醒悟 马可 奥勒留 斯多葛 学派 哲学流派 分支 一定 全部 认同 汲取 精华 部分 灵魂 得以 升华 部分 英双语 典藏本 有时 看看 沉思 有时 看看 英文 学到 很多 英语词汇 语法 一举两得 好玩
0,虽说 合肥 服务 差能 理解 没见 这么 服务 酒店设施 四星级 简直 不如 街边 旅馆 服务员 前台 大堂 经理 素质 特低 简直 垃圾 房拼 通过 最差 要么 前台 房价 一样 很多 强烈 谴责 做法 坚决 不会 入住 火车站 旁边 有个 邮政 宾馆
1,品质 一贯 保证 不过 原来 相比 真是 差距 价格 实惠 物流 速度 理想
0,点评 选择 楼上 老兄 看法 一样 不知 那些 受人之托 托儿 首先 任何 湖景 看到 一点点 湖景 湖景 的话 第二 三星 样子 第三 交通 非常 方便 最最 奇怪的是 湖景 标房 来到 告知 标房 大床 不是 同志 干嘛 要大床 何况 需要的话 提出 我要 开会 他们 大床 二张 再换 想想 生气 提出 不住 谁知 一天 房租 你们 抢钱 进去 不到 十分钟 停电 五分钟 更何况 全是 你们 另外 大堂 超土 建议 马可波罗 尊爵 湖畔 公寓 百度 搜到 补充 点评 年月日
1,外观 不错 驱动 网上 有用 两个 小时 重装 基本上 速度 音质 不错
0,网上 不错 实际 情况 尽如人意 水平 差不多 总的来说 性价比 不高
1,品牌 质量 应该 算过 只是 便宜 优势 之前 已经 多方 最后 选择 花哨 实用 算是 强悍 内存 独显 中规 中举 配置
0,生气 缺页 达页 联系 售后 半个 他们 规定 换货 时间 发现 拒绝 处理 出版社 可笑 人家 当卖 此书 根本 不是 他们 那进 人家 无法 负责 十几块 就算 你们 一本 损失 多少 当当 售后 感到 遗憾 不同 应该 灵活 变通 对待 十几元 如何 做好 做久 提醒 大家 特别 大家 一定 小心 买来 一定 页数 当当 售后 不要 看来 只好 正规 书店 买本 正规
1,安装 比较顺利 可惜 朋友 我试 知道 是不是 驱动 原因
1,没得说的 强大 换装 驱动 官网 最新 驱动 声卡 装好 声音 接着 显卡 装完 显卡 声音 今天 重装系统 四次 郁闷死 第三次 发现 显卡 驱动 声卡 驱动 冲突 然后 官网 显卡 驱动 终于 搞定 冲突
1,姐姐 看到 立刻 实在 有趣 买回来 二岁 儿子 儿子 咯咯 地笑 不停 书中 好几处 笑点 比如 蚯蚓 蜘蛛 蜘蛛 厉害 地上 比如 蚯蚓 姐姐 爱美 总是 照镜子 蚯蚓 看到 无论 怎样 永远 屁股 一个样 儿子 厉害 有趣 孩子 看吧
1,本来 套书 五岁 儿子 来说 太小 只是 喜欢 于是 送给 朋友家 小孩 没想到 孩子 喜欢 虽说 故事 似乎 特别 道理 简单 孩子 道理 认知 不是 听过 看过 真正 理解 套书 孩子 母亲 很大 帮助 故事 第一人称 孩子 口吻 视角 来讲 孩子 容易 共鸣 尤其 孩子 视角 表现 汤姆 忍不住 眼睛
1,密密的 心绪 疯长 深蓝色 森林 其中 徘徊 只有 除了 忍耐 忍耐 看到 黑夜 孤独 盛开 腐朽 颓败 耗尽 整个 青春 一直 即使 十年 现在 仍然 明白 活着 旁边 触摸 依偎 不是 生活 全部 沉溺 永不 超生 何必 那个 从此 身体 感知
0,青岛 现在 正在 招募 一批 志愿者 公共场所 商品 错误 用语 这些 志愿者 大概 出书 学习 英语 帮助 英文书 直接 笑死人
0,位置 出入 西街 方便 观景 房是 西街 晚上 基本 不会 影响 睡眠 对面 预订 自行车 九九 车行 取车 方便 通过 订房 付费 情况 需要 收款 钥匙 押金 电梯 行李 提供 行李 服务 地毯 非常 斑斑点点 很多 有股 霉味 洗手间 下水道 气味 进门 床边 发现 一颗 超大 荔枝核 可见 清洁 过于 匆忙 不是 用心 大床 舒适性 房间内 经常 蚊子 游荡 更为 恐怖 第二天 结束 游玩 回到 竟然 台灯 看见 一张 蜘蛛网 可见 卫生 质量 真的 来说 地理环境 硬件 设施 早餐 品种 非常少 现烧 加料 不太 及时 要求 不高 的话 吃饱
1,实在 经典 将近 四分之一 篇幅 演讲词 当做 文学作品 来读 值得 不用说 那场 希腊 世界 走向 衰落 战争 真实 了解 修昔底 惜墨如金 几乎 字字珠玑 希罗多德 文笔 华美 繁复 叙述 枝蔓 丛生 正好 形成 鲜明 对比 古希腊 无论是 希罗多德 修昔底 作品 当做 文学作品 奥林匹亚 赛会 朗诵 著作 历史学者 不读 遗憾
1,轻巧 手感 不错 按键 弹性 很强 滚珠 阻尼 大可 防止 误操作 赠品 正版 鼠标 真不错
1,现在 孩子 不能 津津有味 极富 想象力 图画 鲜明 色彩 简单 单词 具有 极强 韵律 有些 这些 知道 说些 前言不搭后语 其实 他们 中式 保守 思维 在读 并且 只读 中文 部分 建议 英文 部分 一点 英文 基础 读懂 现在 孩子 朗读 一些 押韵 句子 感兴趣 感兴趣 书中 图画
1,价廉 配置 足够 女友 散热 不错 噪声 加装 内存 方便 完美
0,能斗 个性 不是 舒服 个人 不太 喜欢 人人 这个 榜样 职场 变得 可怕
0,客观 同档次 宾馆 差劲 一家 无论是 环境 设施 的确 一位 评友 所言够 不想 以后 不去 补充 点评 年月日 刚才 一件 事是 不快 这个 宾馆 前台 服务 小姐 入住 手续 好象 似的 那个 不理 模样 差点 没逼得 她们 上司
0,装机 麻烦 需要 专业人士 机箱 里面 有个 三联 微星 三包 凭证 上面 注明 日期 经销商 盖章 执行 质保 看到 三张 空白 不知 是否 影响 质保
0,入住 陈旧 一次性 拖鞋 卫生间 前灯 竟然 挖掉 裸露 外面 看起来 糟糕 淋浴 莲蓬 一碰 只能 一只 手拿着 洗地板 漏水 第二天 一早 早餐 早餐 豆浆 早餐 竟然 外卖 第一次 听说 原本 跟前 推迟 一点 退房 服务员 查房 然后 前台 办手续 只晚 十分钟 竟然 加收 半天 房费 前台 说法 服务员 人要 退房 房客 差点 晕倒 最后 解决 方法 加收 三分之一 房费 知道 是不是 房费 结算 随意性 当时 外出 办事 继续 理论 总之 强烈呼吁 大家 不要 入住 所谓 国际 真的 糟糕 宾馆 反馈 年月日 尊敬 客户 好看 点评 管理人员 久久 不能平静 首先 感谢您 意见 所谓 成长 通过 听取 客户 感受 意见 扬长 弊短 操作 有着 正规 程序 每位 入住 客人 重视
1,环境 面向 大海 幽静 适合 休闲 度假 可惜 只住 一晚 地点 自驾 方便 用餐 太贵 开车 出去
0,介绍 此书 弥补 英文 一点 翻译 陋习 显然 粗看 此书 对于 读完 高中英语 人们 来说 此书 太浅 里面 例子 图片 貌似 网上 截图 另外 一大堆 这本 质量 书脊 压坏 申请 换书 居然 麻烦 发指 可笑 申请 退书 居然 简单 抓狂 静静的 等待 退书
1,质量 外观 时尚 配置 合理 基本 瓶颈 显示 效果 不错 大小 正合适 易于 携带
1,第一次 看奎恩 结局 真是 峰回路转 大出 意料 不错 不过 翻译 唯一 遗憾 很多 译得 生涩 甚至 书包 行文 流畅 要不是 故事 实在 下去 欲望 前半部 几天 出场 人物 名字 难记 翻译 看起来 丝毫 那种 酣畅淋漓 后半部 一天 解密 最高潮 部分 情节 设计 看起来 欲罢不能 一句 侦探小说 需要 翻译
1,价格 合适 配置 外观 不错 设计 新颖 运行 正常 发现 大家 那些 毛病 除了 风扇 声音 一点点 不过 实在
1,据说 经典 经典 承认 知道 为什么 随意 翻开 发现 写法 采用 严密 科学 体系 按照 西方人 逻辑 分类 路子 撰写 而成 从中 选取 一页 一丝 枯燥 味道 相比 体系 严密 严肃 读物 惜乎 喜欢 驱使 万物 军队 不如 万物 卸甲归田 一路 有言笑 散文化 读物 譬如 培根 议论文 譬如 蒙恬 随笔 一路 当然 初初 想法 也许 一段时间 想法 不同
0,刚用 发现 刚用 发现 钢琴漆 太亮 一堆 手印 系统 不好 用开 太慢 原用 考不去
1,入手 买回来 马上 系统 官方网站 驱动 下载 不错 服务
0,后悔 除了 单词 语言 起来 之外 没得 不如 直接 那些 单词 一一 罗列 实在 增加 词汇 实在 不行 至少 一篇 没什么 下去 冲动 为了 浪费 用来 当本 小型 词汇表 需要 看着 目录 查查 学习 英语 特别 单词 没什么 捷径
0,网上 综合 考虑 打电话 汉庭汉庭 街边 窗户 换成 双层 窗户 隔音 停车场 汉庭 极力推荐 会员卡 采纳 通过 汉庭 紧靠 灯箱 广告 电流 低频 噪声 不是 一般 见到 双层 窗户 的确 非常 一大早 对面 一家 元店 开始 营业 郁闷 下去 人家 呵呵 停车场 正规 停车位 只有 出去 一趟 回来 停时 没地 汉庭 工作人员 对面 小区 报销 按照 他们 一张 发票 前台 报销 前台 结帐 一起 第二天 结帐 时说 发票 兑奖 刮过 他们 财务 规定 不能 报销 财务 多少 一张 多么 正规 发票 竟然 不能 前台 服务 人员 那种 不爱 搭理 愤怒 算了 发票 还好 不缺 这元 只是 他们 承诺
1,现在 人们 生活 压力 很大 很多 自身 健康 往往 被忽视 特别 男性 朋友 日常生活 中多 了解 一些 健康 保健 相关 知识 必要 介绍 掌纹 知识 正确 判断 掌纹 普通百姓 来讲 有些 难度 只是 作为 自身 健康 大概 了解 不错 总之 身体 健康 日常 保养 保护 另外 乐观 向上 保持 健康 心态 身体健康 重要
1,双核 独显 商务 性价比 不错 值得 放在 家里 上上网 挺不错
0,怀着 十分 激动 心情 放映 可是 看着 看着 发现 放映 完毕 出现 一集 米老鼠 动画片 开始 怀疑 是不是 赠送 个别现象 可是 后来 发现 每张 后面 真不知道 生产商 怎么 猫和老鼠 不是 米老鼠 厂家 赠送 的话 全套 米老鼠 唐老鸭 赠送 每张 后面 添加 一集 简直 画蛇添足
0,两间 标准 大床 每间 入住 发现 设施 极差 家具 桌椅 好像 学校 学生 用旧 换下来 破烂不堪 类似 年代 招待所 想想 反正 只住 一晚 晚饭 一间 串门 发现 装修 完全 另外 级别 标准 有星 一下子 涌上来 总台 交涉 更让人 气愤 总台 提出 换房 打折 要求 蛮横 拒绝 反而 出口伤人 还要 半夜 近点 退房 扫地出门 马路 世纪 碰到 服务态度 不知 哪根香 烧错 斗争 近个 小时 最后 只好 投诉 旅游局 相胁 分钟 对方 住进 以星 标准 装修 第二天 早上 发现 车胎 钉子 轮胎 全瘪 除了 宾馆 报复 晓得 人生地不熟 我会 仇家 建议 以上 加层 建筑 里面 大半 简单 装修 尽量 要求 下面 楼层
1,非常 喜欢 乔落 当年 落落 公主 遭逢 大变 坚强 起来 不得不 惊叹 贺迟 从小 乔落 彼此 看不惯 对方 可是 乔落 凄惨 却是 一步步 起来 贺迟 乔落 爱得 刻骨铭心 小心翼翼 乔落 起先 逃避 退缩 最后 放下 过往 一切 贺迟 敞开 心扉 接受 整本书 现在 回忆 交错 进行 一点 杂乱 不过 影响 喜爱
0,摄像头 知道 为什么 不能 驱动 点击 反应 哪位 大侠 指点 一下
1,价格比 不错 这次 免费 升级 感谢 前台 服务员 房子 还好 地毯 上次 好些 早餐 很多
1,外观 漂亮 可爱 适合 女孩子 使用 配置 初步 体验 舒服 速度 很快 键盘 触摸板 舒服
0,不是 键盘 左边 热是 整机 左边 热口少 设计 不是 合理 左边 相信 大多数 右手 鼠标 鼠标 还要 一圈 右边
0,第一 散热 一般 一会 托腕 发烫 第二 液晶屏 主机 部分 圆柱形 转轴 太粗 影响 整体 美观 电源 按键 设计 第三 预装 系统
0,入住 小事 可见一斑 浴帘比 浴盆 毫米 卫生间 一地水 功能 丧失 不如说是 遮羞布 餐厅 桌布 油迹 斑斑 服务员 总是 理直气壮 回答 昨晚 忘记 不可思议 不能 国际 长途 日晚 国际 长途 前台 首先 声明 不好 建议 买卡 打想 坚持 开通 国际 长途 拨号 传来 中文 提示 这个 号码 空号 显然 出国 前台 理论 值班 经理 解决问题 无奈 找出 一张 卡试 无法 拨通 试拨 宾馆 号称 网通 电话 不能 拨通 最后 手机 拨打 国际 长途电话 打过 久久 不能 入睡 不是 心痛 电话费 过高 而是 心中 恐怖 万一 夜里 着火 被盗 我能 拨打 可爱 正宗 三星级 眼看 日历 恐怖 次日 提前 退房 离去 留下 长期 合作
1,万历 三十多年 上朝 皇上 大臣 为争 国本 多年 拉锯战 堂上 争得 唾沫 乱飞 私底下 斗得 你死我活 挺击案 红丸 案移 宫案 明末 大案 相继 上演 不明不白 东林党 正直 清高 阉党 无耻 泯灭 良心 正义 邪恶 良知 卑劣 历史 长河 留下 清晰 脚印 方向不同 有些 记得 殉道者 比如 有些 不会 忘记 人渣 比如 魏忠贤
0,这个 本人 已经 多次 预订 多次 入住 个人感觉 现在 越来越 早晨 点多 一班 火车 苏州 锦地 星座 大约 以为 以前 那样 顺利 办理 入住 接待 当时 台上 叫醒 他们 希望 办理 入住 答复 还有 小时 点点 才能 办理 入住 点前 入住 要交 一天 房费 问能 不能 提供 一下 方便 钟点房 计费 或者 先给 相关 手续 办到 以后 以前 这么 接待 客气 办法 要么 要么 火冒三丈 不能 这些 计较 后门 富仁坊 出去 汉庭住 人家 服务态度 真是 宾至如归 结算 一天 房费 需要 说明 一下 设施 跟锦地 星座 完全 一样 只是 早餐 那个 值班 经理 还给 用品 作为 补偿 房价 只是 锦地 星座 一半 终归 到底 一句 下次 肯定 不会 再住 锦地 星座 宾馆 反馈 年月日 首先 多次 入住 表示 忠心 感谢您 提出 领导层 高度重视 进行 整改 提出 入住 时间 予以 以下 说明 根据 行业 规定 针对 每天 以后 入住 宾客 只算 当天 房价 两次 本店 入住 时间 年月日 年月日 当时 总台 服务员 给予 变通 解决 凌晨 抵达 规定 相差 时间 较长 当时 总台 服务员 作出 充分 解释 尽管如此 意见 仍会 虚心接受 以后 针对 此种 情况 作出 变通处理 再次 衷心 欢迎您 下次 人住
0,收到 价格 变成 赠送 一张 杀毒 光盘 然后 增加 赠品 原因 无法 申请 价格 保护 明显 逃避 价格 保护 手段 十分 不爽
1,几天 亮点 真是 气死人 一个点 保修 当时 收货
0,怎么 论语 这么 论语 中国 历史 过错 论语 于丹 罪恶
1,批判 西方 传统 思想 很多 错误观念 希望 构建 社会科学 研究 框架 算是 中国 学者 第一次 尝试 使用 概念 清晰 逻辑 严密 不过 论战 过于 简洁 实际 案例 不足 导致 容易 理解 概念 获得 使用 基本原理 出发 演绎推理 模式 物理学 甚至 视作 理论物理学 研究 典型 模板 但书 多个 强调 社会科学 研究 不能 物理学 榜样 真是 令人费解
0,光驱 读盘 声音 不如 以前 后面 少装 一颗 螺丝
1,可能 遗稿 凌乱 不错 感叹 九莉 一生 如此 坎坷 父母 父母 出生 父母 过继 大爷 大妈 亲生父母 只能 称之为 二爷 二婶 爱人 不如 爱人 先后 深爱 男人 邵之雍 燕山 满腔 怨恨 无处 控诉 从而 描写 中国 封建社会 制度 女性 悲惨 命运 她们 往往 不能 主宰 命运 这个 控制权 牢牢 男人 手里
1,火车站 长途汽车站 很近 打车 起价 五分钟 楼下 小时 营业 麦当劳 点餐 免费送 大门 便是 平原 商场 对面 影剧院
0,春节 前往 香港 度假 入住 富豪 东方 价格 不低 条件 交通不便 服务 一般般 国内 快捷酒店 水平 房间内 硬件 设施 不如 快捷酒店 家具 始终 弥漫着 一股 潮霉 味道 晚上 楼道 空调 机房 声音 整晚 不停 轰炸机 头顶 盘旋 服务员 看见 洋鬼子 祖国大陆 客人 完全 两样 位置 蹩脚 很难 出租车 小巴 很近 距离 个人 出门 的士 还贵 推荐 大家 入住
0,公平 定律 兄弟 恩怨 一章 一个巴掌拍不响 孙寅 贵在 辩解 洗冤 反而 观者 反感 老板 有钱 炒作 此书 为什么 迫不及待 地要 天津 百龙 公司
0,观点 不错 但举 论据 似乎 不是 比如 女人 外貌 重要 论据 某某 整容 之后 交了 多帅 男友 等等 不是 特别 喜欢
1,刚帮 朋友 急用 涨钱 只好 可是 货刚 送到 马上 改成 内存 杀毒 鼠标 成心 过不去
1,环境 确实 不错 吃喝玩乐 一应俱全 足不出户 享受 不过 周边环境 除了 其他 没什么 看头 可能 日本 人多 日本 股份 很多 日文 还有 一层楼 日式 房是 那里 西餐 粤菜 价钱 便宜 服务 性价比 值得 推荐
0,现在 收到 当真 好慢 上个星期 书本 这个 星期六 没得
1,门童 好像 不错 其他 记得 晚上 睡得
1,对得起 这个 价格 质量 做工 不过 是因为 对得起 价钱 包装 配件 软件 全都 简装版
1,补充 一点 九州 出版社 出版 旧版本 厚黑学 装订 质量 非常 版本 看上去 更加 大气
0,好多 好处 儿子 三岁 反应 出乎 意料 开始 不想 晚上 睡觉 指定 我要 妈妈 那个 小孩 喜欢 牙齿 好象 想不到
1,首先 说书 本身 纸质 还好 适中 印刷 字迹 清晰 涉及 药类 丰富 介绍 简明扼要 毕竟 实用 可能 非常 详细 介绍 各药 临床药理 机制 点到 至于 用途 剂型 规格 不良反应 注意事项 缺点 药名 字体 加粗 起来 不便 不足 收到 竟然 出现 空白页 因此 衔接 不上 对此 满意
0,真的 很差 这个 价格 来说 完全 桂林 更好 前台 服务员 态度 一般 入住 之后 空调 卫生间 完全 隔开 方便 反正 满意 建议 不要 入住
1,智永 千字文 千字文 上品 即使 当前 许多 出版社 种种原因 印制 差劲 而本 集字 古文 主编 印刷 水平 同时 几个 类似 版本 上海 书画社 最好 集字 古文 排版 专业 工作 不是 艺术 素养 绝对 不好 以前 我见 很多 集子 一本 书法 布局 浑然一体 几乎 智永 创作 一样
1,电池 强劲 达到 小时 初次 使用 小时 应该 键盘 舒服 尺寸 大小 合适
1,套书 物有所值 后边 居然 还有 宋代 地图
1,一种 专业 谨慎 若能 有幸 学习 原版 也许 更好 简体版 印刷错误 影响 学者 理解 全书 结构 简单 详实 起来 如鱼得水 非常 轻松 只是 一项 技术 而已 结合 专业 将会 得到 学习 快乐 家财万贯 不如 一技 身一技 不如 一念 不仅 有技 念书 佳品
1,服务 真的 不错 机器 系统 不是 难装 满意 喜欢 以后
1,外观 时尚 价格 合适 本人 已经 一台 黑色 这个 同事 网友 以经 概括 差不多 不再 重复
1,电池 时间 外观 很漂亮 珠光 适合 女孩子 功能 键盘 运行 没什么 声音 系统 装好 开机 一点 资料 上网 不用 任何 驱动 方便 还有 自带 备份 软件 以后 要是 系统 崩溃 应该 有用
1,不错 穿越 前世 程菁 穿越 风城 相府 小姐 青萝 平平淡淡 生活 好好 孝顺 美貌 娘亲 相府 千金 父亲 为了 相位 为了 荣华富贵 青萝 攀富 筹码 平凡 可能 所幸 碰到 温柔体贴 最后 为了 江山 不得不 放弃 心中 最爱 刘珏 霸道 玩世不恭 先前 误会 后来 两情相悦 中间 曲折 不能 这篇文 真是 不错
1,住宿 环境 不错 前台 服务 热情 看到 长江 葛洲坝 卫生间 淋浴 设施 不太好 总体而言 不错
0,前台 服务 人员 态度 到极点 下次 绝对 不会 入住 这家
0,光驱 方便 配个 外置 光驱 内存 根本 起来 幸好 内存
1,一本 韩国 价值观 审美 方面 中国 女性 有些 差别 但同 东方女性 里面 许多 借鉴 尤其 时装 美容 方面 韩国 引领 世界 潮流 这是 毋庸置疑 关于 时尚 一些 建议 点评 非常 借鉴 价值 两性 领域 作为 专栏作家 表现 阅历 智慧 一些 经验 年轻 女孩 有用 总的来说 不错 值得一看
0,实在 一般 还要 这个 价钱 令人费解
0,同样 价格 相差 一个月 一倍 忽悠 接着 忽悠
0,一家人 孩子 去过 五一 协程 网上 半天 选中 看来 除了 套间 格局 其他 可取 本来 不是 酒店设计 里面 家具 北京 上海 酒店式 公寓 落后 陈旧 从进 接待厅 不能 大堂 开始 直到 一股 味道 你们 想象 一下 烟味 汗味 霉味 混杂 一起 出去 味道 该楼 全封闭 一扇 窗户 通风 全靠 中央空调 换风 问题所在 当晚 店方 告诉 冷热 只有 自然风 强烈建议 房前 清除 真是 受罪 晚上 睡不着 浴巾 毛巾 真的 很脏 三星 不如 尤其 新换 枕套 据然 股味 以为 服务员 没换 要求 重新 更换 一样 看来 洗衣房 游泳池 选他 重要 原因 孩子 正在 游泳 乘米 池子 显然 过滤 系统 开水 已经 游客 全是 当地 客人 淋浴间 除了 水龙头 任何 用品 提供 建议 客人 不要 考虑 餐厅 尝试 协程 总是 贪污 早餐 协程订 几乎 没吃过 免费 早餐 唯一 值得 表扬 服务 人员 反映 还算快 投诉 马上 过来 解释 他们 只有 解释 硬件 他们 解决不了
0,实际操作 方法 不多能 改变 观念 改变 观念 如何 操作 里面 推荐 外国 很多 不太 适合 中国
0,发热 静音 一般 屏幕 一般 还有 快递 公司 很差 放到 单位 传达室 没验 验货 要是 途中 摔坏 一天 杀毒软件 两天 真晕 强烈不满 说法
0,平铺直叙 文字 只是 文字 很多 道理 大多数 其他 已有 类似 道理 精辟 独特 后悔 此书
0,故事 穿插着 知识 趣味性 孩子 故事 同时 学到 不少 知识 一套
1,狭小 设备 普通 交通 方便 时代广场 走走 早上 早茶 非常 好吃 补充 点评 年月日 不好意思 评错 正确 应该 很大 缺点 地点
0,以前 买过 士兵 不错 新书 以为 续集 兴冲冲 买来 一看 原来 那本 相同 文笔 改了 版本 好看 厚道
0,好多 宝宝 一点 不象 童话 童趣
1,住宿 环境 一般 装修 一般 交通 应该 方便 宾馆 反馈 年月日 感谢您 入住 点评 还有 新装 特色 标准间 状态 基本 四星级 标准 欢迎您 再次 试住
1,服务员 态度 不错 有定餐 送餐 服务 完美
1,朋友 家用 办公 自加 内存 做工 不错 非常
0,触摸板 设计 不如 三星 品牌 操作 左右 间隔 对于 习惯 单手操作 触摸板 来说 方便 键盘 键位 间距 容易 灰尘 系统盘 一张 未免 小家子气
0,收到 货呀 打电话 接听 从来 遇到 事情 咨询 邮局 货物 发货单 查不到 怎么回事 全球 最大 购书 不可 信任
1,认为 轻松 没什么 特别 难过 不过 史连死 的确 心疼 一把 揪心 香宝拉着 范蠡 街上 西施 范蠡 松手 看到 这里 越为 香宝 感到 忿忿不平 还有 夫差 中毒 对香宝 要是 就要 欺侮 另外 最后 香宝 文种 那句 君上 天下人 夫差 碧落黄泉 生死 不变
1,回来 来得及 今天 周末 得闲 谈谈 入住 海景 感触 入住 海景 家里人 度假 加之 孩子 小岁 决定 青岛 度假 上网 青岛 情况 原来 栈桥 王子 后来 看到 大家 海景 惊讶 任何 负面 大家 一致 这个 极好 于是 取消 栈桥 王子 改定 海景 看看 到底 海景 取得 大家 一致 好评 下面 海景 第一个 电话 谈起 我订 下午 飞机 青岛 大约 左右 备注 需要 接机 接到 电话 甜美 女孩 联系 具体 接机 时间 还给 我留 接机 人员 联系电话 心里 感到 舒服 日下 飞机 看到 有人 举着 名字 牌子 候机厅 出口 帅气 小伙子 非常 礼貌 问好 极其 自然 手中 行李 过去 接送车 司机 师傅 马上 递上 凉凉的 毛巾 矿泉水 真是 周到 一路 欣赏 青岛 夜景 大概 行驶 分钟 左右 抵达 看到 大堂 门口 一位 身穿 西装 小伙子 后来 知道 这个 小伙子 专门 接待 下车 马上 行李 行李 推车 按照 惯例 准备 大堂 登记 小伙子 直接 引导 所有 登记 工作 完成 真的 感到 舒服 第一印象 非常 舒适 我订 行政 各项 设施 齐全 播放 舒缓 背景音乐 看得出 用心 不一会 服务员 送来 橙汁 毛巾 赠送 一对 玩偶 孩子 喜欢 后来 发现 原来 每天 赠送 玩偶 水果 还有 小点心 宝宝 高兴 不得了 回家 时光 玩偶 一口袋 服务 方面 更是 没得说 服务 非常 及时 细心 餐厅 吃饭 服务员 特地 宝宝 拿来 儿童 专用 可爱 卡通 餐具 一天 宝宝 发烧 很快 医生 上来 晚饭 考虑 宝宝 受不了 空调 送餐 服务 晚饭 送来 发现 给加 大碗 银耳 大盘 薯条 还有 一碗 姜汤 宝宝 兴高采烈 马上 一半 第二天 服务员 看到 问候 宝宝 病情 温暖 一天 晚饭 吸烟 过多 轻微 咳嗽 不一会 服务员 一碗 银耳 告诉 减轻 咳嗽 还有 最后 一天 早饭 宝宝 头天 傍晚 妈妈 海边 螃蟹 时腿 蚊子 小包 在意 可是 服务员 看到 宝宝 抓痒 主动 送来 消毒 风油精 宝宝 擦药 父母 汗颜 假期 很快 就要 结束 宝宝 回家 好不好 宝宝 不想 回家 下去 童言无忌 童言 无欺 海景 五天 感动 海景 员工 真正 体现 海景 企业 文化 如果说 海景 硬件 星级 海景 服务 绝对 星级 海景 青岛 骄傲 中国 骄傲
0,唯一 山景 水景 景观 宾馆 抬头 窗外 泰山 俯首 脸盆 黄河水 热水 最大 分钟 色如 浓茶 一张 中国 历史 沧桑 写字台 流泪 异味 窗户 居然 多次 打电话 服务员 开窗 分钟 服务员 态度 效率 太低 她们 解释 人少 忙不过来
1,感受 很多 打字 太慢 问过 许多 语文 老师 究竟 怎么 语文 老师 回答 基本 阅读 积累 道理 完全 要领 语文 语文 外延 生活 外延 相等 生活 离不开 语文 同时 语文 生活 中学 生活 而学 语文 语文 知识 阅读 水平 写作能力 口头 表达能力 思维 判断能力 人文精神 道德 情操 学生 或是 长久以来 知道 语文
1,位置 非常 好离 西街 真实 零距离 花园式 大观园 景房 视野 看到 看到 不足 前台 工作人员 好像 反应 迟钝 工作效率
0,便宜 便宜 没好 片太次 散热 开机 不到 几分钟 吵音 只有
1,儿子 六岁 套书 只是 讲故事 画面 真的 唯美 令人 爱不释手 可是 对于 来讲 不太 吸引 眼球 绘本 认为 可能 一点 小朋友 看会 适合 精装版 真的 妈妈 孩子 喜欢 版本 容易 翻过 十次 左右 页码 掉下来 希望 书商 经济 实惠 利于 存放 角度 发行
1,收到 后用 星期 一遍 这是 一本 介绍 搜索引擎 入门 不过 偏向 理论 搜索引擎 结构 大概 了解 当然 初步 不过 正如 许多 网友 所说 那样 排版 可能 争议 个人感觉 空白 太大太多 完全 更加 紧凑 一些 影响 一本 了解 搜索引擎 好书
0,屏幕 玩游戏 或是 浏览 网页 字体 小看 费劲
1,价格 配置 这台 机器 亮点 尤其 系列 性能 相当 不错 集成显卡 应付 各种 日常 任务 有余 散热 方面 不算 太热 比起 简直 毛见 小毛 一点 烫手
0,九洲 环宇 这个 差距 太大 这里 号称 市中心 周围 除了 天宁寺 别的 老式 格局 洗澡水 很小 价钱 九洲 环宇 高多 非常 非常 不值 再也不会 选择 这里 除非 价钱 降到 以下
0,大家 一样 一眼 漂亮 钢琴漆 接下来 上面 布满 指纹 取消 键盘 遗憾
1,不错 比翠怡
1,看到 网上 印象 不是太好 由于 距离 火车站 较近 交通 十分 便利 选择 这里 入住 之后 不错 服务 人员 彬彬有礼 服务 热情 入住 期间 发生 一件 感到 人性化 服务 那天 突发 心脏病 服务 人员 及时 拨打 急救中心 连续 两天 医院 吸氧 输液 提供 可口 饭菜 给予 无微不至 关怀 病情 有些 好转 返程 行李 回去 火车票 临行 行李 火车 接到 大堂 副理 问候 电话 关心 询问 病情 叮嘱 注意 身体 真的 非常 感动 华驿 这个 身处 异地 外乡人 到家 温暖 今后 只要 哈尔滨 一定 选择 入住
1,起来 不错 本人 还有 几张 东券要
1,全民 代工 前提 方向 希望 制造商 华硕 其他 公司 知道 哪里 控制 优化 系统 安装 麻烦 除了 驱动 传说 直接 使用 下次 试试看 性价比 不错
0,设施 陈旧 缺少 衣橱 卫生间 瓷砖 以及 毛巾 发黄 好象 别的 淘汰 下来 总的来讲 对不起 房价
0,镜面 容易 指纹 休眠 开机 老出 可能 备份 搞懂
1,他们 腰算 背痛 有些 陈旧 隔音 不是太好 半夜 正好 几个 入住 相隔 那个 声音 反正 不过 入住 素质 关系 房间内 电热水壶 只有 一壶
1,看到 梅拉 立即 一种 一样 欣喜 激动 没想到 之后 还有 八九 一样 迅速 单子 看到 网评 必须 带上 才能 还有 一些 犹豫 当当 已经 考虑 这个 两本 分别 单子 想要 孩子 家长 赶快 行动 幽默 可爱 不仅仅 文字 吸引 图画 可爱 无法 描述 只有 之后 才能 共同 分享
0,预期 好看 之后 更加 信任 国内 所谓 心理 千万 不能 轻易 咨询
1,想象 好书 排版 精致 喜欢 花边 特别 淡蓝色 扉页 加上 小天使 勾勒 那种 欧洲 以前 那种 老书 韵味 印刷 字体 不算 原版书 这个 确实 两册 确实 更好 总之 满意
1,原装 正品 价格低廉 订单 下达 很快 配送 及时 青岛 上门 自提 放心
0,北京机场 打表元 挂牌 非常 正确 老实 差不多 不是 所有 宽带 即使 试一下 为此 晚上 标房 免费 瓶装水 供应 打电话 注意 不管 对方 接听 与否 开始 收费 非常 奇特 规定 千万 小心 免费 电话 这家 收费 小心 对方 付费 电话 收费 不是 服务费 本地 电话 收费 反复 解释 只是 他家 电话 是不是 中国电信 中国电信 免费 解释 不通 及其 陈旧 拖鞋 比纸 空调 不热 暖气 设施 害得 半夜 起来 被子 难以想象 伟大 首都北京 挂牌
0,有时 无法 识别 光驱 只分 盘有 只用 知道 装机 出发点 方便 客户 形式 完成 安装 任务
0,可惜 不带 系统 做工 设计 要是 能够 比比 一分钱 一分货
0,电池 待机时间 大概 一个半 小时 左右 英特尔 体系 相比 发热量 客服 能力 较弱 知道 个别 普遍
0,电池容量 对于 一款 游戏 本来 偏小 磨具 做工 接缝 平滑 偏软 最大 软肋 芯片组 心里 总是 舒服 已经 相信 微软 广告 多年
0,光驱 粗糙 所有 接口 左侧 本本 表层 出厂 保护膜 运输 过程 容易 挂花 表面 电源接口 容易 碰掉 电源线 触摸板 关键 硬盘 指示灯
1,这是 一本 医书 中医 一本 开始 中医 了解 根据 状况 运用 所学 中医理论 保健 不是 别人 照办 那种 盲从 一本 下来 感到 健康 行动 根据 重要 希望 著者 出版社 专家 通俗易懂 好书 看到 专家 一般 大夫 差别 看到 中医 大夫 功夫 中医 魅力 谢谢
1,外观 满意 配置 无线 网卡 驱动 自带 安装 不能
1,性价比 不错 东晖楼 商务 早餐 不错 门童 不是 主动 押金 最高 大堂 主管 现在 带够 密码 输错 导致 押金 不足 主管 舒心
0,电源适配器 厉害 真的 里面 很多 装要 动手 鼠标 保护膜 杀毒软件 鼠标垫 基本上 送货 速度 越来越
0,系统 安装 麻烦 想装 朋友 参考
1,样子 漂亮 不过 这点 非常 重要 选它
0,知道 原因 这么 火说 这么 几件事 幸福 传染 世俗 一些 讨厌 自私 高尚 品味 不要 沉溺于 不幸 之中 不断 充实 学会 理财
0,唯一 做不了 镜像 郁闷 懒得 不如 重装 省事
1,心情 抑郁 好久 以来 忘记 心灵 每日 所谓 生活 所累 晕晕乎乎 空空洞洞 读者 经历 丰富 神学 了解 感悟 根据 心理治疗 实践 深层次 分析 心灵 成长 对于 这个 心理学 专业 来讲 或许 晦涩 难懂 尤其 关于 梦境 解析 云里雾里 增加 能力 留待 以后 慢慢 品读
1,太小 格林豪 会员卡 五楼 最后 一间 好像 很大 超大 比米 大多 希望 以后 提供
0,锡箔纸 做工 很差 背板 一根 线飞 出来 回去 上面 贴膜 机器 指纹 不是
1,一直 学生 肯定 邻居 这句 日本 身上 简直 极了 日本 有着 相近 文化 起源 近代 以来 一直 彼此 当做 彼此 朋友 对手 朋友 对手 方向 当然 透彻 各位朋友 推荐 这本 难得 唯一 不足 译者 一些 必要 删节 明白 为什么 难道 学术研究 阉割
1,多次 这家 上次 来到 前台 服务员 准确 报出 名字 亲切 四星级 一样 当天 服务员 还给 安排 一间 商务 单间 我订 价格 没变 活动 商务 客人 机会 享受 不错
1,大床 很大 还有 舒服 沙发 宾馆 设施 陈旧 木头 油漆 剥落 服务 同意 前面 朋友 至于 看到 大佛 呵呵 天文 望远镜 也许
1,以前 经常 参与 好多 有奖 竞赛 经常 遇到 有关 数独 一段 看到 一部 香港 新片 其中 主教 公交车 那里 答数 独题 一种 境界 工作 闲来无事 突发 灵感 当定 四本 数独 家里 床头 一本 车里 一本 办公室 一本 手里 余下 这本 已经 有主 儿子 开发智力 锻炼 逻辑推理 能力 随手 一本 路上 家里 工作 之余 任何 闲暇 时段 尽情 娱乐吧
0,不是 不会 入住 入住 知道 上当 只有 高级 才能 提供 上网 早餐 品种 很少 服务员 服务质量 很差
0,确实 可视 面积 太小 漆面 有个 突起 疙瘩 风扇 声音 忍受 起来 不是 习惯 使用 无法 登陆 还要 手动 运行 命令 更改 一下 配置
0,收到 价格 发现 选书 价格 定单 价格 一样 有时 时价 有时 这次 购书 有些 失望 看到 对书
0,网评 以为 不错 一定 否则 几岁 错过 后悔 可是 没什么 上当 喜欢 肤浅 现实 有些 乏味
1,前段时间 套装 那会 后来 套装 只是 申请 价格 保护 客服 耐心 这个 机子 系统 声卡 部分 麻烦 不过 现在 这个 网上 已经 有人 提供 解决 方法
1,做工 不错 主要 价钱 实在 网上 显卡 排行 于是 之前 独显 那款 摄像头 之前 看清楚 以为 此款 摄像头 回去 开满个 不卡 显卡 不错 还有 上面 那个 声音 触摸 灵敏 一下 反映 很爽 外观 蓝色 其实 本人 喜欢 只是 遗憾
0,告知 所有 朋友 这个 简直 黑店 一楼 大堂 吃饭 白水 一杯 小卖部 市场 深夜 点有 色情 电话 天问 服务员 他们 一楼 美发 他们 没关系 奉劝 各位 千万 不要 入住
1,第一次 想象 好看 朋友 说好 第一 想象 一样 质量 现在 一段时间 确实 发热 没什么 噪音 很值
1,曾经 以为 作为 老师 道理 足以 面对 人生 朋友 看到 小强 升职 第一眼 喜欢 小强 一步 人生 必须 经历 局限于 职场 即使 第一遍 小说 心态 不禁 感慨 我能 做到 多好 拿到 小强 升职 发现 小说 简单 按照 小强 搞定 生活 搞定 工作 方法 决定 此刻 开始 改变 习惯 但愿 我能 成为 老付 一样 导师 培育 大树
0,差差 大而 家具 太差 早餐 早餐 质量 太差 宽带 网速 极差 几乎 等于零 环境 交通
0,当当 客服 垃圾 态度 超级 礼品 支付 订单 然后 取消 这个 订单 重新 生成 订单 想要 礼品 支付 发现 礼品 余额 已经 然后 打电话 客户 回复 我要 工作日 才能 礼品 回复 金额 怎么 这么久 很快 过去 知道 是不是 生活 火星 然后 等到 以后 现在 订单 货物 缺货 怎么办 回答 换个 时间 的话 明明 系统 这么 垃圾 反而 客户 承担 损失
0,以前 一次 发现 一只 老鼠 后来 看到 别人 他们 重新 装修 这次 这个 可是 实在 失望 一切 如旧 变只 晚上 生病 下次 再也不会 这个
1,进入 索菲特 银座 大饭店 受到 前台 小姐 热情 接待 告诉 通过 预订 免费 升级 非常 温馨 安排 专门 女士 楼层 这么 第一次 听说 专门 女士 楼层 特色 很多 好看 女性 杂志 还有 化妆棉 重要 特别 空气 视野 更好 看到 济南 建筑 大明湖 泉城 广场 尽收眼底 下次 济南 一定 这里
1,月份 青岛 顺便 朋友 他们 选择 干净 整洁 卫生间 设施 简陋 房间内 冰箱 考虑 周到 卫生间 设备 一点 更好 服务 人员 态度 非常 青岛 丢脸 电话 随叫随到
0,系统 驱动 起来 麻烦 还有 光驱 读盘 声音 较大 不过 一般 光驱 接受
1,本本 不错 成本 原因 精简 很多 外观 速度 性价比 这个 价钱
0,这个 型号 真难 性价比 相当 买回来 直接 系统 非常 完美 驱动
0,设施 老化 紧靠 马路 噪音 晚上 楼上 卫生间 水流声 空调 噪音 非常 无法 入眠 总台 反映 服务员 姗姗来迟 强调 如此 建议 入住 开发区 安庆 大酒店 市区 人民 锦江 之星
0,中医 方面 很感兴趣 看到 如此 畅销 很多 读者 满心 欢心 非常 失望 十二分 失望 书中 观点 缺乏 科学 根据 自圆其说 不能 比喻 新奇 道理 每篇 每段 提出 观点 之后 后面 很多 观点 无关 完全 乱七八糟 牛头不对马嘴 居然 多人 喜欢 除了 一声 长叹 别无选择
0,差评 遭遇 如下 入住 告知 预订 园林景观 理由 牵强 订单 清楚 无奈 准备 接受 发现 一层 很小 窗户 同事 另外 一座 宽带 提出 调换 前台 语调 柔和 态度强硬 只能 价格 加钱 领班 领导 商量 可能 同行 男同事 声音 提高 两个 音程 前台 打过 电话 竟然 当面 断章 歪曲事实 称有 两名 顾客 换房 不加 顿时 气得 无语 持续 分钟 争执 终于 引来 一位 管理人员 说明 前因后果 原价 园林景观 标准间 明白 通过 难道 不是 进入 发现 这才 所谓 园林景观 标间 不错 可是 晚上 发现 宽带 不能 据说 系统 刚装 调试 另外 一条 电话 上网 公司 网络 设置 冲突 网管 人员 帮忙 调试 一个多 小时 拿来 测试 已经 半夜 终于 成功 早晨 起来 贵而 不实 早餐 不满 更添 一层 有始 以来 郁闷 一次 出差 宾馆 反馈 年月日 尊敬 客人 您好 针对 反馈 回复 如下 再次 确认 携程网 合作 提供 房型 数量 以及 预订单 详尽 描述 避免 类似 事件 再次发生 再次 确认 所有 预订 要求 价格 园林景观 房内 同一 标准 不管 方式 入住 客人 享受 待遇 相同 对于 朋友 遭遇 深表歉意 对于 前台 员工 接待 用语 服务态度 加大力度 培训 考核 真心 希望 通过 工作 一位 客人 感受 亲切 周到 确实 一段时间 更新 店内 所有 网络系统 段时间 带来 不便 深表歉意 餐饮部 早餐 品种 大幅 调整 目前 品种 十分 丰富 营养 均衡 真诚 邀请 机会 再次 光临 上次 愉快 经历 作出 最大 限度 弥补 再次 感谢您 入住 期待 再次 光临
1,性价比 一家 目前 满意 家门口 便利 水果店 离久光 百货 分钟 步行 离号线 静安寺 分钟 步行 服务 到位 表扬 叫餐 方便 味道 足量 价格 平民 以后 我会 一直 选择 这里 呵呵 大家 记得 早点 预定
0,可能 中外 文化 理解 差异 可能 小孩子 太有 代沟 怎么样 喜欢 水墨画 一点 风格 漫画书 但愿 女儿 长大 一点 喜欢
0,电池 突出 预装 诺顿 试用版 赠送 内胆 看起来 有些 粗糙
1,早上 下午 去取 货机 性价比 高用 上来 发现 机子 降价 心里 高兴 只有 扬声器 音效 网上 重装系统 运行 平稳
0,价格 再往 一点 港行 这个 价钱 可是 双电内 包芯 电池 内存 重要 分辨率 这个 有点烦
0,纸张 质量 不好 文字 部分 更是 倾斜 盗版 不负责任 胡兰成 本人 文字 美的 粗糙 纸质 真的 拿在手上 影响 阅读
0,屏幕 靠右边 一道 亮线 形状 如长 多次 第一次 碰到 麻烦 应该 质量
0,发热 可能 系统 安装 温度 一直 在度 以上 电压 有时 变为 不知 为什么
0,鄙视 包装 一层 泡沫 厂家 厂家 温度 超过 没事 用晕 怎么 医生
1,敦煌 入住 这个 吃住行 方便 适合 驴友
0,噪音 利害 几乎 隔音 设施 符合 环保 要求 负责人 态度恶劣 客人 利益 考虑 一方 地头蛇 不符 星级 标准
1,豪华 设施 显得 有些 陈旧 早点 不是 非常 丰富 不过 对于 四星 饭店 早点 可能 要求 过高 不过 这个 门脸 胡同 里面 不过 还好 出租车 司机 知道
1,一名 中学语文 教师 孩子 六岁 关于 教育 观点 一致 这是 一本 值得 一位 母亲 一位 师者 值得 或者说 应该 拥有 拥有 权力 教育者 拥有 他们 不会 这么 同类 书籍 次数 阅读 详细 无论是 母亲 角度 教师 角度 受益非浅 除去 所说 儿子 角度 男孩 而言 强调 体育
1,小巧 做工 真的 键盘 不错 敲击 喜欢 明天 同学 重装系统 争取 双系统 嘿嘿
0,看到 网友 点评 有些 不信 以后 知道 全世界 最脏 最差
1,难得 桐华 大人 笔下 每个 几乎 好人 人们 人生 人们 爱情 然而 好人 避免 不了 互相 伤害 好人 未必 能够 得到 幸福 人们 眼泪 那玉瑾 一片 心意 九爷 为难 成全 霍去病 情痴 执着 不由 期待 完美 结局 不能 将心 分成 两半 结局 未必 不是 最好 选择
1,外观 不错 适合 性价比 高该 功能 完美 反应速度 很快
0,承诺 第二日 送货 根本 实现 不了 已经 客服 敷衍 联系 现在 没人 联系
1,来说 不错 当地 最好 之一 干净 餐厅 不错 缺点 五指山 景区 太远 左右 小时 车程 真的 五指山 需要 选择 景区 附近
0,系统 操作 不太 习惯 另外 不能 文件 文件 互通 一些 方便
1,昨天 拿到 性能 不错 软件 几乎 拿到 上网
0,温度 接受 范围 适配器 充电 时会 高热 说明书 中倒 提醒 字母 大写 开关 指示 输入 密码 时要 注意
0,好几个 系统盘 不到 硬盘 最后 用盘 启动盘 启动 操作系统 然后 环境 使用 安装 镜像 终于 能够 系统
0,本来 以为 搞笑 漫画 网上 人气 一连 三本 没想到 只是 生活 日记 似的 一些 生活 事情 语言 一般 可能 翻译 缘故 总之 个人 无聊 呵呵 应该 适合 小女生 看吧 呵呵 本人 男性
0,物品 发现 不足 不过 服务 属实 不好 客服 办事效率 有待 提高
0,全套 没见 这么 垃圾 其实 需要 一本 就够 其余 排列组合 美国 畅销书 为什么 书店 看不到 原因 不了 两分钟 明白 拼凑 重复 看到 实物 恐怕 愿意 不过 书商 不负责任 一套 一不留神 上当
0,员工素质 很差 通过 到期 后想 延住 通知 于是 通过 前台 看看 不能 实在 不行 再搬 前台 两个 员工 说话 礼貌 爱住 不住 他们 就要 退房 后来 销售 解决问题 满意 今天 一给 打电话 发现 那个 销售 当时 答应 订房 确认 价格 其实 根本 没订 下次 再订 安排 再也 下次 讲信用 根本 没法
0,像是 仓库 拖鞋 不错 卫生间 早餐 很差
1,第二段 最后 浅吟低唱 灼灼 清酒 媚人 情愫 唇齿 留香 浓郁 甜蜜
1,最大 优点 便宜 这个 配置 真的 便宜 样子 不错 很漂亮 噪音 散热 一般 不好不坏
1,作为 女儿 礼物 晚到 几天 拿到 女儿 爱不释手 洗手间 告知 不好 竟以 学习 毛主席 反驳 反对 几句 主席 不敬晕 上周末 告诉 火鞋 风鞋 拿到 学校 好多 同学 羡慕 呵呵 其中 人鸦 可惜 老公 催促 这么 归纳 一句 套书
1,书中 很多 其实 想象 那样 开始 认为 全国 有名 风景区 书中 很多 听说 一些 陌生 小镇 图片 不是 太漂亮 可能 身临 其中 才能 记录 家乡 一处 风景 去过 一次 此处 特别 一般 农家乐 别的 去过 就算 向往 机会 条件 看看 走走
1,这个 账号 一款 白色 黑色 好看 一百块 最后 灰色 这个 灰色 以及 接近 黑色 设计 很漂亮 爱不释手 配置 也好 联想 划算
0,订单 日月 没到 当地 邮局 当当 客服 一男 查当 服务 失望 看来 另寻 高枝
0,收货 时机 外壳 保护膜 气泡 保修卡 没盖 公章 知道 其他人 穿越 火线 起卡
0,大家 普遍 反映 不错 一般 运用 通俗易懂 语言 叙事 不乏 诙谐 幽默 进去 多次 床上 看着 看着 仁者见仁 智者 见者
0,儿子 简直 超级 喜欢 轱辘 轱辘 买回来 不到 一个月 几乎 翻烂 现在 倒背如流 反倒 一页 知道 前面 一页 后面 一页
1,外观 很靓 配置 均衡 自提 认为 性价比 系统 不是 麻烦 硬盘 改为 模式 选择 光驱 优先 启动 然后 自动 系统 分区
1,新手 来讲 容易 样子 好看 售后 电话 很快 得到 解决 性价比
0,性价比 非常 高元 能够 配置 笔记本电脑 非常 合算 基本上 配置
0,不足之处 两个 电源 盒子 发热 惊人 接上 不久 烫手 内存 插槽 只有 要加 内存 原装 卸下来
0,性能 一般 蛮肉 上网 速度 很快 大都 郁闷 电池 太强 本子 小时
1,刚买 不到 一个月 前两天 起来 非常 眼睛 无意间 发现 原来 屏幕 特别 厉害 很晃 以为 眼睛 太累 朋友 见证 一下 厉害 太伤 眼睛 其实 去年 刚出 一台 起来 今年 过生日 男朋友 作为 生日礼物 一台 可是 这么 不好 需要 解释
0,对于 有些 抵制 画面 全是 一团 糟糕 孩子
0,材质 做工 粗糙 发热 大用 一次 突然 声卡 假如 发生 集成 声卡 比较慢
1,接口 加上 接口 接口 方面 已经 非常 齐全 同时 性能 配置
0,卫生间 特别 内部 设施 人性化 尤其 热水 设施 明显 接触不良 后面 线板 下面 方便使用
0,第一次 入住 实际 情况 现实 相差 太远 屋子里 味道 很大 打开 窗户 换气 卫生 不敢恭维 入住 时间 不长 搬走 位置 知道 为何 这里 选址 总之 不会 再住 楼下 一般
0,同意书 没什么 实质 里面 食物 标示 语等 存在 翻译 汇总 里面 翻译 错误 大都 简单 单词 写错 其他 意思 实际上 错误 出现 几率 很小 或者说 无趣 比如 学生 年龄 学生 第页 写成 来说 事有 意义 英文翻译 闹出笑话 事情 很多 相信 任何人 只要 搜集 找出 一些 随便 一些 出来 不单 伤害 读者 胃口 伤害 名声 反对 娱乐性 图书 无趣 娱乐性 图书 实在 倒胃口
1,这里 三个 人住 一间 服务员 主动 一份 浴室 套装 一次性 浴室用品 质量 不错 小些 装璜 很多 人性化 设计 老妈 喜欢 服务 台前 还有 一块 板上 这家 店到 景点 乘坐 公交车 方便 游客 出行 不过 这家 位置 有些 是因为 这家 店离 留园 很近 这家
1,入住 不足之处 如下 一号 楼到 二号楼 指示 标志 明显 服务 人员 似乎 知道 主动 见面 打招呼 这点 比起 海景 花园酒店 大厅 走廊 院子 见到 各个 岗位 服务 人员 大部分 知道 应该 主动 客人 打招呼 问好
1,日日 入住 豪华 海景房 点评 预定 直面 大海 果然 不错 尤其 配套 康乐 设施 很多 干净 游泳池 保龄球 高尔夫 练习场 住店 客人 八折 服务 人员 态度 儿子 特别 中意 这家 以后 威海 还要 入住 自助 早餐 品种
0,两岁 三个 宝贝女儿 此书 一点 兴趣 九岁 儿子 随便 平时 喜欢 不同
0,如此 之多 如家 一家 最差 服务 很差 地段 硬件 设施 简直 招待所 的士 司机 不到 那个 打电话 总台 一直 无人 接听 最后 几次 圈子 小巷子 发现 总台 他们 为什么 接电话 居然 回答 时间 商务 大床 房到 发现 一楼 窗户 外面 到处 停车 办法 睡觉 郁闷 以后 再也不会 补充 点评 年月日 今天 接到 这家 总经理 助理 打来 电话 之前 一些 事情 表示 抱歉 解释 一些 原因 态度 不错 希望 以后 有所改进 更好 服务 所有 客人 特别 客人
0,月初 入住 元天 客房 一次性 睡衣 收费 睡衣 放在 一起 外包装 一样 一次性 睡衣 收费 只要 开封 视为 使用 在于 睡衣 放在 一起 明显 标示 窗户 室内 光线 不好 睡衣 起来 仔细 分辨 容易 随便 算了 一次性 睡衣 撕开 包装 作为 服务行业 是不是 提供 鲜明 收费 标识 说明 以免 客户 发生 错误
0,部分 单词 偏僻 实用 单词 串讲 重点 介绍 完会 哈哈大笑 实在 有些 吹嘘 事实上 硬邦邦的 幽默 甚至 自说自话 自得其乐 一点 起来 有些 幼稚 低俗 趋势 或许 韩国 特色 之一
1,山庄 安静 空气 非常 交通 方便 空调 不太凉
1,交通 方便 服务 满意 周围环境 不错
0,主要 介绍 经络 穴位 东说 一点 西说 一点 零散 里面 方法 模糊 居然 会排 畅销书 上当
0,包装 漂亮 失望 冲着 庄子 原先 看原 有些 明白 真正 悟出 其中 道理 原以为 看于 心得 有所 启发 发现 心得 所悟 还要 敷浅 失望 本人 说不出 深刻 道理 对于 深入 了解 庄子 一点 帮助
0,系统 麻烦 不想 或者 的话 折腾 很久用 那个 深度 订制 安装盘 搞定 随机 不带 驱动 不好 只能 上网 下载
0,电视台 介绍 针对 外国 宝宝 对于 小孩 不太 适合
0,书本 太小 方便 小孩 翻阅 有些 页面 字太多 字体 很小 可能 适合 上学 小学生 看吧 喜欢
0,环境 很脏 干净 床单 好象 很久没 破旧不堪 宾馆 反馈 年月日 谢谢您 宝贵意见 设施 设备 现已 全面 更换 欢迎您 下次 入住
1,然而 如何 一段 文字 价值 在于 生命 读者 生命 瓜葛 无需 隐晦 彼此 共鸣 久久 体会 压抑 感受 哀伤 扭曲 暴力 空屁 深深 慧仙 深埋 无力 见光死 若非 那盏 铮亮 铁皮 红灯 几乎 以为 一场空
1,轻巧 本来 想到 系列 应该 轻巧 不过 没想到 这么 轻比 原来 华硕 不是 一点点
1,这个 价格 这个 机器 机器运行 速度 快递 速度 快装 系统 不错 不算 麻烦 先装个 纯净 重装 系统 没到 已经 所有 驱动 下载 完毕 顺利
1,科学家 口述 不仅 各自 领域 自然科学史 实际上 一部 社会 发展史 人文 历史 比如 主人公 西南联大 读书 参加 进步 组织 打成 右派分子 理学 院长 吴有训 等等 一段 经历 不是 单纯 自然科学 绝对 离不开 当时 社会 从中 看出 科学家 真诚 爱国 情操 侧面 当时 社会 人文 方面 进一步 了解
0,当买书 无数 此书 垃圾 样样 数百 有用 不过 两页 愤怒 之情 无法 语言 表达
1,个人 推崇 上网 鸡肋 朋友 试用 适合 使用 至少 键盘 不太 舒服 容易 续航 时间 其他 上网 本要 很多 大约 小时 达到 宣称 小时 已经 不错
1,这个 已经 关注 一段时间 本来 入手 错过 现在 加上 一张 优惠券 合算 价格 使用 不错
0,书一到 打开 不了 一天 时间 想着 若干年 要是 求职 帮助
1,启发 作用 大于 思考 作用 天下 一定之规 美利坚 不能 遮盖 华夏 发展 阶段 留学生 滞美 不归者 前几日 一次 内部 演讲 总之 美国 人权 如何 开始 赞同 后来 过后 发现 即以 高福利 全民 普选 私人 财产 不容 侵犯 基点 宣讲 优则 优矣 具备 普世 视角 所谓 阴一阳 谓之 参破 不必 阅者
0,模具 一般 背面 散热 风扇 进气口 另外 自提 告知 杀毒软件 和解
0,内存 小打 知道 原因 发热量 不过 接受
0,客房 前台 服务 不错 陈旧 不如 一般 宾馆 阳台 卫生间 极小 位置 不好 花园 泳池 很小 尤其 要说 花园里 餐厅 东海 渔家 东海 渔村 市场 一斤 海瓜子 卖元 一斤 还少 味道 一盘 黄瓜 要元 根本 露天 排档 环境 桌子 脱漆 摇晃 过分
0,安排 非常 不合理 穿过 很远 厨房 才能 到达 闻到 厨房 一股 做饭 味道 没法 休息 大床 反而 不能 上网 标准间 上网 不合理 服务态度 一般
1,几天 不错 无线 蓝牙 摄像头 基本功能 对于 上网 足够 省事 放心 送来 拆封
0,首先 感谢 携程网 协助 携程网 此次 服务 感到 满意 入住 经贸 宾馆 首先 空间 太小 双人 商务 标准间 不到 应有 标准 倒像 单间 面积 房间内 卫生 状况不佳 地面 明显 泥灰 卫生间 门前 脚踏 脏污 室内 座椅 特脏 不愿 落座
1,这家 设施 真的 非常 不错 地理位置 方便 大堂 气派 由于 预订 那种 房型 前台 升级 高级 来说 满意
1,思存 这本 书本 后妈 进行 到底 终于 河蟹 结局 也许 第一次 第一人称 叙事 之前 作品 相差 多次 提到 东子 提到 佳期 提到 佳期 如梦 佳期 如梦是 十来 遍流 十来遍 匪大 多次 提起 不由得 心伤 要说 喜欢 不如说 喜欢 思存
0,喜欢 这部 更加 期待 原著 这书 盗版 无以复加 本人 已经 出离 愤怒 不带 这么 坑人
0,大堂 住宅 公寓 一楼 大厅 所谓 套房 卧室 任何 五星级 一间 普通 标房 两张床 挨得 紧得 半米 距离 不到 令人气愤 卫生间 小得 两个 里面 打架 垃圾 套房 竟然 卖元 一晚 真是 人民币 看得 不值钱 美国 豪生 集团 旗下 一家 真是 招牌 认真 考察 一家 签约 协议 往来 客户 真实情况 不要 忠实 客户 一次次 受到 欺骗 补充 点评 年月日 一家 性价比 十分 失望 酒店宾馆 反馈 年月日 感谢您 选择 入住 上海 绿地 豪生 套房 给予 忠恳 建议 首先 允许 简单 介绍 一下 概况 属于 一家 国际性 连锁 集团 提供 优质 标准 酒店式 服务 迎合 不同 种类 客户 需求 希望 及其 客人 带来 回家 客房 最小 面积 平方米 最大 平方米 每间 套房 配备 简洁 齐全 现代化 厨房设备 提供 餐饮 商务中心 酒吧 健身 一系列 设施 此次 入住 行政 套房 面积 平方米 每晚 房价 我店 客房 设计 风格 建筑 布局 比例 客厅 为主 区域 五星级 具有 性价比 客户 追求 更加 豪华 舒适 套房 选择 贵宾 套房 房型 平方米 其次 旅行网 合作伙伴 关系 总是 优惠 价格 最好 房型 提供 客户 保持 长期 友好 合作 关系 相信 旅行网 秉承 同样 宗旨 认真负责 一家 签约 推荐 忠实 客户 最后 再次 感谢您 忠实 建议 希望 下次 机会 提供 优质 服务 谢谢
1,隔音 外人 说话 一清二楚 其他 赣州 奢求
1,外观 漂亮 速度 很快 重要 携带 超级 方便 电池 续航 能力 很强
1,特别 喜欢 游泳池 健身 交通 方便 离琶洲 展馆 近离 天河城 早餐 挺不错 他们 其他 满意 下次 出差 还会
0,费事 做工 一般 对得起 这个 价位 必须 才能 使用 非常 不爽
0,入住 将近 一天 房费 卫生间 很小 经济性 走廊 一股 霉味 浴缸 下水管 漏水 一地 窗户 外面 不到 居民小区 喇叭 不断 可笑 结账 告知 预定 房费 服务费 服务费 这么 多次 五星 很多 一次 遇到 总之 房费 不合理
0,以为 好看 真是 用心良苦 大量 中国 错误 英语 图片 丢脸 文章 纯粹 可能 比如说 姨妈 说成 可能 除非 开玩笑 故意 任何 学过 英语 初中 以上 难以 错误 几个 故事 之后 积极性 大受打击 本来 当本 笑话书 来看 没想到 难以 出来
0,外甥 原本 以为 一本 很厚 至少 单调 收到 货时 打开 一看 失望 值得 价钱 相比 这书 不值
0,结构 情节 直至 文字 毫无 新意 典型 网络文学 小说 要求 不高 纯粹 为了 解闷 或许 凑合
1,外观 漂亮 做工 优秀 键盘 手感 功能齐全 配置 满足 一般 娱乐 办公 屏幕 主流 配置 指纹 麦克 摄像头 读卡器 蓝牙 功能丰富 主要 这个 品牌 这个 价格 绝对 性价比 冠军 强烈推荐
0,最大 缺点 预装 系统 难搞 界面 非常 漂亮 还好 配置 困难 无线网络 不会 设置 合用 股票软件 只能 准备 分区 相当 直接 售后
1,购书 读书 聊书 生活 一件 重要 事情 现在 孩子 教育 孩子 更加 关注 介绍 很多 周围 妈妈 影响 很大 不断 实践 其中 理论 许多 不到 那样 亏欠 孩子 智力 习惯 情商 各个方面 似乎 完美 开心 付出 精心 呵护 遇到 世界 最好 孩子
1,优惠 杀毒软件 性价比 高用 顺手 信赖 联想 品牌 希望 稳定 耐用 希望 联想 服务 不会 失望
1,现在 其实 需要 一段 好好 思考 一段时间 助于 真正 消化 已经 肯定 一本 来说 非常 帮助 坚定 地要 自学 中医 其中 印象 比如 一些 关键字 追本溯源 震撼 原来 每一字 当中 蕴含 祖先 多少 智慧 应该 回归 丢弃 传统 文化 丢掉 中医 失掉 文化 当归 当归
0,决定 拿到 失望 里面 小鸡 名字 难念 记不清 不顺 更何况 不到 女儿 画面 看起来 那些 名字 不顺 里面 故事 对于 孩子 来说 一点 吸引力 只有 放到 一边 相反 后来 那套 淘气 小格 女儿 非常 喜欢 讲完 里面 故事 翻来翻去 身高 起脚 还会 小格 看来 调皮 淘气 小格 一样 小格 淘气 事儿 很多 共同 大家 推荐
1,电池 优越 外观 工艺 键盘 手感 舒适 速度 接受 电池 突出 设计 自带 软件 实用
1,中归 中举 地理位置 特别 价格 接受 下次 应该 还会 这里
1,众所周知 原因 一直 内心深处 抵制 日本 文化 接受 教育 负面 信息 多于 正面 随着 阅读 日本 绘本 增加 观念 发生 很大 变化 这些 书中 看到 他们 历史 反思 儿童教育 关注 人性 反思 比如 西达 比如 今天 看到 狐狸 神仙 书中 只有 淡淡的 爱心 喜悦 图画 阅读 文字 美的 享受 孩子 来说 最好 爱心 教育 无需多说
1,逻辑 严密 一气呵成 一句 废话 深入浅出 循循善诱 环环相扣 平日 看到 指标 图释 头疼 竟然 大有 拨云见日 醍醐灌顶 之感果 不出所料 占豪 黄金 游戏 值得 期待
1,配置 价格低 自带 三星 内存 质量 前段时间 东京 同方 摸具 提高 不少 轻触 功能键 技术含量 面板 很大 散热
1,质量 没说的 冲着 小黑 完美 可是 电源 驱动 键盘 声音 控制键 不管 研究
1,办公室 同事 完善 非常 不错 顾客 服务 相当 满意
0,真是 有股 霉味 床单 没洗 干净 不明 污渍 客房部 要求 没人接 电话 只能 前台 送来 床单 要求 铺上 服务员 前台 负责 铺床 客房部 下班 只能 上面 几位 数字电视 吸引 真是 没什么 可看 存储 电影 少得 可怜 连续剧 根本 打不开 下次 不会
1,位置 一些 民族风情 机会 尝试 一下
1,一套 便宜 价钱 不过 拿到 手时 超出 预期 一个个 可爱 故事 一段段 好玩 经历 不是 单纯 说教 只是 两个 丑丑 小家伙 孩子 笑声 懂得 相处 懂得 生活 喜欢 现在 偶家 小宝 只要 静下来 看连 换衣服 两眼 好玩 一套 小宝 识字 很多 基本 不用 大人 希望 父母 孩子 一起 套书
1,不错 很大 设施 完备 地理位置 方便 电视机 稍微 一点
1,下单 第二天 送来 赞比 想象 不错 上网 还好 配置 电池 够用 哈哈
0,感覺 不太像 旅館 毛巾
0,一般般 印刷 制作 恶劣 不知 垃圾 纸墨 恶臭 根本 不得 近身
0,原来 重庆 出差 一直 这个 早餐 差点 就算 最近 一次 他们 行为 实在 不敢恭维 明明 消费 硬说是 消费 不爽 以后 不住
1,性价比 外观 看着 顺眼 功能 拿到 完美 开心
1,总的来说 几点 不足 卫生间 臭味 方便 走过 桥到 大街 招呼 中餐厅 偏贵
1,爱德华 礼物 看过 真的 受益匪浅 原来 在生活中 工作 遇到 有意思 语言 说明 并且 总结 观点 看法 各种 不同 方式 运用 个人 以后 职来 生涯 用到 那些 看似 在生活中 微不足道 事情 影响 事业 发展 工作 方式 方法 运用 达到 那样 完美 职场 天地 非常 一本 一语惊醒 梦中人 好书
1,不错 周围 热闹 出行 方便 更不愁 吃饭 浅水湾 赤柱 海洋公园 正门 巴士 车站 附近 小点 性价比 接受 门童 服务态度 问路 热心 尽管 普通话 不是 大堂 住宿 女士 不太 适合 服务行业 不是 态度 不好 笑脸 总是 皱着眉头
0,以后 马路 不会 这里 一进 一股 臭味 飞机 晚上 北京 赶到 快点 实在 办法 只好 由于 吃晚饭 前台 小时 送餐 可是 那个 送餐 电话 永远 不通 另外 竟然 宽带 告诉 上网 明早 商务中心 年代 反正 住进 这个 好像 回到 年代 一切 位置 胡同 里面 车子 包小包 走进 关键 还脏 真是 知道 为何 推荐 这家
1,战友 支持 豪哥 系列 希望 豪哥 继续 心得体会 表达出来 战友 技术 得到 提高
1,走廊 地毯 非常 舒服 服务员 服务 周到 态度 管理 到位 一层 自助 早餐 品种 有些 单调 不过 晚上 露天 啤酒节 凉爽 风吹 喝点 特别 舒服 主要 卫生
1,鸡蛋 身边 很多 朋友 东芝 耐造 散热 很多 优点
0,商城 注意 物品 下单 送货 及时 需要 退换 物品 漫长 痛苦 过程 开始
1,银色 边框 耐看 做工 不错 奔双 速度 显卡 应付 主流 游戏 屏幕 相当 不错 显示 效果 亮度高 宽屏幕 不错 发货 速度 很快 效率高 一点 值得 表扬
1,外观 档次 红色 的话 女生 刚好 很漂亮 同价位 配置 实惠
1,入住 一晚 不错 不管 环境 设施 不错 特别 客房 一些 细节 舒服 方便 要是 价格 大众化 相信 一家 不错
1,设施 不新 大小 适中 海景 无烟 早餐 普通 选择
1,香港 五天 富豪 东方 称为 工作人员 服务态度 非常 好三楼 新装修 很小 相当 温馨 每天 收拾 屋子 阿姨 免费 咖啡 红茶 享用 打个 电话 任何 事情 高效率 完成 周围 环境 热闹 九龙城 美食 天堂 不用 担心 饮食 周围 甜品店 茶餐厅 眼花缭乱 价格合理 服务周到 地铁 不近 公交车 四通八达 远比 地铁 换乘 方便
0,电池 续航 能力 稍显 不足 外壳 塑料 右手掌 托处会 咯吱咯吱 光驱 推进 似有 卡感 利索 价格 再降 完美
0,只能 恐怖 特价 里面 居然 两扇门 大不太 不好
0,需要 适应 分区 奇怪 但据 客服 系统 崩溃 导出 数据
1,这个 品牌 里面 性价比 还算 发热量 其他 还好 启动 光驱 声音 较大 内存 真是 不够 建议 直接 一根 内存
1,受用 这本 一本 关于 心理 方面 其中 讲到 很多 贴近生活 比如 曾经 经历 或者 身边 经历 某种程度 受到 心灵 感召 或者说 像是 经验丰富 长者 娓娓道来 人生 道理 揭示 人生 路上 遇到 某种 不知所措 困难 告诉 解决 办法 比如 书中 提到 推迟 满足感 受用 学习 方法 遇到 瓶颈 提供 一种 动力
0,恩不太 习惯 不过 重新 毕竟 这个 款要 比款 便宜 超值 外表 钢琴漆 收集 指纹 不过 用布 一擦
0,鞋撑 云南 协议 少得 可怜 应该 下大力气 做些 工作 如家 店子 到处 开一开 要不然 这些 鞋撑 依赖症 患者 不到 当地 大多数 一样 上网 这里 奢侈 非要 商务 订房 鞋撑 不能 刷卡 前台 却是 方便 一般 热水 几乎 害得 一家人 两天 没法 洗澡 早餐 极差 不论 稀饭 干饭 炒饭 煮饭 只要 有米 一定 沙子 电梯 有时候 停运 晓得 原因 楼下 超市 环境 一般 走路 洱海 公园 明珠 广场 不算 太远 打车 机场 约元 大理 古城 一带 需要 大约 大理 出租车 城内 打表出 议价 斩客 现象 严重 开发区 下关市 中心 人民广场 一带 块钱 刚出 起步价 服务水平 有待 提高 退房 时说 不见 卫生间 纸筒 卷纸 轴非 是不是 拿走 他们 那个 感兴趣 建议 大理 朋友 开发区 这边 很多 看起来 不错 一晚 这里 歇歇脚 然后
1,位置 闹中取静 交通 便利 门前 小型 超市 一应俱全 老鸭 粉丝 小吃 餐厅 伙食 不错 步行 离久光 分钟 路程 南京 西路 大型 购物 商场 恒龙 广场 梅龙镇 中信 泰富 分钟 淮海路 平行 上街 购物 超级 我住 豪华 双人间 环境 不错 干净 卫生 小时 热水 冷暖空调 还有 杂志 阅读 唯一 美中不足 电视 有些 服务态度 不错 及时 反馈 客人 要求 下次
1,房型 有限 不过 商务 标准间 不错 设施 服务 到位 不过 这次 入住 边上 温度 保温 较差 自助式 早餐 午餐 口味 价位 适中 这个 不缺 客源 位置 偏僻 出租车 开发区 办事 方便
1,不知 硬盘 运行 咔响 不停 节奏 鼓点 华硕 售后 竟然 正常 怒怒 不敢 万一 抓进去 一年 亏了
0,对于 第一次 太原 宾馆 不好 出租车 知道 里面 霉味 毛巾 的确 很差 典型 国有企业 以前 网上 点评 持有 怀疑 态度 现在 知道 我错 说出 遇见 另外 为什么 锦江 之星 如家 一类 签定 合作 协议 有钱 大家 合作 相信 未来 社会 成功 硬道理
1,读完 第一章 爱不释手 里面 描写 许多 现象 抽离 出来 道理 通过 例子 使书 更加 通俗易懂 如此 此书 一点 不俗 但凡 生活 世上 总会 亲身经历 书上 提到 之一 二看 引发 思考 何为 人生 以前 曾遇 十分 公平 突然 领悟 道理 明白 事态 为什么 那样 发展 一下子 懂得 很多 看透 很多
0,外壳 完全 指纹 收集器 电池 使用 时间 蓝牙 打开 标称 小时 不少 小时 左右 当然 一般 上网 本强 不少
1,单人间 不过 设施 完备 地点 比较满意 服务水平 不错
0,告诉 如何 当今 竞争 激烈 环境 尤其 外企 凭借 努力 一步步 实现 目标 故事 当然 人工 拉拉 可爱 学习 对于 工作 认真 执着 遇到 总是 善于 总结 善于 公司 上上下下 打交道 技巧
0,质量 印刷 不错 不过 适合 五岁 以下 儿童 孩子 已经 八岁 套书 好像 兴趣 另外 套书 有些
1,外观 时尚 性价比 设计 时尚 真机 照片 漂亮 值得 推荐
1,真爽 传说 人住 除了 这个 好像 其他 优点 早上 火车 洗澡 空调 有时 奇怪的是 淋浴 竟然 那个 开关 往下 不是 发现 新大陆 无知 前台 打扫卫生 时用 吸尘器 竟然 跳闸 早餐 真不叫 早餐 不值 电梯 爆慢 顶楼 电梯 几支 不过 服务员 不错 不过 诸多 不快 美丽 景色 服务员 笑脸 抹杀
0,这么 昨晚 少妇 里面 丈夫 大喊 大闹 要死要活 炒得 大家 睡好 提醒 大家 保密工作 放心
1,第一次 订房 长安 舒适 餐饮 令人满意 价格 前台 价格低 不是 太有 竞争 优势
0,为什么 没收 不是 没发 显示 发货
1,几天 还行 发现 速度 一天 晚上 下单 第二天 通知 取货
0,买回来 一个月 儿子 看过 一次 咕噜咕噜 别的 连翻 翻画 太满 显得 有些 画面 不能 产生 兴趣 书本 太大 起来 不太 方便
0,屏幕 质量 明显 不是 档次 这个 屏幕 似乎 一样 仔细 效果 很多 怀疑 雪花
0,共人 其中 外宾 一共 前台 服务态度 冷淡 不好 干净 对不起 它星 招牌 同行 中一人 使用 房间内 服务指南 甚至 打开 退房 服务指南 留下 一道 圆珠笔 印子 要求 赔偿 急赶 飞机 申辩 无效 气愤 付钱 服务态度 真让人 失望 下次 应该 不会 选择
0,隔音 很差 走廊 外面 任何 动静 一清二楚 不用 休息 所有 毛巾 一股 烟味 知道 为什么 这是 第三次 每次 如此 毛巾 出奇 宾馆 反馈 年月日 感谢您 点评 隔音 通过 点评 已经 改善 毛巾 洗剂 方式 已经 进行 调整 清洗 通过 增加 柔软剂 改变 毛巾 柔软 程度
0,指示灯 明显 大小写 指示灯 蓝牙 指示灯 自带 摄像头 成像 效果
1,设施 一般 服务 相当 价格 合理 值得 推荐
0,订单 今天 没到 当当 显示 完成 交易 请问 怎么回事 订单号 订单 今天 没到 当当 显示 完成 交易 请问 怎么回事 订单号 订单 今天 没到 当当 显示 完成 交易 请问 怎么回事 订单号
1,性能 不错 其他 驱动 自动 搜索 驱动 好装 其他 使用
0,很差 相当 外国 客人 大火 服务 符合 四星级 标准
0,医疗 展会 入住 这个 豪华 海景房 设施 入住 日子 进去 离开 供应 热水 想想 一千多 房价 亏死 大连 维修 管道 简直 无耻 确认 同期 很多 朋友 收到 影响 解释 非常 勉强 预定 信用卡 担保 他们 取消 入住 打折 说时 不可抗力 航班 天气 原因 迫降 沈阳 取消 预定 打车 连夜 赶到 大连 这个 气愤 这么 事情 总而言之 入住 这么 无耻 倒霉 补充 点评 年月日 收费 项目 上网 时元 每分钟 打劫
0,这个 整体 来讲 经济 实惠 三月份 服务员 服务 不错 今天 不好 前台 登记 系统升级 之前 资料 重新 登记 空调 翁翁响 一次 一次 几次 前台 小姐 不是 好了吗 态度 不好 顾客 太差 装修 白灰 房角 堆放 明天 下次 不会 经理 严整 管理 早点 不错
0,服务 蛮差 豪华 其实 一般
1,环境 不错 前台 礼貌 服务 到位 好评
1,位置 本次 入住 对面 大海 很漂亮 前台 服务 到位 因要 晚上 船票 离开 威海 行李 存放 前台 服务员 热情 性价比 不是 高元 标间 不过 水果 还好 呵呵
1,市区 远离 国际 展会 不近 客人 满意
0,隔音 很差 厂房 改造 门口 接待 差点 找到 隔壁 上海 小气
1,二十 一层 空调 不太好 温度 不好 调节 以及 噪音 不小 淋浴 水量 不是 很大 另外 电梯 太少 只有 两部 每次 好长时间 才能 等到 电梯 下次 估计 不会
0,别人 帮忙 系统 听说 难装 另外 一会 电源 容易 发热
1,完美 三星 三星 内存 改装 驱动 一切顺利 音质 不错 朋友 索尼
1,做工 精致 细节 处理 不错 尤其 拉丝 控制面板 做工 很强 工能 媒体 屏幕 触摸式 音量 调节
0,九江 算是 难得 规模 大点 国庆 入住 糟糕 早晨 时个 服务员 其中 厕所 进人 赶紧 锁门 敲门 出来 不理 出来 马桶 投诉 高个 瘦长 脸姓 领班 担保 他们 服务员 不会 客房 马桶 担保 出来 服务员 厕所 电话 回家 早晨 厕所 电话 领班 赶紧 服务员 其实 手机 狡辩 恶劣 之极 最后 怎么办 解决问题 怎么 你们 起码 态度 最后 告诉 挂牌 四星级 服务员 清理 客房 不许 关门 服务员 客人 马桶 如何 保证 消毒 卫生 不想 耽误 当天 行程 退房 硬件 只能 模仿 四星级 设施 装修 材质 很差 从没 见过 挂牌 廉价 材料 知道
0,加上 一点 脑子 胡言乱语 一通 看看书 语言 看出 白痴 可笑 里面 引用 很多 经书 好像 编辑 加上 强烈建议 绳之以法 不负责任 这家 出版社 直接 国家 接管 害人 伪科学 典型
1,金泉 几天 开始 豪华 商务 套房 后来 商务 标间 性价比 更好 两种 大小 差不太多 免费 通过 电源线 网上网 速度 挺快
1,价格便宜 同时 外观 配置 不错 附带 系统 附送 系列 驱动 非常 方便
0,河南 旅住 最差 年代久远 非常 残旧 光线 不好 洗手间 异味 除了 相国寺 以外 其他 景点 不是 很近 可能 开封 这个 城市 本身 到处 灰尘 好像 到处 灰蒙蒙 免费 自助 早餐 不过 吃得饱
1,价格便宜 配置 做工 屏幕 不错 硬盘 声音 键盘 手感 不错 包薄 还行 搭扣 金属 内存 单条 扩展 方便
1,虽小 五脏 具全 海景房 需要 另加 不住 海景房 那儿 意义 早上 中餐厅 早茶 惬意 可口 周边 逛街 方便
1,不错 实惠 符合 合适 市场 定位 石家庄 方便
1,关于 亲生 后母 现象 描述 贴切 年代 经常 发生 现象 貌似 现代 上山下乡 现象 不会 发生 其实不然 现在 很多 年轻 父母 为了 工作 孩子 寄放在 老家 或者 父母 出国 孩子 寄放在 国内 造成 亲生 后母 现象 父母 经历 即使 孩子 经历 注意 教育 方法 防止 经历 影响 带给 孩子 建议 年轻 父母 读读
0,小时 免费 服务 电话 联系 十分 不便 尽快 解决 你们 每天 时才 接电话 你们 难道 欧洲 上班 上帝 上班 你们 难道 还要 睡觉 上帝 你们 叫醒 你们 改改 拜托
1,特别 套房 非常 不错 餐厅 太脏 早餐 胃口
1,性价比 外观 手感 挺不错 散热量 风扇 声音 影响 使用 悬浮式 键盘 很赞 来讲 比较满意
0,外表 大堂 看上去 本来 信心 市中心 出行 方便 可是 从进 电梯 开始 恶梦 电梯 一点 像是 电梯 电梯 一股 浓浓的 难闻 味道 恶心 我订 标间 设施 陈旧 简陋 实在 不敢恭维 三星 招待所 一点点 收费 简直 太过分
1,今天 第八章 时间 之箭 文中 写道 未来 不仅仅 可能性 实际上 一种 现在 此刻 拥有 拥有 未来 是因为 现在 拥有 引向 未来 状态 需求 目标 以及 项目 人类 优越性 一方面 死时 丧失 有时 思考 生命 意义 每次 答案 有所不同 罗兰德 时间 视角 理解 生命 引入 全新 道路 时间 之箭射 未来
0,文采 真的 不错 人品 世界 之大 无奇不有 看来 动物性 一面
0,以前 香港 尖沙咀 九龙 印象 十分 除了 一些 交通 真的 方便 尖沙咀 地铁站 出来 这次 香港 想着 地区 喜欢 选择 铜锣湾 一带 查看 大家 仓促 看重 海景 选择 港岛 皇悦 事实证明 这个 只要 一百多 真的 不行 一分 价钱 一分货 前台 态度 不好 动作 慢一 开始 只肯 大床 睡眠 不好 执意 标房 于是 里间 这个 卫生间 花洒 台盆 下水道 花洒 支架 由于 使用 年代 长久 已经 只要 放上去 花洒 掉下来 洗澡 只能 手拿着 洗澡 台盆 下水道 塞子 不能 人为 控制 只要 塞住 出来 只能 小刀 撬出来 水果刀 因此 弄坏 要求 换房 告知 标间 只有 大床 不知 真是假 维修 一天两天 不好 只好 使用 来说 交通 地铁站 不近 不远 走走 分钟 早上 出门 精神抖擞 走走 晚上 回家 逛得 双脚 酸痛 走不动 想想 尖沙咀 九龙 地铁 上面 还有 一点 距离 写明 公里 那天 分钟 当中 吃不消 许留山 一歇 不然 不行 最后 再说 环境 网友 这家 晚上 一定 高层 本来 住层 心想 应该 不要紧 谁知 晚上 是因为 门口 一条街 晚上 算是 酒吧 一条街 不是 正宗 那些 几步 看到 打扮 坦荡 女人 坐在 酒吧 门口 那些 酒吧 厚实 门帘 一直 凌晨 安静 这个 诸多 不满 亮点 表扬 一下 机场 快线 免费 穿梭 巴士 站点 港岛 皇悦 方便 等于 机场 快线 专车 直送 下次 香港 的话 不会 挑选 这个
1,完美 性价比 订单 拿到 不到 小时 真是 神速
0,普通 励志书 满大街 那种 美丽 包装 小时 左右 没什么 现在 后悔
1,外型 时尚 拿到 满意 很快 重装 系统 内存 现在 相当 顺手
0,明显 英文单词 一般 拼凑 出来 之后 当当 很多 书托 喜欢 喜欢 过于 明显 跟风 的话 拜托 点心
1,常州 不错 性价比 地理位置 火车站 分钟 车程 一定 历史 设施 陈旧 服务 不错 每天 服务员 送上 报纸 现在 偶尔 小点心 生日 送花 呵呵 其实 男士 来说 不如 送点 水果 实在 呵呵 是不是 太过 苛刻
0,目的 宝宝 知道 这个 小孩 反面典型 教育 宝宝 没想到 宝宝 反应 害怕 后悔 很大 画面 很大 大卫 一点 可爱 经常 龇牙咧嘴 整个 画面 颜色 不是 宝宝 喜欢 颜色 看起来 恶心 那种 宝宝 宝宝 害怕 不愿 不能 枉自 不好 只能 适合 我家 宝宝 胆子 向往 快乐 美好事物 孩子
1,基本 我家 饮食 安排 疾病 预防 指南 不仅 用于 孩子 大人 一样 适用 全套 马悦凌 作为 照顾 孩子 来讲 最好 已经 父母 朋友 多本 马悦凌 有时 看见 脸色 不好 孩子 忍不住 推荐 父母 孩子 最好 医生 希望 大家 从中 受益 最好 理念 改善 孩子 体质 这个 不是 一朝一夕 事情 坚持 做做 正确 孩子 逐渐 强壮起来
0,文字 枯燥乏味 艺术性 难以 入眼 翻看 一页 古人 尽信 不如 无书 要说 尽信 广告 不如 无广告
0,当初 许多 好评 没想到 完全 别人 那样 尤其 打败 怪兽 一本 画得 恶心 孩子 时侯 吓哭 晚上 更是 不敢 睡觉 带来 烦恼 比起 青蛙 弗洛 蹦蹦跳跳 小熊 毛毛 这个 梅拉 逊色 好多 不太 适合 六岁 孩子
0,超级 可怕 旅馆 进门 根本 不是 平方米 很小 肮脏 真的 肮脏 动手 擦洗 消毒 小时 洗完 发现 很多 蟑螂 大小 梳头 头上 梳出 一只 蟑螂 可怕 整个 晚上 蟑螂 斗争 早上 他们 所谓 早餐 不想 赶紧 走人换 阳光 还有 刚开 服务员 态度 生硬
0,宏基 散热 风扇 转速 设定 温度 只有 机子 风扇 转个 不停 噪音 较大 上面 朋友 一样 无线 信号 不太好 网卡 低格 右下角 方向键 似乎 有些 脆弱
0,这家 不太好 先说 缺点 门口 正在 地铁 十分 吵杂 装修 号称 前卫 古典 完美 结合 不过 个人 华而不实 走廊 黑咕隆咚 伸手不见五指 商务部 一台 一张 凳子 还要 收钱 餐厅 吃饭 方便 早餐 非常 非常 优点 被褥 枕头 干净 位置 不错 杭州 商业区 退房 延迟 下午 可能 入住率 不高 原因
1,预装 操作系统 省钱 独显 玩游戏 挺爽 安装 系统 简单
0,买来 几天 发现 作为 卖点 音箱 杂音 特别 耳机 正常 外放 不管 播放 声音 里面 杂音 不是 一点 好像 金属 杂音 华硕 售后 检测 必须 进行 音响 更换 解决问题
0,以为 孩子 准备 即使 有些 教育 父母 怎么 孩子 读书 不错 想到 居然 一本 说教 遗憾 下次 好好 理解 简介 导购 意图 知道 不能 退货
0,晚上 大堂 灯都关 客人 舍不得 开打 手电 房绝 前脚 刚进 后脚 按摩 电话 进来 牛叉 社会主义
1,安哥 安哥 摄影 图片 跟着 安哥 走南闯北 似的 开阔 眼界 学到 不少 一直 寻找 方向 阅读 过程 渐渐 开启 思路 旅游 走遍 万水千山 写下 沿途 感想 充沛 人生 很多 梦想 现在 奋斗 充满 力量 往前 推荐 朋友 相信 他们 一样 热爱 热爱 一样
0,入住 楼房 极差 当天 晚上 前台 服务 人手 不够 服务员 前面 两个 入住 客户 足足 办理 入住 手续 居然 附赠 不过 后来 服务员 过来 最糟 清洁 床单 被单 留下 疑似 月经 精液 前者 明显 看到 红色 区块 后者 一块块 不规则 区块 恶心 唯一 服务员 来换 床单 被单 手脚 很快 态度 亲切 其实 当天 服务员 抱怨 这个 状况 服务员 反应 服务员 看到 一块块 一脸 尴尬 满口 抱歉 长城 希望 有星 以上 水准 宾馆 反馈 年月日 尊敬 宾客 您好 感谢您 选择 入住 入住 期间 遇到 情况 深表歉意 反映 前台 人手不足 客房 卫生 不尽人意 管理层 非常重视 要求 相关 部门 合理 调配 前台 员工 工作 时间 客房 卫生 方面 责令 相关 部门 对布草 洗涤 质量 严格把关 加强 员工 工作 责任心 最后 感谢您 提出 宝贵意见 一定 积极 改善 全新 面貌 迎接 再次 光临
1,这是 一本 意义 性启蒙 教育 此书 出版 孩子 孩子 一起 翻阅 正面 加以 引导 认为 孩子 性启蒙 方面 其他 孩子 了解 多一些 好奇 心态 平和 能以 正常 心态 看待 成长 过程 发生 一些 事情 今天 朋友 孩子 通过 此书 孩子 了解 他们 成长 中所要 面临 一些 看似 神秘 其实 应该 正常 不过 事情
1,非常 服务员 热情 酒店设施 舒服 配得 四星级 特别 值得 推荐 餐饮 不管 送餐 味道 不错 价格 不贵 以后 西安 他家 补充 点评 年月日 一点 性价比 价格 优势
1,蓝色 优雅 漂亮 大小 重量 刚好 易轻 字体 看着 接受 屏幕显示 效果 不错 风扇 安静
1,巧合 尤其 适合 女孩子 散热 真的 不错 连续 小时 手感 只是 温温的 左右 内置 软件 强大
1,说实话 买到 纯粹 偶然 看到 感动 百万 中医 这个 真是 名副其实 一直 关注 养生 中医 话题 这方面 资料 相对 多一些 可是 老师 眼前一亮 通俗 语言 浅显 方式 讲述 深奥 道理 千百年来 中医中药 传承文明 喜欢 喜欢 老师 语言 风格 读过 之后 经常 博客 负责 绝对 值得 一读再读 好书
1,磨砂 面子 看着 沉稳 摸上去 质感 键盘 手感 原来 很多 布局 没大 改变 适应
1,京都 自提 性价比 不错 性能 不错 内存 有些 欠小买 顺带 内存 触摸板 开关 方便 无线 网卡 开关 方便 摄像头 没用过 呵呵
1,面积 导致 功率 空调 制冷 制热 效果 另外 电视 相距 观看 起来 相对 费劲
1,这次 行政 大床 非常 不错 价格 稍许 旁边 有个 五星 豪华 客房 估计 小天鹅 只有 这个 房型 以上 过去 以前 实在 以后 大家 这里 这个 行政 大床
0,大家 千万 不要 这间 那里 服务员 好像 一样 特别 前台 好像 他们 全家 一样 收费 确是 收费 空调 拖拉机 不知 现在 越来越 现在 只能 每去 协议
0,最好 预装 买来 系统 方便 耗电 厉害 只能 游戏 本用
0,本人 通过 预订 入住 确认 接机 晚上 点分 机场 小时 没人接 联系 工作人员 他们 已派 人来 只是 搞错 手机号码 笑话 哪家 接机 不用 举牌 而是 手机 联系 之前 几次 入住 举牌 接机 工作失误 可怕 只是 人员 起来 欺骗 客户 客户 傻瓜 实在 缺乏 基本 职业道德
1,做工 不错 音响 音质 不错 散热 过得去 送货 还行 下单 上午 收到 这儿 加点 机器 显卡 说实话 太低 不过 机器 沉稳 坚固 另补 一点 左掌托 再就是 电池 出来 一看 知道 不行 天逸 不送 鼠标 不爽 还有 字数 限制 何时能
1,配置 一流 拷贝 五分钟 文件 台机 只要 搞掂 散热 风扇 够静 外观 漂亮 屏幕 好看 显卡 不是 一般 强大 很爽
1,地点 海景房 窗外 景色 看到 栈桥 小青岛 隔海 沙滩 服务 体贴 喜欢 楼层 零食 设置 周到 度假 美中不足 隔音 设施 不太好 遇到 夜间 大吵大闹 邻居
0,明明 高级 拿到 手才 发现 只是 普通 明明 说点 千克 拿到 手变点 几千克 神奇
0,百家讲坛 兴趣 工作 一点点 因此 买书来 看着 看着 睡着 碟片 生动
0,通过 携程网 入住 条件 太差 根本 不到 四星级 标准 所有 陈旧 卫生间 水龙头 完竟 关不上 浴缸 漆面 估计 十年 四星级 总之 下次 不会 入住 宾馆 反馈 年月日 正式 挂牌 四星级 逐步 装修 四个 楼层 客房 档次 不同 设备 新旧 程度 不同 欢迎 用户 下次 入住 选择 新装修
1,配置 价格 接受 不过 一天 后成
0,预装 运行 有些 预装 软件 多用 段时间 不行 散热 一般
0,身边 很多 朋友 好看 有意思 来看 几页 发觉 口味 喜欢 类型 历史 小说 太太 调侃
1,入住 传说 景色 真的 赶上 天气 蔚蓝 尽收眼底 结帐 由于 工作 紧张 信用卡 遗忘 前台 很快 工作人员 通知 感谢 前台 服务员 业务员 工作 认真负责 下次 威海 一定 这个
1,书放 一段时间 征求 孩子 意见 送给 一点 孩子 同意 原因 不想 生气 想一想 情绪 不是 知道 怎么 管理 虽说 似乎 简单 能以 幼儿 视觉 告诉 孩子 碰到 情绪 时该 怎么 排解 确实
1,其实 开始 是从 网上 手机 电子书 手机 屏幕 太亮 眼睛 马虎 其中 爱情故事 却是 感人 几次 感动 落泪 看到 结尾 真的 伤心 希望 老三 静秋能 一起 悲剧 更能然 印象 深刻 希望 这个 故事 大团圆 结局 希望 他们 下辈子 一起 这些 喜爱 读者 美梦
0,天津 这个 城市 天津 饭店 感情 一次 确实 失望 曾经 过利 顺德 饭店 一种 美好 憧憬 一家 的确 太多要 改进 要不然 怎么 顾客 再次 登门 第一 饭店 地理位置 晚上 安静 走廊 很浓 烟味 两个 依然 如此 晚上 进房 一直 开窗 开门 换气 夜里 关上 门窗 睡觉 依然 难受 可能 抽烟 烟味 非常 反感 缘故 只好 随身带 香水 放在 枕边 睡着 气味 不好 这家 饭店 洁净 程度 印象 大打折扣 服务员 一点 服务 换房 行李 跑上跑下 前台 没人 走不开 下去 一看 三个 姐姐 没人 有味 可能 难道 折腾 不成 早餐 确实 很贵 对不住 价钱 总之 失望 不会
0,既然 游戏 专用 应该 搞个 系统 驱动
0,熟悉 住满 迫不得已 一次 发现 垃圾 总之 不是 迫不得已 千万 不要 住次 枕头 发黑 床单 发黄 超级 卫生间 异味 公共厕所 差不多 异味 不用说
1,肤浅 第一次 认识 龙应台 第一次 从没 想过 母亲 儿子 之间 通过 方式 沟通了解 当然 由于 他们 之间 特有 情况 造成 母子俩 讨论 很多 世界观 人生观 价值观 这是 心灵 沟通 现在 很少 母子 父子 母女 父女 方面 深层次 沟通 说真的 羡慕 妒忌 希望 将来 子女 进行 内在 沟通 学到 很多 值得 推荐 哪怕 孩子 未婚
1,数码单反 摄影 圣经 受益匪浅 希望 圣经 进一步 理论 深化 专家 技法 传授给 百姓 人们 共享 摄影 魅力
0,新机 貌似 支持 启动 只能 光驱 安装 系统 容易 指纹 心疼 电源适配器 容易 送个 鼠标垫 嘿嘿 嘿嘿
1,一首 爱情 呼叫转移 更加 喜欢 林夕 作词 风格 这本 原来 快乐 一拿起 不想 放下 文中 是从 现实生活 当下 人们 生活 状态 出发 对于 上班族 来说 精神 净化剂 中层 管理 岗位 老板 服从 下属 协调 危险 职位 不好 尴尬 身心 疲惫 其中 忘我 一篇 受益匪浅 感谢 教会 卸掉 一些 不该 负担 轻松 一点 做人
1,里面 作品 非常 可爱 比起 以往 类型 里面 实用 设计 单单 限于 玩偶 挂饰 不仅 佩服 创作者 手工 真的 很棒 试过 知道 勾出 精细 小巧 宝贝 不是 容易 初学者 完成 一件 已经 非常 开心 事偶 第二件 作品 明显 处女作 小巧 精细 目前 正在 学习 勾出 小巧 饰物 嘻嘻
0,一直 以来 买书 喜欢 书店 大力 宣传 一直 打算 次数 每次 买书 推荐 买回来 看看 不到 看不下去 完全 废话 废话 现在 最衰 一本
0,大家 牵强 不是 容易 帮助 记忆 英文 不用说 英文 读者
1,散热 屏幕 效果 绚丽 坏点 杜比 环绕 效果 内存 打开 速度 相当 流畅 功能键 非常 实用 接口 丰富
1,检测 完美 三星 内存 希捷 硬盘 外观 漂亮 家用 足够
0,有些 大男子主义 看起来 心里 舒服 应该 独立 为了 维持 婚姻关系 总是 对方 中心 生活 早晚 迷失 自我
0,最差 之一 极其 高原 本来 缺氧 极易 加剧 高原 反应 简陋 窗上 床垫 露出 木头 床架 洗手间 几十块 招待所 更脏 马桶盖 铁丝 连在一起 冲水 装置 需要 起来 才能 部分 服务员 态度恶劣 退房 巨大 包问 服务员 不能 稍微 快点 几眼 总之 不怕死
1,最近 几位 老年大学 学友 委托 几本 数码单反 摄影 轻松 入门 完全 解析 确实 不错
0,家里 最差 一家 登记 入住 时说 整理 好要 分钟 分钟 不是 主动 没人来 通知 入住 也许 分钟 标准间 一楼 无所谓 异味 较重 也罢 关键在于 半夜 厕所 一声 巨响 一看 厕所 吊顶 掉下来 一块 水泥块 一地 一只 硕大 老鼠 下来 一圈 回去 第一次 宾馆 碰到 情况 实在 扫兴 建议 如家能 关心 此事 灭绝 鼠患 前一天 洛阳 如家 王城 公园 两家 真是 云泥之别 省会 城市 宾馆 希望 争气 一点
1,想象 西湖 年轻人 走走 分钟 不是 面对 西湖 基本 看不到 西湖 把头 探出去 勉强 看到 商业街 远处 尽头 湖面
0,买不到 一周 现在 报价 已经 恶心
1,迄今为止 当当 有用 原以为 永远 不会 钩针 居然 通过 产生 浓厚 兴趣 已经 按照 图样 给彤宝 五个 玩具 小熊 小猫 木马 小绵羊 小猪 并且 通过 学到 针法 参照 网上 查到 图样 给彤宝 一双 小鞋 简直 太有 成就感 先赞 不过 书上 小小的 错误 妨碍 编织 真是 起到 作用
0,可惜 不是 宣传 另外 自提时 当场 验机面 灰尘 很多 难以想象 心理 叽咕 不是 厂内 外壳 模块 家里
1,发达国家 热爱 攀登高峰 男人 一些 贫困地区 孩子 根本 不会 交集 他们 一次 意外 联系 起来 三杯 之后 他们 成为 朋友 为了 一所 学校 这个 男人 苦行僧 生活 当地 村民 宁可 牺牲 他们 牲口 捍卫 他们 正在 搭建 学校 过家 贫困地区 同样 渴望 读书 孩子 希望 帮助 他们 他们 广阔 天地
1,补充 一句 书中 图画 清晰 易懂 绝大部分 照片 举例 政治家 社会名流 自然 联想 这些 身体语言 技巧 一般 身上 一般 社交 场合 是否 真正 实用 建议 选择性 阅读 慎重 选用 书中 技巧 毕竟 中国 不是 美国 中国 不是 美国 中国 习惯 美国 一样 世界 绝大多数 国家 一样
1,非常 国内 最好 之一 方面 不错
0,其实 整本书 一点 开始 孩子 阅读 不晚 此书 知道 有关 孩子 朗读 里面 不到 真正 答案 很多 一样 实在 必要 浪费时间
1,价格 不算 便宜 三星 内存 原装 鼠标 之下 还有 价格优势
1,实话实说 本人 绝对 百分百 愤青 日本 好感 村上 这小 日本 来说 挺服 已经 两本书 每次 反思 小说 人物 共性 看过 描写 那些 人物 大家 知道 主人翁 年龄 大多 集中 处于 青少年 时期 性格 怪异 不知 为何 完后 依然 找到 共鸣点 每次 反思 很多 总之 推荐 大家 看看
1,关于 吴信 这本 宏观 经济学 决定 一下 知道 市面上 影响力 也许 很多 高校 在校生 之所以 此书 是因为 华东师范大学 经济学 相关 专业 考研 指定 参考书 通读 此书 不错 唯一 不爽 印刷 排版 看着 不是 舒服 提醒 一下 华师大 经济学 相关 专业 学生 认真 复习 叶德磊 两本书 不是 重点 学有 余力 好好 看吧
1,每次 太原 这家 太原市 水平 来看 不错 横向 其他 城市 这个 价位 性价比 显然 不足
0,电源适配器 发热 噪声 一点 不是 明显 重量 价格 要是 低些 真是 机皇
0,差点 意思 要是 爽拉 不过 价格 摆在 那里 塑料 感较 尤其 键盘 部分 触控板 左键 不大好 一下 可能 反应 松松 可能 技巧 呵呵
1,交通 便利 环境 尚可 提供 早餐 一点 令人满意
0,这是 一本 小说集 好多 章节 故事 已经 看过 印刷 不错 整套 后悔
1,译者 水平 一般 不是 阿加莎 推理 书写 出来 不会 可能 语言 关系 一系列 阿加莎 推理 喜欢 这本 这本 叙事性 计较 强少 很多 英译中 生硬 对话 译者 翻译 怪怪的 可能 直接 英文 中文 原因 符合 中文 说话 习惯 英文 精髓 相信 阿加莎 英文 不会 幼稚 看起来 投入 故事情节 真的 好棒
0,前台 小姐 态度 不好 开门 走进 一股 发霉 味道 阳台 玻璃 前台 赔钱 把门 弄坏了 前台 小姐 兴冲冲 跑上来 隔壁 客人 投诉 太吵要 房客 登记 态度 一塌糊涂 隔壁 客人 难道 不是 客人 开门 隔壁 吵多 反正 字差
1,环境 安静 火车站 布置 不错 早餐 中餐 为主 丰富 下次 接着
0,原著 译成 中文 只不过 一套 一般 知道 为什么 多人 说好 这些
0,餐厅 差菜 种类 水准 不行 基本 旅游 配套 服务 其实 河南 很多 吸引力 旅游景点 实在 缺少 相应 服务
0,放弃 宝石 音量 旋调 按钮 采用 现在 按键式 很傻 莫非 那个 旋调 按钮 成本 过高 评太多 建议 那个
1,配置 这个 价格 显得 不错 昨天 到手 系统 很快 试玩 一下 散热 不错
0,屏幕 眼睛 长时间 一点 还有 系统 需要 重装 需要 专业 人士 业余 应付 不了
0,一本 鼓吹 阴谋 吹捧 真是 国人 悲哀 一本 快餐 读物 垃圾 食品 一样 令人 乏味 营养 文笔 故事 一般 深度 缺乏 思想 内涵 层次 太低 估计 五年 没人 提起
1,一直 以来 日本 这个 民族 好感 文化 始终 浓厚 兴趣 方面 信息 拉拉杂杂 了解 不少 不成 系统 日本 四书 人类学 文化 政治 历史 各个领域 以及 日本 有着 深厚 渊源 学者 著作 合辑 一书 实在 善莫大焉 这个 民族 特质 历史 全面 了解 其中 诸多 观点 非常 深刻性 预见性 常读 新书 不必 买来 收藏 非常 值得
1,看过 很多 匪大 准确 很多 有本 一直 没看 或者说 不敢 人间 最美 爱情 最后 变成 凄楚 不禁 唏嘘 这本 自称 亲妈 作品 喜欢 后面 关于 黑社会 篇幅 美好 爱情 结局 满口 留香 回味无穷 不如 一本 短篇 番外 当时 明月 记得 里面 杨九妹 和耶律 还有 纪晓芙 感动 希望 大多 风格 满足 读者
1,品牌优势 做工 细致 散热 声音 接口 左右 设计 合理 键盘 舒适 附送 内存
0,一般 不太 推荐 不过 书名 误导 一直 赞成 孩子 养成 阅读 习惯
1,硬盘 速度 超级 现在 不用 以前 那样 开机 小心 桌子 不敢 随意 移动 到处 不用 担心 硬盘 震动 导致 硬盘 故障 全铝 外壳 漂亮 不留 指纹
0,我家 宝宝 对于 我订 套书 几眼 不感兴趣 大概 显得 杂乱 喜欢
1,同事 代买 国家 二级 心理咨询 同时 称职 妈妈 女儿 刚满 的话 这个 年龄 接受 家庭教育 好时机 常会 儿童 孩子 阅读 同事 围是 围绕 女儿 成长 经历 其中 做法 家长 家庭教育 一定 借鉴 作用 一般 阅读 孩子 上学 值得
0,游戏 真的 开心玩 偷菜 不到
0,一般 宾馆 设计 特色 服务 实在 一般
1,拱北 关口 标准间 太小 豪华 大床 不错 服务 早餐 不好 草率 其他 還不錯
0,重装系统 麻烦 标准 系统盘 需要 修改 模式 否则 蓝屏
1,时买 整体 蓝色 漂亮 发现 不过 以后 降价
1,地段 九龙 门口 天星 小轮 方便 坐地铁 沿着 天桥 一点 不用 晒太阳 熟悉 天桥 长廊 走法 那里 方便 四通八达 服务 不错 这次 两间房 还给 升级 海景房 不错 下次 回选 这家
0,系统 真的 不好 系统盘 钢琴漆 另类 抗脏 手印 多多 容易 划痕 决定 贴个 哈哈
1,每天 免费 水果 赠送 一点 还有 好多 书籍 摄影 著作 摆在 据说 合庆 董事长 编写 拍摄
1,端庄 耐看 不会 过时 配置 足够 物超所值 本人 两天 前时 昨天下午 最后 截止日 系统 没换 电池 充电 不过 现在 资金 看中 一款 昨天 这款 出手 想要 联系 票据 一应俱全 自提点 验货 价格 至少 现在 网上 价格便宜
0,服务 不好 晚上 蚊子 太多 人性 关怀 不好
0,有些 网友 不足 这里 不是 明显 发热 现在 这个 左右 天气 下用 小时 不是 一点点 不过 接受 光驱 这里 震动 接受 不过 没试 刻盘
1,很少 网络小说 身边 很多 朋友 电子书 后来 一位 心思 细密 警察 推荐 大学 偶尔 看到 不错 开始 一笑而过 当里 看见 便宜 可是 看着 主人公 一点点 选择 不断 动突 最后 一切 终化 平淡 仿佛 每个 事情 一点 脑海中 网络小说 那般 矫情 上书 看见 封面 那段 这个 意思 不由
0,总结 多只 写字 不够 总结 做工 粗糙 塑料 感极强 整个 塑料 洗脸盆 机身 衔接 缝隙 上下 不齐 钢琴 容易 容易 刮伤 指纹 不用说 两天 刮伤
0,左边 掌托 热比 右边 很多 交易 完成 确认 太久 效率 太低
1,最近 直到 昨天晚上 读完 整部书 震撼 特别 迁移 明白 倔强 桀骜不驯 到底 一种 什么样 性格 直到 陈陈 不得不 亲手 杀死 小狼 几乎 差点 出来 一种 什么样 感情 别人 一样 狼图腾 人们 勇于 承认 人们 自身 潜在 弱点 当今社会 人们 迫切需要 正是 应该 那样 性格 真是 一部 奇书
1,这个 饭店 位置 非常 出差 办事 无论是 行政 机关 客户 公司 方便 员工 服务态度 效率 认为 这个 饭店 不断 装修 完善 可见 饭店 重视 集团 雄厚实力
1,按照 出书 顺序 阅读 的话 看到 已经 不止 作为 普通 书籍 来看 而是 收藏 不是 文物 却是 值得 放入 书架 慢慢 回味 反复 阅读 有时 套书 像是 一个个 引子 总是 吸引 不断 下去 不断 下去 不断 收入 书架 中将 马未 收藏 杂项 收入 囊中 这套 书画 完美 终结 无论是 意义 实用 观赏
0,日订 今天 送过来 送货 人员 上周五 中午 打电话 马上 送到 周二 周三 一定 送来 除了 以上 电话 见到 深圳 正常 应该 一周 收货 现在 半个 这个 服务 成问题
0,做工 差强人意 打开 屏幕 摄像头 居然 会响 面板 进去 勉强 接受 影响 使用 屏幕 转轴 盖板 影响 使用 驱动器 一般 读光盘 声音
1,打算 送给 几位 朋友 看看 即使 已经 工作 有些 事情 明白 看看 好处 在职 场上 经历 准备 心理 空间 工作 总会 不顺 每个 沮丧 打击 一切 过去 关键 走过 之后 事情 留下 之后 我会 不会 以前 成熟
0,散热 设计 左侧 败笔 全速 运算 热量 惊人 音效 哈曼 卡顿 奥特 星等 上品 甩出 数个 街区 显卡 屏幕 改成 大大 提升 整体 效果 钢琴 面板 指纹 搜集 忌讳
0,地毯 很赃床 彈簧 凸出 舒服 隔音 很差 吵離 市區 距離 不是 方便 我覺 糟糕 补充 点评 年月日 外覌很美 很棒 進去 房間 大失所望 什麼 外會 這麼 多本來 打算 二天 一天 退房
0,借助 一位 职场 精英 表达 看法 可读性 不错 刚入 社会 学生 特别 新鲜 一些 参加 工作 很多年 来说 看上去 麻木
0,显卡 这点 一定 制约 性能 随机 附带 太沉 搞了半天
1,配置 驱动 光盘 这点 不好 本身 刻录 可是 麻烦 客户
0,散热 确实 不太好 显卡 装上 驱动 显示 同方 服务 金卡 只有 电池 延保卡 要是 鼠标 更好
0,多出 镜面 处理 指纹 收集器 预装 花哨 无用 软件 浪费资源 拖累 速度 这个 价位 本子 不送 包不送 鼠标 简配 说不过去
1,枪械 道理 关键 掌握 如何 使用 而已 读书 不过 虫子 社会 上定 只是 自我陶醉 一下 用书 多少 羡慕 至少 别人 信任 做点事 拿来 消磨时光 至少 拿来 侃侃 能够 应对 一下 生活 工作 足够 不要 欺负 别人 至少 活得 自在够 拿来 害人 不是 看到 太晚 总比 看到
0,做工 有待 改善 左上角 结合 缝处断 差过 这个 显然 变形 单靠 底下 双面胶 无法 造成 较大 断差 希望 后续 批次 改善 电池 装上 略微 松装 电池 尺寸 控制 不行
0,遗憾 昨天 送来 退回 原因 接收 发现 中间 折断 我订 中间 破损 严重 显然 邮寄 已经 损坏
0,驱动程序 完备 尤其 硬盘 无法 打开 后来 驱动 解决 声卡 需要 两次 驱动 完成 安装 第二次 需要 对应 显卡 再装 一次 驱动程序
0,服务 很差 前台 小姐 根本 经过培训 延长 一点 时间 退房 中午 居然 超过 就要 半天 房费 全国 一次 碰到 一般 退房 入住 送足疗 号称 价值 其实 不值 服务 档次 其他 项目 居然 不能 账要 付现金 发票 补充 点评 年月日 看到 前面 有人 投诉 想起 司机 拒载 车号 字母 也许 号码 没错
0,典型 网络小说 时间 相当 充裕 一下 之后 里边 人物 知道 什么样 知道 性格 人物 一闪而过 故事情节 一概 打仗 知道 打赢 怎么 打时 情景 知道 失望 决定 不再 下去
1,保定 应该 最好 那里 餐厅 不少
1,同事 那里 看到 此书 年前 版本 作者姓名 查询 找到 一直 缺货 后来 发现 这本 模样 同名 同一 出版社 出版 试试看 想法 订购 一本 正式 一直 表示 暂时 缺货 订购 希望 当当 尽快 完善 商品信息 方便 读者 订阅 相对 浅显易懂 介绍 黄帝内经 核心内容 对于 初次 接触 这些 知识 而言 似乎 需要 多读 几遍 才能 加深 理解
1,管理 非常 细节 服务 非常 到位 值得 推荐 感觉得到 老牌
0,收到 好像 盗版 几页 已经 发现 好几个 错别字 印刷错误 郁闷
1,不过 之前 联想 应该 不会 加上
0,这个 真是 非常 不好 显得 干净 估计 过去 招待所
0,现代 商业性 语言 调侃 历史 第一页 放下 不想 历史 来说 做到 类似 罗贯中 三国演义 或是 二月河 雍正皇帝 那样 演绎 就算 极至 程度 再进一步 调侃 给人以 批戏 噱之感 历史 尊重 真实性 很大 疑问 普通 小说 诙谐 幽默 历史 如此 铺陈 难以 接受 凡此 读书 氛围 愈发 浮躁 静下来 潜心 读书 实在 越来越少 无怪 出版 机构 其他 要素 顺应 趋势 书籍 本身 要素 偏偏 越来越 忽视
1,一直 喜欢 阅读 历史 方面 书籍 明朝 那些 事儿 书店 频频 看到 每次 显眼 位置 对于 网上 倒也不 十分 感冒 假期 一本 读一读 首篇 发现 的确 精彩 历史 这个 严肃 话题 写作 沉重 可见 确实 耗费 很多 心思 或许 序里 写道 轻松 笔调 历史 轻松 一切都是 希望 读者 轻松 徜徉 过去 事儿 沉淀 从中 还原 历史 本来面目
1,外观 不错 屏幕 显示 效果 好侧 清楚 屏幕 画面 送货 快赞
1,对于 爱和性 逃过 嬉戏 游戏 逻辑 事例 有些 说服力 较真 的话 人人 爱情 对性 失去 信心 过去 一些 理性 值得 学习 例如 男人 对于 爱情 来讲 多半 出于 性冲动 性压抑 女士 地用 上半身 考虑 爱情 经常 鲜花 牛粪 事情 还有 其他 不太想 再说 反正 书中 原理 值得 学习 例子 千万 不要 复制 希望 还有 爱情 美好 影像
1,内部 环境 不错 服务生 服务 意识 里面 东东 有些 另外 确认 定单 时间 有些 拖延 打车 宾馆 通知 只能 对于 自助 旅行 来讲 有些 奢侈
1,服务 热情 温度 正好 隔音 效果 地理位置 优越性 价比高 下次 这里
0,太重 单机 不算 接电源 加上 包包 所有 配件 的话 近斤 系统 没法用 有时 死机
0,玩游戏 显卡 温度 上升 接受 夏天 空调 房里
1,工作人员 有待 培训 知道 哪里 好容易 找到 告诉 我过 预订 时间 取消 不过 最后 不过 挺全 楼道 味道 三星 标准 来说 还过得去 位置 不错 周围 餐馆 很多 银川 老字号 步行 分钟 之内
1,某些 原因 上个月 失去 两只 爱猫 不是 离开 不是 失去 失去 一样 知道 他们 有生之年 是否 相聚 永远 不能 忘记 离开 那天 他们 眼神 小侄女 生日 偶然 看见 套书 喜欢 赶快 买下来 放手 每天 有空 翻翻看 好像 身边 一点点 伤感 一点点 开心 一点点 温暖
0,新楼 旧楼 我订 标准间 楼上 不得不 设施 实在 太旧 地毯 已经 看不出 颜色 时间 再换 还好 床上用品 干净 还有 前台 服务员 似乎 不会 仿佛 住店 巨大 麻烦 一样 每次 经过 前台 自觉 看看 从未 真晕
1,您好 才能 看见 建筑 公司 会计 立即 买到 一本 太好了 兴趣 会计 心里 想着 怎么 会计 好像 会计 对于 准备 进入 一行 这行 出纳 朋友 来说 一本 看看 真是
0,先有 灵感 再有 主题 最后 编造出 这么 故事 故事 实在 一般般 某些 韩剧 水平 差不多 电视剧 编剧 眼当 当上 介绍 那个 意大利 居然 还有 中学生 评委 看看 那些 报纸 发迹 过程
0,感觉不好 太旧 房价 太贵 早餐
1,独立 显卡 外观 不错 键盘 手感 价格 不错
0,接站 免费 司机 四川人 实在 路上 告诉 一些 初到 拉萨 注意事项 宾馆 很小 不是 内地 星级 标准 早餐 卫生间 很大 价格 第二天 停电 宾馆
0,外形 变形 中间 凸上 盖合 不紧 运行 速度慢 可能 内存 缘故
1,性能 外观 手感 散热 大家 还会 遇到 不能 关机 只要 通用 串行 控制器 所有 属性 电源 管理 允许 计算机 关闭 这个 设备 电源 节约 电源 勾勾 去掉 即可
1,每个 小孩 生活 相当 重要 一部分 玩出 花样 恐怕 每个 小孩 期待 发生 事情 这本 非常 契合 小孩子 心理特点 妙趣横生 因此 小朋友 喜欢 不言而喻 个人感觉 适合 小朋友 尤其 适合 吃饭 小朋友 另外 单单 作为 调剂 亲子 阅读 一种 开心 小品 来读 不错 选择 相对而言 价格 稍贵
0,前台 人员 不但 英语 不好 普通话 不好 不过 大堂 服务 人员 很赞
1,预装 操作系统 消费者 选择 操作系统 避免 喜欢 操作系统 尤其 现在 装上 迅盘 的话 双核 单核 差不多 硬盘 配置 内存 单条
0,这个 宾馆 太差 一辈子 不会 电梯 设施 陈旧 电视 洗澡 液体 质量 星级 完全 不符
1,不错 小巧 不过 系统 再也 进入 不了 系统 进入 界面 不断 重装 只好 重新 手动 重做 系统 其它 一切 第二天
0,性价比 选择 主要 附近 企业 一些 总是 很响 水声 希望 降低 价格 目前 设施 安徽省 其它 相比 只值 不到
0,环境 服务 不好 入房 还给 房卡 进房 吓一跳 有人 赶紧 下楼 柜台 烟位 非常 浓说 处理 竟然 处理 拿掉 烟味 几天 散掉 真是 气死 理论 清净剂 喷喷 烟味 实在 不能 接受 前面 马路 路上 泥巴 很多 早餐 送到 房里 好吃 服务态度 怎样 房里 洗衣机 不见 洗衣服
1,诗人 散文 譬如 画家 画大画 间歇 几张 斗方 调节 一下 情绪 依我看 小菜一碟 时间 玫瑰 青灯 房子 一路 追来 诗人 朋友 流放 天涯 故友 身边 感情 不动声色 文字 大概 不动声色 好奇 是否 文字 该是 才能 胜任 出色 诗人 干净 准确 丰满 质感 栩栩如生 词太土 中文
1,个人 这是 一本 述说 宋朝 生活 不算 一本 水浒传 书籍 整体 架构 是从 水浒 摘录 名词 加以 扩大 引述 论述 像是 一部 宋朝 生活 随笔 结论 正宗 水浒 读者 建议 不要 这书 局部 名词解释 看品 水浒 书籍 看到 成精 或是 了解 宋代 人们 生活 此书 选择 股想 清明上河图 了解 其中 细致 惊喜
0,这家 实在 不敢恭维 服务 价格便宜 入住 第一间 噪音 巨大 前台 肯定 知道 故意 第二间 外面 大雨 小雨 前台 肯定 知道 这个 漏雨 故意 第三间 才能 安稳 睡个 这个 实在 太烂 服务 不是 一般
0,相当 差劲 异味 很大 性价比 太低 绝不会 入住
0,尼斯 几大 特点 噪音 环境 配置 服务 效率 低如 隔壁 歌厅 声音 午夜 点许 凌晨 时起 享受 健身操 噪音 窗户 破旧 隔音 电视 港澳 凤凰 英文 台前 服务 人员 少名 早餐 已交 房卡 要求 结算 早餐 未算 出来 任何 消费 只有 结帐 住店 客人 极少 如此 四星 少见 建议 凯莱 尼斯 附近 签约 全国 连锁 价格 实惠
0,设施 陈旧 缺少 衣橱 卫生间 瓷砖 以及 毛巾 发黄 好象 别的 淘汰 下来 总的来讲 对不起 房价
1,先给 儿子 一集 网上 下载 神奇 校车 然后 惦记 套书 其实 儿子 喜欢 神奇 校车 每天晚上 一本 或者 选择 一本 不要 忽视 孩子 理解力 记忆力 很快 能够 接受 还给 复述 书里 的话 破破烂烂 校车 一起 看水 故事 竟然 神奇 校车 哪里 这个
0,预装 系统 方便 半天 我晕 最后 装个 盗版 完事
1,位置 市中心 不远 交通 方便 大堂 装饰 带些 欧式 风格 空间 虽不像 有些 温馨 晚上 大堂 还有 专业 演奏 人员 表演 入住 赶巧 团队 客人 随着 演奏 一起 气氛 喜欢 这家 非常 宽敞 服务 人员 热情 有礼 一家 管理 不错
0,可能 主板 特殊 很多 启动 光盘 不能 识别 光驱 不过 好像 萝卜 花园 识别
0,重量 上略 电磁 只有 一支 再配 一支 备用 官网 提供 驱动 系统 备份 盘要 麻烦
0,环境 不太好 大堂 灯光 不行 几个 灯一 进门 挺暗
0,特价 相当 临近 高价 晚上 吵死 不过 背面 不错 价格 吸引力 服务员 态度 一般 入住 退房 差不多 分钟 才能 搞定
0,一本 基本 没什么 用处 喜欢 英语 用不着 喜欢 英语 不会 因此 喜欢 学习 英语 例子 高年级 肤浅 小孩子 生僻 第一册 网上 发现 第二册 知道 不会 这个 一点
0,姑且 不说 张爱玲 本人 这篇 小说 怎么样 现在 就色 情况 一下 看法 此书 封面设计 凑合 打开 发现 只是 最后 一篇 几页 部分 真正 小说 色戒 一下子 一种 上当受骗 公司 成功 之处 在于 这本 塑封 读者 之前 根本 看不到 里面 到底 之后 大失所望 正赶上 色戒 这部 电影 热映 起来 因此 操作 发行 出版 方面 来讲 不能 称其为 只能 成功 商品
0,相对 房价 应该 非常 还有 旁边 施工 早上 点多钟 开始 干活 不好 可气 服务员 告诉 宾馆 反馈 年月日 首先 非常 感谢您 入住 入住 海景房 期间 遇到 工程 噪音 感到 非常 抱歉 由于 旁有 一幢 商品房 赶工期 睡眠 带来 影响 一定 尽量 施工单位 联系 要求 他们 规范 工作 时间 同时 希望 再次 入住 最后 再次 遭遇 感到 抱歉
1,这次 期间 通过 电话 豪华 单间 一看 豪华 单间 就象 套房 一样 一室 一厅 位于 视野 开阔 客厅 还放 很多 介绍 洛阳 旅游 地理位置 龙门石窟 只有 公里 市中心 公里 不足 酒店设施 稍旧
0,屏幕 长宽 比例 奇怪 不爽 镜面 感太强 喜欢 亚光 分区 太晕 所有 放在 盘真 想不通 怎么
1,美国 发生 次贷 危机 乃至 影响 全世界 以后 对于 应对 危机 国内 绝大多数 专家 对此 异口同声 观点 基本 雷同 莫衷一是 人云亦云 独特 视觉 丰富 知识 告诉 这次 危机 来龙去脉 国家 应该 怎样 方式 直面 这次 危机 如何 转危为安 化危 为机 作为 普通 读者 领会到 一些 有益 知识 读完 以后 体会 一种 一样 思维 非常 值得 一读
1,初二 晚上 这家 环境 后山 旅游区 前面 五一广场 设施 一般 服务 热情 还有 水果
0,没送 鼠标 不过 没什么 关系 花个 一百多 买个 好点 正在 适应
1,儿子 拿到 套书 只是 随便 一眼 放下 几天 一遍 发现 里面 图画 非常 生动 一张 图里 信息 非常 一只 小鸡 表情 一样 儿子 儿子 一下 喜欢 一口气 讲完 现在 每天 一遍 喜欢 卡门 并且 不时 指指点点 小羊 贝里 奥吓 认为 套书 图画 真的 很棒 儿子 第二辑 路上 希望 一样 精彩
0,对于 只会用 简直 挑战 幸好 懂行 朋友 帮忙 搞不定 加装 内存条 麻烦 键盘 卸下 使用 习惯 光驱 启动 异响 几秒钟 正常 不知 原因
0,刚看 一章 边上 光盘 知道 哪里 垃圾 很多 词汇 根本 常用 至少 不会 英语 应该 口语化 一点 总之 废话 不多 里面 句子 实用
1,新装修 东楼 宽敞 设施 不错 相对 隔壁 香格里拉 一店 不差 只是 其他 方面 例如 大堂 西餐厅 环境 食物 品种 改进 否则 价格 差不太远 不如 香格里拉
0,网上 提供 驱动 根本 装不上 从文件 安装 切换 不到 模式 刷新 设置 鼠标 极难 操作
1,商品 非常 满意 后悔 以后 还会 推荐 朋友 产品
1,生活 需要 帮助 本性 不经意 一次 帮助 虽说 改变 女人 命运 参与 其中 收益 岂止 需要 光线 同时 更要 光线 其实 选择 人群 介于 懂不懂 年纪 需要 正确 光线 引导 总是 不同 姿态 告诉 生活 道理 态度 总之 收益 希望 看者 同感 仔细 看看 生活 看看 四周 也许 光线 一直 照耀 谢谢
0,字烂 二个 特烂 三个 特别 宾馆 四星级 为了 回扣 推荐 垃圾 宾馆
1,干净 地理位置 早餐 不错 价格
1,本来 没货 这款 降价 硬盘 通电 小时 完美 运气
1,版纳 晚上 大家 比较满意 稍微 相对 价格 已经 不错 地点 不错 还有 游泳池 餐厅 餐厅 一次 午餐 无论是 服务 唯一 餐厅 出名 评为 当地 最佳 婚宴 餐厅 晚餐 一般 被包 举行 婚宴 晚上 居然 没能 餐厅 一次 晚餐
1,几个 制造 差不多 质量 外加 退货 换货 服务 大件 不怕 质量
1,通过 优势 识别器 真是 发现 不同之处 未读 此书 一直 重点 关注 自身 弱点 如何 改正 环境 关系 中国 文化 从来 关注 弱势 改正 包括 学校 老师 父母 公司 不过 反而 成长 中带 自卑 过活 读完 此书 突然 有种 思想 开阔 开始 创造 自我 建议 翻译 过来 字句 方面 容易 昏昏沉沉 当读 有用 精神
0,陈旧 设施 简单 尤其 早餐 品种 极少 吃饱 服务 人员 主动 服务 意识 主动 的话 她们 热情 可能 黄山 游客 生意 下次 不来 无所谓 院落 停车 方便 环境 较佳 他们 不是 专业 原谅 包涵 他们
0,干净 卫生间 很大 设施 提供 毛巾 每人 只有 一条 来说 不太 令人满意
0,芯片组 性能 一般 拖累 整体 性能 能用 散热 不是 均匀
1,对于 二胡曲 精选 应该 出版 一个系列 套装 分别 出售 单独 精品 二胡曲 年代 阶段性 阶段 代表性 精品 阶段 编册 整个 经典 总结性 编册 广大 爱好者 裨益 珍藏 一定 深受 喜爱
1,孩子 买过 不少 类似 目前为止 发现 质量 确实 以前 买过 好孩子 容易 动手 完成 粘贴 不象 半天 不下 贴纸 或是 完整 另外 贴图 附有 文字 孩子 了解 一些 旅游 常识 好处 画面 很漂亮 孩子 边玩 接受 时尚 熏陶 女孩子 成长 肯定 好处 孩子 妈妈 来说 称得上 一本 赏心悦目 总之 孩子 喜欢
0,最大 优点 价钱 实惠 另外 免费 停车场 古镇 里面 白天 允许 车开进 这个 宾馆 服务员 餐厅 当地 小吃 好吃 实在 不敢苟同 份量 味道 地道 价格 建议 重视 当地 美食 朋友 不要 宾馆 餐厅 就餐 山西 小吃 产生 错误 印象
1,常常 告知 正确 看待 认识 自我 究竟 怎样 认识 很少 有人 知道 能以 恰当 方式 阐述 这一 方法 更是 少之又少 岳晓东 教授 平实 语言 阐述 青少年 时期 成长 经历 自我 觉察 读后 深有感触 受益匪浅 自我 认识 提供 借鉴 同时 开始 审视 人生目标 选择 是否 正确 总之 一本 难得 好书
1,以前 儿子 读书 总是 一会儿 睡觉 第一次 完整 故事 看来 语言 风格 适合 孩子 妈妈 睡觉 几天 回家 儿子 只要 孩子 喜欢 当然 看中 里面 知识点 不仅 有趣 完整 融入 故事 当中 孩子 传递 别的 提供 范例
0,肯定 读过 一些 历史 资料 更加 确定 文学 功底 稍显 不足 此书 历史 明鉴 文学 优美 何用 不是 浪费 时间 个人 偏好 易中天 三国 对于 类型 不是 喜欢
1,流离 讲述 关于 青春 故事 每个 书里 找到 逝去 青春岁月 纯真 情感 由爱 故生 故生怖 离于 爱者 无忧 无怖 错过 一辈子 记得 已经 机会 知道 哪里 不好 错过 其实 拥有 拥有 其实 一种 意义 错过 梦想 总在 实现 同时 完结 梦想 一旦 实现 具备 梦想 属性 爱情 如此
1,价格便宜 做工 不差 前段时间 东芝 还要 散热 不错 时间 只有 左侧 手腕 温热 非常 难得 摄像头 话筒 一应俱全 这个 价位 机器 非常 难得 背光 显示屏 带来 惊喜
0,特别 关于 总监 同志 感情 一直 脱不了 琼瑶 影子 一厢情愿 自我感觉 甚好
0,个人 原因 知道 电池 三次 充电 十二个 小时 电池 耐用 应该 告知 顾客 一些 使用 常识 注意事项 一定 大家 知道 顾客 网上 购物 更加 安全 放心 业务 更加
1,外观 讨人喜欢 钢琴 预装 系统 双核 处理器 硬盘 够用 配备 网络 摄像头 屏幕 不错 比起 惠普 系列 亮丽 轻便 散热 不错 喇叭 不错 电池 能够 撑个 小时 已经 不错 性价比 第一
0,东方 路上 周围 没什么 餐馆 吃饭
1,当当 第一次 星期五 下午 订购 星期一 早上 收到 发货 速度 很快 回家 宝宝 这个 第一本 贴纸 一拿上 不肯 放下 吃饭 放在 凳子 吃完饭 贴纸 翻开书 仔细 下书中 画面 鲜艳 适合 两到 三岁 小朋友 贴纸 质量 重新 贴过 贴完 贴纸 看下 女儿 喜欢 极了
0,本人 广州 自提 给钱 验货 到手 系统 开机 进去 知道 原因 他们 技术员 前台 上班 星期天 服务态度 一般 只好 提着 知道 行不行 含恨
1,专心 一辈子 时间 只爱 爱情 极致 于是 相公 唯美 爱情 一一 铺就 浓墨重彩 珍儿 之心 最初 经历 坎坷 抵制 诱惑 始终如一 深爱 对方 爱情 把持 坚韧 真的 感动 哪怕 之心 怎样 知道 如何 并且 深信不疑 一心 人共 白首 前世 姻缘 现世 婵娟
1,由于 不是 本人 入住 朋友 好像 新装修 不错 性价比
0,没见 以前 货到付款 这么久 真是 紧张 烦烦
1,收货 全新 机器 完美 发热 一般 性价比 机器
0,之前 已经 想到 很丑 没想到 收到 书后 大卫 形象 狠狠 冲击 接受 能力 实在 太丑 图像 涂鸦 不是 之前 文字说明 好多 图像 理解 不了 意思 喜欢 知道 两岁半 儿子 接受 小家伙 审美观点 三字经 起来 一套套 晚上 看看 意见 喜欢 重要 喜欢 明天 一定 上来 重新 发表
0,不得不 当地政府 接待 真是 官宦 意识 浓厚 关于 早餐 此次 入住 离开 自月 早上 早餐 小时 开始 拉肚子 并且 伴有 呕吐 根据 医生 说明 食物中毒 上午 怎么 在意 一些 随身带 药品 效果 拉肚子 情况 越来越 严重 当天 晚上 根本 睡觉 并且 床上 全身 发冷 第二 实在 不行 医生 开药 过后 终于 一些 针对 这个 情况 联系 不能 帮忙 药品 居然 办法 后来 联系 前台 多次 沟通 这个 情况 勉强 答应 帮忙 出去 看看 药品 黄莲素片 居然 答复 外面 药店 其实 这个 回答 吃惊 每个 大大小小 药店 判断 出去 以前 这里 出现 情况 这次 严重 确定 在意 根据 以前 多次 住店 情况 结合 这次 肯定 这是 食品卫生 对于 四星级 认为 任何 解释 理由 借口 希望 引起 重视 补充 希望 在建 星级 能够 早日 开张 迎宾 期待
1,价格 适中 装修 早餐 尚可 物有所值
1,一本 女儿 共享 小书 原版 精缩 完整 有趣 女儿 只是 文字 明白 其中 含义 并且 容易 开小差 优点 在于 大量 插图 利用 插图 宝宝 讲述 效果 不错 只是 享受 美妙 故事 亲子 时刻 是不是 物超所值 女儿 忠实 书迷 这套 其他 图书 统统 买下 细读 其乐融融
1,星象 热情 劲儿 过去 现在 断断续续 大概 看到 一半多 认星识历 其实 重复 各有 优缺点 这本 优点 在于 更加 浅显易懂 一点 每个 星象 添加 很多 故事 对三垣 二十八宿 形象 介绍 缺点 在于 时常 看到 一些 错误 玄武 写成 朱雀 写成 恒都 但会 看着 不太 舒服 其实 印刷 精致 丰富 细节 注意 就会失 很多
0,鲁迅 曾经 某些 叫做 流氓 才子 胡兰成 无疑 其中 典型 范本 如果说 不符 头衔 汉奸 无论 多么 鄙夷 他们 确实 存在 胡兰成 可贵 在于 知道 真正 流氓 才子 汉奸 眼中 世界 怎样 他们 眼中 美好 事物 恬淡 心情 一位 凶神 恶刹 或者 恰恰相反 还有 温情 真正 勇士 鲁迅 其他 很多 真正 知识分子 直面 惨淡 人生 正视 淋漓 鲜血 有太多 惨痛 苦闷 反而 更少 那种 闲情 意趣 反观 胡兰成 在于 张爱玲 订立 婚书 以后 身为 汉奸 战争 面临 失败 独居 武汉 同住 一楼 护士 小周 战争 已经 失败 身为 汉奸 通缉 急急 丧家之犬 四处 潜逃 再度 千里 相送 秀美 生活来源 张爱玲 写作 接济 书中 不以为耻 流露出 却是 光荣 自得 任何 有所 担当 责任感 所能 做出 事情 时势 之下 成为 汉奸 不失为 一代 枭雄 吴三桂 成为 汉奸 不过 流氓 文人 胡兰成
1,位置 不错 环境
0,个人 这个 感觉不好 硬件 这个 所谓 公寓 好像 客房 有的是 居民 甚至 看到 个人 电梯 大白 无论 门边 海悦 滨江 之类 牌子 只能 顺着 门牌 非常 专业 临街 早上 实在 太吵 不用 叫醒 闹钟 五点 多准 浴室 一道 玻璃 砖墙 临街 非常 早餐 只有 四种 可选量 单点 要元份 软件 工作人员 素质 实在 太差 前台 里面 三个 根本 人理 直到 预定 住店 结帐 非常 很多 发票 两天 开成 一天 一切 专业
1,优点 便宜 配置 不差 外型 完全 满足 日常 使用 总结 便宜 配置 不差 外型 完全 满足 日常 使用
0,很大 服务 不错 二楼 早茶 不错
1,整体 看起来 美观 运行 效率 想象 之中 这个 价位 带来 性能 不错
1,个人 认为 体现 亲王 伦敦 地下水 系统 错综复杂 思维 以及 天马行空 想象 变换 莫测 文字 接力 出版社 包装 用心 去年 一本 意料之外 同学 当然 那本 已经 经过 同学 广泛 传阅 今年 一本 接着 传阅 琢磨 一打 回来 一半 一半 一半 一半 一半 一半
1,商务 不错 干净 服务 也好 下回 还会
0,入住 离店 由于 本人 不慎 皮鞋 仪器 配件 忘记 宾馆 他们 打电话 前台 胡小姐 态度 耐心 表示感谢 知道 为什么 前台 不到 后来 客房 服务中心 电话 要来 亲自 客房 打电话 客房部 接电话 人姓 冯说 找到 皮鞋 配件 分开 配件 回来 顺丰 快递 公司 采取 到付 方式 皮鞋 真的 回来 两样 放在 盒子 怎么 分开 具体 印象 前台 不错 客房 工作 不怎么样
1,宾馆 服务 非常 环境 宾馆 吃饭 太贵 地角 交通 方便
1,选购 房子 是因为 日本 松居直 幸福 种子 书中 房子 进行 高度 大师 极力推荐 应该 不错 订购 一本 确实 孩子 喜欢 开始 讲讲 三遍 以后 人家 开始 看着 讲述 有时 爸爸 听众 有时 听众 孩子 插图 喜欢 插图 细微 注意 理解 坚持 带到 幼儿园 小朋友 分享 此书 高兴 买得值
0,當當 網作 全國 知名 網店 怎么 能銷售 如此 質量 封面 已經 撕開 真是 失望 大家 這次 吸取 教訓 重新 審視 當當
0,看到 网上 一下 实用 一些 经络 办法 操作
1,降价 新品 价格比
1,外观 照片 漂亮 重量轻 屏幕 发热 不大 风扇 一会 一下 声音 不大用 萝卜 家园 专用版 系统 支持 硬盘 不用 改成 兼容 模式 只有 无线 网卡 没驱 起来 机器 自带 驱动 解决 总的来说 机器 超值
1,服务员 态度 不错 有定餐 送餐 服务 完美
1,性价比 经过 残酷 烧机 试验 小时 关机 白天 醒来 之后 配置 要求 游戏 不断 摧残 出现 任何
1,办公室 一位 同事 翻看 套书 按捺不住 心中 共鸣 非要 一套 津津有味 地读 起来 啧啧 称叹 有空 抽出 一本 享受 起来 真是 童心 不能 那样 真纯地 享受 童年 心理 缺失
0,配置 驱动 光盘 这点 不好 本身 刻录 可是 麻烦 客户
0,性价比 不是 喜欢 孩子 不是 喜欢 总是 一句
1,前台 服务员 热情 由于 工作 关系 本人 清晨 离开 客人 准备 早点 心让 客人 感到 十分 温馨 体贴
0,四星级 符合标准 以下 缺点 标间 提供 免费 瓶装水 吧台 瓶装水 一瓶 距离 市区 根本无法 打到 车且 提供 叫车 服务 其它 不知 早餐 巨差 免费 注册 网站 导航 宾馆 索引 服务 说明 关于 诚聘 英才 代理 合作
1,科普读物 简易 需要 相关 知识 背景 才能 阅读 有些 还要 反复 仔细 好好 想想 怎么 回事 很多 推论 马上 给出 霍金的 字里行间 不难看出 它们 出现 多么 轰轰烈烈 思潮 以为 一场 现代 物理学 冒险 之旅 然而 越是 看到 后面 化学 生物 乃至 哲学 神学 一一 牵扯 进来 惊心动魄 实在 过瘾
0,稍微 一下 开始 认真 可能 适合 已婚 人士 阅读 放在 一边 以后 需要
1,二年 全套 神奇 校车 套书 喜欢 看书 之一 神奇 校车 一遍 风格 有些 变化 信息量 动手 实验 部分 孩子 增加 部分 很感兴趣 准备 期中考试 结束 开始 实验 准备 过段时间 神奇 校车 想法 怎么 孩子 领域 兴趣 继续 深入 下去 神奇 校车 孩子 科学 探索 兴趣 大增 套书 信息量 有限
0,呵呵 简单 几笔 居然 表达 如此 丰富 生活 可爱 直子 可爱 生活 漫画 生活 美好 变成 小小 女生
1,陈丹燕 喜欢 女作家 之一 喜欢 淡淡的 笔调 真实 她们 梦幻般 人生 妈妈 精灵 女儿 到货 孩子 直说 要求 看本 应付 孩子 要求 未料 拿到 爱不释手 一口气 读完 为止 好书 淡淡的 语气 饱含 真情 笔下 人物 心思 细腻 充满 爱心 心理 活动 方面 更是 成功 一本 孩子 爱人 理解 好书
0,交通 不便 下午 四时 新会 汽车站 小时 不到 班车 普通 公车站 最后 打电话 服务员 坐去 公交车 大概 十五元 怎知 一坐 半小时 已入 那里 根本 的士 班车 下班 只好 打电话 他们 帮忙 叫车 他们 如包 车要 的士 三十元 还要 十余分钟 八点半 整个 行程 珠海 足足 六个 小时 想象 中差 豪华 山景 房是 最贵 最差 可能 暑假 紧张 关系 周围 设施 一般 以后 一定 不会 那里 奉劝 各位 除非 自驾游 否则 一定 不要 那里 交通车 实在 不便
0,辦理 住房 登記 半小時 整個 大堂 市場 哄哄 房間 布置 其差
0,公司 发出 为什么 今天 没收 今天 已经 没收
0,服务 简直 不好 程度 第一 第一天 漏风 第二天 调整 这个 空调 半夜 冻醒 第三天 调整 明显 很多 能够 上网 已经 折磨 力气 调整 床上 看看 电视 不了 总之 这次 服务 比较满意 辽宁省 沈阳市 新湖 城市 提供 客房 服务 特别 特别 特别 满意 希望 能够 好好 考虑一下 加盟 总是 怎么 相信 品牌 来说 郁闷 特别 伤心
1,幸运 赶上 自提 检查 包装 完美 不错 机器 漂亮
1,挺轻 改装 网上 基本上 得到 全部 驱动 色彩 挺不错 有人 改成 系统 音响效果 变差 可能 怎么 体会 系统 出色 不过 平时 看看 片子
0,日本 居然 日本料理 知道 不如 锦江 早餐 味道不好 品种 少超 难吃 完全 谈不上 性价比 不会 选择 这里
0,儿子 来说 有些 适合 小朋友 总的来说 画面 有些 大人 看起来 有些 费劲 一本 图谱 例如 书中会 介绍 各种各样 名称 款式 齐全 故事性 不强 起来 有些 无趣
0,本本 开始 启动 风扇 声音 响到 后来 不响 知道 原因
1,地理位置 只是 所订 附楼 白鹭洲 大酒店 主楼 两码事 原来 好像 矿业 大厦 现在 白鹭洲 合营 只是 装修 相对 开房间 门有 一点点 霉味 只是 那里 小时 而已 唯一 优点 靠近 当湖 早晨 起来 空气清新
1,柳州 不错 选择 周围 热闹 书店 步行街 服务 卫生间 太小 还有 早餐 一般 反正 柳州 算是 宾馆 反馈 年月日 意见 西餐厅 反馈 自助 早餐 品种 调整 相信 满意 柳州 宾馆 地处 柳州市 商业中心 吃住行 游购 十分 便利 柳州 出差 旅游 首选
1,早就 听说 安意 直到 段时间 开始 文字 书名 那句 陌上 缓缓 喜欢 一直 难读 诗词 历史 这些 了解 些许 对于 诗词 理解 因不懂 无法 好坏 喜欢 部分 安意 对于 诗词 解读 喜欢 人物 历史 理解 至于 文笔 方面 除了 那些 诗词 一般 好点 罢了 显不出 饱读 诗书 模样
0,活动 一直 结束 有种 欺骗 活动 一直 结束 有种 欺骗 活动 一直 结束 有种 欺骗
1,到手 迫不及待 看起来 奥普拉 曾子墨 推荐 两位 女性 极为 尊敬 故事性 阅读 不久 之后 有关 用词 想到 于是 折回来 翻阅 悟性 阅读 喜欢 印度 道场 部分 奇妙 心灵 过程 那个 体悟 一翻 冲动 西方人 思维习惯 有些 不同 其实 表达 深刻 这是 一本 值得 细细 回味
1,购书 之初 担心 套书 孩子 喜欢 拿到 书后 喜欢 不得了 封面 带点 类似 浮雕 起来 舒服 质量 超棒 女儿 每晚 故事 非常 认真 还要 几遍 尤其 值得一提的是 该书 翻译 译得 适合 孩子 自主 阅读 词语 生动 读完 套书 孩子 学会 不少 词语 依依不舍 居高临下 幸灾乐祸 等等
0,键盘 鼓起来 左右 屏幕 刺眼 亮度 调低 暗看 时间 眼睛 舒服 知道 其它 原因
1,外观 精致 电池 续航 时间 很长 买回来 一直 软件 上网 更新 四个 钟头 电池 显示 还有 百分之三十 另外 一款 包装箱 里面 带有 内胆 不过 简陋 布袋子 差不多
0,缺点 大家 认同 屏幕 太亮 本人 通过 一些 彩色 设置 屏幕 亮度 对比度 调低 勉强 能够 接爱 台式机 相比 色彩 差异 因此 只能 屏幕 可视 角度 不高
1,一般 五星级 周边 环境
1,帮定 好像 不怎么样 好像 差点 意思 补充 点评 年月日 我点 怎么 显示
1,当时 是因为 读书 报告 上网 到处 发现 以前 看过 中文版 骆驼 祥子 看过 电影 决定 买个 英文 看看 本来 以为 中文翻译 过来 不会 地道 惊讶 翻译 非常 忠实 原著 很多很多 复杂 复合句 用词 得体 非常 不错 拓宽 知识面 一本 小说 推荐
0,想定 晋祠 宾馆 没房 携城 推荐 这儿 其实 离晋 服务态度 不大好 根本 出租车 黑车 斩得 厉害
0,配送 速度 真的 太慢 下单 收货 时间 还有 电池 一点 耐用 不到 半个 电池 不到 小时 至少 小时 以上 还有 摄像头 上面 像素 其实 只有 像素 效果
0,大家 可书 回来 孩子 不太 感兴趣 心不在焉 大点 看吧
0,打车 方便 楼上 晚上 非常 特别 五楼 房客 前台 接待 态度生硬 不太 欢迎 通过 携程网 预订 接待 小姐 还给 一张 名片 订房 直接 宾馆 电话 发传真 还要 回传 比较烦 那位 小姐 好像 房价 水份 房价 标价 为元 一般 预订 只要 讲价 的话 通常 以元 成交 入住 第二天 退房 有事 还要 入住 前台 一听 通过 直接 回答 没房 预订 该市 当天 重大 活动 不是 旅游 旺季 价格比 外面 许多 一瓶 外面 一元 矿泉水 标价 为元 附近 购物 服务 意识 太差 询问 前台 工作人员 当地 天气预报 回答 知道 早餐 较差 部分 设施 缺乏 有效 管理 服务 意识 较差 甚至 店大欺客 味道 不是
1,银色 触摸 时尚 视觉 本本 显得 娇小 机器配置 强大 个人 办公 足够
0,经常 入住 京伦 不错 月份 一次 安排 拐角 一张 双人床 服务 人员 要是 豪华 交钱 才能 双人床 以后 北京 考虑 入住 别的
0,酒店设施 陈旧 家具 电视 很小 浴衣 好像 不是 新洗 一件 单布 房门 隔音 免费 速溶 咖啡 预订 酒店设施 四星级 失望
0,今天 网上 看到 此书 百龙 公司 老板 孙寅贵 恶意 拖欠 燕郊 工地 有关 款项 对方 书面 控诉 过程 看后 颇感 震惊 本来 老板 公平 定律 之后 书中 开脱 辩解 与其 兄弟 反目成仇 故事 诉说 赤水 投资 失利 故事 今闻 此事 意料之外 情理之中 为了 金钱 兄弟 自相残杀 为了 泄愤 拖欠 工人 款项 怎么 社会 责任感 人画 小到 同胞 家庭 大到 社会 对手 生意 做法 公平 孙寅贵 忽悠 不知情 读者 孙寅贵 炒作 扭曲 真理 或许 称作 一种 富人 公平 每篇 书评 回复 中有 关于 此事 详细 介绍
1,这里 多次 每次 肇庆 必住 这家 酒店设施 面对 星湖 交通 方便 随时 感受 星湖 碧波 肇庆 人文 气息 挺不错
0,于丹 已经 看过 正版 为什么 藏书票 原书 书签 怎么 失望
0,无法 打开 驱动程序 光盘 没能 找到 补丁 一旦 打开 立即 蓝屏 原想 另添 一根 内存 后背 螺孔 标签 说明 不保 大厂 风范 这个 限制
0,空气 没有话说 鱼疗 减少 很多 温泉 的确 室外 不是 深人 不能 起来 服务 上要 加强 太多 第一 早餐 结束 大约 左右 餐厅 餐厅 迎宾 事先 告知 进去 早餐 已经 差不多 服务员 手里 大盘 米粉 基本 第二 保险箱 楼层 第三 中餐厅 服务员 巴台 聊天 服务 基本 自助 第四 温泉 服务 不是 一起 三个 人要 足疗 服务员 起来 清楚 另外 足疗 服务员 出去 弄清 服务员 进来 弄清楚 服务员 怎么 不来 两个 做好 之后 一样 再也 不到 第四 温泉 毛巾 一定 看好 很多 自觉 游客 地上 或者 弄湿 随手 别人 放好 温泉 毛巾 管理 方面 存在 很大 本来 两个 临时 事情 改动 朋友 受到 以上 待遇 只好 提前结束 行程 好像 边上 还有 一家 南苑 好像 找到 知道 那家会 怎么样
0,操作系统 华硕 最好 换成 红旗 大家 操作系统 边框
0,现在 以前 版本 不太 一样 现在 顶盖 蓝色 不如 以前 顶盖 不能 发光 不爽
1,应该 济南 最好 不过 档次 来讲 不够 自带 商场 很大 遗憾
0,实际 兰州铁路局 内部 招待所 位于 火车站 出站口 不怕 火车 晚上 睡得 价格 不算 便宜 只能 一般 旧房 设备 一般 卫生 排气扇 抽水马桶 维修 人员 脾气 暴要 礼貌 对待 前台 服务 人员素质 早上 退房 前台 竟然 不到 服务员 半个 小时 耽误 宝贵 时间 入住 停车 竟然 收费 建议 不要 入住 选择 除非 火车 特殊 感情
0,这个 饭店 老旧 年前 饭店 实在 不是 住宿 选择 服务 人员 饭店 服务 观念 知道 唯一 好处 步行街 旁边 方便 逛街 不知 是不是 优点 内部 管理 不良 预订 入住 不用 押金 不用 信用卡 授权 退房 付钱 客人 信用 程度 饭店 少见
0,系统 用不惯 慢加 那个 指纹
0,万杰 国际 不能 刷卡 令人 难以 接受 事情 电视 不能 使用 网络 收费 更让人 难以 接受
0,刚看 好象 好看 下去 发现 基本 同一个 道理 反复 地说
0,书籍 图片 繁琐 翻译 质量 普通 我家 小孩子 不怎么 喜欢 人家 英文 用字 用语 牙牙学语 阶段 翻译 成人化
1,外观 做工 承袭 一贯 风格 起来 踏实 寸屏 看着 明显 比寸 舒服 由于 放在 车里 重量 不是 赠送 刚刚 之前 账户 几百块 余额 加上 东券 优惠 个人 认为 对得起 这个 价格
1,不错 培养 爸爸 孩子 心中 形象 两岁 宝宝 喜欢 有时 睡觉时 四五遍 不烦 大人 不要 按照 书上 文字 加进 一些 比如 宝宝 爸爸 不怕 坏蛋 野狼 不怕 我会 同时 爸爸 勇敢 爸爸 宝宝 不用 打雷 放鞭炮 小虫子 不怕 宝宝 这些 宝宝 爸爸 宝宝 不怕 显得 勇敢
1,稳定性 非常 使用 起来 噪音 很小 运行 稳定 很少 出毛病 还有 上门服务
0,怎么 推荐 儿童 第一本 只有 两个 概念 按时 睡觉 结婚 生小孩
0,检测 内存 频率 发现 内存 所说 符合 屏幕 习惯 打游戏 行装 系统 简直 恶心 现在 开机 显示 未知 系统 估计 清理 干净
1,家里 一本 旧版 卫斯理 老猫 孩子 喜欢 借给 同学 孩子 要求 买回来 爱不释手 一口气 读完 读过 大厦 陆续 图书馆 卫斯理 其他 一些 幻想 小说 比如 沉船 活俑 蓝血人 地底 奇人 妖火 等等 卫斯理 小说 充满 悬念 个别 作品 结局 苍白 比如 沉船 有些 过于 眩迷 比如 活俑 幻想 生活 翅膀 只有 充满 幻想 生活 不会 拘泥于 眼前 难道 不是
1,商务 不错 干净 服务 也好 下回 还会
0,预装 系统 不好 回来 费劲 重装 内存 配套 选择
1,早餐 价格 算是 较贵 设备 陈旧 不过 有个 游泳池 不错 二楼 日式 料理 巴西 烤肉 自助 不错
0,根本就是 走廊 通道 改建 窗户 很小 窗户 外面 救生 楼梯 旁边 一扇 好大 铁制 救生 门住 里面 一点 安全感 宽带 冰箱 烧水 只有 一部 不是 干净 饮水机 浴室 一般 看起来 脏脏 周边环境 不是 市中心 地下 停车场 附件 停车场 自驾游 来说 方便 根本 像是 三星级 网上 介绍 相差 甚远
0,很难 相信 通过 会订 这么 污秽不堪 浴室 水龙头 花洒 生锈 地毯 黑色
1,笔触 真实 不忠 深爱 妻子 丈夫 形象 毫无 遮掩 展示 读者 真爱 灵魂 永远 缠绕 相守 看过 不得不 思考 了解 生命 无能为力 承受 艰辛 安乐死 有些 了解 最后 章节 那句 已经 不再 相信 运气 运气 存在 运气 存在 相信 运气 生命 侮辱 多么 坚韧 人性 之美
0,日个 内胆 包不 一样 其中 一台 内胆 实在 蹩脚 一台 外壳 贴膜 一台 搞不懂 难道 三星 山寨
1,这是 一本 值得 推荐 好书 讲述 观念 活在 当下 其实 太虚 法师 李叔同 解释 佛家 经典 波若 波罗 多心 提到 一切 法如 梦幻泡影 如露 如电应 作如是观 只是 一般 对于 接触 佛教 经典 通常 艰涩 难懂 透过 轻易 了解 不要 拘泥 时间 泥沼 抛开 过去 面对 现在 将来 对于 如有 明白 个人 经验 参考 原文
1,同事 反映 方面 不错 下次 出差 他们 希望 这家
0,不想 一句 以后 不会 不过 前台 妹妹 很漂亮 宾馆 反馈 年月日 尊敬 客户 您好 锦昌 大酒店 入住 期间 愉快 敬请 意见 建议 告诉 提供 优质 服务 总经理 黄同金 联系电话 锦昌 大酒店
0,价钱 稍贵 配置 同等 价位 机器 偏低 当然 这个 牌子 放在 富士通 音箱 声音 小中 低音 较差 之类 奥特 蓝星 音箱 差距 太大 重量 可观 适合 出去 这个 颜色 耐脏 好看
1,前前后后 多次 位置 方便 周边 很多 吃饭
1,老婆 入住 非常 满意 服务 环境 服务 没得说 速度 非常 早上 点多到 由于 已经 住满 暂时 入住 先交 押金 声明 一下 这个 只是 信用卡 做个 担保 过账 然后 免费 寄存 箱包 等到 下午 左右 逛街 回来 顺利 入住 并且 免费 提升 到层 行政 宽敞 干净 各种 设施 齐全 老婆 两天 非常 满意 物超所值 晚上 只要 港元 换算 人民币 不到 香港 算是 非常 超值 交通 非常 方便 下楼 直接 旺角 东站 直达 罗湖 往返 国内 非常 便捷 另外 出门 注明 花园街 很多 运动 品牌 价格 公道 尖沙咀 的话 十分钟 太子 地铁站 或者 旺角 地铁站 另外 还有 定点 免费 尖沙咀 巴士 由于 一般 急忙 出门 来得及 感受 总的来说 推荐 大家 香港 尝试 这个 价格 享受 服务 确实 成正比
0,年月日 入住 环境 不错 安静 卧仙楼 具体 不得了 好象 开始 特别 寻找 一圈 发现 隔壁 一道 底下 很大 缝隙 噪音 是从 隔壁 传来 隔壁 知道 音乐 声音 很大 迪厅 音乐 另外 还有 好象 很多 男男女女 嬉笑 实在 忍无可忍 打电话 客房 服务 随后 服务 人员 隔壁 反映 情况 然后 隔壁 收敛 不一会儿 情况 照旧 我本 冲过去 理论 单身在外 一夜 难眠 直接 影响 第二天 工作 状态 提出 强烈抗议 希望 能够 以后 不要 不三不四
1,懵懵懂懂 算是 开启 接触 专业 第一 很深 专业术语 枯燥 述说 仿佛 随着 一路 旅行 然后 发现 城市 后来 朋友 另外 一本 先生 城市 万花筒 非常 喜欢 借用 书中 的话 城市 宝盒 里头 找到 神奇 宝藏 需要 拿根 锄头 到处 可能 日常生活 空间 出没 只要 经过 时请 用心 观赏 发现 人生 一连串 惊奇 组合
1,不好意思 其实 父母 孩子 最好 医生 马悦凌 这本 生病 智慧 不错 特别 补血 补气 一块 不错
1,干净 物超所值 价格 合理 不错
0,婚外情 红杏出墙 玩意 上部 一半 看不下去 通过 这么 表达 不管 容易 传达 一种 婚姻 不忠 态度 世人 以为 这是 正常 事情 晕倒 批判 强烈 批判 流行 时代 价值 取向 真有
1,以前 童话故事 女儿 过列 那狐 偷鱼 故事 聚精会神 眼睛 大大的 希望 故事 这么 精彩 快点 睡觉 呵呵 后来 女儿 喜欢 一段时间 一到 睡觉 讲故事 就要 讲列 那狐 这是 一只 多么 聪明 狐狸 喜欢 现在 女儿 不怎么 不过 带来 快乐 时光 永远 忘记 不了 还有 名叫 狐狸 带给 快乐 时光
1,云南 经贸 宾馆 两天 豪华 房是 淡季 接机 服务 早餐 接机 小姐 非常 乐心 介绍 昆明 宾馆 周围环境 早餐 丰富 干净 服务 市中心 很近
1,感谢 于歌 先生 大家 带来 这么 精彩 一本 好书
1,一位 武汉 顾客 儿子 今年 特别 喜欢 看书 通过 朋友 介绍 看看 朋友 你们 商品质量 不错 价钱 也好 试试看 态度 两本 真的 不错 开心 你们 时间 送到 手里 质量 不错 看来 以后 取消 新华书店 买书 机会 从今天起 我会 成为 你们 忠实 顾客 周围 朋友 介绍 你们
0,好大 一本 少字少 一点 孩子 看开 本太大 硬硬 一点 孩子
0,下午 五一节 期间 快递 送货 今天 收到 过个 节过
0,真的 建议 所有 成都 出差 朋友 千万 不要 入住 这家 首先 这个 位置 实在 不好 附近 基本上 娱乐 附近 出租车 属于 郊区 管理 非常 严格 发现 不是 本地人 为了 客户 这家 路程 出租车 竟然 重要 这个 服务 很差 行政 行政 待遇 竟然 免费 服务 算钱 洲际 金卡 会员 一向 重视 积分 住宿 天数 累计 这家 竟然 积分 甚至 标准 会员 入住 天数 累积 同样 成都 总府路 附近 洲际 下属 总府 皇冠 服务 地理环境 非常 明确 告诉 成订 优悦会 会员卡 照样 积分 这里 说明 一下 第一天 满意 第二天 那边 真心 建议 所有 优悦会 会员卡 朋友 一定 不要 这个 总府 皇冠 成都 很小 高新 开发区 市中心 不是 很远 总府 方便
1,老婆 整体 高贵 各种 功能齐全 散热 方面 均衡 接口 分布 合理 颜色 很漂亮 外壳 键盘 钢琴 拷漆 黄金 尺寸
1,屏幕 完美 色彩 稍差 手上 一下 分数 万位 运算 成绩 音响 声音 一般 音量 足够 键盘 键程 方向键 缩小 打类 游戏 不爽 机器 散热 不错 掌托 温度 不会 影响 操作 另外 机器 华硕 显示屏 下方 不过 这里 非常 知道 为什么
1,小巧 外观 黑色 诱惑 起来 舒服 做工 精致 功能 全带 无线 蓝牙 摄像头 适合 女士 触摸板 质感
0,根本 收到 知道 怎么回事 接到 电话 定书 快个 什么样 商家 希望 商家 尽快 联系 说明 情况
0,地理位置 不错 哪里 方便 服务 象是 豪生 集团 管理 下午 一觉 本来 打扫 一下 打开 打扫 服务 可是 晚上 发现 打扫 服务 关掉 打扫
0,今天 独家 首发 公平 定律 一口气 大失所望 尤其 回过头来 对比 推荐人 王宏伟 此人 干嘛 超级 肉麻 真是 倒胃口 体谅 此书 孙寅贵 毕竟 小学 毕业 商业 社会 应当 算是 成功人士 毕竟 文字 般若 不足 驾驭 文字 能力 有限 聊聊天 估计 表达 意思 反而 了解 清楚 写成 尤其 居然 总结 定律 实在 不知所云 祥林嫂 似的 东拉西扯 半天 居然 定价 只能 出版界 朋友 一声
0,首先 考虑 带给 效果 是否 学到 学到 拉拉 这个 性格 性格 本质 淳朴 善良 倔强 可能 勤奋 勇敢 心想 得到 一定 争取 等等 讨厌 社会 现在 过于 复杂 人际关系 斗争 方式 一般 选择 逃跑 或者 理睬 呵呵 总得来说 对于 在职 场上 混出样 女性 来说 值得 借鉴 呵呵
1,不错 大床 舒适 晚上 环境 不到 四星 标准 三星 地点 价钱 适中
1,刀刀 结实 众多 期刊杂志 本人 属狗 看到 刀刀 更是 亲切 万分 收到 书后 有些 失望 以为 绝对 小孩 一样 开本 相比而言 刀刀 不过 精彩 很多 其他 杂志 看过 数遍 三言两语 那样 幽默 深刻 微笑 泪水 读书 便是 一定 还会 其他 几本书 本人 推荐 这本 漫画 喜欢 刀刀
0,散热 知道 怎么样 下面 出风口 进风口 很小 这得 以后 使用
1,风扇 声音 不是 很响 接受 预装 直接 公司 网管 不过 过程 貌似 麻烦 先要 格式化 再装 系统 估计 不太懂 搞不定 其他 不错 那个 鼠标 起来 舒服
0,可能 美国 男女 中国 一样 对于 丰富 生活 阅历 来说 很多 实用 唯一 实用 一条 建议 时刻 记着 男人 女人 两种 完全 不同 生物
0,年代 路边 旅馆 通往 餐厅 路上 污水 横流 黑色 污渍 随处可见 电吹风 免费 矿泉水 茶叶 电脑桌 下面 地毯 黑色 污渍 到处 更好 有时 前台 得到 回复 客房部 然后 整体而言 国企 做法
0,不足 份量 不轻别 看个 不大 差不多 屏幕 边框 设计 好看 模具 屏幕 漂亮 漆爱留 指纹 美观 实用 两难 底部 温度 不低 放腿 夏天
0,操作系统 版本 其他 暂未 发现 原装 赠包 盒子 内请 商家 表明
0,临街 隔音 很差 加上 外面 施工 吵得 门锁 似乎 故障 插入 门卡 显示 绿灯 打不开 服务员 插进去 马上 由于 临时 有事 要加 一天 前台 办理 不爽快 第二天 总是 催问 何时 退房 很烦 宾馆 反馈 年月日 您好 住宿 带来 不便 表示 诚挚 歉意 提到 已作 改进 跟踪 最大 努力 减少 影响 入住 行程 继续 给予 信任 支持 周边 施工 已经 进行 协商 夜间 施工 得到 有效 控制 一定 会用 如家 真诚 服务 理念 提供 更好 服务
1,拿到 开始 有些 担心 开本 画面 只有 黑白 两色 版画 风格 担心 孩子 喜欢 可是 孩子 以后 孩子 非常 喜欢 反复 讲令 意想不到 现在 怎么 明白 孩子 为什么 喜欢 也许 故事 情节 也许 有关 也许 孩子 看多 画面 五颜六色 绘本 产生 审美疲劳 反而 这本 与众不同 一道 开胃 咸菜 不管怎样 坚信 孩子 鉴赏力
0,早餐 不如 傍边 长途汽车站 可想而知 外面 环境 样子 这里 中转 旅客 样子 我见 尼姑 和尚 设施 招待所 好点 样子 名字 时尚 真的 可比性 有个 米兰 俱乐部 估计 还有 桑拿 按摩 这个 不用 大家 晓得 干吗 每天晚上 准时 电话 响起 招不招 大家 掂量
1,拿到 马上 拆开 瞧瞧 里面 到底 发现 赠送 几本书 实用 试卷 有套 每套 答案 后面 以前 材料 一样 一点 只有 一份 样本 答题卡 其它 试卷 答题卡 还好 本来 需要 那个 来说 在意 一下 答案 详细 真的 不错 同学 这个 希望 考试 很大 帮助
0,一般 唯一 距离 机场 近有 免费 班车 特别 印象
1,做工 一流 外形 漂亮 显卡 很棒 奥特 兰星 品牌 扬声器 手拖处 金属 质感 各种 接口 齐全
0,隔音 效果 非常 非常 非常 里象 马路边 一样 路上 声音 清清楚楚 上该 点评 采纳 网友 意见 预定 以上 非常 晚上 睡不着 只好 打开 电视 掩盖 马路上 车声 知道 几点 睡着 一大早 车声 吵醒 一看 表才 早上 也就是说 就算 晚上 睡着 小时 头疼 白天 还要 工作 闭上眼睛 努力 怎么样 睡不着 坚持 实在 受不了 打电话 前台 有没有 安静 现在 不能 晚上 天花板 起床 餐厅 咖啡 马上 退房 本来 三天 实在 受不了 这个 明白 条件 怎么 评分 电视 播放 复杂 方便 服务员 服务 意识 客人 着想 解决问题 为本 意识 体现 早餐券 开发票 上网 太短 大概 厘米 不能 床上 上网 电源 接触 不好 电源 插座 上时 火花 噼里啪啦 当时 电源 损坏 知道 赔不赔 再次 表示 疑问 怎么 分数 宾馆 反馈 年月日 首先 感谢您 入住 提出 宝贵 意见 由于 环境 影响 休息 为此 深表歉意 对于 提出 一些 酌情 整改 另外 早餐 房卡 早餐券 客房 中心 随时 一些 特殊要求 客人 准备 网线 需要 只要 电话 马上 送到 非常 感谢您 宝贵意见 真诚 期待 再次 光临 提供 更好 服务 机会
1,做工 优良 保持 高性能 配置 前提 机器 散热 非常 流畅 开机 一天 整机 温度 一直 左右
0,保险 半天 没人来 里面 设施 显得 据说 就要 翻修 成汉 不会 房价 跟着
0,汽车站 下来 碰到 几个 拉客 喋喋不休 于是 通过 预订 这个 曲阜 大酒店 曲阜 北关 车站 过去 大概 公里 左右 后来 三轮车 过去 想象 便宜 年代 里面 招待所 大厅 黑压压 垃圾 打扫 地毯 黑乎乎 马桶 黑乎乎 另外 前台 服务员 有没有 曲阜 直达 上海 大巴 被告 知不知道 只好 预订 济南 上海 飞机 第天 早上 车站 坐车去 济南 顺便 售票员 曲阜 上海 大巴 好几 特别 下午 点间 好多 济宁 上海 过路车 经过 机票 已经 预订 只好 返回 济南 坐飞机 回去 多米 有个 曲阜 国际 青年 旅舍 看起来 不错 应该 干净 家庭 房价格 裕隆 便宜 建议 下次 大家 这儿 补充 点评 年月日 哪儿 水果 估计 今年 改了
0,知道 英语 太菜 的确 缺漏 翻开 几页 句子 好像
1,这是 一本 个人 认为 实用 有些 简单 不过 以前 学校 学过 自救 知识 重温 随着 年龄 社会 环境 安逸 自救 意识 越来越 直到 四川 地震 人类 自然 中是 如此 渺小 脆弱 无力 抵抗 掌握 一些 自救 知识 能力 能力 范围 帮助 别人 现在 人们 依赖 放弃 自主 自助 自力 自救 能力 此书 简单 人们 注意 等待 不如 自救
1,此本 价格便宜 配置 最好 硬盘 驱都分 驱动 保存 装个 非常 方便
1,不错 非常 方便 拿到 国家图书馆 查查 资料 电池 续航 时间 非常 长个 小时
1,几天 儿子 书刚 开始 有意思 一遍 儿子 一年级 后来 故事 天天 读元 没想 过会读 这么 多遍 儿子 喜欢 汤米 床上 睡觉 狐狸 比得 床上 面挂 水桶 这段 每次 都乐 不行 儿子 彼得 故事 查找 还好 一本 感动 孩子 儿童 经典 中有 比得 一本
1,一直 喜欢 小黑 这次 终于 如愿以偿 配置 品牌 超值 机器 很漂亮 外观 稳重 键盘 好比 以前 华硕 清晰 很多 屏幕 完美 检测 应该 坏点 小红帽 习惯 不过 据说 很赞
1,不错 窗户 不是 使用 早餐 一般 值得 一住
1,最好 三本 一起 藏獒 主要 藏獒 惊心动魄 搏斗 场面 非常 宏大 壮观 情节 吸引 藏獒 救人 情节 中有 很多 感人 事迹 不由得 黯然泪下 真的 向往 结古 草原 藏獒 勇敢 机灵 忠诚 永远都是 先人后己 无所畏惧 牺牲 特别 大黑 那日 真的 感动 赞叹 还有 很多很多 藏獒 为了 人类 牺牲 品格高尚 藏獒 大自然 赐给 人类 精灵
1,每次 太原 这家 太原市 水平 来看 不错 横向 其他 城市 这个 价位 性价比 显然 不足
1,电视 太小 字幕 无法 看清 服务 人员 不错 前台 态度
1,价格便宜 质量 屏幕 好够 追求 配置 这个 本子 起来 不错
1,小巫 书读 贴近生活 理论 实践 结合 容易 教育 孩子 真谛 感慨 中国 教育体制 使得 这些 父母 知道 如何 了解 孩子 如何 更好 帮助 孩子 成长 惯性 思维 教育 孩子 遇到 最大 这个 不但 不能 更好 帮助 孩子 成长 成为 他们 成长 道路 最大 障碍 真是 汗颜 谢谢 小巫 重新 审视 机会
1,干净 服务 不错 停车 方便
1,个人 目前为止 系列 值得 看到 一本 每个 嫉妒 之心 嫉妒 别人 亲情 爱情 友情 书里 好像 贴切 嫉妒 一湾 黑色 大部分 控制 容纳 范围 黑色 一旦 溢出 污染 周围 并且 这个 完全 覆盖 毁灭 别人 毁灭 也许 过度 嫉妒 导致 必然结果
0,很大 大街 路灯 通过 卫生间 玻璃 影响 睡眠 空调 装在 写字台 正上方 无法 工作
0,系统 难装 尤其 的话 一定 串口 驱动 系统盘 安装 否则 上去 郁闷 最后 还好 大型 商业软件 需求
1,位置 非常 西街 街口 闹中取静 环境 清新 优雅 只是 前台 太窄 前台 接待 总是 手忙脚乱 客人 一排 大家 排队 脸皮厚 先办 入住 离住 手续 半个 小时 以上 干净 中央空调 手动 空调 呵呵 环境 位置
1,结合 希尔 卡耐基 汪中求 大师 一些 观点 结合 中国 实际 情况 渴望 成功 青年 指出 一条 实实在在 看过 不少 成功 著作 只有 企业家 实在 其实 指望 成功 一定 比尔盖茨 比能 实现 小小 梦想 就行 如果说 希尔 著作 习武 总纲 需要 研究 推敲 一下 武林 秘笈 只要 照着 练就 至于 成龙 成虫 如何
0,关于 这次 入住 情况 不想 这花 太多 篇幅 只是 简单 一下 情况 希望 以后 遇到 情况 启动 快速反应 机制 处理 以免 耽误 行程 是夜 班机 关系 凌晨 两点 疲惫不堪 情况 按照 预定 时间 来到 宾馆 台上 十分钟 有人 后面 出来 睡不醒 样子 我报 名字 查不到 后来 于是 快快 办好 手续 入住 两天 退房 竟然 预定 房价 前台 解释 当时 房型 房型 商务 大床 竟然 只有 大概 平方 难道 还有 回答 马上 晕倒 最后 协调 两个 半小时 六七个 电话 解决问题 解决 相当 愉快
0,标准间 很小 舒服 这个 三星级 认为 能够 两颗 属于 一点 招待所 价钱 贵周遍 环境 不好 服务员 服务质量 极次 建议 协程 取缔 会员 资格 上当
0,最差 管理 前台 宾馆 位置 熟悉 宁波 过来 出租车 是否 听到 前台 一边 电话 一边 纸头 声音 估计 地图 有否 无烟 房答 烟灰缸 一般 可是 客人 没法 控制 需要 培训 无烟 概念 结帐 时有 电话 消费 可能 手机 前台 再三 肯定 不会弄错 我查 时间 突然 想起 段时间 我进 看到 电工 自说自话 报修 就让 他们 记录 总算 查到 前厅 主管 手机 人用 客人 电话 手机 诬赖 客人 真是 闻所未闻 洗衣 特地 分开 水洗 干洗 傻瓜 明白 干洗 肯定 送来 时像 没洗 过样 质疑 重洗 耽误 用切 第二天 就要 退房 别的 即将 满口答应 可是 退房 无人 知道 此事 不是 多个 心眼 一句 恐怕 衣服 石沉大海 说好 送来 时间 后来 打电话 催促 总算 送来 可是 失望 居然 没洗 干净 奇怪的是 本来 干净 出现 点点 油斑 真不知道 洗衣服 穿衣服 严重 怀疑 洗衣 出身 电工 修灯 客人 打招呼 客房 出入 第二 在场 完后 面上 打扫 拿房 靠近 附近 夜总会 晚上 十二点 钟才 安歇 投诉 换房 总之 对此 宾馆 印象 极差 宾馆 反馈 年月日 首先 客人 表示 深深 歉意 感谢您 这些 意见 加强 员工 培训 力度 每位 员工 服务 意识 好好 吸收 各位 客人 意见 批评 有则改之 无则 加冕 希望 各位 客人 监督员 你们 监督 更好 谢谢
1,作为 有史以来 伟大 基金 经理 彼得 林奇 凭借 投资 领域 杰出 贡献 终其一生 经验 智慧 书写 这本 彼得 林奇 成功 投资 广大 业余 投资者 福音书 不仅 讲述 业余 投资者 投资 入门 基础知识 深刻 精辟 分析 业余 投资者 常见 投资 心理 误区 以及 投资 陷阱 一套 实用 有效 股票投资 方面 专业书籍 读后 深受 启发
1,外观 漂亮 白色 适合 女生 东东 首先 看上 硬盘 惠普 硬盘 即使 固态 硬盘 太小 大家 差不多 买个 实惠
0,键盘 右侧 蓝牙 无线 模式 快捷键 貌似 用点 之后 看不到 变化 不见 指示灯 改装 特别 麻烦 对装 系统 精通 而言 一不小心 简直 噩梦 一场 具体 总结 部分
0,客服 一直 不通 还要 重装 下去 很多 小白 转向 实体店
1,范长江 同志 一起 工作 人们 回忆录 还有 一些 研究性 文章 记录 范长江 同志 优秀 品德高尚 情操 忘我 工作 精神 事业 耿耿忠心 从中 了解 许多 那个 时代 历史 人物 特别 了解 范长江 同志 这个 优秀 记者 了解 那个 时期 新闻 工作 发展 历程 最好 范长江 新闻 文集 一同 思考 研究 意义
0,沒有 或者 很少 無煙 房間 電梯 內部 不許 吸煙 還有 一些 吸煙者 仍然 沒有服 規則 抽煙 人成 二手 受害者 中國 人口 中煙民 只有 不到 看到 這條 評論 煙民自覺 謝謝
0,偶然 一篇 精彩 失望 也许 年龄 关系 应该 适合 十几岁 二十 在我看来 无聊
0,幸亏 一本 浪费 几元 中国 一直 喜欢 一窝蜂 看待 一些 事物 主观 判断 胡闹 梅拉 一样 下蛋 如此 卑微 下蛋 自作孽 教育 孩子 孩子 走弯路 一样
1,活动 值得 性价比 高质量 可靠 入门 级别 性价比 本本
0,位置 不错 市中心 周边 几家 只有 分钟 路程
0,初次 入住 太旧 洗手间 小得 不得了 洗澡时 一会 一会 晚上 外面 那些 货车 吵死 还有 哪里 工地 声音 一样 反正 晚上 哄哄 除了 对面 得到 一座 绿绿的 早餐 行外 没得 宾馆 反馈 年月日 感谢您 入住 万事达 现正 进行 热水器 更换 工地 深圳 地铁 工程施工 带来 不便 深表歉意 谢谢您
0,求医 不如 求己 英语单词 沉思 录当 两本 一本 怎么 现在 开始 已经 失望 伤心
0,先后 买过 两套 一样 梅拉 不仅 孩子 爱看 大人 爱看 里面 童趣 唤醒 每个 人内 心中 纯真 一面 画面 精美 语言 特别 适合 孩子 阅读 我大 侄儿 特别 喜欢 这套 读物 反复 爱不释手 今年过年 一套 送给 朋友 孩子 希望 他们 健康成长
0,女人 尤其 女孩 心思 细密 敏感 浪漫 容易 好高务远 一想 天开 女人 懂得 脚踏实地 不要 高手 不要 以为 爱情 幸福生活 全部 总的来说 不错 喜欢 女人 幸福 有关 贴合 中国 女人 实际
0,前台 服务态度 晚娘 脸孔 卫生间 一股 油耗 原本 天住 一天
1,老婆 入住 非常 满意 服务 环境 服务 没得说 速度 非常 早上 点多到 由于 已经 住满 暂时 入住 先交 押金 声明 一下 这个 只是 信用卡 做个 担保 过账 然后 免费 寄存 箱包 等到 下午 左右 逛街 回来 顺利 入住 并且 免费 提升 到层 行政 宽敞 干净 各种 设施 齐全 老婆 两天 非常 满意 物超所值 晚上 只要 港元 换算 人民币 不到 香港 算是 非常 超值 交通 非常 方便 下楼 直接 旺角 东站 直达 罗湖 往返 国内 非常 便捷 另外 出门 注明 花园街 很多 运动 品牌 价格 公道 尖沙咀 的话 十分钟 太子 地铁站 或者 旺角 地铁站 另外 还有 定点 免费 尖沙咀 巴士 由于 一般 急忙 出门 来得及 感受 总的来说 推荐 大家 香港 尝试 这个 价格 享受 服务 确实 成正比
1,拿到 那一刻 第一印象 很漂亮 不光 吸引 孩子 眼球 作为 孩子 家长 不得不 一本 制作 精良 好书 再说 一下 概述 王子 复仇记 经典 故事 完全 一样 诠释 扣人心弦 情节 作为 一部 童话 小说 五颗星 完全 情理之中 代替 孩子 五颗星 新锐 作家 写出 故事 文字 功底 的确 难得 继续 加油 相信 成为 少年儿童 故事 一代 大家
0,硬件 设施 简单 陈旧 房内 异味 半夜 中央空调 罢工 服务 进房 发现 床单 被褥 简单 地铺 床上 根本 平整 走廊 过道 楼后 场地 到处 桌椅 杂物 乱堆 乱放 场景 看得出 管理 服务 基本 水准 餐饮 办理 入住 手续 总台 推荐 用餐 加之 好评 果断 决定 饭店 点菜 点菜 鱼缸 寥寥 三四种 鱼类 大多 认识 菜单 上菜 烧法 更是 一百个 抱歉 上桌 更糟 鱼头 沙锅 锅汤 一堆 鱼头 骨头 早餐 买票 不算 质量 实在 不敢恭维 朋友 点评 入住 该地 真的 关键 小害 一次 卫生 要命 一点 离开 路上 车上 两位 女士 妹妹 夫人 出现 不雅观 动作 拼命 抓挠 手臂 拼命 抓挠 脚背 仔细 一看 原来 两位 白嫩 皮肤 上长 一个个 小红点 开始 以为 蚊子 马上 医学知识 妹夫 否定 蚊子 不会 这么 小是 生物 不言自明 青山湖 真的 不是 几年 青山湖 原来 美景 尘土飞扬 泥浆 满地 房产 开发 工地 取代 看到 几年 曾经 入住 颇为 满意 宾馆 如今 大门 紧闭 人去楼空 窗门 破碎 锈迹斑斑 萧条 之景 寒心 回头 看看 多块 享受 度假 奇怪 每次 入住 喜欢 为主 点评 一下 唯一 这次 恕我直言 毫不 偏激 地说 一句 补充 点评 年月日 过去 妻子 脚上 小红点 消掉 几天 奇痒 无比 可见 那些 小红点 很毒 这个 后悔
1,再次 抱歉 意思 第一条 错别字
0,发现自己 不是 喜欢 很少 装帧 不过 下次 不会 不如 看多
0,初次 入住 太旧 洗手间 小得 不得了 洗澡时 一会 一会 晚上 外面 那些 货车 吵死 还有 哪里 工地 声音 一样 反正 晚上 哄哄 除了 对面 得到 一座 绿绿的 早餐 行外 没得 宾馆 反馈 年月日 感谢您 入住 万事达 现正 进行 热水器 更换 工地 深圳 地铁 工程施工 带来 不便 深表歉意 谢谢您
0,为什么 每次 开机 进去 屏幕 超亮 郁闷 不能 分区 开机 速度慢 不好 硬盘数据 超短 不好 读写 速度慢 鼠标
1,白色 钢琴 很漂亮 声音 效果 很棒 对于 用来 上上网 做些 文字 办公 看看 电影 只要 超级 大片 完全 够用 关键 便捷性
1,别人 优点 散热 完美 屏幕 外观 大气 送货 效率高
1,外观 漂亮 磨砂 键盘 手感 舒服 配置 不差 外观 漂亮 磨砂 键盘 手感 舒服 配置 不差
0,一晚 看过 住户 点评 直到 专门 一间 不靠 街面 不行 隔音 不好 室外 一点点 动作 清楚 其次 水龙头 流水 真叫 那个 中央空调 打到度 淋浴 冻得 不行 只要 随便 冲洗 一下 作罢
0,一般 网站 途径 获得 相关 提醒 纸张 还行 浪费
0,重量 超过 不能 做出 镜像 光盘 不过 申请 一张
1,价格比 中关村 便宜 电池容量 真不错 电影 小时 左右 外形 喜欢 个人 好看 屏幕 色彩 不错
0,键盘 稍微 不是 人性化 到手 划痕 本来 打算 后来 发现 表面 贴膜 去掉 完好 划痕 稍稍 上下班 开车 或者 偶尔 背着 上下班 无所谓 自我感觉 接受
0,这家 写字楼 改建 无论是 整体 装修 设施 服务 水准 星级 相差 甚远 奇怪的是 居然 好评 如潮 大家 擦亮 双眼 千万 不要 这家
0,特价 对外 窗户 隔音 效果
1,拿回去 重装 安装 驱动 顺利 散热 不错 噪音 很小 无亮点 对此 非常 满意
1,拿来 连接 电视 解析度 吻合 性价比 无线 网卡 手动 开关 人性化 设计 扎实
1,打算 几遍 做好 笔记 一旦 工作 开始 实施
0,预定 时间 前台 进行 登记 服务 人员 告诉 进行 预定 后来 通过 多次 电话 另外 预定 价格 门市 价格 只有 价差
1,非常 地理位置 豪华 海景房 打开 窗户 看见 栈桥 海景 记得 很早以前 现在 重新 装修 总的来说 比较满意 以后 还会
0,轻松 了解 职场 状况 容易 产生共鸣 处理 方式 技巧 值得 学习 故事 感人
0,网上 评分 预订 大失所望 晚上 宾馆 开灯 正义路 三圈 找到 只好 打电话 他们 出来 人才 领到 刷卡 不能 预付 每天 一下 当天 房费 并续 房卡 很破 墙纸 胶带 粘着 插座 十个 八个 不能 枕头 被子 找个 柜子 估计 很脏 心理障碍 衣柜 衣服 打开 门锁 关门 困难 每次 大声 关门 宽带 根本就是 摆设 找人 维修 休息 昏倒 卫生 极其 马虎 俩个 几天 药味 开窗 烟味 根本 不能 开窗 床头 底下 竟然 还有 鸡蛋 抽屉 还有 客人 遗留 物品 最最 夸张 那个 卫生间 竟然 淋浴 隔层 洗个 整个 卫生间 全是 每天 洗完 不得不 上铺 浴巾 以便 进去 那个 早餐 根本 不想 供应 时间 简直 垃圾 后来 早餐券 不要 他们 前台 接待员 算有 礼貌 奇慢 后来 了解 一定 屋内 查完 房才 结只 屋里 不会 怕人 夸张 以后 万万 不会 那里 失望
0,字烂 二个 特烂 三个 特别 宾馆 四星级 为了 回扣 推荐 垃圾 宾馆
1,朋友 第一次 香港 一般 标间 好象 一点 隔音 不是 服务 不错 交通 方便 下楼 地铁 价钱 好象 下次 情愿 远点 价钱 便宜 反正 坐地铁 远点 分钟 时间
1,性价比 没得说 这个 价位 很值 做工 不错 毕竟 华硕 散热 不过 长时间 大型 游戏 只是 初步 印象 屏幕 完美
1,经过 几次 保定 住宿 其他 发现 中银 大厦 应该 保定 最好 反正 来说 只要 保定 现在 这里 根据地 所谓 五星 秀兰 饭店
0,三星级 夸张 实在 夸张 环境 差床 服务 摇头 只能 摇头
1,不错 长宁路 太长 打车 的话 司机 一般 不到 浪费 很多 时间
1,可能 时间 内部 不是 突出
1,档次 不用 怀疑 堂皇 二字 设施 略显 陈旧 服务 一流 提醒 是从 机场 大巴 下车 即到 小心 过于 热情 出租 撞进 车里 可能 后果严重 补充 点评 年月日 自助 早餐 实在 丰盛
1,性价比 双核 独立 显卡 屏幕 价格 没得说 散热 运行 半个 小时 魔兽 稍微 左手 应该 硬盘 位置 平时 风扇 半分钟
0,之前 看到 电池 收到 却是 后来 确认 也罢
0,屏幕 安装 不正 知道 原因 左边 紧贴着 屏幕 边缘 右边 毫米 电池 不是 太经用 毕竟
0,入住 当时 查看 网友 其他 评语 不怎么样 选择 这家 是因为 当时 任何 评语 一样 很差 根本 不够 四星 衣柜 还有 蟑螂 当场 拍死 一只 元晚 绝对 不值 成都 相比 价格 相等 服务 设备 相差 太远 下次 不会 那里 可能 最好 成都 绵阳 成都 车程 只有 小时 分钟
1,庐山 下来 一夜 第二天 出租车 长途车 乘车 黄山 这里 火车站 旁边 坐火车 繁华 地区 稍微 有些 距离 住宿 早餐 每位 一份 火车 噪音 好象 夜间 进站 洗澡 热水 不错 温度 挺热 随时 车站 边上 快餐店 饭菜 口味 极差 千万别
1,之前 一直 知道 国学 重要 不少 自从 开始 之后 深深地 其实 国学 如此 强大 现在 大二 以前 国学 资料 大多 应付 考试 这本 起来 分外 的确 书中 道理 很多 其实 简单 做到 必须 一天 做起 行为 思想 做起 真正 强大 大部分 这些 内在 品质 同学 一套 真的 值得 拥有
1,价格 确实 早餐 提供 拿到 价格 不好 保留 起来 愿意 让利 这些 客户 前台 价格
1,买书前 看过 书后 食物 胃口 一口气 读完 喜欢 排版 看起来 舒服 面对现实 不会 压抑 看着 所说 一个个 手工 作坊 添加剂 化为 批量生产 真的 心痛 怀疑 现在 中华 老字号 剩下 日本 食品 现状 样子 中国 实用 看过 之后 真的 受益匪浅 从此 食品 包装袋 后面 配料表 不知情 不再 摆设 起码 会多 留心 一下
0,角度 来看 长得 系统 下面 高清 画面 一抖 一抖 蓝牙 换成 系统 也许
1,不过 确实 指出 大叔 这个 称呼 很雷
1,位置 不错 天府广场 春曦路 走路 大概 分钟 打车 分钟 服务 不错 三星 水平 只是 早餐 过于 简单 地毯 墙纸 略显 陈旧
0,普标 整体 设施 招待所 还有 一股 以前 房客 留下 臭味 以后 再也 不住 不过 前台 小姐 服务 可圈可点
1,碰上 活动 升级 行政 不错 服务员 实习生 熟练 态度 认真 前台 态度 不错 不过 有些 状况 半夜 无奈 要求 换房 后来 同意 不错 地理位置 不错 价格 便宜 完美
1,之前 喜欢 小黑 几乎 噪音 硬盘 声音 几乎 听不见 配置 主流 相关 软件测试 温度 今天 这么 天气 只有 做工 精细 外表 一种 爱不释手 确实 一款 难得
1,双核 硬盘 摄像头 经济 实惠 分布 合理 安装 不错
0,这是 第二次 入住 服务 不如 去年 热情 很大 烟味 两次 空气 清新剂 整整 两天 窗户 空调 排气扇 整整 两天 通风 临走时 烟味 仍然 很大 衣服 熏得 全都 烟味 希望 检查一下 看看 究竟 怎么回事 设施 一般 毛巾 浴巾 明显 看起来 陈旧 卫生间 洗面盆 边缘 露出 一圈 污渍 看起来 舒服 隔音 不好 补充 点评 年月日 这里 打车 机场 三环路 共用 分钟 堵车 花费
0,随机 说明 实际 相符 系统 光盘 纸片 有用 光盘 只有 单词 软件 介绍 有用 手写输入 软件 需要 给出 网上 下载 地址
1,美中不足 书本 编辑 质量 前面 几本 小巫 明显 下降 看起来 不是 舒服 美观 估计 很多 中国 父母 可能 全盘接受 小巫 很多 观点 毕竟 孩子 教育 带来 借鉴 角度 受益匪浅 感慨 生活 中小城市 孩子 启蒙教育 选择 太少 可能 北京 那样 找到 种类 繁多 真正 适合 孩子 启蒙 学校 惋惜 希望 个性 教育 早点 普及 祖国各地
0,使用 时间 联想 自身 软件 多多 专暂 发现 其他 缺点
0,作为 一家 星级 完全 不到 要求 设施 陈旧 简陋 服务态度 国营企业 皮笑肉不笑 心寒 餐厅 难吃 受不了 上网 收费 速度 不快 房价 吓人 下次 绝对 不会 再住 这个
0,选择 货到付款 可是 告诉 不能 送货上门 深圳 安福 永是 属于 镇上 为什么 不能 送到 应该 一下 办法 第一次 订书 这样的话 只会 客户 赶走
0,郁闷 气愤 明白 光纤 竟然 上海 锦江 之星 网速 还慢 想要 晚上 网速 千万别 这家 网上 介绍 光纤网络 登个 好久 网速 似的 国外 朋友 上网 不行 上海 朋友 说话 一句 一句 大连 合租 滴房 因怕 晚上 国外 朋友 聊天 影响 同租 休息 没聊 打电话 前台 电脑部 下班 电工 来看 后来 隔壁 试下 一样 不是 应该 小时 服务
1,读南 先生 如同 迷雾 行走 突然 看到 前方 光亮 远远地 牵引 心中 之一 对于 人生 对于 这个 世界 有太多 了解 套书 很多 启发 相信 每个 看过 有所 套书 很多 网上 看过 迫切 地买 一套 收藏 随时 出来 仔细 品读 个人 套书 真的 非常 值得 茫茫 书海 碰到 套书 真的 幸运 唯一 小小 遗憾
1,静音 音箱 效果 还行 独显 这个 价格 凑合 学生 普通 从业者 足够 只要 不是 发烧 影音 或者 外观 键盘 触感 要求 太过分 足够 一句 低价位 性价比 一点 不足 键盘 不是 满意 用惯 尤其 适应 常用 可能 不会 在意 某些 国产 品牌
1,外形 美观 配置 实用 系统 麻烦 玩游戏 直接 挺好用
1,想入非非 一起 完想 情节 想要 复杂 描写 恰到好处 女主角 疯狂 追求 男主角 男主角 换回 女主角 生命 一直 爱着 知道 女主角 假装 失忆 报复 父之仇 男主角 一直 为了 不顾一切 最终 女主角 放弃 仇恨 男主角 一起 感动 值得 一读
1,装修 不错 早餐 出入 方便 推荐
1,外观 厚重 早期 个人感觉 外观 男女 通用 沉稳 性能 配置 实在 主要 价格 实惠 一般 上网 用用 发货 很快 昨天 发货 早点 快递 人员 客户经理 服务 不错
1,北京 朋友 一根 照相机 已经 金华 打电话 宾馆 服务 人员 非常 敬业 负责 找到 快递 北京 这里 说声 谢谢
0,这个 最差 居然 半夜里 装修 前台 打电话 居然 听见 知道 聋子 傻子 吵闹 电转 声音 竟然 听见 五星 招待所 没见 半夜 三点 装修 大家 千万别 上当 支持
1,闹中取静 窗前 看到 不错 风景 价格 的确 有些 偏高
1,下单 键盘 触感 不错 散热 理想 摄像头 还好 处理器 还算 外观 暗花 有些 别致 文字 系统 重新 系统 稍费些 随后 自带 盘安 一堆 程序 电池 不错 拨打 客服 电话 声卡 驱动 最好 官网 下载安装 否则 可能 不能 录音
0,操作系统 内存 散热 不好 时间 键盘 半边 以及 掌托 触控板 半边
0,本来 独显 机器 可惜 不是 独显 的话 更好 不过 本人 玩游戏 平时 工作 娱乐
1,小巧 老婆 高兴 还有 回来 貌似 自带 系统 还有 蓝牙 不过 装后 试验
0,应该 订房 以来 遇到 最烂 居然 理由 如下 提供 临窗 下面 一座 立交桥 非常 特别 上下班 简直 菜场 里面 淋浴室 花洒 办法 调整 淋浴房 准备 享受 享受 冷水浴 有时 发出 神经质 报警 声音 估计 报警器 接触不良 不好 电梯 太慢 整个 小姐 特别 完全 白天黑夜 到处 乱窜 简直 不得了 停车 不用说 还要 拿个 前台 盖章 有时候 忘记 好不容易 开车 出来 门口 发现 盖章 保安 停车费 再有 办事 回来 千万 不要 遇上 上下班 要不然 轿车 卡车 公交车 摩托车 自行车 行人 甚至 动物 争抢 每一寸 马路 真不知道 立交桥 怎么 交通状况 像是 以前 中国 县城 礼品 圈套 写明 礼品 赠送 其实 一瓶 刚刚 入住 前台 经理 后来 知道 打电话 告诉 冰箱 可乐 鲜橙多 免费 想着 描述 不错 知道 结帐 告知 消费 消费 冰箱 饮料 后来 前台 经理 赠送 一瓶 可乐 鲜橙多 任选 想想 两个 入住 一瓶 这是 狗屁 规定 一瓶 别说 赠送 知道 参与 只是 坚持 必须 买单 非常 舒服 哪有 星级 这么 客户 产生 异议 从来 主动 让步 补充 点评 年月日 看到 下面 马上 一下 信用卡 帐单 果然 授权 取消 就算 冻结 真是 要命
1,服务态度 不错 隔音 效果 早餐 太差
0,发热 大独显 估计 驱动 太多 很多 用不上 比如 摄像头 相机 那个 纯属 扯淡
1,四星 已经 正式 挂牌 四星 很大 干净 服务 不错 火车站 旁边 交通 便利 大商 商场 立着 不远 购物 方便 不过 火车站 旁边 门口 显得
1,虽说 九牛二虎之力 系统 不错 速度 很快 散热 还好 屏幕 完美 色彩 显示 不错
1,外观 靓丽 性能 稳定 散热 带有 金字招牌 因对 性能 要求 不高 选择 单核 个人 足够 入手 性价比 广州 环市 东路 售后 服务 内存 螺丝 太难 拧开 售后 那里 安装 维修 服务 热情
1,凌晨 不住 想要 知道 今天 所有 有些 生活 想象 中才 完美 喜欢 生活 趣味 淡淡的 喜悦 无奈 正如 所说 有些 不必 重大 意义 浏览 夫妇 网站 看到 坏脾气 不吃 可爱 想象 一天 鼓浪屿 时去 时间 如此而已 希望 他们 生活 如此 继续
1,由于 之前 已经 心绘本 第一辑 宝宝 喜欢 每个 故事 无数次 依然 兴趣 第二辑 买回来 拿者 这些 对比 看看 上面 一样 呵呵 总之 每次 回来 恨不得 全部 一次 所有 故事 只好 每次 条件 好书 留者 慢慢 今天 或者 两个 做出 选择 开始 不然 总是 实在 喜欢
1,学习 很多 关于 灵修 课程 打开 好多 模糊 概念 豁然开朗 现在 内心 已经 喜悦 种子 别人 一切 而生 悟性 突然 提高 高度 谢谢 德芬 姐姐 谢谢 出版社 哇要 谢谢 好多好多 呵呵 现在 居然 无赖 招式 感谢 一切 善缘
0,预装 舒服 能够 装个 换个 系统 累个 半死 特别 声卡 驱动 系统 起来 费劲
1,纸张 满好 插图 色彩 丰富 配合 文字 表面 看来 浅显 简单 内在 细细 品位 道理 平时 工作 看看 很能 放松 心情 孩子 世界 心声 当然 每个 是从 孩子 世界 过来 似乎 带回 童年 那些 浪漫 天真 幼稚可笑 回忆 呵呵 读完 好好 保存 以后 孩子 一起 不错 亲子 互动 保持 一份 纯真 童心 多么 美好 一件 事情
1,速度 电池 续航 能力 正常 使用 小时 键盘 大字 不错 随机 软件 功能 各种 功能
0,这部 用来 作为 榜样 激励 实现 梦想 挥别 周而复始 单调 生活 寻找 自我 之旅 启程 然后 发现 生活 之美 宁静 内心世界 一本 带来 能量 喜欢
1,好书 武术 有些 研究 提到 不少 相对来说 冷僻 材料 推荐 武术 爱好者 一看 至于 单纯 武侠 文学 爱好者 推荐 前边 冤枉 那位 兄台 题目 明明 武功 历史 真相 金庸 小说 只不过 武功 定语 只是 引子 切入点 罢了 既然 喜欢 历史 真相 自然 应该 要是 实体 书店 能够 翻阅 一下 不会 笑话
0,不是 很受 别人 影响 不是 此书 最热 事实上 知道 此书 当当 最近 遇到 之前 看到 这么 感受 后悔 实质 个人 感受 罢了 典型 经典 公司 不是 前沿 公司 知道 别人 怎么 也罢 当然 知道 当当 推荐 怎么 推荐
0,发货 超慢 快递 没到 工作日 投递
1,服务 配套 物流 真的 太差 一般 电子产品 天品 保期 才能 手中 牌子 时间 其它 没什么 现在 一般 普通 本本 这些 功能 别的 网站 同样 型号 只要 左右 知道 是不是 行货 多数 同志 无情 忽悠 本人 只能 无语 只有 认命
0,光碟 质量 不好 屏幕 不停 小孩 眼睛 特别 不好 买回来 一直 放在 那里 没看 应当 卖点 质量 光碟 质量 网上
1,环境 周边 修路 缘故 进出 市区 厉害 房间内 设施 不错 个别 细节 维护 需要 提高
1,十分 差不多 显示 区域 很多 除了 字体 稍微 处理 文件 合适 摄像头 效果 不错
1,确实 人生 如初 也许 也许 第一眼 看到 书名 毫无 犹豫 买回来 之后 果然 朝着 没买错 喜欢 喜欢 享受 也许 有时候 感受 有所不同 必然 佩服 爱情 很多 也许 一千个 哈姆雷特 一千个 读者 只是 爱情 很多 纸包不住火 命中注定
1,非常 服务员 热情 酒店设施 舒服 配得 四星级 特别 值得 推荐 餐饮 不管 送餐 味道 不错 价格 不贵 以后 西安 他家 补充 点评 年月日 一点 性价比 价格 优势
1,不是 每个 成长 美好 环境 指引 走向 健康 成熟 心智 旅程 也许 一些 坎坷 挫折 心里 留下 影子 并未 时间 流逝 无法 解脱 苦苦 寻求 外界 帮助 迟迟 得不到 要领 某年某月 一天 无意 中翻 似曾相识 场景 那些 捅破 多年 心里 隔阂 窗户纸 文字 感激 心情 用心 浏览 一页 解惑 篇章 感恩 感谢 命运 感谢 勇气
0,很小 洗手间 异味 外观 陈旧 以后 不会 再住
0,值得 这个 装修 一般 外是 烧烤 一条街 早餐 非常 简陋 下次 决不 选择 申请 延迟 退房 不肯
1,买来 女朋友 没想到 这么 精美 华硕 品质 重点 系统 推荐 大家 到易饭 论坛 取经 百分百 成功 速度 极快 至于 驱动 光盘 完整 拷贝到 第一次 只能 太高兴 满意
0,再次 令人 失望 年前 当时 失望 今年 四月 再次 入住 更加 失望 家具 更加 破旧 自助 早餐 中餐 难以 下咽 一共 其间 一晚 赶上 停电 那个 好象 防火 应急灯 当时 真替 电梯 担心 任何 解释 道歉 结帐 莫明 奇妙 视频点播 他们 据理力争 前台 小姐 冷笑 看着 好象 点播 承认 心理 你们 那破 电视屏幕 不如 手提电脑 屏幕 值得 点播 视频 最后 取消 此笔 费用 他们 冤枉 舒服 很多 印象 深刻 宾馆 反馈 年月日 首先 停电 事件 表示歉意 此次 停电 突发事件 分钟 启动 备用 电源 只能 提供 应急 电梯 应急灯 小时 电源 切换 其它 电路 恢复 供电 客人 所说 停电 两次 视频点播 电脑自动 记费 观看 影片 超过 自动 记费 显示 点播 时间 金额 客人 拒不承认 大堂 经理 此笔 费用 免掉 客人 一块 巧克力 外面 基本相同 一块 服务员 查房 发现 不是 提供 食品 为了 下位 入住 客人 安全 不能 使用 食品 要求 客人 付费 客人 拒绝 付费
0,办理 入住 手续 时花 分钟 以上 服务态度 不佳 地理位置 不是太好 推荐
0,非常 郁闷 系统 特别 难装花 别人 售后服务 安装 需要 正版 然后 死机 无数次 心疼 蓝屏 最为 气愤 包装 打开 里面 全是 脏脏 手印 噪声 散热 硬盘 响声
1,显卡 不错 屏幕 拿来 玩游戏 这个 价格 不到 抗衡 对手
1,配置 足以 满足 需要 屏幕 完美 整机 外观 不错 发热 没说的 严重 声音 效果 键盘 按着 舒服 装后 机器 光盘 驱动 好像 缺什么 驱动 装时 客服 指导 顺利 下装 知道 是否 反正 出来
1,总的来说 不错 除了 小点 改换 其他 不错 新装修 服务 不错
0,一部 实用 有些 方法 长时间 证明 药物 说明 太少 穴位 详细 更好 很多 读者 这方面 以前 一点 经验
1,希望 出版 系列 恐龙 怎样 穿衣服 恐龙 怎样 幼儿园 恐龙 怎样 外出 以便 孩子 建议
0,经络 存在 无论 显微镜 光照 看不见 经络 穴位 中国 古人 不能 全面 认识 人体 情况 臆想 出来 这本 伪科学 大卖 奉劝 大家 三思
0,硬盘 新机 整机 寄回 北京 麻烦 只好 天津 本地 维修点 硬盘
1,仔细阅读 真是 明智 妈妈 父母 孩子 深浅 差别 可是 质量 相差 很大 以前 看过 一句 今后 孩子 竞争 实际上 现在 父母 之间 教育 水平 竞争 现在 只是 准妈妈 庆幸 早点 看到 一本 好书 过后 结合 书中 大胆 非常 科学 育儿 理念 回想 成长 经历 受益匪浅 相信 今后 养育 孩子 尽力 高质量 爱来 雕琢 这块 美玉
0,底座 不到 扩展 不了 原来 普屏 这个 宽屏 不能 通用
0,硬盘 只有 为什么 下载 更新 竟然 联想 改变 软件 更新 方式 不能 更新 明白
0,屏幕 有些 失望 看久 头晕 分量 风扇 夜深人静 的确 挺响 三星 安静
1,大堂 环境 以前 有所提高 可能 是因为 鲜花 摆放 原因 设施 干净 清爽 舒适
1,价格 真的 没话说 同事 羡慕 主要 原因 键盘 好靓 太漂亮
1,入住 大连 富丽华 东楼 新装修 西楼 条件 以后 还会 选择
0,电池 待机时间 太短 机器 一会 机身 发烫 送给 鼠标 完美
0,偶然之间 书店 看见 当时 只是 封面 好看 随手 不错 终于 等到 当当 到货 可是 买回来 发现 其实 意义 有些 空洞 不是 实际 有些 失望
1,文章 看得见 每一刻 思绪 发酵 里面 婉约 自私 卑怯 个个 不同 短文 最后 总有 叹息 惊异 结局 这是 人事 无常 人生 造化 古代 女子 愚昧 计较 叹息 悲哀 感情 犹如 落花 春去 感慨 欣慰 命运 伤聚 离合 无奈 思忖 多样 感情 不能 一时间 一小 一小 来看 总有 心得
0,自带 电池容量 小装 系统 麻烦 闲置 多时 驱线 刻录机
1,配置 不算 价格 不算 样子 难看 系统 厚道 妹妹 具体 知道 起来 不行 再换
1,非常 不错 一家 挑剔
0,太重 考虑 超长 待机时间 我忍 键盘 第二天 松动 掉下来 详细 一看 里面 塑料 片断 一想 毛病 整坏
1,拉拉 上下 最近 打拼 坦言 对于 已经 工作 经验 来说 拉拉 更具 观赏性 约翰 具备 可操作性 正如 书中 所说 民企 外企 现今 严格 界限 其实 职业 道路 真正 能够 哪里 灵活 变通 学习 能力 日趋 重要 关乎 年龄 职业 种类 看到 一半 受益 矫揉造作 情感 很多 现实 酸辣 五味 刚刚 过半 精彩 继续
0,春节 一晚 进门 市场 晚上 竟然 人声鼎沸 很闹 进去 不过 卫生间 很差 淋浴 一屋 整体 标准 第天换 香格里拉 以后 不会
1,刚看 第一章 文笔 不错 仅此而已 后来 发现 失望 总让 惊喜 不断 大伯 四叔 还有 父亲 情感 自然 流露 字里行间 生活 生命 感悟 自然 穿梭 段落 之间 阅读 读者 见证 几位 父辈 辛苦 终于 一瞬间 明白 父辈 他们 一生 所有 辛劳 努力 所有 不幸 温暖 原来 为了 活着 活着 柴米 油盐 生老 病死
0,整个 不到 纸巾 厕所 抽风机 知道 是不是 以前 有人 投诉 抽风机 人家 睡不着 水煲 没洗 干净 还有 黑黑的 水垢 倒水 出来 哪里 冲凉 踏脚 塑胶 超级 黑到 吓死人 电梯 空调 大热天 走进 电梯 空调 里面 大家 想想 舒服 朋友 走上 楼上 客房 走廊 好像 走进 桑拿 说明 走廊 多么 这里 有些 朋友 经常 出差 在外 难免 纸张 服务生 竟然 不放纸 国际展览中心 展会 出来 居然 知道 那个 那里 锦江 之星 哪里 有人 知道 小巷 不好 一点 门口 小店 交通 还好 周围 没什么 吃饭 一家 西餐厅 老外 好吃 本身 中餐 没去 知道 好不好 干净 早餐 难吃 还要 前台 服务 马马虎虎 女人 不理 不采 建议 女性朋友 不要 以后 不会 再住 这家
1,性价比 不错 送货 速度 很快 订单 第二天 送货 简单 测试 一下 屏幕 完美 外观 漂亮 性能 不差 上个 官网 注册 后能 延长 质保 时间
1,一直 想法 现在 玄幻类 小说 已经 沸沸扬扬 不得不 蔡骏 先头部队 不可 缺少 一员大将 小说 蔡骏 一群 年轻有为 作家 加盟 还有 理由 拭目以待 等待 更多更好 作品 这次 吸引 反而 广大读者 征集 稿件 消息 耐不住 也许 放手 开始 真的 需要 蔡骏 灵感 河流 永不 枯竭
0,入住 这家 最差 服务 不好 酒店设施 陈旧 早上 点到 早餐 提供 点多 下楼 只有 面条 服务员 一种 不吃 样子 任何 方便 最近 地铁站 走路 分钟 下午 三点 要求 延时 小时 总服务台 要加 半天 房费 之前 四星 这么 苛刻 网上 图片 不符 知道 是不是 会员价 便宜 不好 总之 以后 再也不会 这家
1,宾馆 环境 不错 早上 起来 一圈 然后 早饭 入住 很多 车场 停满 服务 总的来说 不错 通过 预订 入住 即可 享受 提供 额外 优惠 总台 小姐 人家 根本 这个 疑问请 问汗 电话 总是 不通 只有 算了
0,明明 只到 原因 以后 怎么
1,轻巧方便 随便 包里 一塞 电池 耐用 版本 华硕 人装 版本 起来 方便
1,这么 便宜 确实 不错 稳重 性价比 散热 超级 实惠
1,书中 西藏 几位 修行 经历 过程 震撼 深感 学佛 大丈夫 之事非 凡夫俗子 可为 女性 修行者 经验 记录 难得 感谢 此书 发起人 用心 不仅 利益 现在 外国 瑜伽 利益 女性 修行者 随喜 赞叹 部分 理论 南师 讲解 非常 浅显易懂 总之 正法 难闻 而得闻 有缘 深入 此书 福报 即使 修行 窥见 许多 宇宙 规则 人生 真相 以此 知道 日常生活 些许 智慧
0,柜台 经常 个人 不管 入住 退房 几个 办手续 十分 不解 效率 他们 居然 信用卡 一边 别的 事情 无论 表现 愤怒 急切 或是 无奈 服务生 全然 无动于衷 前边 点评 卫生间 其实 非但 小且 设计 不合理 洗澡水 会流 整个 卫生间 图片 实际 情况严重 不符 公寓 居然 只有 开水壶 方便
0,用长 机器 发热 另外 电源适配器 小时 烫手 硬盘分区 不够 人性化
0,暂时 发现 缺点 安装 系统 不是 方便 最好 方式 驱动 复制到 本地 安装 否则 光驱 不好 的话 总是 出错
0,网卡 老出 知道 是不是 驱动 仅售 之后 仅售 标语 消失 上当
1,位置 不愧 从前 香格里拉 硬件 服务 不错 提供 婴儿床 很棒 上网 宽带 还要 收费 不太 符合国际 潮流
1,王小波 小说 很多 语言 逗乐 笑声 以后 引发 许多 现实生活 思考 突然 发现 原来 很多 想法 大家 惊人 相近 只是 小时候 开始 不断 告诫 应该 这么 许多 真实 想法 深深 埋藏 心底 只有 孤寂 时才 回味 起来 偷着乐 王小波 普通人 眼光 非常 理性 思考 幽默 语言 生活 事实 还原 现实 生活 喜欢 一篇 值得 好好 品味
1,好多 键盘 流行 突起 设计 触摸板 质感 电池 设计 巧妙 一体化 工业 水平 容量
0,管理 实在 太有 毛病 通过 订晚 要续 任何 提前 告知 租给 别人
0,首先 感谢 求医 不如 求己 家人 身边 朋友 带来 益处 节奏感 愈演 生活 所有人 忘记 生命 随时 可能 侵害 生命 看过 此书 朋友 一定 豁然开朗 原来 如此 轻视 身体健康 建议 朋友 一下 此书 相信 它会 带给 一样 收获 此书 明白 有个 后患 身体 实现 所有 梦想 基础 健康 求医 不如 求己 健康
1,女儿 第二套 贴纸 女儿 喜欢 贴纸 差不多 一天 贴完 一本 三四天 时间 贴完 三本 女儿 兴趣 样子 一套 真的 不错 一套 贴纸 两三岁 孩子 适合 这套 贴纸
0,环境 太吵 晚上 卡拉 影响 睡觉 服务 人员 服务态度 较差
1,来说 多次 主要 吸引 每天 打个 小时 长途 或者 市内电话 电视机 希望 更换
0,底部 时间 发热 接受 键盘 手托 部位 发热量 很小 苹果 好多 屏幕 效果 可惜 不是 有些 遗憾
0,请问 怎么 显卡 我用 完美 解码 播放 占用率 以上 已经 打开 硬件 解码
1,惠普 做工 精细 商务 外观 沉稳 大方 不失 时尚 不错 配置 算是 合理 启动 运行 速度 还好 散热 不错 屏幕 比例 太宽 可能 看多 台式机 习惯 价格 合适 升级 内存 最好
1,上海 几天 最好 四星级 整体 品质 房台 转角 非常 舒服 儿子 玩得 非常高兴 服务 人员 态度 冷漠 对待 外宾 区别 同样 出租车 居然 客人 回头一看 一对 外国人 这家 难道 不是 客人 出于 礼貌 心里 舒服 希望 价格 低点
1,性价比 很值 看到 别人 发热 半天 左侧 出风口 其它 位置
0,键盘 键盘 容易 呵呵 发热量 厉害 其他 尝试 摄像头 应该 像素 这个 成本 不高
0,最差 入住 房卡 搞错 明明 只要 这个 价格 根本 不值 房费 居然 押金 授权 然后 居然 结帐 付现 后来 翻出 单据 看到 结帐 分钟 结帐 索要 发票 只有 整数 餐馆 一样 机打 小额 最后 情愿 地多 不是 想要 一无是处 网络小姐 电话 半小时 一次 根本 不让 睡觉 后来 我拔 电话线 暖气 烧到度 没法 调节 外面 情况 下开 热真 想不通 怎么 推荐 满洲里 其实 不少 钻石 会员 下次 满洲里 再也不会 千万别
0,机器 内存 两条 内存条 影响 以后 升级 系统 开机 内存 运行 一些 软件 使用 内存 差不多
0,有些 赞同 事后 捷径 不过如此 年青人 经历 体验 否则 拥有 抛弃 不是 选择 此书 可是 误导 成分
1,配置 均衡 性价比 外观 稳重 大方 键盘 设计 人体工学 体现 散热 不错 最起码 戴尔 好多 当然 戴尔 垃圾
0,环境 很差 简直 旅馆 甚至 一般 旅馆 不如 自年 开业 至今 未有 旅游局 颁发 四星级 证书 标准 收取 房费 每间 简直 欺诈 消费者 希望 以后 预定 房要 具有 国家旅游局 颁发 星级 证书 不要 此类 欺害 消费者 影响 网站 声誉 本人 此次 预定 相当 不满 愤怒 宾馆 反馈 年月日 非常 感谢您 入住 提出 宝贵意见 点评 回复 如下 经过 天津市 旅游局 物价局 认同 按照 四星级 标准 收取 各种 费用 因此 欺害 消费者 行为 装饰 装潢 属于 欧美 精品 人性化 风格 房间内 全套 进口 家具 设施 装饰 装潢 尽量 客人 轻松 温暖 除了 舒适 休息 商务 客人 提供 宁静 有利 思考 居住 环境 有别于 拥有 几百间 客房 大酒店 人来人往 熙熙攘攘 甚而 缺欠 温馨 再次 感谢您 宝贵意见
0,当当 送货 真是 太慢 下单 收到 快递 起码 电话 快递 本城 几天 送来 首先 下雨 不送 后来 一直 没人 尽量 安排 几本书 一套 一共 每本 几块钱 发错 一本 一本 重复 一本 没发 打电话 当当 的话 整套 邮局 汇给 他们 然后 换货 不过 实在 不想 这么 麻烦 几天 一次 交易 暴露 当当 很多 总之 这次 交易 愉快
0,挺贵 失望 利用率 太低 可能 我家 小朋友 大了些 对此 产生 任何 兴趣
1,标准 商务酒店 最大 优点 位置 干净 设施 还行 有些 细节 需要 改进 楼层 服务员 不错 上次 这里 表扬 一下 这位 服务员 收拾 清洁 及时 认真 好长 一段距离 告诉 最近 浦东 大道 修路 附件 象个 打工
0,经过 发狂 认为 装前 硬盘 模式 不会 出现 黑屏 模式 装上 驱动 一直 黑屏
1,这个 宾馆 沿海 城市 可能 三星级 四星级 标准 酒泉 城市 算是 不错 当然 价格 便宜 宾馆 设施 服务员 热情 水平 还有 进一步提高 酒泉 最好
1,清洁 洗手间 装修 早餐 非常 丰盛 豆腐脑 好吃 交通 方便 隔音 不够 邻居 夜里 点多 电视 声音 很大 投诉 服务 人员 隔壁邻居 协商 解决
0,此书 电视 热播 形成 巨大 反差 作为 公司 读书 活动 读本 一人 读完 书写 样子 真是 令人 失望
1,其中 几页 扫描 发给 讨论 孩子 阅读 朋友 吸引 网上 书架 询问 感兴趣 讨论 此书 理由 我家 小丫 看过 反应 等等 真的 羡慕 现在 孩子 如此 丰富 精神食粮 家长 教育 方法 趋向 理性 人性 科学
1,自助 早餐 非常 服务 周到 下次 还会
0,看到 推荐 以后 符合 价值观 判断 呵呵 书中 想法 现实 例子 现实 明白 为什么 多人 推荐
1,喜欢 芯片 性价比 不错 散热 不错 喜欢 芯片 性价比 不错 散热 不错
0,现在 怀疑 是不是 女儿 幼稚 写法 很傻 笔力 无聊 字眼 一天 几次 厕所 不是 有病 日本 有病 实在 不能容忍 白买 好处 小孩 如何 认字
1,书中 摄影 作品 以及 文字 读者 呈现 完全 不同 时空 热衷于 苦旅 之乐 人们 受得 起苦 万分 值得 一份 精神 体验 快乐 心向往之 然亦有 自知之明 亲历 全然 困扰 苦而乐 起来 于是 折中 安坐 最无奇 踏实 安逸 书房 摩挲 纸面 看边 叶公 验证码 跳出 无受 二字 有意思
1,期待已久 团圆 终于 拿到 一睹为快 同学 少年 风格 一致 堪称 姊妹篇 还有 浮花浪蕊 人生 悲欢 起伏 张爱玲 笔下 别是 一番滋味 也许 貌似 冷漠 实际 确是 最真 最深 情感 不然 不会 伤得 冷漠 源自 无奈 对应 今生今世 来看 哑然失笑 自恋 粉墨 勾勒 同情 张爱玲 身为 女人 感情 惨伤 看后 生而为 凄凉 孤独 每个 回味无穷
0,这套 猫和老鼠 本来 打算 送给 朋友 可是 第一次 送货 多套 包装 质量 送货 换货 麻烦 不如 直接 退货 重新 订单 如此 反复 数次 我要 数量 投诉无门 伤心 不过 总的说 这套 只能 物美价廉 看后 发现 不是 正版 图像 质量 一般 送人要 清楚
1,北京 呼市 飞机 延误 一个多 小时 呼和浩特 已经 半夜 一点多 为了 两位 普通 客人 专程 小车 机场 上车 办理 入住 手续 即可 直接 不错 干净 整洁 设施 完善 星级 服务 选择 下次 这里
0,说完 好话 说点 不足 免得 系统 命令行 改装 小麻烦 一般 搞不清楚 其次 内置 摄像头 成像 不是 只能 够用 品牌 号召力 懂行 菜鸟 看到 怎么 山寨
0,指纹 搞不懂 为什么 上网 设计 材质 不论是 表面 里面 每天 无数次 否则 真的 难看 增加 内存 容易
1,早餐 不错 卫生间 不错 还算大 位置 雨花台 出租车费
0,风格 快捷酒店 不过 服务 得到 优秀 称号 相差 好远 商务 大床 走廊 尽头 单人间 异味 很浓 灰色 沙发 很脏 好几个 洞房 网线 铁通 铁定 不通 周围 商店 以后 不会
1,一直 看着 猜想 妹妹 举动 原因 首先 想到 当然 妹妹 其实 姐姐 病魔 搏斗 辛苦 似乎 妹妹 得到 姐姐 同意 取回 医疗 决定权 妹妹 是从 另外 角度 守护 姐姐 只是 没想到 妹妹 姐姐 守护者 姐姐 同样 妹妹 守护者 毕竟 看着 爱护 妹妹 父母 一起 痛苦 受罪 姐姐 同时 为了 守护 爱护 看到 最后 结局 忍不住 冲动 值得
0,本人 才疏学浅 实在 耐心 完全 张爱玲 才女 可惜 不是 决定 以后 不买 来说 深奥
1,入住 服务员 有星 水准 管家 经理 和蔼可亲 星赞 只是 冲淋 水笼头 高度 太低 弯腰 洗头 美中不足
1,第一次 看到 青山 七惠 天气 青年 文摘 一段 节选 当时 笔下 文字 涓涓 小河 流淌 心里 淡淡的 名单 挥之不去 第一天 拿到 坐在 图书馆 沙发 上读 时间 自觉 女主角 一起 经历 一年 春夏秋冬 欢笑 痛苦 哀伤 五味 陈杂 生活 慢慢 流淌 遇到 遇到 各奔东西 留下 无尽 怀念 记忆 美好 感动
0,杀毒软件 不好 瑞星 开着 占用 达到 左右 电脑包 太小 气连 标志
1,清史 感兴趣 朋友 不可 错过 此书 喜欢 清穿 小说 朋友 不能 错过 此书 书中 文化 解析 全面 详尽 代善 第十三代 可想而知 权威性 装帧 质量 还有 很多 晚清 民间 图片 真是太 喜欢 源自 满语 北京 感到 亲切 文化 需要 传承 随着 北京 移民 很多 土语 老话儿 逐渐 不到 作为 北京 感到 有些 遗憾 反映 北京 习俗 值得 研究 学习
1,外壳 很漂亮 钢琴漆 质感 键盘 舒服 拍照 速度 各种 不错 重要 老公 喜欢 华硕 称心
1,佩服 若曦 一直 坚持 寻找 不肯 小老婆 结局 最好 梦回 步步 只能 各有千秋 梦回 震撼 毕竟 当时 第一本 穿越 步步 更加 回味 其中 值得 慢慢 细细品味 一边 爱着 对方 一边 互相 伤害 比起 那些 已经 泛滥 白痴 女主 加上 超帅 痴情 男主 荒唐 故事 好书 实在 难得
1,不错 推荐 许多 小孩子 家长 一本 送给 朋友 希望 宝宝 能够 健康 快乐 远离 医院
0,尤其 洗手间 隔音 餐饮 服务 不好
0,指纹 价格 散热 有待 加强 播放 高清 电影 卡略重
1,好像 第二次 入住 这次 标间 环境 不好 不台 干净 电视机 不好
0,超难装 无奈 网上 找个 专业 上门 搞定 几天 非常 满意 宣传 一下 小庄
1,宾馆 取境 环境 服务 也好 这次 春节 小心 皮夹 宾馆 退房 离开 收到 宾馆 来电 最后 完璧 归照 非常 以后 一定 那里
0,不过 速度 好像 想想 电池 不是 想象 长时间 只能 小时
1,机器 移动硬盘 开封 卖出 感兴趣 短息 联系 北京
0,预期 好看 之后 更加 信任 国内 所谓 心理 千万 不能 轻易 咨询
1,这次 不错 里面 符合 格调
0,仔细 阅读 几章 失望 泛泛而谈 女孩子 现实 论调 反感 实际操作 方法 一条 举得 例子 没什么 信服 名字 故事 总之 以后 不会 畅销书 榜上 所谓 人生 真谛 书籍 没活 棺材 别说 人生
1,长篇大论 借用 详细 报告 数据处理 工作 计算结果 支持 其新 观点 为什么 荷兰 曾经 县有 欧洲 最高 生产率 为什么 文化 有着 深刻 纽带 关系 中国 日本 经济 发展 有着 极大 差异 为什么 英国 北美 殖民地 造就 经济 强大 美国 西班牙 北美 殖民 造就 范后 墨西哥 价值 包括 中国 近代史 专业
1,放假 连续 两日 系度 奋战 确系 搞笑 里面 男女 主角 贴紧 生活 接触 黑社会 至于 女主角 身边 存在 其实 失婚 女人 没什么 大不了 能够 清楚 一刻 身边 已经 好好 男主角 关心 爱护 心上人 中意 里面 男女 主角 一起 情节 距地 对话 有时 身边 朋友 相似 希望 多点 类似 搞笑 贴近生活 作品 希望 大家 中意 作品
1,四月 下旬 入住 行政 套房 三天 原则上 大致 满意 以下 看法 或许 装修 较久 厨房 些许 霉味 厨房设备 严重 泛黄 电梯 住户 共用 两台 有时 时间 电梯 前台 经过 六阶 左右 楼梯 些许 方便 居住 方便 对面 不远 吉之岛 提供 简易 锅具 符合 套昂 设备 定义 宾馆 反馈 年月日 感谢您 选择 入住 万事达 给予 宝贵 建议 现有 简易 厨具 提供 由于 数量 有限 一般 客人 需要 情况 免费 提供 锅具 餐具 客人 使用 希望 再次 选择 入住 万事达
1,环境优美 服务员 热情 大方 一种 宾至如归 下次 福州 宾馆 现在 忘不了 那里 早餐
0,甲醛 含量 过高 严重 影响 客人 身体健康 入住 开门 差点 第二天 回来 开门 再次 雷到 换房 情况 床单 三处 污点 退房 时有 总台 反应 好象 没什么 反应 早饭 速度 赶上 服务员 盘子 速度 否则 桌子 不会 留下 补充 点评 年月日 哈刚 价格 降到 下次 砍价
1,地理位置 楼上 晚上 其他 专卖店 关门 最后 尽兴 海港 分钟 步行 酒店设施 服务 房间内 备有 多用 转接头 几乎 插头 转接 忘记 他们 真的 方便 以后 哪个 国家 服务 人员 亲切 不算 两张床 距离 只有 一条 不过 其他 硬件 设施 不错 液晶电视 卫生间 有点像 三亚 喜来登 样子 卫生间 有个 窗户 一边 泡澡 一边 电视 新装修 支持 下次
0,早餐 不能 不能 期太無理 以后 不再 房間 有味裝 修太殘
0,内存不足 屏幕 左边 很大 缝隙 任何 驱动 费事 接口 方便
1,不错 原来 定元 凌晨 免费 升级 豪华 看到 海景 三天 换房 周四 周日 设施 达到 标准 洗脸盆 水龙头 漏水 餐厅 正好 餐厅 下面 一天 他们 员工 聚会 下午 楼上 餐厅 好象 对外 楼下 怡情 据说 青岛 出名 餐厅 挺火 味道 价格 啤酒 差不多 步行 向下 商场 购物 吃饭 方便
0,系统 换回 接口 比较烦 不过 还有 刚买 当天 这里 亏大
0,我定 一套 明朝 那些 事书 好不容易 收到 只有 一本 朱元璋 我订 其他 乱七八糟 知道 怎么 寄过来 打电话 过去 一个劲 强烈抗议 真不知道 这事 怎么 处理
0,服务 别的 招待所 水平 差不多 网络 经常 不好 值得 推荐
1,拿到 质量 想象 中好点 挺轻 未必 优点 坏点 当然 重要 便宜 实惠
0,宝宝 十个月 平常 各种 彩色 图书 图片 很感兴趣 可是 这套 书籍 完全 兴趣 第一页 最后 封底 一边 不看 可能 没到 喜欢 卡通 年纪 只能 以后 试着 看看
0,此书 几章 读完 好像 宣传 逆来顺受 凡事 忍气吞声 强调 调节 心情 类似 精神 自我 释然 不能 精神 气爽 不能 励精图治 散文 清净 总之 超作 胜于 价值
0,发热量 不过 对得起 这个 价了 另外 系统 极难 建议 谨慎 真的 麻烦
1,联想 这款 做工 优秀 功能齐全 屏幕 英特尔 无线 网卡 超值 系统 容易 不像 某普 装个 难得 要命
1,装修 服务 而言 不逊于
1,性能 性价比 对于 编程 来说 选择 集成显卡 够用 并且 不用 担心 很大 散热量 风扇散热
0,锦江 贵宾楼 装修 环境 一般 认为 本次 入住 餐饮 服务 比如 点菜 告诉 我元 结帐 时时 价格
0,装修 整体 特别 不好 正门 不了 不让 服务 人员 协助 停车 哪里 像是 五星 服务 水准 卫生状况 不是 理想 备品 像是 五星级 比如 牙刷 根本就是 劣质 产品 整体 软性 服务 需要 提升 看得出 管理 一般 饭店 服务 有员 整体素质 一般
1,外观 漂亮 分量 来说 不算 安装 系统 运行 速度 挺快 发热量 想象 可能 尚未 运行 很耗 资源 程序 感到 内存 弊病 不过 内存 确实 附赠 不错 手感 附赠 鼠标 实在 太小 幸好 同时 双飞燕 鼠标
0,文字 不能 抹掉 无耻 胡兰成 试图用 美丽 爱情 掩饰 无耻 可是 就算 香水 狗屎 不会 变成 鲜花 滥情 一枪 众多 女人 认为 这些 女人 幸福 无耻 寡情 结发 妻子 病重 将亡 天气 路难 不肯 赶回 最后 一面 别人 鄙视 当作 别人 惧怕 退让 别人 疏离 当成 别人 该刊 不敢 靠近 可笑 不过 幸亏 自以为是 不知所谓 否则 怎有 脸面 汉奸 洋洋自得
1,外观 漂亮 电池 耐用 硬盘 安静
1,性价比 镜面 屏够 那种 新式 宽屏 大多 显卡 被认 驱动 光盘 全部 驱动 摄像头 软件 里面 喇叭 不错 物有所值
0,白色 易脏 为什么 其他 颜色 续航 时间 传说 至于 其他 缺点 这个 价格
0,这家 以前 最近 入住 两次 非常 郁闷 第一次 我定 一天 第二天 居然 前台 经理 不能 续住 第一次 遇见 说话 今天 空调 三星级 不可 想象 服务员 解决办法 拿个 电风扇 搞笑 工作人员 空调 说法 正常 真不知道 佣金 是不是 轻松 答复 的话 抛开 不谈 信任度 大打折扣
1,人生 当中 种种 际遇 不是 为了 折磨 而是 为了 塑造 最甜 水果 常常 那些 瑕疵 缺陷 知道 许多 得到 文凭 教养 更好 厌倦 争辩 尽管 说话 不多 理解力 必要 许多 心存 烦恼 不想 说话 学会 耐心 坚持 梦想 越大 实现 梦想 时间 越长 说话 冲动 时先 倾听 退缩 冲动 时先 行动
0,太小 时太累 关于 篇幅 很多 人住 愿意 时间 在家 折腾
0,噪音 轻飘 塑料 感太强 打着 牌子 品牌 出来 个人 推荐 宏基 此机 配置 虽高 价格 不符 不值 本人 推荐 不要 追求 品牌 华硕 宏基 比强 起码 做工 声燥 方面
0,机械加工 基础 入门 机械制图 画法 范例 胡传鼎 编著 出版社 化学工业 出版社 机械制图 徐玉华 主编 出版社 人民邮电出版社 机械制图 手册 梁德本 叶玉驹 主编 出版社 机械 工业 出版社 出版 时间
1,外观 不错 速度 买回来 重装系统 连续 两天 下载 正常
0,三星 内存 原来 内存 稍微 一点
0,失望 知道 四颗星 怎么 得来 单人 标间 很小 一直 流水 声音 可能 暖气 隔音 隔壁 服务生 一大早 开始 活动 分配 工作 吵醒 再也 机会 睡着 冰箱 只有 可乐 晚上 喝啤酒 注意 早餐 种类 不少 餐厅 太冷 早餐
0,版本 一般 不敢 贸然 盗版 貌似 不过 看看 罢了 这书 没什么 收藏
1,第一次 三年 那时 冲着 迟子 建从 图书馆 谁知 一看 不能 放下 于是 推荐 宿舍 同学 一起 记得 那本书 宿舍 争相 传阅 一阵子 文学 要求 三遍 不厌 三遍 每次 那个 民族 伤感 于是 决定 于是 书店 找到 两年 偶然 当当 看到 不是 当初 那个 版本 冲着 本身
0,合上 的确 缝隙 没什么 影响 知道 以后 怎样
0,散热 一般 网卡 接电源 并且 接通 网线 自动 屏蔽 这个 功能 不好 听说 为了
1,产品 外观 小巧 性能 稳定 功能齐全 强大 适合 办公 学生 使用 价格 特别 合适 还有 品牌 售后 保障
1,套书 天马行空 想象力 生动有趣 故事情节 以及 很多 知识点 一套 很棒 科普 书小 一些 孩子 适合 蜜蜂 太阳系 飓风 有关 分册 不但 喜欢 回答 各种 不同 岩石 奇妙 人体 感觉器官 小孩 来说 抽象 难以 理解 初中 以上 课堂 接触 故事 六岁 儿子 听时 已经 耐心 听到 最后 长大 看吧
1,日本 育儿 百科 一起 包装 到位 打开 灰尘 痕迹 不过 影响 不大 挂历 纸包 一下 希望 正如 网上 大家 推荐 一样 孩子 大人 心理 着手 养儿育 事情 到位 新书 女同事 看见 大概 以后 一句 有些 夸张 真实 反映 认可 孩子 白养 一回 孩子
0,非常 差定 豪华 套房 可是 刚刚 做过 真空 处理 真的 很差 服务 方面 不用说
0,这么 多人 一本 十分 空洞 实质性 后悔 应该 盲目 跟风 由于 第一次 当当 书本 试验 态度 速度 不错 下单 天内 到货 卓越 一点点 快递 服务态度 一点点 唯一 快递费
1,明显 速度 播放 电影 不卡 占用率 左右 模具 做工 精致 容易 收集 指纹 质感 确实 一般 朔料 电池 确实 强不开 无线 网卡 蓝牙 扬声器 文档 亮度 调格 小时 左右 键盘 表面 发热量 相当
0,刚刚 从事 工作 真切 感受 工作 好多 明白 事情 更加 坚定 心中 信念 不错
1,做工 不错 做工 还好 配置 性价比 价格便宜 以前 多元 现在
0,网友 所说 屏幕 底端 裂开 指纹识别 附赠 驱动 声音 一般 商用机 不过 声音
1,几次 这次 竟然 晚上 睡不着 毛衣 毛裤 被子 夸张 空调 热风 温度 外面 不是 真是 明白 一样 只好 退房
1,第一次 如饥似渴 读完 这么 多年 心灵 指导 终于 出现 提到 许多 家长 所犯 错误 几乎 全犯 同样 王老师 处理 茅塞顿开 于是 第二次 认真 笔记 案例 解决 方法 整理出来 然后 照着 实施 效果 果然 不错 孩子 沟通 愉快 孩子 学习 劲头 变高 一切都在 往好 方向 发展 感谢 王老师 希望 各位 家长 拜读 一下 受益匪浅
0,降价 太快 没过几天 居然 直接 损失 块钱 本子 阉割 一样 分量
0,很破 根本 挂牌 四星 标准 顶多 勉强 巨大 娱乐场所 里面 夜总会 桑拿 应用 尽有 晚上 骚扰电话 装修 电视 竟然 不看 搞笑 桌子 网线 插座 感情 大家 需要 充电
1,性价比 不错 搭配 合理 设计 外观 不错 风扇 声音 标配 内存 小说 时间 眼睛 整机 重能 达到 锻炼身体 目的
0,为什么 通知 一声 刚刚 收到 订购 书籍 惟独 一本 郁闷
0,从头到尾 性压抑 大量 篇幅 放在 重复 毫无 变化 心理 活动 意义 本来 简单 故事 这么 显得 单薄 人物形象 一张 可是 受到 如此 众人 追捧 意思 难道 现在 中国 纯爱 渴望 这个 程度 压抑
0,内存 太小 慢得 蜗牛 入手 显卡 太重 不便 携带 应该 还有 一定 降价 空间
1,性能 不错 比较满意 配置 合理 外观 漂亮 人像 识别 好玩 高清 流畅
0,我订 只是 发现 一页 后来 申请 换货 不管 建议 大家 不要 当当 说完 谢谢
0,这家 宾馆 服务 非常 前台 接待 人员 一样 一点 笑容 早餐 点钟 点中 已经 冰凉 服务 人员 有没有 人家 却是 一幅 不吃 样子 舒服 还有 一股 发霉 味道 真不知道 为什 这家 合作 再也 不住 这家 大家 不要
1,物流 真的 送货 不到 一天 流程 非常 清晰 赶在 之前 使用 白色 本本 真的 很漂亮 质量 超好 价钱 看到 最低 同事 羡慕 好好 做做 宣传
1,说实话 看到 这个 标题 决定 买下 大家 眼里 不折不扣 愤青 真正 知道 原来 社会主义 愤青 平凡 青春岁月 西德 东德 苏联 最后 定居 中国 主人翁 大半生 时间 冲破 高耸 柏林墙 冲破 心中 社会主义 认识 理解 现在 想起 以前 愤青 时光 一定 可笑 正是 这些 单纯 信仰 成就 现在 美丽 人生
0,显卡 驱动 居然 识别 成装 新版 驱动 识别 成用 暴风 知道 回事
0,坚定 想法 凡是 炒作 下次 神乎 怎么 一捏病 这么 神早 国家 领导人 御用 坚定 想法 凡是 炒作 下次 迷信 大全
0,系统 真的 很烂 回来 换成 驱动 不怎么 支持 硬盘 只能 改为 模式 显卡 不能 热切 无线网络 更新 别的 软件 蓝牙 无法 使用 之后 换成 起来
1,安全 防护 系统盘 不用 担心 驱动 键盘 好用 联想 客服 服务态度
1,看文 尤其 主要 是否 诚恳 前言 喜欢 解释 时评 价值 为什么 取名为 常识 许多 受到 所谓 主流 媒体 影响 不由自主 形成 价值观 或者 其他 一些 观点 其实 商榷 往往 反过来 那种 思维 常识 想法 其实 时常 脑海中 浮现 梁先生 掰开 揉碎 细细 不由得 掩卷 叹息 希望 每个 年轻人 常识
0,盖子 用力 毕竟 不是 多个 好多 系统 酷睿变 赛扬 所谓 亮度 模式 显卡 驱动 先装 反反复复
0,入住 人大 床间 一晚 较差 晚上 左右 入住 前台 接待 冷淡 笑容 亲切 可怕 冲澡 分钟 淋浴 龙头 停水 分钟 以后 浴缸 龙头 完全 停水 办法 浴室 打电话 大堂 来看 一下 这时 发现 房间内 未配 浴袍 大堂 副理 上来 告诉 其它 类似 情况 最近 附近 管理 维修 只是 建议
0,几页 讲色 最后 几页 喜欢 看着 意思 以后 心情 特别 不好 上当 一样 质量 不是 特别 真是 一分钱 一分货 为了 赚点 不是 书名 小说 进去 出版 一块 档次 一下 降低 很多 下次 不会
1,交通 方便 干静 宽敞 来讲 说得过去
1,第一个 本本 原本 想定 东芝 这款 很漂亮 打开 看到 不是 纯黑 深炫蓝 喜欢 麻烦 一半 蓝屏 显示 分区 提示 咨询 客户 搞定 噪音 很小 不错 音质 也好
0,显示 分辨率 很多 显示 不全 为何 设计 风扇 噪音 相对 较大 硬盘 安装 不如 直接 分好区 别装
0,钢琴 容易 指纹 并且 进入 不了 系统 开机 声音 很大 已经 发回去 回来 希望 快点 我发 回来 第一次 碰到 这么 倒霉 运但 相信 并且 希望 你们 更好
1,总的来说 价格 希望 赶快 装修 客人 留些 印象
0,缺少 十页 严重 影响 阅读 当当 这么 书店 怎么 出现 怀疑 盗版
1,设施 不新 大小 适中 海景 无烟 早餐 普通 选择
1,白色 钢琴 很漂亮 声音 效果 很棒 对于 用来 上上网 做些 文字 办公 看看 电影 只要 超级 大片 完全 够用 关键 便捷性 电池 连续 办公 时用 半小时
0,文字 不能 抹掉 无耻 胡兰成 试图用 美丽 爱情 掩饰 无耻 可是 就算 香水 狗屎 不会 变成 鲜花 滥情 一枪 众多 女人 认为 这些 女人 幸福 无耻 寡情 结发 妻子 病重 将亡 天气 路难 不肯 赶回 最后 一面 别人 鄙视 当作 别人 惧怕 退让 别人 疏离 当成 别人 该刊 不敢 靠近 可笑 不过 幸亏 自以为是 不知所谓 否则 怎有 脸面 汉奸 洋洋自得
1,特别感谢 工号 小姐 手机号 下次 太原 出差 一定 当面 感谢 入住 一早 班机 一条 项链 客房 直到 回家 发现 小姐 主动 打电话 核实 掏钱 回来 并且 多次 邮局 查询 精神 难得 非常感谢 门前 确实 黑车 本来 印象 一般 员工 感动 下次 太原 一定 还会 入住
0,定过 最差 价钱 以后 不会
1,一名 股民 看过 炒股 根据 别人 股来 操作 不会 判断 洗盘 出货 一段时间 没赚 亏了 不少 感受 很大 认为 准确 反映 自选 股票 股价 目前 位置 安全 炒股 观点 明确 例子 丰富 实战 性强 分析 通俗易懂 语言 生动 亲切感 一本 适合 初中级 水平 股民 学习 优秀 培训教材
0,不管 肯定 硬盘 里装 找到 硬盘 这款 串口 硬盘 早期 版本 软件 识别 导致 不到 硬盘 安装 出现 蓝屏 安装 很难 一定 串口 硬盘 驱动
0,本来 定单 清楚 注明 上网 套房 入住 时酒 一间 套房 不能 上网 之后 调到 普通 套房 差劲 卫生 很差 竟然 床品 黑印 黄斑 服务员 解释 说换 洗不掉 简直 难以 理解 毛巾 黑乎乎 一直 没敢 厕所 很浓 味道
1,合庆 确实 不错 商务 单间 很大 设施 齐全 温馨 尤其 满意 后边 小山 沿着 小路 一直 走上 很多 还有 一些 盛开 小花 小山 一侧 清澈 海水 远处 一些 小岛 尤其 夏天 非常 舒服 下次 一定 合庆
1,外观 雅致 续行 时间 运行 速度 成都 自提点 服务态度 满意 发货 快捷
1,性能 不错 实在 晚上 订单 下午 亚运村 提到 速度 很快
1,心中 总有 十分 矛盾 心情 欢喜 忧伤 时常 十分 吝啬 经常 紧紧 胸前 遇见 所爱 人时 小心翼翼 松开 温暖 另外 人当 翻开 第一页 张彩页 十分 惊讶 一团 火当 看到 下面 开始 轻轻 燃烧 炉火 多像 点燃 一生 爱情
1,轻便 小巧 做工 优秀 运算 速度 符合 品牌 形像 细节 考虑 十分 周到
1,女儿 点名 知道 原来 他们 班级 正在流行 这个 指着 一瓶 饮料 广告 告诉 外婆 书摊 找到 关于 这个 游戏 攻略 只能 上网 回家 自然 高兴 一直 学校 差不多 已经 翻烂 女儿 喜欢 的话 可能 只有 这本 所谓 游戏 迷宫 真的 不怎么样 书上 迷宫 的话 伤害 眼睛 字体 排版 设计 不合理 就光 看看
0,相比 去年 系列 来讲 做工 存在 明显 下降 系统 十分 麻烦 全部 装完 之后 无法 解决 开机 音乐 不过 完全 惠普公司 要不是 同学 坚持 不会 推荐 惠普
0,读过 一般 一般 需要 多人 批评 于丹 水平 哲学 仁者见仁 智者见智 学问 每个 看法 批评 正常 成名 太快 国人 一种 气人 劣习 批评 正常 古来 知识分子 讲究 安贫乐道 宠辱不惊 淡泊 名志 宁静致远 利用 圣贤 学说 布道 售书 谋利益 可能 符合 学问 价值观 批评 正常 不过 我能 理解
1,非常 国内 最好 之一 方面 不错
1,说实话 阅读 时有 真的 有种 舍不得 看书 心情 随着 起伏 欣赏 里面 主人公 一切 最初 初衷 看看 生命 究竟 样子 阅读 完毕 知道 相爱 两个 只有 给予 对方 付出 换来 一段 真挚 感情 主人公 做到 他们 爱情 他们 爱情 路上 一切 足以 对得起 生命
0,会议 活动 为主 适合 散客 周末 闲居 较大 家具 粗劣 糟糕 卫生间 装修 质量 很差 预订 两夜 因是 受不了 寒冷 提前 退房 可是 初冬 建议 带上 睡袋 以免 感冒
0,太烫
0,声音 爆音 安装 系统 驱动 非常 麻烦 专业 人员 一天 时间
0,发货 超慢 快递 没到 工作日 投递
0,马马虎虎 过于 关注 片面 介绍 来看 不太 适合 同时 提醒 以后 买书要 感兴趣 摆设 书非 不能
0,操作系统 装花 不少 时间 驱动 麻烦 还有 光驱 响当当 厉害
1,起初 见到 学校 图书馆 没来 借上 回来 当当 上查 竟然 四五折 印刷 质量 绝对 不容置疑 最让人 陶醉 不仅仅 介绍 世界 名画 还有 细腻 动人 描写 编者 文字 绝对 这些 经典 相媲美 插图 传神 介绍 那些 久远 理解 起来 生疏 画面 每个 微小 细节 显得 熟悉 意味深长 应当 一本 资本 受到 每个 热爱 艺术 肯定
0,走廊 味道 重楼 下面 马路上 声音 早上 隔壁 电视机 声音 清楚 闹钟 使用 时间 隔壁 闹钟 定时 结帐 发票 盖章 失望 今后 不会
0,喜欢 芯片 性价比 不错 散热 不错 喜欢 芯片 性价比 不错
0,日订 连同 这本 一共 今天 为止 没收 到货 中途 打电话 客服 令人恶心 客服 舌头 以为 好听 京腔 办法 我查 一下 服务 早晚 要亡 当当 客户 越来越少 等着瞧 接着 忽悠
0,想像中 行文 随便 只是 小品 书信 随意 结合体 而已 谈不上 系统 知识 介绍
0,随便 放下 坦白说 图画 可爱 仔细 吸引
0,传说 恢复 光盘 好像 支持 版主 确认 一下
0,半个 字爽 做工 价格低 配送 没话说
1,配置 比价 均衡 一般 游戏 应该 硬盘 多放 好多 网络 摄像头 像素 摄像头 读卡器 无线 网卡 基本上 独立 显卡 显存 容量 独立 算是 同价位 芯片 华硕 专业
1,很早 以来 喜欢 那个 名字 曼德尔 施塔姆 现在 这个 习惯 这个 版本 印刷 应该 没话说 只是 现在 条件 反而 时间 读诗 不能 不是 悲哀 相信 汪先生 夫人 蓝蓝 女士 诗写 自然 两人 水平 应该 没得说的 等到 冬天 下雪 床上
1,内存 不错 居然 样子 摄像头 麦克风 配置 齐全
1,同等 价钱 同类产品 整体 配置 挺不错 顺利 读卡器 方便
0,东京 整体 服务 一般 不像 企业 订单 发票 现在 失望 首问 负责制 客服 毫无意义 不要 认为 客户 没事找事 你们 回答 国企 一样
0,唯独 商家 预装 系统 实在 用不惯 以前 从未 接触 建议 商家 以后 预装 别的 系统
0,小熊 昨天 收到 以前 偶尔 个别 图书 有些 陈旧 这次 太过分 一本 干净 其中 本是 受潮 一起 不是 路上 受损 外面 包装 问问 你们 送给 孩子 礼物 我会 宝贵 破书 寄给 你们 仅仅 你们 教材 看看 以后
1,一样 超级 懒惰 食补 食补 最能 接受 应该 果汁 削皮 丢入 打汁机 喝掉 步骤 完成 食补 不用 油烟 满天 不用 小火 慢炖 好几个 小时 相关 维他命 补充 食物 不是 疗效 其中 几个 尝试 口感 来说 算是 不错 以后 失业 也许 摆个 小摊 卖卖 养生 果汁
0,质量 不好 一下 不好 好笑 根本 比不上 英语单词 建议 大家 不要
0,上网 收费 巨高 卫生 差找 不到 服务员 没人管 实在 太烂 免费 注册 网站 导航 宾馆 索引 服务 说明 关于 诚聘 英才 代理 合作 广告业务 联系
1,性价比 看中 牌子 性价比 难得
1,设施 装修 不错 环境 优雅 接待 结帐 服务 不错 够星
1,产品 大小 好比 还要 看起来 大气 上次 外去 一下 以后 想到 上网 要是 作为 主本用 建议 买好 一点 不过 现在 王本 同样 价格
0,前天 今天 是不是 不合理 不能 说法 要不然 推掉 重买
0,靠近 机场 听到 很大 噪音 空调 开关 上窗 屋内 气味 头晕 开窗 基本 睡不着 早餐 非常 简直
0,系统盘 装用 下午 几张 盘才 装起 推荐 不用 主板 芯片 几款 软件测试 网上 一样 知道 怎么回事
1,酒店设施 陈旧 地处 市中心 地带 交通 方便 服务 预定 价格 公道 作为 出差 选择
0,系统 实在 太难装 先用 分区 然后 逐步 安装 安装 然后 镜像 拷到 硬盘 进用 安装 折腾 下午 终于 搞定 开始 有个 系藏 分区 折磨
1,可是 设计 鼻祖 书籍 详细 介绍 设计 过程 需要 解决 许多 字体 图画 以及 配色 国内 一般 语法 或者 案例 为主 讲解 方式 不同 该书 采用 面向 设计 领域 方式 每一 章节 通过 典型 例子 作为 该章 主线 这些 例子 具有 代表性 一类 设计 集合 解决方案 适合 静下心 仔细阅读 特别 通过 书中 例子 实践 才能 发现自己 对于 设计 灵感
0,论语 庄子 前者 一本 准备 仓促
1,时间 速度 一年 价格 现在 比差 太远 一款 估计 两年 不用 好看 称赞 一下
1,外观 不错 适合 女孩子 昨天下午 订单 今天上午 通知 提货
1,看过 最好 一本 有关 孩子 教育 关键 教会 父母 改变 一些 心态 观念 比如说 不管 最好 拒绝 惩罚 作业 不愧 一位 教育 心理专家 孩子 心理 角度 思考 处理 信服 一口气 读完 一读再读 推荐 国家教育部 领导 读一读 也许 中国 高考 现如今 科举制度 改革 一些 启发
1,清洁 非常 实惠 不足之处 双人房 洗澡 用品 只有 一套 宾馆 反馈 年月日 尊敬 宾客 您好 感谢您 选择 入住 金陵 溧阳 宾馆 对于 双人房 洗漱 用品 只有 一套 已经 召集 相关 部门 对此 进行 研究 整改 努力 管理 服务 工作 做到 进一步 关注 宾客 关注 细节 再次 表示 衷心 感谢 期待 再次 溧阳 并入 金陵 溧阳 宾馆 提供 更加 优质服务 机会 顺祝 工作 顺利 身体健康 金陵 溧阳 宾馆 客务 关系 主任
1,性能 配置 算是 同价位 佼佼者 商务 散热 一直 不错 值得 赞扬
0,位置 不是 理想 金元 购物中心 蛮近 大约 分钟 车程 入住 正赶上 卫生部 开会 很多 另外 之间 一扇门 隔音 效果 特别 不好 半夜 隔壁 亲热 吵醒
1,好看 貌似 言情小说 夹杂 很多 艺术 史实 其中 第一次 真正 感受 宋代 皇族 生活 隐约 描写 贴切 他们 服饰 言谈 居所 以及 情感 曾经 意识 大相径庭 一切 那样 神秘 吸引 他们 情感 常人 无异 他们 处理 方式 选择 常人 不同 无奈 不得不 其实 不光 皇家 即便 普通 多少 无奈
0,只有 安装 系统 随机 没带 系统 安装盘 装时 显卡 驱动 售后服务 麻烦 散热 不好 机器 运行 几分钟 左侧 十几分钟 手摸 烫手 需要 再购 散热器 帮助 散热
0,前台 包括 服务 餐厅 前台 客气 好像 他们 一样 爱住 不住 意思 一点 受到 尊敬
1,拿到 完美 速度 很快 原来 顺手 准备 几天 改成 显卡 集成 不过 玩游戏 无所谓 之前 很多 价格 上贵 一些 这个 价格 还好
0,外面 中央空调 外机 声音 无法 入睡 服务员 好象 别人 表情 不过 那些 日本 非常 热情 早餐 品种 卫生 非常 干净 那些 碗筷 根本 一样 以后 免费 不住
0,纵观 整部书 上下 两册 文字 结构 人物 情节 可取 有过 从业 经验 不是 有过 类似 经历 写书 文字 需要 表达 需要 雕琢 失望
0,买回来 当天 试了试 出差 一直 没用 昨天 打开 换货 电池 不能 充电 希望 出厂 时严 质量关 顾客 减少 不必要 麻烦
0,一点 遗憾 设置 里面 硬盘 出场 设置 不能 直接 安装 需要 一下 许多 入门 玩家 着急 一下下
0,蓝牙 的话 完美 系统 稍微 麻烦 毕竟 这个 自带 系统 不会
0,粗略 一遍 同事 一下 这本 书写 难看 下去 里面 描述 粗不太 实用 没什么 意思
0,系统 麻烦 建议 专业 人员 安装 桌面图标 太大 美观
1,楼下 餐厅 一点 不贵 房费
0,朋友 小时 电话 帮忙 退房 酒店设备 非常 陈旧 服务 不好 具体 细问 不过 肯定 后悔
1,南山区 办事 的话 这里 方便 门口 哪个 方向 稍微
1,服务 不错 干净 提出 上网 上网 上网费 交通 方便 门口 大连 火车站 原本 以为 根本 不到 声音 费用 方面 多元 感到 很值
1,做工 不错 音响 音质 不错 散热 还成 自取 挺快 第一天 早上 定单 第二天 中午 自取
1,三楼 大约 平米 新装修 不错 最大 特色 镜子 特多 浴室 全部 玻璃 间隔 看到 浴室 里面 所有 地铁 不近 附近 巴士 方便 门口 隧道 尖沙咀 旺角 只要 海洋公园 回程 的话 楼下 巴士站 购物 的话 九龙 公园 旁边 九龙城 广场 里面 除了 有吉之岛 十元 百佳 还有 很多 私人 餐厅 包括 麦当劳 其他 一些 香港 出名 外资 餐厅 来讲 香港 性价比
1,性价比 外观 大方 稳重 功能 最爽 音量 用手 触摸 滑动 调节
1,标准间 设备 不错 淋浴房 缺少 支架 不是 方便 服务 出门 方便 停车 安全 液晶电视 装修 据说 开业 时间 无法 改变 面临 很大 黄山 公园 环境保护
1,轻便 其实 轻便 这个 去掉 指纹 这些 实用 功能 性价比 内存 容易 加进去 以前 好加 内存 键盘 不错
0,刚刚 拿到 机器 几次 启动 不了 进不了 系统 知道 原因
1,这册 那册 应该 已经 出版 系列 里面 精品 故事 可能 杜撰 成份 不过 生动 调皮捣蛋 小男孩 形象 刻画 出来 真是 男孩 坏女孩 不爱 恶搞 戏份 人物 动物 形象 配合 故事情节 发展 画工 精致 看得出来 用心 不错 值得 推荐 品质 两册 作为 标准
1,再次 入住 晚上 钢琴演奏
0,装找 驱动 麻烦 条内 存在 升级 麻烦 要命 居然 完货 第二天 心里 强烈 平衡
0,一般 愿意 点评 真的 入住 五星级 万丽 品牌 糟糕 当然 牵强 同行 同事 这个 是不是 非常 卫浴设备 非常 陈旧 天津 配备 苏州 万丽 简直 无法 相提并论 另外 我订 行政 办手续 速度 一顿 早饭 真的 非常 痛苦 一行 四人 最起码 办手续 分钟 时间 还有 早餐 简直 怀疑 这是 五星级 早餐 鲜榨 橙汁 水果 糟糕 时蔬 更加 难吃 只有 冬瓜 一共 一杯 豆浆 一碗
1,真的 不错 早餐 韩式
1,小巧 轻便 感谢 这次 发货 时间 很快 当天 难得 以前 好长时间
1,一年 没来 不错 瓶装 标准 里面 设施 基本上 到处 见到 笑脸 看来 这里 真正 买方市场 喜欢 员工 巴结 客人 满分
0,服务 任何 亲切感 生硬 机械 大家 五口 其中 一位 大人 一位 孩子 身份证 为此 分钟 入住 打电话 派出所 派出所 证件 不能 争辩 开了个 小时 车到 不让 说不过去 警察 规定 希望 你们 警察 帮忙 北京 核实 一下 身份 生硬 拒绝 最后 服务生 看见 两个 以上 老人 不行 办理 入住 晚上 点半 试问 身份证 不了 承德 不知 为何 评为 携成星 被子 烟味 设施 陈旧 隔音 不好 早餐 水平 比如 十元 服务员 根本 不够 收拾 桌子 然后 坐下 吃饭 退房 排队 情况 下用 分钟 使用 元房 携成 提供 承德 列表 这家 可能 最贵 以为 一点 父母 高兴 一点 看来 适得其反 希望 携成 还要 考察 会员 多作 考虑
0,不可 思意 一周 再次 入住 上次 入住 单人间 靠近 内部 风道 控制系统 噪声 实在 第二天 强烈要求 更换 答应 要求 当晚 得以 安睡
1,喜欢 外观 漂亮 红棕 相配 每一处 细节 完美 性能 完全 满足 游戏 需求
0,镜面 很差 一不小心 划伤 知道 联想 天天 看着 为什么 不改 另外 开机 光驱 响声 好像 这个 系列 类似 凑合 保修期 只有 担心
1,性价比 服务态度 还行 小点 难能可贵 火车站 附近 宾馆 晚上 居然 骚扰电话 值得 表扬 早餐 相对 简单 一般
1,一晚 不错 服务员 态度 热情 整洁 卫生 最好 一点 位置 不错 步行 不到 分钟 机场 大巴 清寺 车站 重庆 火车站 步行 需要 分钟 左右 特别 推荐 附近 一家 齐齐 火锅 非常 价廉物美
0,拿到 充电 电池 厉害 风扇 转个 不停 知道 是不是 电池
0,很差 挂牌 只有 准星 很大 设施 一般 灯光 太暗 海景房 远远望去 看到 味道 强烈 蚊子 不少 价格 还要 政府 税元 包括 早餐 宽带 宽带 小时 一天 早餐 广东 早茶 单点 有些 浪费时间 算来 左右 这个 价格 上海 北京 广州 象样 四星 希望 一点 当地 假日 价格 没住 信任 假日 品牌 其他 是否 一些 四星
0,两天 收到 怎么 仔细 一些 美容 方子 有些 不到 呵呵 继续
0,钢琴漆 好看 容易 手印 摩花 风扇 总是 一直 有时 温度 惠普 一贯 不带 驱动 盘装个 驱动 麻烦 以前 买过 折腾 要不然 两天 时间 研究
0,温度 系统 较难 安装 刚买 一天 杀毒软件 两天
0,客观 位置 不错 周围 环境 不好 位置 不旺 生意 旅行团 门口 打车 方便 大坡 赶上 下雨 冒雨 大坡 步行 分钟 看到 出租车 预订 一件 大床 很小 采光 不好 家具 太久 霉味 电视 很小 赚钱 三级片 看元 浴室 很小 水龙头 花洒管 维修 热情 本来 以为 更换 一条 花洒 软管 没想到 师傅 手巧 剪掉 一节 开眼界 鄙人 从事 水暖 行业 制造 对此 感到 惊奇 被子 看来 入住 重庆 已经 想开 暖气 打电话 客房 中心 查询 马上 维修 师傅 客气 四川话 检查 告诉 供暖 当时 室内 温度 摄氏度 哈哈 差距 曾经 银河 大酒店 差距 很大 唯一 说好 一点 服务 热情 诚恳 专业 补充 点评 年月日 补充 一点 大床 不是 通常 大床 不是 米床 不是 米床 标准 一般 家庭 一样 实在 不是 大床
0,写法 的确 新颖 可惜 缺乏 文学 造诣 语言 市井 表达 娱乐 终究 难成 传世之作 当下 中国 庸俗 文学 不是 通俗文学 屡屡 盛行 中华文化 堪忧 无怪乎 泱泱 中华 数千年 提及 经典之作 无出 四大名著 之右 可惜
0,订单 包含 小美女 养颜经 送来 快递 及收 货单 声明 给予 解释 谢谢
0,系统 麻烦 装成 版本 成功 最后 换成 据说 算了
1,外观 同事 羡慕 性能 不错 配置 来看 算是 差不多 配置 大型 网游 试验 最近 几天 关服 不到 别的 试验 信任 游戏 不会 失望 一直 信任 索尼 品质
0,系统 时间 外面 块钱 毕竟 不太熟悉 使用
0,屏幕 分辨率 驱动 不全 希望 华硕 能出 驱动 显卡 优势 明显 想象 强劲 屏幕 发白 电池 情况 电源 指示灯 一直 闪烁 电源适配器 太热
1,同学 那天 坐车 大学 一路上 百无聊赖 于是 翻开 彩色 有些 慵懒 文字 文中 有着 爱情 感悟 重要 这些 门外汉 带入 咖啡 世界 也许 一定 知道 原来 咖啡 气味 有种 之多 味道 有苦酸 还有 甜种 各种 目的 咖啡 各有 特色 各有 口感 里面 还有 制作 各种 咖啡 方法 兴趣 的话 不妨 动手 试一试
0,前台 服务态度 十分 恶劣 印象 不好 影响 出行 心情
1,不错 不算 不算 豪华 地下 一层 桑那 按摩 当然 应该 独立 经营 骗钱 故意 不说 要加
0,开箱 发现 触摸板 左键 惠普 质量 控制 体系 垃圾 形容
0,前面 几位 误导 下次 不会 主要 整个 走廊 味道 不好 那种 很潮 味道 电梯间 浓重 餐厅 飘来 油烟味 太小 我定 高级 大床 可是 除了 一张 已经 多少 商场 超市 环境 嘈杂 好处 被褥 白色 看着 干净 延住 需要 加块 人性化 吃个 午饭 休息 一下 服务态度 老旧 酒店设施 服务
1,外观 继承 风格 配置 低下 最好 选择 屏幕 电影 足够 国美 便宜 价格优势 很大
0,订单 日月 没到 当地 邮局 当当 客服 一男 查当 服务 失望 看来 另寻 高枝
1,性价比 速度 杜比 音效 蓝牙 无线 网卡 高清晰 摄像头 内置 麦克 不错 机子 样式 很靓
1,机器 第一眼 看上去 很大 方触 面板 新颖 超值 屏幕 方面 不太 适应 这个 价格 应该 属于 超值 当然 消费者 熟悉 一定 价格优势
1,到手 没用 进不了 系统 硬盘 嘎吱 硬盘 肯定 震坏 或者 怎么 然后 发回去 退货 然后 别的 一台 郁闷
0,风扇 光驱 声音 较大 口太少 麦克风 对于 这个 接受
0,机器 电池 不好 拿来 一点 虚电 第一次 满电 半小时 左右 还有 安装 需要 硬盘 改成
0,某些 细节 还有 改进 余地 钢琴漆 好看 容易 磨砂 一些 电池 续航 时间 一点
1,喜欢 原因 一下 几点 喜欢 爸爸 穷爸爸 他教 认请 真实 世界 中国 符合 我国 国情 怎样 理财 喜欢 老师 作品 一向 喜欢 身边 参加 培训 必须 有所 了解 理财 方面 很感兴趣 只有 理财 生活 自由 后悔
0,看到 大家 很多 好评 产生 好奇 不过 来看 没什么 特别 看来 好不好 只有 合适
1,大小 合适 装修 周边环境 白鹭洲 很近 步行 只要 几分钟 晚上 散步 不错 泳池 室外 更衣室 设施 一般 烟味 较大
1,没读 这前 很多 不大 了解 老公 到底 或者 为什么 怎么 呵呵 受益 匪钱 开始 慢慢 了解 老公 理解 老公 基本 人性 开始 剖析 方面 诠释 男人 女人 之间 不同 紧紧 相连 女人 全方位 了解 男人 呵呵 适合 结婚 一年 左右 群体 这一 阶段 正是 男人 女人 难以相处 时期
1,此书 赶上 没货 好久 终于 到货 买来 之前 大家 可能 感动 稀里哗啦 一路 下来 最后 流泪 却是 伤感 几乎 一夜 未眠 一种 什么样 爱情 肝肠寸断 据说 故事 发生 家乡 细细 发现 真得 听说 好像 剧组 已经 家乡 选址 准备 拍摄 电视剧 期待
0,符合 四星 标准 出行 不是 方便
1,大学 经历 周遭 无数 女生 恋爱 告吹 感受 无数 明明 安全感 还要 别人 温暖 真情 开始 明白 无论 女生 可怕 她们 只是 天使 恶魔 统一 生活 有太多 麻烦 无论是 过去 过来 需要 寻找 安慰 找寻 出口 追逐 快乐 取得 幸福 一本 圣经 总是 一本 圣经 总会 成长 道路 孤独
1,小巧 精致 做工 不错 屏幕 看起来 舒服 蓝牙 无线 网卡 等等 外接 电池 很大 支持 时间 很长 这点 不错 适合 外出 携带
1,电池 真的 厉害 一天 小时 使用 没什么 体积 合适 硬盘 希捷代 系统 还算快 蓝牙 方便 支持 速度 真的 不错
0,味道 太重 晚上 睡不着 希望 邯郸 宾馆 公德心 装修 刚好 开始 营业 毒死
0,介绍 本来 于是 孩子 一套 本来 希望 孩子 看过 之后 能够 变得 想像力 勇敢 程度 能够 增加 可是 孩子 打败 怪兽 之后 孩子 勇敢 变得 胆小 晚上 不敢 屋里 必须 爸爸 或者 妈妈 屋里 卧室 拿到 别的 屋骗 之后 胆小
0,视而不见 论语 许多 糟粕 吹捧 指导 人生 宝典 不能不 承认 一面 有些 道理
0,键盘 装嵌 起来 松有 满意 另外 除了 收集 指纹 之外 容易 收集 划痕 机器 点重 电池 就算 装回 费劲
1,性价比 不错 键盘 舒服 屏幕 现实 效果 小巧 轻便 自带 视频 软件 好用
0,价格 要是 低点 更好 应该 特价 活动 快递 服务态度 不是
0,客服 提供 驱动 下载 地址 下载安装 最后 还有 一大堆 未知 设备 两天 搞不定 最后 只能 朋友 帮忙
1,状况 相当 不错 南京 入住 基本一致 服务态度 环境 令人满意 唯一 退房 检查 分钟 知道 他们 查些
0,送来 两本 一本 真的 明白 明明 定单 成功 下单 送少 一本 无奈 需要 改善 系统 谢谢
1,之前 看到 其中 名叫 看海 这句 我家 宝贝 过去 国庆 专门 开车 看海圆 梦想 看到 书名 有种 冲动 看看 梅拉 如何 实现 小小的 梦想 宝贝 套书 投入 梅拉 孩子 富于 冒险 精神 勇敢 坚强 乐观 性格 深深地 吸引 之后 几天 每天晚上 总要 翻出 套书 一遍 一遍 尽管 已经 口干舌燥
0,机器 标配 内存 系统 装入 赠品 内存 系统 明显 非常 缓慢 运行 较为 吃力 应该 标配 内存
0,只要 读一读 南怀瑾 老先生 论语 别裁 发现 于丹 心得 多么 肤浅 南怀瑾 一起 就象 大学教授 小学生 一起 一样
1,电池 强悍 传说 小时 实际 估计 小时 左右 外观 精致
0,昆百 这家 五星 最多 三星 设备 老化 环境 不好 闹市 没什么 空间 住客 花园 服务员 态度 热情 前台 业务 熟练 不太会 礼貌 用语 半夜 蚊子 叮醒 总之 不爽 不如 四星 锦江
0,上午 拿到 之前 一款 样子 一样 一点 知道 质量 好不好 现在 发现 现在 使用 半天 发现 一点
0,附带 光盘 只有 驱动 装要 官网 第一次 分区 居然 硬盘 出错 只能 安装 不能 触控板 区域 温度 知道 是不是 硬盘 发热 独立 显卡 发热
0,自带 系统 不太 喜欢 驱动 不能 还有 电脑包 太小
0,散热 知道 怎么 不过 还好 硬盘 温度 除了 散热 其他 散热片 不是 屏幕 下方 契合 不严
1,三毛 人生 除了 荷西 值得 悲哀 快乐 快乐 常常 快乐 事情 心理 原因 三毛 才华 真的 平凡 女子 足迹 很多 望尘莫及 多少 人能 那样 流浪 不是 很多 资本 流浪 流浪 需要 勇气 需要 其他 很多 羡慕 生活 真的 羡慕 梦想 一点 去过 足迹 属于 足迹 相信 三毛 快乐
1,配有 系统 知道 为什么 客服 本机 只有 难道 惊喜 驱动 总的说 非常 不错 重要 非常 超值 到底 怎么 超值 法先 卖个 关子 只有 知道
1,早餐 其实 没什么 早餐 很差
0,刚刚 收到 分钟 反馈 真好玩 宽宽大大 封面 那些 忽忽 没顾 翻看 嘿嘿 大家 分享 拉拉
0,以前 刚有 孩子 看过 一本 卡尔 威特 教育 好多 大概 一边
0,发热 普遍 不过 开始 使用 情况 这个 热是 带来 任何 不要 常用 手去 存在 除非 鸡蛋 哈哈
1,外观 比起 同学 银灰色 要好看 其实 对于 现在 大多数 随机 系统 更好 一些 避免 一些 不必要 麻烦
1,外观 内饰 不错 性价比 散热 还好 送货 速度 服务 一流
1,开始 彼得 林奇 成功 投资 彼得 生活 方式 剧烈 震撼 一家 上市公司 眼光 观察 世界 日常 接触 各种各样 物品 分析 公司 基本面 看到 生意兴隆 商品 时多 一步 是否 投资 企业 思考 真是 一种 奇妙 生活 不由得 想到 清琦在富 爸爸 提出 不断 发掘 工作 之外 赚钱 机会 想法 投资 眼光 世界 该是 多么 奇妙
0,突然 发现 大家 一本 明朝 那些 事才 察觉 原来 出到 赶紧 当当 一本 饱读 一般 看到 一半 进行 下去
1,主要 为了 串口 朋友 软件狗 找到 这个 到手 想象 好多 设置 很多 特别 设置 模式 方便 网站 驱动 齐全 随机 驱动 光盘 以前 同事 大牌 本本 好多 基本 等于 废物 随机 驱动 网站 只有 驱动 客服 联系 多时 驱动 特别 集成 一张 驱动 安装盘 上费 很多 精力
0,小美女 养颜经 阅读 发现 部分 大概 几十页 用笔 勾画 痕迹 看着 舒服 怎么 解决
1,这本 已经 猫儿 奋斗史 完后 推荐 女朋友 消遣 来看 这些 收获 可能 多一些 如今 女性 似乎 辛苦 谭斌 一样 坐在 不同 格子 间里 经历 类似 或者 雷同 事情 平静 生活 赚份 赖以 生活 口粮 在职 场中 寻得 一席之地 那种 成就感 满足感 可能 女人 在职 场中 选择题 知道 想要 估计 应该 知道 怎么 生活
1,不得 因信 说不出来 荣光 欢喜 上周末 讲座 某位 著名 儿童文学家 惋惜 地说 现在 不管 大人 小孩 已经 相信 童话 其实 何止 童话 现在 已经 相信 很多 可能 有人 不可 只好 不信 唯一 办法 试着 相信
1,价格 配置 不错 外形 喜欢 待机时间 有个 小时 喜欢 屏幕
0,重装 系统 之后 开机 人脸识别 只能 看到 摄影 头像 其他 看不到 不到 摄像机 位置 安装 其他软件
0,盘太大 不过 网上 下载 软件 调整 分区 标称 不过 只见 其他 见到
1,很多年 东芝 已经 进入 中国 这款 重量 做工 屏幕 音色 不错
1,儿子 一岁 八个 孩子 一直 以来 儿童 歌谣 平时 配合 拍拍手 动作 每个 歌谣 手指 动作 配合 第一个 歌谣 时边 讲边 一起 手指 比划 哈哈 好开心 不过 有些 歌谣 手指 动作 引起 儿子 开怀大笑 总的来说 只要 部分 孩子 这么 开心 足够 哪能 所有 部分 孩子 共鸣
1,交通 方便 环境 不错 正好 办事 地点 旁边 性价比 以后 还会 考虑 入住
1,本来 女儿 后来 全家 兴趣 有意思
1,看后 甚至 再生 完全 照着 书中 那样 冲动 真的 非常 值得 推荐 以为 孩子 适合 其实 每个 阶段 找到 需要 改进 补救 通过 教育 细致 观察 看到 今天 一些 正确 表述 做法 今后 孩子 带来 什么样 非常 道理 许多 弯路 非常 喜欢 几本 送给 朋友
1,宽敞 大堂 星级 差距 较大 电梯 速度 尤其 高层
1,虽小 设施 齐全 服务 一直 这个
0,键盘 不灵 重要 声卡 驱动 之后 不到 声卡 屏幕 发白
1,配置 均衡 分量 基本 满足 家庭 上网 需要 自提点 距离 我家 特别 只有 呵呵
1,以前 没听说过 著名 西班牙 诗人 朋友 推荐 译者 水平 毋庸置疑 翻译家 到位 文字 紧凑 洛尔卡 西班牙 音乐 很大 关系 看过 生平 知道 诗歌 中有 很多 音乐 元素 意象 总之 喜爱 诗歌 值得 一读 这个 版本 折扣 之后 不贵书 诗句 本身 大片 留白 奢侈 哈哈 印刷 中规中矩 花哨
0,国庆 一天 门市价 一样 豪华 房元 不包 早餐 设施 挺旧 一般
1,怪兽 为了 满足 口腹之欲 吃掉 所有 黑暗 所有 动物 所有 变得 混乱 怪物 因此 得到 满足 变得 孤寂 直到 付出 变小 包括 在内 所有人 动物 变得 满足 安详 几米 故事 蕴含 深意 儿子 三岁 刚刚 接触 已经 喜欢 黑暗 恐惧 减弱 相信 成人 来看 感触
1,刚刚 开头 手环 手腕 并且 决心 引发 加入 为了 那句话 改变 地球 意识 很多 幻想 地球 未来 样子 大都 人类 破坏 非常 不成 样子 甚至 翻阅 小学生 作文 这个 样子 从我做起 改变 意识 意识 充满 和谐 未来 地球 肯定 变成 理想 家园
1,价格 不错 现在 告诉 下载 键盘 控制 蓝牙 其它 控键 驱动 下载 几个 不能
0,口才 超群 书写 时尚 肤浅 看不懂 真正 论语 不信 先哲 本意 如此 肤浅
0,以前 书店 看过 差不多 拿到 只有 一半 根本 那种 宝宝 喜欢
1,去年 九寨沟 时住 今年 同事 服务 宾馆 反馈 年月日 希望 客人 服务 提出 宝贵 意见 建议 不够 乐意 接受 客人 批评
0,当当 便宜 原价 里面 很多 漏印 那个 中国社会科学出版社 检讨
1,芙蓉 丽庭 房价 成都 其他 四星 实惠 升级 入住 行政 楼层 很大 无可挑剔 文化 特色 文殊 细节 考虑 温馨 不错 宾馆 反馈 年月日 尊敬 客人 您好 感谢您 关注 支持 期待 再次 光临 工作 顺利
1,小巧 做工 精致 固态 硬盘 超值 当然
1,装个 好像 安装 合适 驱动 魔兽争霸 要命 华硕 售后服务 原来 官方 针对 驱动 大部分 驱动 看见 许多 朋友 成功 急切 希望 这款 朋友 驱动 共享 出来 来说 不错
1,三星 这个 价格 算是 便宜 作为 台机 补充 这款 之间 权衡 最终 选择 这款
1,不能 驰骋 商海 股市 了解 全景 巴菲特 第一次 这个 人物 鲜活 展现 读者 面前 这里 不是 那个 充满 光环 股神 投资 大师 而是 有血有肉 普通人 朋友 身边 一样 读者 普通 故事 感受 经历 人生 路程 不错 推荐 大家 沃伦 一起 成长 这里 褪去 光环 普通人 一样 读者 了解 我要 谢谢 展现 大家 全景 巴菲特
0,系统 不好 深度 版本 我用 版本 里面 无法 关闭 设备 集成 驱动
0,当地 知名度 挺高 出租车 司机 知道 大楼 顶上 高挂 民航 招牌 酒店设施 成旧 入住 小时 房间内 暖意 手试 一下 取暖器 发现 热气 于是 总台 联系 房间内 半天 除了 显著 位置 按摩 中心 电话 实在 不到 总台 客房 中心 电话 只得 下楼去 还好 电梯 碰到 客房 服务员 不久 服务员 电话 管道 老化 换间 于是 行李 搬家 房间内 设施 旧有 浴缸 淋浴 很大 舒服 毛巾 还有 破洞 早餐 各式各样 冷冰冰 很少 下午 飞机 总台 商量 可不可以 小时 退房 总台 小姑娘 把头 别说 不成 房间内 不够 热得 毛衣 才行 于是 第二天 睡觉时 一条 被子 半夜 冻醒 奇怪 去试 一下 暖气片 冰凉 只能 披上 外衣 半夜 点下 总台 总台 小姑娘 马上 小伙子 一看 警服 小姑娘 小伙子 然后 窗户 本来 就够 换间 还有 一样 房问 能否 一间 窗小 一点 服务员 脸一拉说 不行 价钱 这么 随便 换房 房时 协程 不是 紧张 信用卡 担保 不让 后来 留意 一下 其实 入住率 极低 办法 只能 换房 于是 半夜三更 收拾 所有 行李 先到 总台 房卡 然后 服务员 始终 奇怪 面容 看着 任何 欠意 表示 也许 值夜班 无聊 总算 乐子 冰凉 发现 走廊 客房 中心 电话 过去 服务员 半夜里 暖气 除了 备有 被子 还有 备用 毯子 上天 次日 起床 肠胃 冻坏 咕咕 拉肚子 等到 中午 退房 总台 显著 位置 放着 按摩 中心 广告牌 墙上 四星级 青年文明 吉林省 优秀 服务 单位 招牌 不由得 长叹一声 肯定 一家 民航 系统 国营 服务 意识 基本上 停留 举目无亲 感激涕零 文革 时代 对于 国营 国家旅游局 向来 有颗 水份
1,这个 价位 这么 配置 快要 赶上 很多 三线 品牌 性价比 华硕 质量 保证 适合 学生
1,海狸 儿子 看到 喜欢 那天 中午 放在 沙发 桌上 想着 儿子 放学 发现 礼物 果然 看到 一口气 好几本 电话 兴奋 告诉 谢谢 接下去 几天 有时 要求 爸爸 有时 快乐 时光 甚至于 周末 哥哥 要求 套书
0,这个 价位 来说 接受 卫生间 很大 隔音 非常 得到 最差 早餐 简直 恐怖 所有 餐具 塑料 白色 塑料 餐具 时间 并且 长期 洗净 已经 发黑 部分 塑料 餐具 附着 一些 知名 洗净 水淋淋 甚至 还有 水在 知道 有没有 水里 一下 出来 用来 小菜 上空 苍蝇 飞舞 包子 馒头 冰冷 脏脏 太脏 要求 早餐 非常简单 甚至 白粥 加水 绝对 不能容忍 这个 价钱 当作 不含 来看 反正 没敢 宾馆 反馈 年月日 非常 感谢您 提出 宝贵意见 针对 此种 情况 我司 提出 整改 方案 宗旨 宾客 满意 为此 继续 努力 谢谢您 希望 下次 入住 一样
1,为了 达到 那些 令人羡慕 拥有 区别 彼此 不同 真正 也许 正是 太多 惯性 常识 孤单 套书 可惜 一直 无法 买全 另外 几本 至今 买不到 本来 样子 需要 特别 特别 并不需要 具有 所谓 成就 才能 性格 而是 本来 特别 这个 宇宙 独一 不二 没人能 取代 手里
0,回来 系统 半天 内存 小气 够用 无论如何 升级 价降 现在 几天 一点
0,很多 道理 知道 很多 事情 不用 繁琐 好像 宣传 洗清 舆论 嫌疑 不是 真的 成功 书中 很多 赘述 估计 策划 肯定 完全 亲笔 完成 有些 很假 宣传 真是 太过分 建议 不要 没意思 个人观点
0,你们 质量 真是 不可思议 第一 包装 太差 光盘 纸盒 咣当 咣当 容易 摩擦 我试 一下 共个 竞有 张碟 出来 真是 便宜 没好 建议 小心 质量 盗版 不如 应该 很烂 盗版
0,长春 之前 查阅 很多 评分 这个 不错 入住 之后 失望 门坏 空调 不好 陈旧 服务 一般 总之 性价比 早餐
1,拿到 内存条 这个 本本 样子 很漂亮 稳重 键盘 舒服 摄像头 清楚 还有 鼠标 很漂亮
0,前台 服务 超差 基本 笑容 招待所 不如 明显 四星级 牌子 买回来 装修 一般 幸亏 价钱 不算 服务 就算 两次 任何 改观 迹象 下次 不住
1,价格低 模具 尚可 显得 不是 低档 配置 均衡 奔腾 双核 刻录 光驱
0,手腕 那里 貌似 读卡器 扩展 盖板 难看 做工 马马虎虎 本本 身上 手腕 主要 是因为 边角 太锐
1,看中 超长 待机 暂时 测试 实际 使用 时间 键盘 手感 不错
0,外形尺寸 有点像 本子 模具 钢琴漆 外壳 容易 划伤 刚买 一周
1,海景 一大 卖点 面积 偏小离 地铁站 不近 机场 港币 服务 不错 门童 和蔼可亲 当然 小费 的话 更是 皇帝 招呼 的士 老爷爷 几年 一直 打扮 得象 红头 阿三 不知 创意 创意 老实 敬业 地铁 估计 分钟 一本正经 走过 大概 罢了 天桥 宏基 三楼 酒楼 饮茶 味道 一级 据说 朱熔基 总理 吃过饭 楼下 服务台
1,接待 人员 热情 餐厅 餐太 难吃 服务 知道 一早 酒泉 餐厅 开餐 感谢 明明 那里 第二天 加开 一间 可是 反映 一天 一间 工作人员 电话 核对 真是 以小是 心中 这家 一下 十分 不好 不要 临街 窗玻璃 隔音
1,服务 人员 态度 意识 早餐 品种 花样 口感 下次 太原
0,不是 经典 磨沙 遗憾 相信 采用 经典 磨沙 喜欢 多些
0,一直 介绍 客户 这家 公寓 由于 地理位置 方便 接送 临近 苏州 乐园 环境 好像 一样 比较满意 直到 最近 遇到 一些 有所 怀疑 是不是 判断 提出 国外 总部 办法 上网 第一天 晚上 加拿大 文件 晚餐 不得不 早早 回到 工作 不了 只好 打电话 沟通 解释 深夜 第二天 回来 询问 上网 密码 操作 前台 半天 账册 打印 一张 大小 说明 简单 一下 发现 需要 建立 连接 设置 步骤 及其 复杂 略懂 担心 操作 第三天 老板 无精打采 告诉 没法 连接 网络 并且 告诉 下次 不要 再订 这里 情形 真的 面子 退房 解释 部分 直接 上网 部分 需要 手工 设置 真的 无奈 难道 不能 事先 说明 尤其 老外 意大利文 设置 起来 语言 不能不 自找麻烦 安排 直接 上网 建议 早点 建立 连接 彻底解决 这个 当然 愿意 这里 还有 其他 原因 对于 入住 时要 刷卡 多押 一天 房费 十分 不满 去过 很多 国家 唯独 中国 当然 不是 所有 卡号 人格 极大 信任 发达国家 决不会 入住 要求 刷卡 现金 远超过 房价 金额 解释 惯例 不管 中国 外国人 一样 决不 外国人 歧视 心理 舒服 观念 落后 或是 信用 落后 由于 工作 需要 要求 延住 一天 再次 要求 补刷 差额 这次 要求 一天 房价 也许 不满 人员 太大 压力 最后 不用 这时 真的 发火 难道 规则 随便 随便 执行 不刷 这算 出来 收回 恐怕 老板 怒气 再次 激起 于是 结账 手里 两张 签单 由于 费用 超过 第一张 单元 于是 要求 再刷 一次 解释 不能 消费 超过 授权 其余 另外 一张 授权 中刷 或者 现金 元望 手里 授权 授权 消费 消费 老外 几乎 绝望 实在 搞不懂 这么 简单 事情 居然 这么 复杂 下次 不再 找麻烦
0,跟着 老妈 这些 保健 家里 关于 求医 不如 系列 好几本 只能 一般般 不过 读书 总会 发现 一些 有用 少许 方法 实用
0,声音 不好 奥特 蓝星 据说 最好 主要 用来 处理 大量 图表 数据 似乎 数据处理 不快 知道 有关 加上 包包 电源 女生 起来 挺重 考虑 轻便 上网 更好
1,干净 包括 一些 卫浴 设施 不错 周到 不错 价钱 通过 接受 我会 推荐 朋友 入住
0,農歷 新年 太太 預訂 二天 溫泉 標間 最後還 一天 原因 房間 感覺 比較 不淨潔 洗手 設備 簡陋 前台 管理 十分 混亂 入住 人數 很多 我還 理解 原因 前台 唯一 刷卡 機有 問題 信用卡 下訂 訂金 做不了 取消 一小 本人 重視 服務質 素該 唯一 可取 之處 房間 服務不錯 房間 服務員 禮貌 可惜 再也 考慮 入住
1,这家 优点 便宜 海景 很漂亮 海洋公园 方便 楼下 没多远 空调 大巴 公园 门口 刷卡 只块 金钟 海洋公园 大巴 便宜 几块钱 服务 人员 不错 门童 行李 送到 忘记 消费 礼貌 地走了 之后 起来 香港 消费 习惯 安顿 下楼 碰到 那位 门童 人家 礼貌 客气 耐心 解释 应该 怎样 附近 有些 吃饭 还有 听说 每天 出去 留来 块钱 小费 打扫 阿姨 可是 回来 块钱 压在 桌子 缺点 有些 陈旧 计较 香港 寸土寸金 装潢 设施 格调 迪斯尼 很大 很大 几节 不过 价位 便宜 一半 出行 不是 方便 大巴 各个 香港 大巴 不报 坐在 车上 晕晕乎乎 知道 第二天 出行 只好 打车 地铁站 不过 起步价 地铁站 香港 只有 坐地铁 心里 踏实 知道 身在 何处 大巴 好几 才能 回过 刚刚 应该 下次 香港 也许 选择 地铁 边上
1,一本 其中 几篇 文章 今天 看来 依然 还有 值得 思考 价值 尤其 全球 老龄化 中国 应对 造成 农民 贫困 不合理 制度 设计 生命 呼吸 中国 农村 医卫 事业 呻吟 曙光 这些 几年 提出 关于 农村 环境 以及 人口老龄化 方面 意见 思考 今天 比照 两年 发展 停滞 退步 进行 多一层 关注 思考
1,配置 搭配 合理 明显 鸡肋 散热 做工 不错 键盘 设计 亮点 赠品 实用 这个 价位 性价比 本本 确实
1,柳州 出差 不错 选择 尤其 商务 朝北面 夜景 不错 宾馆 反馈 年月日 非常 感谢您 长期以来 大力支持 关心 朝南面 江景 客房 不错 此外 五星级 标准 装修 高层 观景 客房 即将 竣工 期待 光临
0,内置 海力士 内存 不怎么样 主板 不怎么样 不能 流畅 运行 办法 重新 内存
1,许多 读书 很少 经商 一种 商业 财富 欲望 课本 不见得 学到 那些 成功 经验 宝贵 他们 各有 一定 规范 最后 走向 成功 讨厌 课本 那些 冷冰冰 一点 活力 真正 一样 精彩 兴奋 创业 指南 尤其 从小 做起 成功 企业 对于 更好 实践 意义
0,总台 冷冰冰 冷清清 性价比 不高 价格 偏贵 不如 住嘉利
0,厚不带 原装 鼠标 原装 两样 重要 有效 方便 购买者 否则 还要 另外
1,外观 很漂亮 特别 适合 女孩子 使用 粉色 送给 老婆 喜欢 一部 手机 一部 本本 享受 真值
0,早上 点半到 本来 才能 前台 提前 本来 印象 不错 但进 一看 中央空调 冷气 交涉 中午 点会 想想 算了 下午 玩好 回来 点半 照样 冷气 交涉 改说 机房 检修 晚上 点会 投诉 回音 晚上 电路 跳闸 目前 中央空调 可能 七八点 言辞 反复 没个 准信 令人气愤 三星级 晚上 餐厅 用餐 鸭汤 鸡汤 服务员 理直气壮 你们 鸡汤 拿来 单子 服务员 两字 涂去 山鸡 服务 水准 竟然 星级 所有 服务 最差 景区 交通 十分 不便
0,前几日 山西旅游 大同 通过 电话 这个 非常 不爽 刚刚 三星 标准 偏偏 四星 入住 洗浴 中心 隔音 第二天 结帐 内部 结算 房间内 物品 损坏 上去 一看 查错 真的 知道 下回 推荐 注意 一下 品味 不要 招牌
0,能够 提供 按照 预定 要求 明明 要求 两间 大床 当天 之后 告知 标准间 并且 开始 冷气 北京 高温 知道 这里 到底 桑拿房
1,不错 早餐 还有 预定 的话 礼品 赠送 还有 问候 装潢 不错 还有 马桶 里面 玫瑰 花瓣 呵呵 呵呵
0,钢琴漆 整个 指纹 收集器 想象 中重 右侧 两个 接口 无线 收发器 左边 顺畅 估计 右边 两个 太紧
1,圆明园 最初 样子 还有 记得 还有 人去 寻找 热爱 已成 万园 之园 赞叹 万顷 千亩 只是 恋上 亲王 别院 喜欢 喜欢 圆明园 算不算 爱屋及乌 不错 图片 清晰 文字 可信 看到 几处 庭院 汤样 知道 当年 赫赫的 雷氏 家族 现在 流落 时间 哪个 角落 他们 图纸 汤样 散落 突然 想到 是否 他们 像是 无助 孩子 委屈 寻找 打散 玩具 倔强 怀里
0,系统 似乎 不是 稳定 开机 进入 时会 几秒 黑屏 启动 光驱 时会 发出 吱吱 响声 估计 光驱 少颗 螺丝 原因 中通 送货 速度 太慢 内存 合适
0,意思 认为 覆盖 范围 事实上 两岁 女儿 不能 理解 套书 试图 解释 可是 一个两岁 孩子 听得懂 语言 描述 那些 故事 困难 猜测 为什么 能够 西方 风靡 书评 可能 西方 孩子 生活 环境 东方 一样 教育 背景 一样 他们 知道 农场 什么样 理解 乡村 或者 农家乐 换句话说 文化差异 导致 认知 差异 翻译 不能 只是 语言 一一对应 而是 文化 跨越
1,书里 男女 主角 金善卿 宝义 有意思 有点像 纨绔子弟 闹革命 意思 想象 革命者 大不相同 有意思
0,运转 温度 带到 以上 风扇 有些 声音 接受 整机 温度控制 手托 键盘 几乎 热亮 不好 反光 钢琴 好看 不好 不如 磨砂 质感 大气
0,当人 遇到 这么 无法 改变 痛苦 多少 能够 真正 面对 承受 就算 结束 生命 逃避 需要 非常 勇气 为什么 活着 也许 只能 一生 告诉
0,这个 年代 爱情 说实话 无法 理解 很多 情节 意见 不要 时代 悲哀
1,整体 各种 功能齐全 自带 正版 系统 安装 硬盘 硬盘 移动 保护 一键 恢复 系统 刻录 恢复 光盘 电池 方面 开始 过激 充电 全用 来回 以后 基本 坚持 分钟 满意
0,整个 太小 所有 一起 大概 平米 左右 床单
0,不知 是不是 出于 环保 操作系统 光盘 驱动 光盘 网上 许多 贴子 安装 上去 一天 时间 安装 驱动 全部 去掉 驱动 问号 一会 我会 写出 这些 心得 放在 空间
0,首先 受到 误导 以为 四星级 没想到 四星级 里面 星级 他们 自称 星级 客房 提前 标明 肯定 不会 预定 这个 进去 之后 发现 先是 枕套 发霉 投诉 服务员 不是 发霉 只是 没洗 干净 岂有此理 不过 接着 毛巾 叠起来 里面 一面 居然 大块 黄斑 恶心 第二天 早上 居然 要收
0,可能 那个 时代 真实写照 看不下去 看到 家里 花光 房产 地产 输光 老爹 气死 这里 个人 无法 接受 生活 状态 活着 应该 为了 生活 更好 不是 生活 更差 兴趣 下去
1,非常 不错 不是 处在 市中心 钟楼 鼓楼 不远 出租车 起步价 即可 或者 坐公车 车站 对面 环境 不错 干净 工作人员 服务
0,作为 一本 描写 过去 年代 感情生活 小说 明显 生活 经验不足 并且 文字 功底 极其 一般 看后 浪费时间 值得 推荐 张贤亮 梁晓声 写作 大家 叙述 过去 时光 似乎 更让人 怀念 感慨 此书 明显 不是 档次
0,分区 不合理 不过 算是 各个 厂商 通病 另外 配置 均衡性 来说 显卡 明显 短板 整个 系统 后腿
1,位置 不错 市中心 周围 吃饭 方便 一如既往 干净
1,是从 圆圆 母亲 角度 这个 文章 例子 圆圆 中心 认为 例证 不够 充分 毕竟 每个 孩子 一样 明显 一再强调 教育 原因 不可否认 圆圆的 聪明 乖巧 有目共睹 换个 男孩 肯定 这么 轻松 总的来说 列举 一些 生活 例子 确实 代表性 教育 方向 思路 非常 明确 应该 学习 妈妈 教育 笔记 推荐 家中 迂腐 老人
1,散热 不错 质感 硬件 配置 体现 字能 预装 操作系统 免费 消费者 省钱 回来 装个 方面 一样 好用
0,电视 见到 佩服 口才 思维 有些 失望 书里 做人 做事 道理 中肯 舆论 联系 牵强 只是 论语 之名 抒发 个人 感悟 有些 后悔
0,很小 小区 马路 大约 分钟 淋浴 特别 满意 竟然 不能 延迟 至点 退房 只能 否则 加收 半天 房费 在外 吃饭 中午 要小休 一会 朋友 注意 现在 延迟 退房 遇到 遇到 第一家
0,来看 不太 接受 好看 当年 飞龙 全传
1,设施 不是 收拾 干净 放心 不慎 遗忘 价值 不菲 摄影包 服务员 及时发现 送回 手中 感动 早餐 免费 可口 粉面 齐全
0,内存 改成 隐藏 分区 系统 备份 实在 用不惯 装后 驱动 官方 下载 同一个 硬件 官网 多个 驱动 不要 下错 热键 驱动 应该
0,位于 友谊路 金融街 不到 吃饭 刚刚 装修 气味 我能 忍受 同事 不行 楼下 餐厅 酒吧 日式 料理 科技 大厦 单独 承包 出去 入住 第一个 试营业 宽带 稳定 打电话 报修 居然 正处 试营业 期来 搪塞 没好 不要 客人 强烈 鄙视 一点
0,设施 非常 冬天 推荐 入住
0,开始 感兴趣 后来 没意思 思考 角度 特别 适合
1,实用 里面 列出 一些 用法 基本 实际 编程 工作 得到 常用 很多 一带而过 详细 实际 工作 经常 用到 数据库 查出 数据 数组 加快 程序 速度 还有 一些 控件 属性 列出 详细 一看 实战经验 强烈推荐 初学者
0,想象 原来 以为 一本 风趣 幽默 读本 轻松 外语 以后 发现 只是 一些 普通 单词 拼写 错误 纠正 没意思
0,特价 一股 霉味 门面 漂亮
0,有生以来 入住 恐怖 之一 印尼 雅加达 郊外 媲美 霉味 烟味 扑鼻 窗户 通风 肮脏 地毯 斑斑点点 污迹 令人 触目惊心 厕所 肮脏 长年 累积 污斑 臭味 令人 无法 如厕 楼道 昏暗 昏暗 晚上 务必 几个 同行 还算 优点 服务员 态度 不错 总之 倒贴 我元 不肯 入住
1,整体 还行 屏幕 发现 坏点 目前 发现 不爽 听说 麻烦 设置 好后 电脑店 装机 专用 备份 不到 分钟 装好 设备 驱动 网上 找人要 驱动 备份 装机 方便 很多
0,套书 是因为 高居榜首 左右 决定 买来 之后 心情 激动 认为 这下 女儿 沉醉在 世界 一阵子 没想到 无聊 透顶 故事 讲得 烦透了 个人感觉 好象 只是 为了 所画 胡乱 故事 图倒 细致 这点 没得说
0,知道 个案 得出结论 韩国 居然 逻辑推理 能力 大家 节约 起来 几本 有益 书吧 相信
0,希望 以后 当当 不要 一本 只发 其中 一本 知道 一本 要加 运费 你们 系统 聪明 一点
1,品牌 做工 还行 后加 内存条 不错 一键 还原 了解 大家 拨打 售后
0,安装 系统 确实 不太 习惯 正版 知道 安装 正版 是否 影响 保修 时间
1,经典 机器 同事 方便 结实 性价比
0,两边 第一 一般 不敢苟同 号称 学术 明星 于丹 同志 见解 见识 页数 压缩 何必 浪费 纸张 难道 孔夫子 教育 怎么 环保 到此结束 懒得 浪费 笔墨
1,网购 方便 开始 对于 此种 贵重物品 网上 有些 心存 疑虑 直到 拿到 本本 之后 果然 不错 内存 好用 一关 关掉 不用 呵呵 送货 很快 第一天 下午 第二天 上午 送到 服务
1,孩子 等于 会当 父母 可能 许多 无法 接受 不少 父母 打着 孩子 旗号 许多 阻碍 孩子 心智 发展 甚至 伤害 孩子 知道 反而 孩子 深受教育 庆幸 宝宝 七个 看到 不是 七岁 或者 十七岁 可能 教育 孩子 方面 许多 弯路 非常感谢 尹建莉 老师 希望 写出 更好 希望 众多 年轻 父母 好好 看看 许多 朋友 推荐 此书
0,论语 庄子 前者 一本 准备 仓促
1,不错 有些 日方 撤资 可能 南京 本来 原因 新街口 不远 服务
0,图藤 一齐 可是 只有 狼图 过份 寄来 快递费 不会 气死我了 上次 可是 处理 请来 解释 清楚 否则 以后 不会
0,钢琴 确实 一贯 稳重 不符 容易 指纹 此机 好像 不能 使用 网上 流传 系统 恢复 光盘 镜面 反光 比较严重 不爽
0,只有 个口 左侧 有些 人性 光驱 接口处 很大 缝隙 似乎 做工 不是 细致 满意 上网 打字 从不 玩游戏 电影 足矣
0,硬盘 响声 大能 听到 较大 可可 知道 大家 有没有 机器 发热 键盘 中间 按键 一按下 几个
1,由于 工作 太忙 当购 一直 时间 很多 好书 来得及 阅读 可是 庄秦 这套 龙穴 爱不释手 一口气 连续 庄秦 大师 奇思妙想 发挥 淋漓尽致 具体 细节 广大读者 品味 顺便 这里 感谢 李西 大师 推荐 凡是 鼎立 推荐 好书 感谢 发挥 愚智 机会 谢谢
0,对书中 科学性 有些 怀疑 书中 一些 穴位 不是 容易 找准 个人 认为 实用性
1,环境 价位 不错 以后 居住 这里
0,本来 不错 可是 几页 发现 这么 居然 直接 从页 怎么 看来看去 左右 两页 对不上 知道 这个 解决 一下
1,网页 看到 其中 一段 似的 拼命 搜索 终于 下载 电子版 下午 一半 解渴 应该 床头 一本 于是 收到 一刻 心中 一阵阵 喜悦 舍不得 每天 一点点 很快 然后 继续 订送 朋友 她们 分享 感动 对待 女儿 态度 明显 变化 耐心 好象 回到 身上 诚挚 推荐 这本 经典
1,需要 慢慢 细细地 体味 最好 读完 一章 碰到问题 女主角 一样 设身处地 地去 感受一下 照着 书中 方法 尝试 改变 慢慢 发觉 真的 作用 书中 感受 受益 臣服 之所以 受苦 最大 原因 抗拒 事实 事实 本身 中立 情绪 事实 反应 事实 编造 解释 现在 生活 碰到 负面 情绪 只要 想到 臣服 事实 忧郁 心情 顿时 轻松 起来 值得 大家 一读
0,优点 地理位置 外滩 南京路 走路 分钟 楼层 举架 压抑 卫生间 毛巾 也许 消过 颜色 发黄 办法 我用 自带 毛巾 服务 人员 热情 办理 入住 女孩子 还好 大堂 服务生 问个 回答 基本 不正 眼看 锻炼 脾气 有利于 修身养性
1,地址 不错 位于 民族 大道 由于 自驾车 容易 实在 太小 简陋 一楼 餐厅 方便 吃晚饭 味道 不错
1,无论 头脑 着眼 工程 实施 非常 坚实 分量 说理 数学 成分 多一些 其实 大可不必 推敲 公式 如何 推算 一些 严谨 学者 告诉 过程 怎样 呵呵 何不 信任 他们 不会 数学 幌子 蒙骗 应用 看多 其实 浮躁 第一页 憋着 心让 告诉 到底 怎么 鼓捣 设备 进去 发现 原来 指望 读者 修行在个人 受教 老师
1,地理位置 不错 离去 机场 大大 巴站 周围 吃饭 方便 一家 齐齐 火锅 不错 便宜
1,屏幕 做工 价格公道 用装 林木 系统 重启 引导 光盘 驱动 程序 快捷键
0,不错 再版 印刷 以前 以前 新华书店 买过 一套 后来 送人 听说 当当会 折扣 一套 发现 营销 支持 版本 明显 印刷 质量 不高 图片 清晰度 纸张 不如 书店 那个 版本 知道 为何 价格 打折 质量 打折
1,个人 意见 悲剧 更好 经典 个人 此书 推理性 极强 本人 看过 所有 推理小说 这本 符合 推理 经典 往往 很多 推理小说 推理 部分 不是 很多 重有 注重 剧情 注重 破案 过程 侦查 当然 这本 悲剧 注重 紧张 剧情 经典 推理 确实 经典
1,很小 有点像 招待所 四星
1,烟台 虹口 大酒店 旁边 还有 虹口 宾馆 虹口 商务酒店 虹口 大酒店 三个 当中 最好 入住 虹口 大酒店 海标 还有 两间 面海 商务 干净 风景 不错 直面 大海 美中不足 好像 装修 一袋 竹炭 证明 味道 综合 比较满意
0,大多数 女人 希望 遇到 痴心 男人 不管 怎么 离开 只是 为什么 自私 偏激 时刻 怀疑 女主角 随心所欲 对待 男主角 男主角 这么 只能 理由
0,装修 飞常好 空间 很大 可是 非常 不能 理解 一晚 居然 提供 免费 上网 另外 枕巾 洗得 干净 说实话 下次 考虑
1,安装 方便 以前 一款 华硕 方便 上次 网上 好久
1,总是 系列 系统 稳定性 散热 不错 界面 很漂亮
0,系统 光盘 亮面 外壳 容易 屏幕 亮点 靠边
0,喜欢 明白 为什么 要死 如果说 儿子 理解 女儿 牵强 最后 女婿 外孙 简直 不可 思义 所有 亲人 一个个 离开 难道 活着 意义
1,呵呵 一分钱 一分货 公司 公司 本本 三六九等 这些 本是 新人 配置 差不多 不爱坏
1,配置 外观 不错 除了 蓝牙 其他 预装 没用 几百 系统 费用 金士顿 内存 插上 兼容性 不错
1,一定 坚持 每天 一点 好书 坚持 一个月 记忆 背诵 大有裨益
0,位置 地址 说明 接近 市郊 路边 明确 牌子 打出 失望 外观 过得去 大堂 一般 有点像 旅社 大堂 走廊 装修 陈旧 发布 图片 相去甚远 洗漱 用品 配备 简陋 大概 三星 级别 同等 价位 比起 曾经 天河 购物中心 附近 广州 皇家 国际饭店 无论 装修 服务 甚至 自助 很多 订房 想不起 皇家 国际饭店 具体 名字 才定 这个 饭店 真是 以后 广州 不会 选择 这里 绝不
1,拿到 手后 六岁 女儿 先是 每天晚上 睡前 几篇 后来 实在 喜欢 干脆 阅读 人读 高兴 咯咯 地笑 起来 天天 学园 小学 确实 作为 二战 日本 学园 小林 校长 真正 做到 因材施教 充分调动 孩子 学习 知识 兴趣 他们 学习 苦差事 不会 考试 压力 贫富 贵贱 差异 真是 孩子 天堂
1,收到 包装 完好 封条 完好 性价比 驱动 包含 所有 必备 驱动 方便
0,如此 之多 如家 一家 最差 服务 很差 地段 硬件 设施 简直 招待所 的士 司机 不到 那个 打电话 总台 一直 无人 接听 最后 几次 圈子 小巷子 发现 总台 他们 为什么 接电话 居然 回答 时间 商务 大床 房到 发现 一楼 窗户 外面 到处 停车 办法 睡觉 郁闷 以后 再也不会 补充 点评 年月日 今天 接到 这家 总经理 助理 打来 电话 之前 一些 事情 表示 抱歉 解释 一些 原因 态度 不错 希望 以后 有所改进 更好 服务 所有 客人 特别 客人
0,明白 偌大 为什么 会卖 盗版书 已经 对比 图书大厦 正版 拿到 这本 拉拉 纸质 粗糙 字迹 颜色 明显 正版 路边 书摊 块钱 盗版书 多花 一倍 价钱 买来 暗自 欣喜 认可 网上 购书 优质 便利 真是 失望 之极
0,硬件 设施 非常 比如 包房 被子 早餐 简陋 房里 就餐 早餐 简单 服务员 烟往 餐厅 早餐 大堂 只有 男女 公用 卫生间 里面 还放 两辆 自行车 服务员 不到 订单 等等 所有 这些 客观事实 并非 捏造
1,早教 中心 老师 孩子 这个 系列 书籍 于是 我本 打算 全套 总是 没货 只好 先买 这本 儿子 拿到 欢天喜地 不得了 由于 孩子 爱哭 特意 先给 真不错 每当 儿子 一哭 书里 故事 儿子 儿子 马上 值得 引导 孩子 行为 举止 一百遍 说教 强多 孩子 喜欢 动物 顺便 儿子 一岁 八个 套书 值得 孩子
1,轻薄 小巧 外观 经典 做工 精细 处理器 今天 看来 不过 想必 当初 售价 现在 价格 相当 厚道 金牌 上门服务 系统 这些 贵倍 机型
0,分区 不合理 自带 实用 以上 联想 一下
1,整体 外观 漂亮 散热 性好 处理器 速度 不错 改装 系统 容易 个别 功能 失效 面部 识别 联通
1,完书 已经 深夜 战争 阿富汗人 带来 伤害 描述 震撼 主角 兄弟 仆人 之间 友谊 震撼 深深 感受 主角 心里 愧疚 书中 好多个 残忍 场景 一直 脑中 回旋 突然 生长 中国 特别 改革开放 成才 非常 幸运 高潮 部分 跌宕起伏 惊心动魄 阿富汗 曾经 部分 历史 灾难 有所 了解 打算 一本 三杯
1,整体 不错 色调 温和 松软 舒适 去过 室内 温度 挺高 洗澡水 几秒 热水 出来 有些 强多 早餐 差点 不够 标准 尤其 煎蛋 不再 三天 煎蛋 结帐 较慢 上午 点多 结帐 前台 只有 管理 需要 加强
1,划算 散热 控制 做工 不错 对得起 这个 价格
0,设施 简单 像是 四星 标准 早餐 丰富 不过 前台 接待 结算 速度 态度 不错 后院 停车场 特点 晚上 两台 划伤 恐怖 关键 保安 头目 不想 认帐 气愤
1,性价比 对于 银子 不足 朋友 选择 客服 态度 服务 意识 还有 加强 实在 不敢恭维 还好 不是 天天 他们 打交道
1,遗憾 中译本 略去 原书 第卷 第章 第节 一节 介绍 当时 计算机 那些 机器 现在 已经 不用 了解 一下 何妨 我本 该节 放在 这里 由于 字数 限制 只好 作罢
1,这部 去年 前年 北戴河 出差 期间 一口气 读完 思路 能够 历史 寻找 一些 点来 支撑 观点 主张 论述 详细 客观 大家 提供 了解 清朝 历史 另外 视角 鉴于 原因 一些 暂时 只能 保留 态度 毕竟 清朝 历史 研究者 观点 很多 需要 大家 鉴别 需要 指出 观点 支撑 需要 历史事实 个人 刻意 安排 安排
1,这是 一本 读者 相当 受益 不用 艰深 理论 不用 繁琐 文字 讲解 全彩 印刷 读者 中学 很多 生活 可能 不会 留意到 礼仪 细节 虽说 大家 喜欢 表面 功夫 相处 第一眼 印象 确实 重要 成熟 稳重 礼貌 绝对 在职 场上 社交 上加分 无形 难用 金钱 衡量 学会 礼仪 获得 可能 超过 百万 价值 结论 值得 推荐 大家 学习
0,但愿 今后 系列 精致 一些 制防 滚架面 手感 不太 牢靠 这些 使得 机器 同配 相比 竞争力 有限
0,我本 以为 最好 应该 地毯 干净 安静 肥皂 浴帽 可惜 入住 之后 发现 地毯 脏得 可怕 还有 一股 难闻 味道 里面 知道 机器 吱吱作响 无法 入睡 卫生间 里面 羽毛 竟然 恐怖 最高级 尚且 如此 标间 怎么 还有 早餐 咖啡 齐齐哈尔 天气 一样
0,刚买 发现 后盖 隆起 估计 没盖 螺丝钉 拧上 退换货 太太 麻烦 时间 成问题 找个 螺丝刀 机子 修好 这些 装备 电脑包 屏幕 着实 不少 功夫
1,装修 服务 而言 不逊于
0,反正 这个 方面 来讲 差强人意 早餐 没吃过 一周 床单 被子 被子 颜色 脏东西 地毯 很脏 弥漫着 一股 油烟味 打扫 方面 服务员 甚至 不会 好好 地帮 被子 拉平 位置 皱巴巴 之所以 从元 换到 是因为 本来 人住 两个 除了 单双床 任何 区别 空调 不好 不了 一样 如此 关于 空调 太原 本来 中级 这个 城市 失望 没什么 任何 发展 可言
1,不错 干净 舒服 具有 五星 质数 服务态度 服务员 冷淡 不好 位置 好听 新城区 直白 差不多 郊区 汕头 并不大 市区 繁华 不了 多少 时间 另外 附近 一间 酒楼 名字 快活 海鲜城 不错 装修 上档次 价钱 出品 值得 推荐
0,这个 硬件 服务 首先 任何 员工 客人 应有 尊重 客人 他们 呼来 其次 半小时 以上 强烈 张灵芳 瑞雪 效率 低下 态度 傲慢 第三 清洁 干净 第四 投诉无门 他们 不会 接受 投诉 不会 有人 对不起 第五 主要 面向 团队 喜欢 商务 客人 第六 隔音 极差
1,位置 不错 以后 还会 入住
1,汤姆 海滩 汤姆 二本 成为 女儿 最爱 天天 晚上 妈妈 两边 裤子 出门时 告诉 人家 裤子 两边 哈哈 好书
0,表版 容易 安装版 任何
0,看到 最后 几页 居然 双眼皮 所有 印成 两遍 根本 不能 看书 质量 实在
0,求医 不如 求己 英语单词 沉思 录当 两本 一本 怎么 现在 开始 已经 失望 伤心
1,多次 不错 宽带 速度 很快 服务态度 价钱 合理 主要 在于 周围环境 不好 日本 实在
0,网上 一间 迷你 温馨 双床 打开 四楼 第一间 突入 其来 一股 扑鼻 烟味 迷你 温馨 致电 服务台 要求 换房 五楼 服务员 回来 开门 分钟 没人来 只好 总台 钥匙 第二间 还好 烟味 旧旧 不如 一般 三星 宾馆 晚上 电视 实在 太小 正面 不了 桌子 结帐 居然 他们 抗菌 毛巾 剃须刀 毛巾 撕开 正面 完好 幸好 两位 女性 剃须刀 干吗 折腾 一个多 小时 服务员 大夫 解释 半天 没有碰过 终于 免单 浪费 不少 时间 知道 这家 平时 怎么 管理 交班 除了 总台 态度 不错 以外 再也不会 这么 糟糕 电话 预定 告诉 我离 春熙路 分钟 走路 其实 足足 两站 公交车 分钟 差不多
0,前台 服务 尤其 入住 接待 那位 男性 圆脸 戴眼镜 另外 欢迎 果盘 餐厅 饭菜 水平 较差 价格 服务 看样子 真的 不能
0,郁闷 果然 低端 产品 送来 第一台 换货 第二台 外观 瑕疵
1,环境 服务 不错 除了 价格 其他 没什么 挑剔
1,朋友 推荐 电影 看后 演绎 不够 完美 细腻 一直 电影 读书 理解 读完 预料 故事 超越 常理 感情 感动 爱情 一次 年龄 展现 不可 预料 沉思 生活 总是 一些 眼睁睁 进退两难 事情 为何 还要 如此 执着 爱米 自从 汉娜 邂逅 好像 此生 感动 为汉娜 庆幸 这个 短暂 脆弱 生命 何必 对错 恩恩怨怨 反复 纠缠
1,服務態度 不管 還是後勤 人員均 熱情 以禮 待人 辦事 效率 包括 登記 入住 結賬 客房 服務 設備 維護 工作 尚有 不足 容易 忽視 床頭 燈管 老化 建議 方面 定期 檢修 等到 顧客 反饋 問題 攜程 旅行 網及 漢庭 越辦
0,已经 入住 多次 尼盛 万丽 服务 一次 一次 作为 国际 连锁 品牌 居然 退房 查房 客户 一点 信任
1,基本 设施 一般 服务态度 确实 不错 以下 新装修 成旧 洗澡 单独 整体 浴室 空调 这个 宾馆 好像 属于 海军 南海舰队 地理位置 靠近 省委 火车站 黄兴 步行街 三站 值得 入住
0,钢琴 面盖 容易 指纹 显示屏 下面 连接 塑料 据说 用久 容易 松动
1,完美 金属外壳 完美 键盘 手感 整体 模具 精度 令人 称赞 带有 接口 来说 必须 自带 日立 硬盘 号称 速度 发热 耗电 实际 使用 东芝 盘快 很多
1,机子 配置 还好 特殊 需求 完全 够用 正版 红帽子 系统 常用 换换 口味 不错
0,每个 看法 可能 有所不同 也许 围墙 用心 看者 朋友 介绍 跟风 欢喜 拿到 一读 意思 情侣 夫妻 两个 每家 每家 故事 特点 只要 用心
0,经不住 这么 好评 诱惑 本来 打算 再来 决定 体验 一次 决定 取舍 果然 这次 基本 失望 上次 精致 客房 这次 行政 套房 一分钱 一分货 卫生 一些 床单 多处 黑迹 细节 注意 一下 餐券 怎么 时间 打电话 卫生间 排气扇 噪音 太大 飞机 一样 装修 玻璃 眼花缭乱 卫生间 应该 透明 年月日 点评 曾经 提到 君临天下 后来 一次 失望 浪费 这么 大楼 这个 好名 装修 业余 档次 服务 太差 居然 取暖 措施 告知 客人 害得 空开 一宿 空调 直接 感冒 前台 结账 发现 服务员 感冒 症状 明显 带病 坚持 工作 想想 对面 客户 感受 正赶上 发票 那儿 服务员 五分 多钟 换上 发票 自始至终 一句 表示歉意 的话 补充 点评 年月日 不好意思 点评 君临天下 宏裕分
0,黑色 表面 指纹 明显 屏幕 色温 挺高 偏色 挺大 好像 不能 似乎 只能 屏幕 亮度 不接 交流电 屏幕 暗选 耗电 好像 屏幕 没亮 起来
1,当初 怀着 激动 心情 买下 这本 厚厚的 后来 学完 发现 其实 笨书 想象 完美 不是 详细 有些 还有 错误 也许 在所难免 不过 这个 世界 绝对 完美 事物 存在 一旦 发现 事情 好像 完美 其实 漏洞 此书 为了 自学 现在 收获 挺大 后悔 当初 选择 对于 学习者 来说 真正 乐趣 在于 学习 本身 仅此而已
1,高中 美术 老师 推荐 其实 一个系列 慢慢 收集 已经 出版 很久 适合 那些 社会 看法 或者 人类 行为 人类 发展 感兴趣 开始 吸引 老师 课堂 一句 为什么 两个 感情 人会 越长越 某些 小动作 一样 这个 其实 很多 既定 一些 理所当然 行为 里面 找到 一定 解释
0,不是 完美 屏有个 红点 机身 正面 漆面 一摸 手印 要是 送个 贴模
1,高清 小本 指纹识别 摄像头 识别 提供 安全 保障 键盘 舒服 帝国 流畅
1,漂亮 做工 优秀 一键 恢复 方便 易用 即可 光盘 恢复 系统 硬盘 恢复 系统 即使 恢复 不同 大小 硬盘
1,两遍 其中 病症 举要 帮助 主要 院长 诊病 治病 思路 最大 收获 举例 毕竟 少数几个 病症 明白 诊病 治病 思路 不通 经脉 只用 一针 整条 经脉 全通 手到擒来 知其 要者 一言而终 不知 其要 流散 无穷
1,位置 市中心 广场 边上 出行 非常 方便 条件 不错 下次 应该 还会 入住
0,摄像头 不送 鼠标 另配 发热 可能 独立 显卡 通病 预装 毫无价值 改装 系统 硬盘 模式 改为 否则 蓝屏 屏幕 不是 习惯
0,不带 驱动 网上 很难 找到 鼠标 触摸屏 驱动 不到 正常 使用 只能 系统 麻烦 物流 粗心 送货 货忘 别的 客户 家里 忘记 送无语
0,显示 分辨率 很多 显示 不全 为何 设计 风扇 噪音 相对 较大 硬盘 安装 不如 直接 分好区 别装
0,这个 原来 广州 亮点 昨天 入住 以后 发现 如此 糟糕 几乎 每到 一处 经历 愉快 入住 广州 长隆 定单 专门 强调 一间 游泳池 家庭 人房 并且 信用卡 担保 工作人员 第天 确认 已经 落实 这个 要求 到达 以后 发现 家庭 人房 窗外 无敌 建筑施工 工地 解释 所有 家庭 人房 工地 根本 泳池 家庭 上当受骗 由然而生 当下 要求 换成 豪华 房在 交涉 过程 互相 推卸责任 皮球 一句 道歉 的话 对此 非常 失望 前台 年轻 工作人员 刷卡 预付 之后 竟然 忘记 归还 信用卡 直到 第次 前台 发现 居然 道歉 最终 同意 修改 定单 原来 家庭 人房 改为 豪华 间间 提出 其中 一间 要大床 房时 男员工 拒绝 大床 夫妻 两入 双床 这时候 实在 忍不住 没查 怎么 知道 不能 顾客 角度 与人方便 旁边 另外 员工 小姐 这才查 一下 最后 一间 大床 刚才 突然 奇怪 杨小姐 解释 顾客 大多 香港 他们 早就 他们 留着 愤怒 信用卡 担保 就算 今天 不来 房费 要付 香港 难道 大陆 人金贵 年代 脑筋 强烈 鄙视 小姐 提出 水果 表示歉意 承诺 乐园 回房 之前 行李 家庭 房转 豪华 后来 我带 儿子 时到 前台 补多 身份证 发现 行李 过去 本月 入住 长隆 每房 欢乐 世界 马戏 动物园 门票 任选 拿到 门票 要进 欢乐 世界 工作人员 居然 认识 这票 方面 通知 一小 扣住 烈日 之下 等待 他们 之间 交涉 沟通 只有 摇头 酒店家具 简陋 陈旧 服务 人员 服务 意识 每有 脸上 露出 真诚 待客 笑容 询问 自助餐 价格 西餐厅 门口 小姐 顾着 聊天 玻璃门 信息 下午 室外 游泳池 游泳 算是 一点 享受 除了 另外 外宾 别人 游泳衣 遗漏 更衣室 第天 退房 之后 发现 之间 打电话 询问 是否 不见 游泳 登记 房号 他们 查到 金牌 贵宾 入住 几乎 相比之下 这间 真是 失望 坚决 不会 告诉 大家 感受 之前 心理准备
0,半个 收到 同一 单中 一样 国庆 收到
0,不错 收到 一套 第六 本有 两本 第五 当当 换货 来回 好些 日子 后来 礼品券 作为 补偿 现在 过去 几天 见到 当当 答复 没收 礼品券 还有 朋友 小孩 一份 作为 新年礼物 今天 发出 投诉 回复 当真 垃圾 有理
0,第一次 贵阳 通过 两晚 三星 走进 发现 设施 太旧 卫生条件 不如人意 地毯 太脏 还有 墙壁 已经 发黄 本想 退掉 后来 上街 发现 整个 贵阳 城市 建设 不怎么样 两晚
1,钢琴 外壳 透着 水纹 肌理 不错 配置 不错 合理 搭配 物有所值 系统
0,好像 适合 北方 语言 习惯 词字 搭配 别扭 读得 累读 之前 希望 失望 越大 总之 喜欢
0,位置 太偏 附近 商业 网点 方便 墙壁 厕所 干净 早餐 早上 点前 提供 因要 早班车 需点 离店 只能 他们 付费 餐厅 早餐 奇怪 同样 厨房 付费 附送 早餐
0,还有 下乡 补贴 产品 怎么 那个 补贴 一下 找到 奇怪
1,物超所值 此次 三个 感慨 中西部 服务 有时 发达 地区 好多 宾馆 反馈 年月日 感谢您 入住 期待 再次 光临
0,一套 送给 男朋友 妹妹 妹妹 拿到 开心 立刻 开始 播放 时不时 总是 卡碟 并且 断断续续 好像 剪辑 并且 不好 衔接 不上 送给 妹妹 真是 没面子
0,太小 宾馆 有租 四轮 自行车 不动 后来 服务员 他们 东方 绿舟 淘汰 酒巴 装修 蚊子 太多象 轰炸机
0,入住 下午 点前 到达 友人 共四人 预定 两间 大床 到达 前台 共有 服务员 之前 一位 服务员 一家 三口 办理 其余 三位 服务员 呆立 旁边 她们 能否 办理 等待 办事 方式 非常 不爽 终于 办完 服务员 房卡 交给 门童 门童 无视 地上 大包 往里 当场 滴汗 门童 唤回 心不甘 情不愿 两个 楼三楼 到底 两间 此楼 非常 安静 安静 毛骨悚然 周边 废弃 工厂 房门 绿色 木板门 到底 那间 房门 感应 直接 钥匙 很大 空旷 电视 模糊 卫生间 很小 淋浴房 设施 简陋 前台 服务员 标榜 四星 相去甚远 总之 这个 第一印象 非常 不好 舒服 接下来 发生 更让人 崩溃 打开 水龙头 出来 很脏 两间房 如此 致电 前台 前台 致电 客房部 于是 致电 客房部 上午 冲洗 水箱 水龙头 十分钟 不要 一会 于是 足足 二十分钟 依然 不见 好转 再次 致电 客房部 询问 怎么回事 客房部 水龙头 关掉 现在 客人 龙头 开着 一直 流动 沉淀物 沉淀 下来 两个 小时 于是 就关 水龙头 出门 鼓浪屿 出门 晚上 点多 打开 龙头 依然 黄色 致电 前台 前台 她们 前台 那边 黄色 知道 致电 客房部 致电 客房部 客房部 工程队 抢修 水管 才能 修好 对方 直接 挂断 电话 本来 已经 非常 不爽 不能 洗手 不能 烧水 前台 客房部 接电话 态度 十分 不耐烦 现在 电话 顿时 火大 电话 客房部 质问 为什么 电话 对方 竟然 百般 抵赖 到底 修好 用水 现在 工程部 稍后 回音 于是 开始 漫长 等待 一刻钟 依然 回复 此时 感到 非常 失望 他们 服务 感到 非常 不满 致电 大致 经过 述说 一遍 希望 致电 进行 调和 谁知 接线 小姐 竟然 应该 进行 联系 明白 接线 小姐 听清 的话 只是 照本宣科 已经 清楚 交涉 许多次 对方 始终 部门 推卸责任 整整 一天 修好 水管 最后 接线 小姐 阐明 鼓浪 别墅 以及 客户 三者 利害关系 以及 责任 关系 那位 小姐 终于 明白事理 致电 他们 联系 答复 几分钟 致电 取得联系 稍后 联系 十分钟 等待 任何人 联系 于是 再次 致电 当然 一位 接线 小姐 当然 少不了 利害关系 责任 关系 教育 小姐 致电 他们 联系 答复 几分钟 再次 致电 等待 联系 数分钟 前台 电话 水管 抢修 马上 修好 大概 还要 多久 马上 出去 吃饭 回来 后能 修好 对方 肯定 修好 万一 不好 对方 万一 可能 万一 修好 怎么办 对方 终于 万一 修好 你们 换房 记住 的话 然后 出门 吃饭 吃饭 正巧 遇上 游客 他们 水能 不能 他们 说水 他们 几号楼 他们 小时 回到 打开 龙头 冷水 已经 恢复正常 热水 依然 黄水 并且 时不时 出现 断水 现象 致电 前台 找到 那位 前面 通话 小姐 要求 换房 那个 小姐 人家 为什么 你们 黄水 好像 欺骗 一样 过来 然后 一下 你们 号楼 言下之意 号楼 不好 上午 开始 不好 明知 水质 安排 入住 真是 过分 一会 来说 号楼 有个 两室 一厅 套房 什么样 大床 单人床 四个 怎么 查查 一会 来说 一号 楼有 海景 标房 二号楼 还有 一室 一厅 套房 明明 然后 前台 前台 开始 质疑 水质 没事找事 拜托 已经 第二天 还要 飞机 不想 睡觉 真是 过分 这个 服务质量 检验 不肯 终于 最后 两间房 正常 设施 依然 不能 四星 衡量 上海 二星 估计 最后 总结 鼓浪 别墅 非常 设施 陈旧 环境 阴森 服务态度 极其 恶劣 办事效率 极其 非常 崩溃 补充 点评 年月日 忘记 两间 大床 号称 豪华
1,很久 听说 这书 没想到 不经意 阅读 带给 淡淡的 忧伤 惆怅 知道 童话 平淡 语言 平淡 情节 打动 一颗 久经 尘世 希望 将来 日子 小王子 一样 怀着 玫瑰 珍惜 生活 希望 离开 世界 一天 小王子 一样 平静 希望 我能 离开 世界 那天 这本 小王子 留给 爱人 知道 来说 宇宙 独一无二
0,太差脏 不好 以后 决不
0,怎么 一直 信任 你们 这次 送过来 你们 不会 不好意思
0,发热量 作图 硬盘 来说 足够 可能 影音 要求 朋友 来说 配件 起来 抠门
0,读过 一般 一般 需要 多人 批评 于丹 水平 哲学 仁者见仁 智者见智 学问 每个 看法 批评 正常 成名 太快 国人 一种 气人 劣习 批评 正常 古来 知识分子 讲究 安贫乐道 宠辱不惊 淡泊 名志 宁静致远 利用 圣贤 学说 布道 售书 谋利益 可能 符合 学问 价值观 批评 正常 不过 我能 理解
0,联想 原装 软件 喜欢 自带 介绍 很少 原始 分区 随意 格成 个区 方便
1,交通 便利 到津滨 高速 入口 分钟 车程 对面 不错 饭店 距离 超市 不远 房间内 设施 一般 卫生间 装修 粗糙 浴盆 地漏
0,距离 首都 空港 很近 交通 方便 航班 到达 时间 预约 告知 免费 接送 告知 超过 需交元 接送 无论 是否 收费 价格 高低 事先 预约 客户 声明 正理 距离 空港 太近 几乎 愿意 接客 吹风机 前台 联系 借用 电话 故障 作为 饭店 业务 一环 每天 检查 客室 设备 应是 最起码 工作
1,很大 程度 台湾人 这里 更加 讲究 伦理 一些 公司 中人治 现象 非常明显 对于 人性 必须 理解 并且 遵循 轨迹 前进 无论 对于 哪个 年龄段 套书 值得 阅读 研究 体会 一二 便是 获益 不浅 刘庸庸 经历 体会 讲述 怎么 工作 社会 怎么 工作 一点 至少 使人能 不少 相对 一些 骗钱 心灵 故事 喜欢 这些 辛辣 处事 系列
0,一名 资深 网络 潜水员 喜欢 论坛 护肤 理财 等等 网上 经常 看到 一猫 菩提 精彩文章 深深地 感染 成为 一名 不折不扣 迷岁 小美女 养颜经 展示 与众不同 护肤 养生 调养 新世界 教会 名贵 繁杂 护肤品 解脱 出来 一些 日常 生活用品 护肤 通过 一些 日常 小动作 健身 调理 身体 以内 养外 教给 如何 轻松自如 度过 女人 一生 宝贵 经历 怀孕 生子 总而言之 女人 朋友
0,别人 打算 买齐 儿子 生日礼物 儿子 好像 不买账 成人 角度看 整个 故事 人物 情节 乏味 儿子 反应 一样
1,很多 单词 开始 口号 生命不息 六级 不止 不仅 分数 单词 如影随形 星火 王长喜 其实 还好 毕竟 任何 学习 在于 参考书 只是 参考 红宝书 好记 这个 确定 里面 插图 可爱 其实 长喜 单词 知识点 非常 难免 枯燥 切身体会 新东方 貌似 效率 一点 个人 意见
1,华硕 没得说 散热 声音 钢琴 外壳 透着 水纹 肌理 不错 配置 均匀 性价比 相当 配置 均衡 尤其 显卡 很大 吸引力 基本上 需要 太大 升级 个人 认为 内存 足够 并且 这款 独立 显卡 不会 占用 系统 内存 显存
0,环境 不好 阴暗 潮湿 一点 不像 星级 宾馆 失望 不过 服务
0,很差 设施 服务 还有 自助 早餐 非常 品种 本人 服务员 怎么 荤菜 肉菜 答复 鸡蛋 不是 荤菜
1,到手 完美 不过 可视 清晰 角度 不知 是不是 屏幕 通病 拿到 手后 按照 说明书 三放三充 充三放 打开 放电 开着 无线 放歌 估计 小时 左右 真的 超出 预期 重量 想象 中轻些 中等水平 多余 乱七八糟 特别 音量 调节 钮是 按键 不是 触摸式 触摸式 完全 实用
0,提前 两天 预定 三人间 早上 八点 多到 登记 告知 三人间 行礼 寄存 转转 前台 中午 回答 模凌 两可到 时来 再说 这趟 主要 小孩 出来 考虑 宾馆 地处 闹市 王府井书店 周围 宾馆 一家 三人间 放假 三天 时间 计较 洗漱 没法 直接 出去玩 下午 三点 多来 满以为 应该 大人 小孩 好好 歇歇 哪知 告知 三人间 标间 标间 标间 要求 加床 小孩 只岁 厘米 多公斤 成人 一样 回答 无床 可加 爱人 理论 竟然 只能 办法 态度 蛮横 打电话 说明 情况 接电话 改变 要求 附近 联系 一家 宾馆 后来 前台 打电话 经理 五十多岁 态度 还好 一定 解决 经过 二十分钟 总算 一张 太小 加床 多少 空间 勉强 其他 方面 确实 不敢恭维 整个 宾馆 好像 原来 单位 机关 之类 改造 完全 招待所 破烂 巷子 商务 客人 避免 入住 有失身份 早餐 差刚 装修 走廊 还有 味道 爱人 小孩 装修 气味 敏感 一夜 窗户 第二天 出于 爱人 孩子 歉意 通过 换到 离此 不到 北方 佳苑 四星 标间 简直 天上 地下 坚定 以后 再带 家人 出来 千万 不能 星级 一定 三星 以上 宁愿 加床 一挤
0,宾馆 号称 三星 实际上 这个 硬件 服务 水准 目前 根本 不能 上星 走进 大厅 一股 甘水味 高度 白酒 酒精 弥漫 空中 令人窒息 要求 接待 小姐 满脸 高兴 上五楼 看到 落后 设施 破烂 发霉 墙壁 摆设 整齐 唯一 表示满意 床单 清洁度 有股 刺鼻 洗涤剂 味道 问有 空调 否答 小时 这个 宾馆 市府 招待 客人 应该 不差 想到 一连串 麻烦 开始 首先 不能 上网 回答 块钱 小时 一会 路由器 过来 恐怖 不要 要求 十瓶 矿泉水 七瓶 服务员 只有 这么 要求 签字 确认 服务员 二瓶 一起 不要 查房 不然 搞错 服务员 一样 三元 一瓶 签字 离店 结算 果然 二瓶 解释 多收 二瓶 水钱 这点 管理 太乱 服务员 个个 奶奶 不能 得罪 一点 服务 意识 够呛 空调 很弱 下半夜 几乎 不到 空调 运行 冻醒 个人 全部 感冒 回到 家里 挂水有 医院 证明 算了 反正 只是 提醒 朋友 千万别 入住 希望 你们 挂靠 有个 评估 手段 现在 钻石 会员 第一次 遇到 差劲 这个 夜晚 寒冷 染上 风寒 医院 刚刚 点滴 写点 睡觉 希望 不会 第二次
0,风靡 至少 图画书 故事 似乎 勾起 闺女 任何 兴趣 吸引力 希望 孩子 一点 感兴趣
1,行政 豪华 偏贵 面积 服务 清扫 人员 不太 注意 礼貌 有时候 敲门 马上 擅自 进来 位置 不错
1,方面 不错 性价比 有些 房间内 设施 打电话 送来 例如 电吹风 地图 好像 档次 一些 只是 刚好 半堵 挡住 风景 同事 湖面 很漂亮 健身 正在 装修 没能 游泳 运动 遗憾 大堂 高档 内饰 朴素 早餐 区位 还行 漂亮 距离
0,上当受骗 拿到 手才 知道 不是 胡兰成 原著 可恶 为了 破坏 决定 不看 准备 哪天 找个 家伙 重新 两本 怎么 不要 破坏 果然 文采斐然 不忍 放手 不过 为什么 总是 木有 山河 岁月 缺货 缺货 无可奈何
0,标配 硬盘 收到 本区 系统盘 起来 总共 解释一下 这是 为什么
0,所谓 升职 过程 掺杂 勾心斗角 喜欢 风格 纯属 个人观点
1,非常 不错 服务 位于 市中心区 交通 方便 不过 价格
0,一般 原来 如家 要略 差些 另外 一楼 手机 信号 知道 其它 楼层 怎么样 熟悉 成都 来说 对会 不过 后来 得知 成都 许多 产权 公寓
0,内存 要是 硬盘分区 不合理 系统盘 然后 分区 意思 重新 分区 售后
1,不得不 佩服 勇气 能力 介绍 人家 貌似 这个 行业 记者 几十年 然后 深感 里面 充斥 肮脏 最后 出于 记者 职业 良知 下定决心 公之于众 要是 中国 估计 早就 不用 圈内 打破 潜规则 付出代价 哪里 一样 明白 如此 敏感 美国 商业界 政府 机构 居然 没人 出来 一下 任其 持续 畅销 数十年 之久 奇迹
0,适合 硬盘 内存 拆卸 不便 相比 系列 升级 内存 可能 费点 电源适配器 竟然 滋滋 电流 几个 小时候 之后 消失 输出 质量 系列
0,地点 交通不便 可恶 变相 恶意 宰客 建议 连云港 千万 不要 入住 该处 否则 后果 严重
1,金华 最好 宾馆 不是 性价比 最高 金华 星级 不是 最好 价格
1,很多 园艺 很多 园艺 书籍 很多 拿到 手后 开始 后悔 翻看 颇为 惊喜 主要 花园 设计 花园 如何 设计 平面 如何 布置 植物 该种 哪几种 哪里 栏栅 怎么弄 花盆 哪种 放在 哪个 位置 适合 平方米 以上 露天 花园 来看 对于 园艺 新手 来讲 真是 圣经 准备 抽空 照书 一把
0,老板 介绍 以为 里面 一些 适合 孩子 朗读 一些 故事 短诗 没想到 纯理论 教育工作者 当然 知道 孩子 启蒙 前为 朗读 很大 好处 几页
1,先是 网上 电子版 后来 爱不释手 几乎 一口气 当当 收藏 通过 这个 了解 哥哥 年代 生活 很多 读书 中专 技校 不再 厂里 参加 工作 生活 电子产品 可是 乐在其中 文笔 幽默 几次 忍不住 捧腹大笑 很多 值得 深思 真的 一部 不错 作品
0,性价比 就算 地点 很多 出租车 不太 认识 单行 交通 不是 方便 考虑 价格 因素 这家 带个 窗户 走廊 窗帘 隔音 不好 私密性 不是
1,此次 入住 本人 预先 已经 特意 订单 注明 务必 通知 房间内 本人 准备 行李架 办理 入住 手续 发现 准备 所幸 前台 名叫 美丽 经理 及时 妥善处理 本人 比较满意 注意 本人 不是 表示感谢
1,那个 作家 张爱玲 一样 穿越 这么 多年 时光 任然 无数 读者 讨论 关注 生平 点点滴滴 还有 写文章 有意无意 模仿 个人 小事 完美 人世 粉饰 情感 正是 这个 原因 跨越 时间 读者 产生共鸣 这个 世界 的确 所有 感情 不是 希望 标榜 那样 美好 张爱玲 说出 一些 不愿 承认
1,形式多样 连线 拼图 涂色 深浅 适中 题特 简单 对于 四岁 孩子 来讲 不用 有些 难度 琢磨 会儿 安排 非常 好过 孩子 根本 不爱 一会儿 简单 孩子 晚上 回家 一会儿 一本 没什么 意义 简单 穿插 几道 难题 不错 当然 对于 其他 孩子 来讲 不见 也许 某些 方面 欠缺 同时 说明 套书 全面
1,网络 速度 超慢 经常 掉线 前台 服务 不太 专业
1,刚看 一本 如何 孩子 这个 这个 适合 中国 宝宝 现在 很多 家长 努力 孩子 过早 学习 各种 知识 外语 论语 作文 三字经 等等 受益匪浅 儿子 现在 开始 非常 喜欢 看书 故事 之后 希望 能以 更好 方式 引导 培养 这方面 爱好 不是 过早 各种 学习 占据 他本 应该 幸福快乐 童年 很多 方面 借鉴 意义
0,看当 推荐 不过 实在 单词 常用 漫画 逻辑 不好 可能 韩国 思维 不能 理解 不过 建议 别看 厉害 实际 不太好
0,运行 速度 免费 杀毒软件 只能 用天 两张 鸡肋 光驱 如用 外置 光驱 合成 驱动 麻烦
1,临近 地铁 附近 还有 一家 超市 大家乐 快餐店 方便 紧贴 殡仪馆 没什么 特别 不妥 不大有 水果 安静 舒适 洗手间 不大 坐便器 位置 贴墙 不大自 梳子 客服 服务员 热情 耐心 指路 告诉 如何 搭车 来讲 不错
1,阅读 过程 时不时 掩卷 思考 反思 试着 照书 方法 找到 久已 丢失 我试 感受 喜悦 和平 不是 容易 发现 最近 困扰 一些 负面 情绪 正在 慢慢 流失 所言 情绪 一种 能量 会来 真是 一次 奇妙 阅读 经历 重要 一次 久已 缺失 心灵 洗礼 不要 错过
0,宽屏 习惯 不过 这个 不是 以前 记得 鼠标 现在
0,驱动 难装累 半死 华硕 返修率 貌似 希望 幸运者 碰到
0,质量 不错 印刷 精美 可读性 较强 基本 错别字 检察院 写成 检查 故事 过于 理想化 特别 公司 王伟 冲突 某些 情节 符合 逻辑
1,第一次 兰州 市区 过夜 通过 电话 携程网 预定 友谊 宾馆 这是 一家 市委 招待 宾馆 建筑 应该 历史 入住 嘉宾 标准间 设施 干净 整洁 主要 缺点 电视 老旧 电视台 信号 不好 对于 基本 看电视 不算 很大 床单 素白 以及 卫生间 洁净 不错 宾馆 大门 附近 繁华 商业街 尤其 菜根 香和金鼎 牛肉面 非常 不错 往西 不远处 敦煌 路口 东南 大厦 三层 不错 网吧 宾馆 对面 博物馆 周边 环境 总之 繁华 便捷
0,小事 看不像 四星级 车到 门口 门童 看不见 自顾自 聊天 说话 一下 早餐 品种 很少 设施 不如 三星 黟县 算是 最好 的话 只能
0,太差 运气 不到 大洋 虽说 数码产品 价格 幅度 变化 本人 郁闷 希望 加点 积分 补偿
0,看当 推荐 不过 实在 单词 常用 漫画 逻辑 不好 可能 韩国 思维 不能 理解 不过 建议 别看 厉害 实际 不太好
1,不错 大床 房床 方面 设施 不错 卫生间 浴缸 淋浴 两个 独立 空间 服务 周到 入住 第二天 晚上 专门 打电话 意见 建议 出门 栈桥 五四 广场 打车 大概 二十块 来说 真不错 下次 青岛 的话 还会选 这家
1,准新 妈妈 推荐 你们 看看 每个 妈妈 有奶 哪个 妈妈 别人 或者 尽力 下奶 一头 奶牛 非常 坚信 这句 支持 母乳 母乳 宝宝 最好 食物 宝宝 非常 需要 妈妈 母乳 妈妈 乳房 宝宝 最好 安抚 品有 母乳 妈妈 育儿 手记 一直 支持 现在 非常 非常 愉悦
0,非常容易 一共 几页 庄子 原文 排版 稀疏 轻松 搞定 借着 庄子 名声 做文章 确实 浅显 庄子 很多 故事 寓言 原创性 难能可贵 但于 没什么 新意 听过 讲座 也许 加上 体态语 生动 反正 光看 文字 可有 作品
1,优点 不错 本本 屏幕 小点 不足 不错 本本 屏幕 小点
0,不是 系统 驱动 设计 不合理 硬盘分区 不好
1,迄今为止 所阅 蝴蝶 类书籍 收录 最为 全面 书籍 很多 稀少 蝴蝶 查阅 一本 相当 工具书 此书 喜爱 蝴蝶 人士 提供 参考 非常 喜欢 拿到 那天 看到 通宵 美中不足 收集 部分 蝴蝶 标本 这里 不能 识别 科目 当然 苛求 出现 些微 印刷 瑕疵 这是 作为 珍藏 书籍 遗憾 希望 商家 也好 即使 承担 印刷 过失 印刷 质量 把关
1,端午节 套书 儿子 喜欢 汽车 轱辘 轱辘 转先 送给 爱不释手 每天 碰到 实在 有事 不能 儿子 认识 一些 读得慢 愿意 铅笔 南瓜 无尽 想象 搞笑 情节 看得 哈哈大笑 昨天 剩下 几本 忙忙碌碌 就要 期待 套书 一本 儿子 带来 无尽 快乐 无尽 想象
1,开始 以为 一部 婆媳关系 家长里短 小说 实在 怎么 越往后 转弯 越发 言情 琼瑶 以后 说不出 好气 好笑 翡翡 受气 小媳妇 成长 坚强 女人 继而 心中 白马王子 无情 抛弃 好容易 有个 支撑 活下去 女儿 车祸 死于非命 越往后 看觉 真实 不过 看到 翡翡 姨夫 一家 婆婆 过瘾
0,汇东 大酒店 商务 单间 普通 单间 基本 区别 大小 配套 主要 区别 楼层 商务 一般 安排 上面 几层 建议 大家 选择 普通 入住 灯光 特别 压抑 装修 应该 四星 最差 办法
0,不好 其实 国际 青年 旅社 环境 一般 设施 简陋 地铁站 多分钟
1,三天 服务 晚上 自助餐 不错
0,这家 服务 不好 预订 一天 第二天 之前 退房 我点 出去 吃饭 回来 可是 进不了 明明 还有 半小时 时间 锁门 真让人 恼火 前台 解释 房卡 手机 一起 消磁 明明 手机 裤子 口袋 房卡 上衣 前台 理由 开脱 真的 过分 一间 豪华 大床 第二天 早上 很早 对面 开始 装修 干嘛 乱哄哄 休息 不好 既然 知道 第二天 装修 为什么 前一天 安排 这么 莫名其妙 三星级 可是 档次 卫生间 简陋 毛巾 浴巾 陈旧 马桶 基本上 很难 下水 睡衣 很脏 不敢 免费 刮胡刀 电视机 开始 打不开 服务员 半天 经常 出差 宾馆 很多 第一次 碰到 档次 以后 呼市 不会 考虑 一家
0,咋样 一起 明朝 那些 事儿 相比 只能 放在 书橱 摆设
0,书中 理论 理论 本来 以为 书中会 编排 一些 适合 朗读 只是 罗列 很多 怎么 大失所望
0,酒店设施 非常 一般 三星 不如 甚至 一些 新开 星级 商务酒店 不如 很小 服务 一般 价格 非常 不值 性价比 以后 不会 入住
0,本子 红色 想象 好看 耀眼 软件 装有 麻烦 呵呵 另外 试机 一会 功夫 似乎 散热 不太好
1,速度 不错 测试 魔兽 单机 一点 不卡 功能齐全 以下 应该 性价比 相当 两个 小时 系统 开始 有人 留言 难装 不要 说来 误解 别人 开始 看中 排除 缺货 性能 不错 价格 几百 最后 这款
1,位置 一点 其实 好找 地铁 铜锣湾 换乘 跑马地 电车 总站 下约 分钟 位于 总站 医院 旁注 香港 电车 国内 一样 号数 车头 标志 总站 地名 出租车 铜锣湾 过去 分钟 设施 室内环境 不错 床位 小得 可怜 标间 单床 真的 只能 一点 不下 服务
1,这是 一本 令人 着迷 一本 可爱 百科全书 看到 书中 介绍 不禁 情动 优秀 男人 应该 学博 记能 触类旁通 从小 性子 充满 野性 对于 那种 粗糙 生活 有着 难以 言喻 情结 一切 恰恰 书里 找到 很大 可能 爸爸 角色 哈哈 当然 小儿子 而言 希望 宝贝 早些 长大 快快 妈妈 一起 探险
1,商务 标间 洗手间 很小 隔音 效果 不太好 说来 干净 整洁 交通 方便 静安寺 很近
1,地点 方便 火车站 附近 走路 分钟 第一次 竟然 司机 起步价 唯一 不足 火车站 太近 火车 声音 麻烦 徐州 自古 交通要道 呵呵 可能 下次 还要 入住
0,一楼 太小 窗户 一堵 以后 不会
0,翻译 语言 一般 起来 朗朗上口 事实 不是 如此 太多 科学 道理 值得
1,前面 服务态度 非常 前台 接待 很棒 用品 设施 不能 郁闷 味道 空调 还好 地理位置 地铁 很近 商场 很近 逛街 方便 早餐 讨厌 呵呵 看到 有人 婚宴
1,非常 不错 非常 不错 非常 不错 非常 不错 非常 不错 非常 不错 非常 不错 非常 不错 非常 不错 非常 不错
1,家用 非常 面子 做工 非常 不错 牌子 质量 保持一致 非常 满意
0,来说 不错 干净 性价比 只是 晚上 太晚 回去 大门 起来 开门 不太 方便 还有 空调 不是 中央空调 冬天 冷开 空调 噪音 太大 洗澡 隔断 洗澡 满地
0,总台 服务 实在 不怎么样 空调 很吵床 居然 一边 一边 这个 房价 实在 值得 下次 不会 选择
1,这个 宾馆 不错 无论 价格 出行 购物 订机票 国航 右边 方便 只是 知道 免费 上网 补充 点评 年月日 机场 方便 机场 大巴 下面 半个 小时 一趟
1,目前 以下 很少 有货 这个 相对来说 配置 全带 摄像头 整体 做工 尚可 装版 系统 容易 搞定
1,价格便宜 性能 不错 配置 另外 箱子 内胆 包包 质量 不错
0,一年 看到 最差 我用 不到 小时 实在 愿意 浪费 时间 遗憾 收获 任何 书生 唯一 提到 一点 有用 告诉 有钱人 西方 富翁 学习 懂得 回报 社会 公平 所有 答案 一万 解决办法 陷入 中国 传统 文化 结症 循环论证 公平 解决问题 办法 深入 讨论 如何 构建 公平 保证 社会学 关注 话题 管理学 讨论 话题 不是 公平 二字 解释 如果说 本人 应该 非常 厉害 了解 多年 经历 知道 了不起 真的 一般 炒作 嫌疑 非常 当当 几百条 其中 相当 另外 定价 偏高 这么 块钱 不是 贵是 很贵 建议 不要
1,配置 主流 接口 齐全 附件 蓝牙 摄像头 麦克风 一般 游戏 不成问题 功能键 不能 装个 软件 解决 三星 网上
0,一般 除了 便宜 浴缸 设计 洗澡 溅出 水会 顺着 浴缸 靠墙 那边 平面 一直 外面 地上 洗完 之后 浴室 已经 水漫金山 我费 老大 研究 出来 原来 里面 那个 平面 倾斜 顺流而下 一直 外面 还有 饭店 大堂 隔壁 公寓 或者说 商务区 公用 小小的 区域 被称作 大堂 燕山 不少 回去 石家庄 不去 这家 方便 边上 北国 超市 北国 商场 还有 麦当劳
0,书中 总结 起来 女生 学会 圆滑 处世 懂得 着想 才能 创造 成功 人生 也许 正是 要求 圆滑 处世 不到 喜欢
1,很多 失去 时才 知道 当初 懵懵懂懂 多么 可恨 可耻 可是 已经 失去 不得不 眼睁睁 看着 心爱 远远地 看着 任何 办法 多少 无奈 这个 人生 多少 做梦 回到 从前 选择 机会 只是 只是 梦醒 之后 电话 不知 确切 知道 无话可说 只有 保持沉默 甚至 越来越 无法 透视 壳里 以为 无法 捉摸 纵酒 高歌
0,电池 不算 强劲 小时 极限 屏幕 想象 好看 电影 处理 图片 的话 色差 知道 一下 不会 有用 看来 不能 保证 图像 显示 还原 程度
1,白色 本本 小巧 漂亮 续航 时间 外面 一天 不用 担心 电源 当初 这款 本本 主要 看中 一点 运行 速度 不错 足够 应付 一般 办公 需求
0,系统 拿到 手里 打开 机器 只能 随便 一下 系统 系统 价钱 开箱 竟然 纸箱 另外 箱子 箱子 真多 不过 鼠标 包包
1,几天 发现 内存 速度 很快 开发 不错 商务 皮实
1,收到 认真 大略 迫不及待 两句 书本 质量 不错 撷取 图片 精美 代表性 文字 介绍 涉及 一目了然 能够 身临其境 值得一提的是 文字 生动 优美 起来 娓娓 流动 似有 山泉 叮咚 悦耳 之声 容易 孩子 接受 喜爱 图中 附小 知识 虽所 涉及 知识性 不是 详细 足以 孩子 受益 当然 原本 缺乏 这方面 知识 一并 孩子
0,豪华 单人房 双人房 设施 甚至 茶几 圈椅 可是 价格比 双人房 好多 真的 不可思议 双人房 常客 也许 不靠 外出 悄悄地 搬进 两张 圈椅 原来 靠背椅 可是 由于 空间 太小 椅子 实际上 无法 坐人 只能 前台 服务 身份证 忘带 告诉 常客 一下 资料 就让 入住
1,喜欢 小菲 这个 角色 横冲直撞 地爱 欧阳 一辈子 纵然 这个 男人 总是 负于 之后 当做 心里 欧阳 酷酷 男人 有些 牙痒痒 真是 女人 心中 迷恋 小鸟 任性 到处 总是 找寻 梦中 文章 几个 主要 人物 描写 生动 仿佛 他们 眼前 喜乐 悲伤 微笑 偶尔 有些 心痛 心中 有些 不舍 已经 中人融 一起
0,键盘 好看 打字 别扭 方向键 太小 目前 培养 出手 感来
1,散热 不错 玩游戏 温度 硬盘 温度 以下 速度 显卡 不错
1,她们 一群 神秘 美丽 女人 上古 嫘祖 末代 吸引 无数 翻开 历史 她们 似乎 男人 陪衬 可是 细细 研读 发现 她们 不可或缺 人物 朝代 美丽 花朵 一位 皇帝 明珠 她们 丈夫 情投意合 男人 打下 一片 天下 共享 荣华 皇帝 创造 盛世 颠沛流离 失意 同甘共苦 一切 不仅仅 故事 更是 历史 神秘 华美 历史
1,温馨 一本 小说 已经 看过 电子书 一本 收藏 希望 以后 日子 看到 曾经 感动 其实 小说 简单 一对 破镜重圆 恋人 曾经 相爱 炽热 分离 分开 只是 两个 身体 他们 始终 彼此 相依 不想 错过 总是 原因 促使 错过 珍惜 已经 拥有 大熊 和小静 错过 完满 一起 错过 勇气 重拾 曾经
0,质量 收到 本本 今天 早上 第二次 放电 不了 机了 电源线 适配器 灯亮 提示 灯不亮 直接 华硕 维修点
1,拿到 查看 正品 有人 接下 看到 下面 有括 其它 什打器 一下 配置 描述 最心 次次 真好 完美 屏是 最高
0,碰巧 专业 健康 保健 非常 接近 对于 这本 热销 图书 投入 关注 包括 这本 在内 数本 同类 热点 图书 认真 看过 之后 大家 身体 出现 状况 医院 进行 临床 诊疗 过程 艰难 花费 不菲 可靠 至少 可靠 评分 应该 低于
1,同名 电影 影响 在读 眼前 总是 浮现 爱德华 诺顿 纳奥米 沃茨 身影 此时 尚未 读完 刚读 瓦尔特 死去 心中 感到 惋惜 无奈 毛姆 小说 总是 感动 感伤 读后 常常 陷入 沉思 许久 不能自拔 这部 小说 中国 城镇 环境 人物 描写 不快 也许 那时 实际 情况 毛姆 似乎 充满 西方人 落后 中国 优越感 这个 狭隘 过分 敏感 中国 颇感 不爽 非常 喜欢
1,大堂 太小 装修 服务 人员 态度 不是 最后 外国 服务生 办理 入住 中国 服务生 态度 起来 像是 五星 反而 四星 宾馆 两个 人才 巧克力 不至于 这么 小气 中间 服务生 打扫 之后 特意 依云 矿泉水 放在 床头 醒目 位置 目的 不用说 洗漱 用具 三星级 标准
1,设施 陈旧 空调 声音 游泳池 高级 住客 收费 外面 收费 一样 难以 接受 游泳池 水太深 里面 服务员 人理 早餐 一般
1,先前 是从 一本 育儿 杂志 知道 发现 针对 中学 孩子 父母 认为 作为 家长 早看 比晚 看要 介绍 进一步 了解 徐小 平和 几本 不错 以及 职业 观念 重要 之处 认为 不是 几个 故事 而是 认识 孩子 未来 认识 不足 改正 父母 观念 以期 孩子 一起 打造 美好 未来 不错 值得一看 要是 换成 徐小平 文笔 更好
1,据说 这是 北海 最好 三星级 生意 不是 一般 人气 很旺 那天 晚上 大堂 气氛 浓烈 温馨 卫生间 不过 服务 心里 舒畅 早餐 果篮 晚上 还有 巧克力 最绝 楼层 服务员 告诉 网络 客人 免费 衣服 晚上 大堂 副理 电话 拜访 告诉 电视 不好 亲自 上来 不错 大堂 副理 帮忙 宣传 一下 同意 哈哈
1,做功 不错 轻便 音量 响亮 音质 其它 重量 容易 指纹 不是
0,别人 打算 买齐 儿子 生日礼物 儿子 好像 不买账 成人 角度看 整个 故事 人物 情节 乏味 儿子 反应 一样
0,此店 本人 余家 北京 家中 最贵 满怀希望 过去 的确 进门 很大 大堂 只有 这点 勉强 能算 优点 进入 不言而喻 完全 应有 温馨 设施 陈旧 并未 完全 翻新 要命 一只 一圆 硬币 两倍 蟑螂 同事 顿时 五大三粗 山东 大汉
0,这家 怎么 可能 五星级 装修 普通 比起 其他 五星级 这些 暂且不说 服务员 态度 真的 不敢恭维 行政 楼层 前台 小姐 竟然 接电话 聊天 臭豆腐 房价 授权 然后 晚上 吃饭 签单 签了 左右 服务员 提醒 想到 晚上 已经 准备 睡觉 突然 电话 硬是 前台 刷卡 办法 只能 重新 换好 衣服 信用卡 前台 硬件 方面 服务员 水准 确实 有待 提高 不然 配不上 这个 房价
1,性价比 不错 本本 外观 手感 以及 性能 不错 到底 品牌
1,作为 五星级 硬件 装修 电视 很小 只是 位置 楼下 对面 海港 性价比 不高
0,这个 坐落 南湖 边上 招待所 级别 标间 只有 一张 早餐券 另外 一人要 早餐 要元且 无论 大人 孩子 早餐 平种 很少 墙纸 掉下来 正好 下雨 走道 漏水 行李车 客人 行李 真不知道 这个 五星 怎么 也许 当地政府 行为 性价比 不值
0,相当 真不知道 怎么 五星 升星 之后 价格 还长 服务 越来越 建议 国家旅游局 重新 评估 否则 好处 柳州 若有 其他 新建 宾馆 估计 几个 人会 这里
1,做工 优良 保持 高性能 配置 前提 机器 散热 非常 流畅 开机 一天 整机 温度 一直 左右
0,重量 想象 不过 放在 背包 不到 公司 很多 其他 上网 要重 一些 只有 内存 插槽 不过 标配 够用 性能 不是 特别 强大
1,一本 提高 个人修养 能力 无论 从用 角度 玫琳凯 化妆品 公司 玫琳凯 艾施 其人 这本 智慧 确实 不言而喻
0,屏有 亮点 不过 开始 栏用 看不出来 外壳 键盘 爱花 赶紧 一套 全方位 衣服
1,不过 香格里拉 价格 协议 没什么 区别 香格里拉 划算
1,书中 展现 非常 完美 爱情故事 随着 故事情节 发展 心中 甜蜜 酸楚 失落 幸福 看书 过程 一次 过程 生活 需要 激情 小说 当中 找到 恋爱 幸福 迷茫 想到 不要 手中 幸福 随便 放掉 那样 发现 最爱时 已经 回来 学会 抓住 把握 珍惜 幸福
0,差太差 希望 不要 推荐 用户 免费 注册 网站 导航 宾馆 索引 服务 说明 关于 诚聘 英才 代理 合作 广告业务 联系
1,是因为 柳云龙 暗算 精彩 演绎 很发 一阵 花痴 他演 山楂 老三 之后 知道 人能 演绎 完美 老三 静秋 何其 有幸 能够 一位 男子 付出 或许 生于 无法 深刻理解 他们 一代人 理想 信念 爱情 主题 永恒 时间 空间 蔡琴 那首 老歌 敲打 我窗 徐徐 如泣如诉
1,彭年 处于 闹市 停车 方便 异味 尤其 脱离 希尔顿 很多
0,提点 隐隐 于市 还有 客服 知道 怎么 指导 过去 晕机 发热 不少 光驱 读盘 确实 高端 相比 无线 网卡 到底 安装 那个 驱动 很汗
1,抢购 上海 最后 一台 样子 好看 配置 机关 速度 几乎 声音 键盘 舒服 还有 两个 以外 惊喜 产品 介绍 图片 摄像头 竟然 还有 产品 介绍 光驱 实际 刻录
0,这破 饭店 还敢 新装修 除了 墙纸 窗帘 换过 开关 家具 浴缸 马桶 那灯 电视机 不知 哪个 朝代 大家 好好 把把关
0,一本 鼓吹 阴谋 吹捧 真是 国人 悲哀 一本 快餐 读物 垃圾 食品 一样 令人 乏味 营养 文笔 故事 一般 深度 缺乏 思想 内涵 层次 太低 估计 五年 没人 提起
0,这个 宾馆 真是 神奇 早上 点多 开始 大声 背景音乐 一直 晚上 点多 一直 一张 简直 发疯 朋友 开玩笑 宾馆 应该 每个 入住 客人 耳塞 客人 不会 发疯 第二天 搬家 宾馆 宣传 照片 实际 完全 不符 照片 豪华 五星 水准 实际 水准 空调 除了 发出 噪音 根本 制热 关不上 宾馆 解释 只有 冬天 缩水 才能 关上 电视机 不能 平遥 星级 不能 相信 不是 亲自 真的 想象 差距 这么 早餐 咖啡 速溶 咖啡 牛奶 掺水 房价 大家 决定 去不去 后来 天元 奎去 很多 价格 便宜 里面 服务生 特别 云锦 诚在 当地 排场 挺大 口碑 不怎么样 不是 政府 官员 适合 从来 没住 这么 宾馆
0,知道 这套 当卖 不错 仍然 一部 作品 糟糕 不仅 次序 混乱 糟糕 录像带 画质 惨不忍睹 缺失 大量 无语 六区 正版 厂商 你们 敬业
0,由于 一间 空调 还生 服务员 其他 退房 于是 前台 退房 第二天 客服 电话 订间 一间 扣掉 一间 信用卡 担保 负责人 理论 负责人 不管 你们 只住 一间 不管 那间 服务员 服务员 的话 无效 那个 态度 于是 后面 多少 波折 差点 北京 还好 大度 调查 清楚 后免 多一间
1,外观 时尚 键盘 独特 色彩 亮丽 性价比 功能齐全 散热 效果 非常 不错
1,入住 俩次 豪华 大床 设施 环境 不错 直接 面对 贺龙 体育中心 摩天轮 早餐 一般 特别 郁闷 服务员 竟然 快要 打扫卫生 不用 这么 时间 明显 赶人
0,差劲 不要 设施 不好 还贵 真是 晦气
1,第二天 不过 无所谓 做工 说得过去 没加 内存 慢些 第一次 送货 调整 两次 送货 时间 客服 耐心 表扬 潘家园
1,做工 不错 性能比 想象 刚刚 正在 研究 三星 自带 软件 功能
1,喜欢 五官 五官 可怜 心想 往上爬 正直 不犯 犯人 应天 看不起 五官 妓院 长大 看不惯 耍手段 不过 是因为 小时候 看到 陌寒 害死 母妃 一身 骄傲 前传本 五官 无辜 开始 讨厌 应天 最后 为了 五官 一箭 真的 五官 只是 可怜 应天 一直 五官 不过 幸好 还有 离根 一身 骄傲 之一 风絮
0,接口 只有 有个 距离 太近 实用 鼠标 键盘 移动硬盘 电子 密匙 需要 多一些 接口 音频接口 前面 有些 不好 放在 架子 挡住 电池 续航 一般 有个 小时
0,两间房 两条 毛巾 一条 毛巾 收费 过份
0,电池 似乎 小时 巧克力 键盘 一点 不太 习惯 单薄
1,目前 同类 定们 价位 勉强 接受 整体 谈不上 精致 粗糙 过得去
0,时尚 风趣 文风 谈笑 樯橹 灰飞烟灭 气势 第一部 爱不释手 已经 越来越 强烈
0,奥特 蓝星 音箱 想象 声音 知道 是不是 调整
0,入住 装修 味道 很浓 房间内 坐上去 好像
0,开始 驱动 真的 很难 最后 放弃 备份
0,重庆 过来 机场 下来 已经 下午 点多 打扫 半小时 分钟 晕点 总台 交涉 办法 点半才 电梯 上去 走道 不知 怎么 挂上去 从来 遇到 这么 强烈 推荐
0,号定 货物 今天 送到 一直 以来 样子 除了 高价 那些 快点 这次 只买块 慢到
0,环境 设施 不好 提前 预订 不靠 铁轨 保留 整晚 火车 汽笛声 影响 睡眠
0,前台 服務員 禮貌 有待 改善 做事 效率 三名 服務員竟 同時 處理 一位 客人 問題 其他 客人 服務 台前 竟不加 理會 說話 語氣 欠佳 冷淡 不夠 專業 不能 符合 四星 酒店服 務酒 房間 設施 殘舊 尤其 衛生間 三星 還要 整晚 睡得 不好 唯一 美的 他們 服務態度 良好 笑容可掬 要元住 一晚 實在 不划算
0,硬盘 盖和主 机体 之间 接合 紧密 靠近 光驱 一端 有条 缝隙 应该 不是故意 出来 散热 知道 防尘 有否 影响 是不是 模具 各位 机器 这个 这个 机器 个别 谢谢
1,环境 优雅 蚊子 剧多光 打死 二三十 漏网 尚有 吞舟之鱼 接机 服务 司机 推荐 次日 包车 一日游 需块然 次日 方知 此纯 圈套 耽误 诸多 时间 另外 早餐 极差 牛奶 奶粉 奶粉 舍不得 放稀 锅水 似的
0,原来 浮躁 不能 欣赏 如此 才气 重读 今生今世 竟是 一番滋味 张爱玲 零用 名字 推销 胡兰成 不能不 避点 嫌疑 然而 胡兰成 遗憾 且不说 用情 浮泛 秦暮单 盖世 才情 不忍心 一棍子 打入 十八层 地狱 张说 女人 没良心 男人 尽有 方面 认真 尽耻 便是 极好 样本 他称 张为 临水 照花 寥寥 数字 境界 全出 孤傲 敏感 卓尔不群 逃不过 心灵 篱栅
0,机箱 送来 脏脏 不过 全新 封条 外观 官方 略有 区别 其他 朋友 比如 篮球场 无所谓 目前 这个 价格 拿到 已经 容易 不过 今天 杀毒软件 嫉妒 呵呵
0,散热 不好 一下子 烫手 系统 麻烦 现在 搞定 另外 摄相头 效果 不好
1,快递 速度 真的 很快 本本 很漂亮 照片 漂亮 喜欢 家人 满意 看来 联想 确实 实力
1,很久没 有读 一股 拜读 完毕 真是 一本 难得 好书 堪比 当年 我读 金庸 可是 金庸 手笔 粗放 豪爽 非常 男人 一部 小说 对于 感情 描述 感动 物欲横流 社会 仗义 真情 信任 直率 早已 人们 淡忘 欣赏 主人公 欣赏 盛夏 奉献 一部 力作
0,孩子 梅拉 充足 勇气 孩子 不管 大雨天 滔滔 海浪 勇敢
0,缺点 买回来 无线 网卡 不断 有断 现象 最近 好像 更新 系统 之后 出现 应该 无线 网卡 驱动 兼容性 总是 滋滋 电磁 原因 不详
1,这次 泉州 三个 国外 客人 一起 同行 入住 大堂 水仙花 装饰 一股 清香 环境 以元 价格 入住 超值 客人 称赞 不错 每个 入住 客人 同感
1,全新 正品 行货 送货 人员 专业 已经 网上 质保 信息 这个 价格 上海 实体店 根本 不到 迷你 笔记本电脑 不是 上网 性能 一些 相媲美 最爽 电池 充满 四个 小时 满意
1,纸张 印刷 不是 不过 这个 价位 来说 物价 相符 外加 赠送 电影 效果 怎么样 相信 应该 基本上 应该 知道 此书 年前 看过 当时 初中生 喜欢 可惜 当时 那本 物美价廉 译林 出版 那本书 年前 老姐 借给 同学 然后 杳无音讯 成为 心中 隐隐 遗憾 时隔 多日 终于 自已 一本
0,生意 清淡 大堂 几个 客人 不小 被褥 窗帘 灰蒙蒙 味道 知道 多久 没人用 娱乐 设施 包括 游泳池 台球 等等 收费 白天 空调 晚上 热水 先放 分钟 优点 位置 不错 出门 老街 吃饭 逛街 方便
0,更新 显卡 驱动 造成 亮度 冲突 导致 电池 机会 黑屏 联系 客服 原装 驱动 解决问题 还有 屏幕 机器 无语 三星 骗人
1,超低 价格 开始 不太 相信 中关村 报价 拿到 以后 知道 一切都是 真的
0,应该 订房 以来 遇到 最烂 居然 理由 如下 提供 临窗 下面 一座 立交桥 非常 特别 上下班 简直 菜场 里面 淋浴室 花洒 办法 调整 淋浴房 准备 享受 享受 冷水浴 有时 发出 神经质 报警 声音 估计 报警器 接触不良 不好 电梯 太慢 整个 小姐 特别 完全 白天黑夜 到处 乱窜 简直 不得了 停车 不用说 还要 拿个 前台 盖章 有时候 忘记 好不容易 开车 出来 门口 发现 盖章 保安 停车费 再有 办事 回来 千万 不要 遇上 上下班 要不然 轿车 卡车 公交车 摩托车 自行车 行人 甚至 动物 争抢 每一寸 马路 真不知道 立交桥 怎么 交通状况 像是 以前 中国 县城 礼品 圈套 写明 礼品 赠送 其实 一瓶 刚刚 入住 前台 经理 后来 知道 打电话 告诉 冰箱 可乐 鲜橙多 免费 想着 描述 不错 知道 结帐 告知 消费 消费 冰箱 饮料 后来 前台 经理 赠送 一瓶 可乐 鲜橙多 任选 想想 两个 入住 一瓶 这是 狗屁 规定 一瓶 别说 赠送 知道 参与 只是 坚持 必须 买单 非常 舒服 哪有 星级 这么 客户 产生 异议 从来 主动 让步 补充 点评 年月日 看到 下面 马上 一下 信用卡 帐单 果然 授权 取消 就算 冻结 真是 要命
0,典型 垃圾 同档次 王府 饭店 李汪 大酒店 差得 服务 设施 服务生 上帝 好像 他们 似的 无缘无故 态度 极其 恶劣 别说 笑容 建议 不要 那里
0,系统 标配 内存 当然 不够 于是 要加 内存 心里 奸商 哈哈
0,性价比 设施 陈旧 不能 有点像 监狱 服务 一般 宾馆 反馈 年月日 谢谢您 首先 自身 不足 带来 不便 道歉 网络 上本 设立 七种 大小 规格 价位 房型 选择 同样 面积 内部 设施 相同 会不段 提高 服务质量 期待 下次 临时 提出 宝贵意见
1,今天 到手 正在 试用 感觉良好 外置 来得及 试用
0,系统 非常 糟糕 为什么 预装 由于 系统 导致 非常 困难 九牛二虎之力 用时 一周 搞定 还有 驱动 可能 安装 顺序 限制 开头 几次 装完 驱动 总有 出现
1,两只 颜色 分明 兔子 他们 清澈 眼眸 告诉 挚爱 情思 传递 他们 内心 纯真 情感 愿望 无私 奉献 欢愉 玩耍 成年人 他们 真诚 情意 感动 无忧无虑 幸福感 很强 孩子 内心 更加 依恋 女儿 小黑 一句 要是 我能 小白兔 永远 一起 女儿 的话 明白 孩子 渴望 恋爱 心灵 温暖 生命 更加 坚强 阳光
1,淡紫色 白色 钢琴 很漂亮 键盘 上部 五个 触摸 快捷键 背景灯 相当 漂亮 附带 软件 充足 一年 免费 杀毒软件 驱动 光盘 摄像头 非常 清晰 插值 上万 触摸板 手感 非常 手区 过渡 指纹 蓝牙 读卡器 无线 现在 常用
1,一般 性价比 不太高 比较慢 希望 改进
0,男友 报纸 看到 介绍 吹得 上天 于是乎 一本 当当 送会 非常 三天 收到 垃圾 书嘛 现在 买书得 开始 妙作 不让 人活 食疗 看看 这书强
0,一个月 现在 广告 太凶了 平淡 语言 一般 知道 是不是 翻译
1,这本 书我买 回给 女儿 数学 头脑 每天 必看 非要 夺书 罢休 书中 分数 有理数 无理数 介绍 女儿 不太懂 解释 懂个 大概 知道 分母 国王 只能 楼上 分子 小朋友 提高 数学 兴趣 帮助 当然 因人 而益 借给 同事 女儿 女儿 喜欢 文科 喜欢 数学 这书 兴趣
1,真的 轻薄 配个 内胆 直接 平时 包里 包包 档次 做工 不错 毕竟 原装 实在 不是 喜欢 风格 舍弃 呵呵
0,快捷键 所有 快键 通过 操作 方便 这是 主板 不是 英特尔 原装 主板 支持 双通道 内存 怪不得 价格
1,许是 儿子 讲故事 养成 不太爱 阅读 习惯 近来 慢慢 培养 看书 依赖 大人 习惯 每晚 临睡前 过去 总是 变成 现在 互相 儿子 总是 选择 这一 故事 百宝箱 故事 简单 却是 经典 生僻字 少字 不算 很多 很大 图画 绘本 繁乱 对于 才学 阅读 孩子 来讲 还有 更好 选择 儿子 喜欢 家长 喜欢
0,喜欢 女人 以为 小资 生活 每次 联想 上海 情景 不是 舒服 只有 颓废
1,网上 查询 关于 所有 相关 资料 配置 不错 流行 配置 目前 排名 性价比
1,此书 经过 朋友 推荐 买回来 非常 不错 我家 女儿 喜欢 科普 图书 套书 目前 喜欢 图书 每天 起来 分享 各种 有趣 知识 现在 生物 其中 特别 兴趣 个人 套书 合适 小学 低年级 小朋友 阅读 幼儿园 小朋友 可能 需要 家长 陪同 阅读 大人 小孩 来讲 非常 知识 非常 不错
1,入手 一堆 实惠 几天 不太 清楚 初步 不错
1,根据 女儿 幼儿园 看到 这个 系列 绘本 第二辑 一本 搜索 第二辑 一辑 很快 喜欢 于是 这次 接着 第一辑 喜欢 自主 阅读 不让 亲子 阅读 独自 完边 看边 感染 一遍 图片 确实 不错 字体 略嫌 可能 看久 眼睛 不好 女儿 这册 一次性 眼睛 可能 影响 一本 休息 一下
0,机子 发现 缺点 服务 好像 不怎么 完成 付款 订单 今天 完成
0,机器 包装 里面 有股 臭味 仔细 一下 内胆 发出 今晚 拿到 凉台 透透气
0,失望 一点 深入 做广告 一样 再也 不买 国内 类书
0,很小 设施 装修 不如 旁边 姊妹 其实 两家 价格 相差无几 服务态度 一般 自助 早餐 一楼 酒吧 里面 老实 发现 后面 一片 蔚为壮观 坟场 当即 想要 取消 预定 死活 扣钱 表述 不得已 免为其难 一晚 可怜 这次 香港 女友 一起 再也不会 这家 补充 点评 年月日 这家 门牌 相当 诡异 也许 看到 后面 坟地 原因 上楼 之后 所有 房门 门票 正面 墙上 门牌 不约而同 背脊 发凉 还好 很快 低头 发现 门牌 地上 门槛 石上 瀑布 吓人
0,餐馆 一样 廉价 石砖 两床 之间 一块 肮脏 地毯 床上 只有 褥子 床垫 弹簧 轻重 时刻 喷头 永远 只有 两种 温度 极热 极冷 出行 方便 地点 偏颇 解放碑 打车 很多 司机 总之 糟糕透顶
1,还行 景区 环境 空气 不错 不过 改建 好象 去年 扩建 怎么 这么 长时间 环境 折扣 丽景楼 楼顶 好象 窗口 不知 机房 嗡嗡声 影响 休息 服务台 反映 后换 餐厅 品种 味道 一般 改建 应该 不错
1,强劲 拥有 绝大部分 技术 不是 能比 还有 蓝牙 刻录机
1,教育 首先 观念 老人 当然 普遍存在 观念 落后 相当 年轻 父母 旧式 教育 方式 薰染 观念 仍旧 不够 先进 掌握 先进 观念 重要 父母 怎样 掌握 尺度 这是 因人而异 孩子 而异 大人 而异 强求 不来 最后 重要 一点 坚持 先进 观念 始终 运用 教育 过程 具有 共性
1,外观 时尚 配置 东京 送货 很快 下午 分期付款 上午 送货
0,这书 简介 起来 不是 很多 单词 没意思 没看 一边
0,东京 发货 想象 天才 等到 机子 克星 所有 激活 方法 激不活 客服 太烂 联想 简直 没法 比问 怎么弄 居然 知道 一年
0,屏幕 模具 寸本 落差 使得 屏幕 显得 加上 塑胶 外壳 有点像 玩具 其实 模具 主板 进一步 缩小 的话 档次 价格 当然 提升
1,硬件 够用 显卡 一下 左右 一般 够用 速度 不错
1,为了 电池 还有 处理器 基本上 毫不犹豫 选择 一款 键盘 别致
1,知道 马云 告诉 阿里巴巴 雅虎 马云 带领 阿里巴巴 平凡 走向 成功 有人 马云 骗子 疯子 狂人 最终 马云向 大家 证明 做到 年轻人 成功 关键 执行力 晚上 很多 第二天 照样 自行车 上班 不行 大家 证明 能力 成为 唐军 第二 马云 第二 加油 向着 理想 狂奔
0,配置 不算 均衡 内存 肯定 不够 几个 软件 卡死 不过 现在 这么 搭配 真无语 正合适 还有 不带 光盘 方便
0,最差 完全 服务 意识 朋友 机场 飞机 接到 朋友 不说 连个 电话 朋友 外国 回来 无法 联系 只有 随便 机场 旁边 锦江 之星 晚上 点多 那边 竟然 不负责任 接到 可能 飞机 晚点 答应 朋友 打电话 完全 胡说 建议 大家 不要 这个 实在 太差 最后 接到 好意思 后来 打电话 要钱 实在
1,外观 性能 不错 价格 合适 这次 发货 速度 很快 呵呵
1,正是 感情 方面 有些 心结 过去 长时间 心中 有些 情素 无法 平复 确实 帮助 很大 客观 理智 分析 推荐 以下 朋友 很多 真正 经历 才能 体会 有人 一种 洗脑 其实 这么 认为 感性 理性 之间 寻找 最佳 结合点 过程 之所以 成熟 是因为 不停 经历
0,卫生间 较差 不尽人意 不是 个人用品 卫生 规范 整洁 包装 完整
1,每天 免费 水果 赠送 一点 还有 好多 书籍 摄影 著作 摆在 据说 合庆 董事长 编写 拍摄
0,有待 提高 桌子 上放时 发现 一块 污迹 毛巾 擦掉 发现 桌子 下边 横档 右边 一块 污迹 擦不掉 看着 舒服 空调 效果 很差 几乎 不热 只有 冷风
1,电池 续航 不错 将近 小时 还有 左右 比配 芯强 三星 三星
0,驱动 难装累 半死 华硕 返修率 貌似 希望 幸运者 碰到
1,两次 差点 流泪 情节 印子 感情 无关 而是 亲情 一次 失足落水 醒来 姐姐 裕逵 流泪 一次 得悉 姐姐 怀孕 全家人 高兴 当然 裕进 印子 那番 深情 荡气回肠 再也 那个 夏天 往事 岂可 重来 当出 作品集 怎么 干巴巴 零敲碎打 后续 一点 人性化
1,环境 不错 西街 头上 相当 一段距离 吵闹 西街 隔离 非常 安静 不能 上网 四星 水准 不符 旅伴 抱怨 房内 霉味
0,读完 最大 多少 价值 已经 很多 介绍 这方面 书籍 适合 聊天 话题 确实 不是 喜欢
0,里面 装修 太旧 洗手间 浴室 不太 干净 所有 水龙头 不太好 晚上 电话 服务 一般
1,入住 多次 忘记 点评 现在 全部 哈哈 已经 常客 记录 忘记 即使 小小的 手机电池 重视 立即 联系
0,天气 太热 回来 机子 体温 无语 自我安慰 天气 太热 缘故
0,小心 上策 两本 办理 退货 麻烦 同学
0,不如 开张 地毯 网速 电视 操作 非常 人性化 淋浴 地漏 下水 一不小心 就要 水漫金山 按摩 足疗 价格 一次 再也 不要 第二次 一直 鼓动 增加 消费 项目 优点 前台 女孩 确实 很漂亮 呵呵
0,年月日 入住 环境 不错 安静 卧仙楼 具体 不得了 好象 开始 特别 寻找 一圈 发现 隔壁 一道 底下 很大 缝隙 噪音 是从 隔壁 传来 隔壁 知道 音乐 声音 很大 迪厅 音乐 另外 还有 好象 很多 男男女女 嬉笑 实在 忍无可忍 打电话 客房 服务 随后 服务 人员 隔壁 反映 情况 然后 隔壁 收敛 不一会儿 情况 照旧 我本 冲过去 理论 单身在外 一夜 难眠 直接 影响 第二天 工作 状态 提出 强烈抗议 希望 能够 以后 不要 不三不四
0,右边 手腕 发热量 一点 寂静 晚上 风扇 声音 大真 难用 改要 硬盘 模式 改成 知道 是不是 不能 发挥 硬盘 性能
1,外观 漂亮 性能 超强 打游戏 我加个 内存 相当
0,插槽 挡板 内存 太小 其他 目前 发现 刚天
1,前台 服务 较差 客户 着想 朋友 需要 打扫 呼叫 两个 小时 打扫 下水道 臭气熏天 卫生间 漏水 堵水
0,服务 很差 要说 英语 可能 一点 设施 旧且 最差 招待所 一样 交通 地铁 较远 巴士 巴士 反而 方便 可乘 尖沙咀 地铁 方便 只要 二十分钟 补充 点评 年月日 服务 很差 要说 英语 可能 一点 设施 旧且 最差 招待所 一样 交通 地铁 较远 巴士 巴士 反而 方便 可乘 机场 线去 尖沙咀 地铁 方便 只要 二十分钟
0,掌托 触控板 易误 碰到 触控板 下方 标有 蓝牙 标志 内置 蓝牙 屏幕 色彩 一般
0,借助 一位 职场 精英 表达 看法 可读性 不错 刚入 社会 学生 特别 新鲜 一些 参加 工作 很多年 来说 看上去 麻木
0,包装 打开 外包装 条码 撕掉 里面 条码 撕掉 机器 很多
1,开心 阅读 莫过于 生活 阅历 异曲同工 常常 看书 我要 拍案叫绝 遥想 心理 发展 居然 很多 应验 理论 说明 心理 困惑 力求 完善 心理 人格 朋友 绝对 有益 同时 那本 一岁 常青藤 几百倍
0,定单 昨天 短信 通知 超出 派送 范围 现在 知道 不能 拿到 拨电话 知道 回事 认识 当当 快递 差劲 客服 电话 一直 占线 知道 告诉 拿到
1,性价比 超高 价位 性能 真的 不错 功能 齐全 大家 就别 挑刺
0,屏幕 中间 明显 亮点 右下方 亮点 听说 亮点 无条件 包换 申请 换货 等待 处理结果 进展 随时 更新 机器 漏电 摸上去 酥麻 感装花 一天 时间
0,当买书 无数 此书 垃圾 样样 数百 有用 不过 两页 愤怒 之情 无法 语言 表达
0,现实 脱节 白领 产物 起来 像是 一本 流水帐 真不知道 怎么 起来
0,自带 系统 茫然 竟然 进去 只好 重新 分区 驱动 不是 直接 不能 打开 官方网站 下载 驱动 没能 声卡 无线 网卡 驱动 起来 知道 咋办 摄像头 像素 一般 键盘 手感 不如
0,一本 拉拉 升职 记第页 倒数第 行中 左不过 临时 代理 是不是 应为 只不过 临时 代理 知识 浅薄 理解 错误 给予 谅解 确实 出现 错字 请问 是否 正版书
1,机器 声音 很小 屏幕 很亮 一条 内存 没想到 组成 双通道 散热 不错
1,李遥策 写作 功力 毋庸置疑 无论 短篇小说 这本 长篇 一种 新奇 个人 喜欢 短篇小说 故事 叙事 技巧 巧妙 长篇 看出 努力 阐述 摆脱 不了 大量 空泛 文字 堆砌 沉重 作为 第一本 长篇 用心 期待 突破 爱情小说 游离 故事 生活 故事 生活 那样 文章 作为 一名 粉丝 一直 一如既往 支持
0,光驱 运行 声音 显卡 低端 不如 显卡 一天 时间 系统 驱动 现在 还有 网络 控制器 硬件 不到 驱动 华硕 鼠标 不好 电源适配器 摸上去 烫手
1,总算 到货 五天 容易 包装 不错 慢慢
1,双核 三星 友达 屏独显 满意 到手 完美 不错
1,非常 大都 一大跳 对面 超市 小吃 夜市 隔壁 面包房 十分 方便 客运 总站 出来 直接 乘路 公共汽车 始发站 刻刀 站名 少林 宾馆 蹦蹦车 只要 房内 设施 不错 马路 那边 吵朝 内侧 停车场 早饭 工厂 食堂 标准 打分
1,提醒 大家 每年 月份 最好 不要 香港 平时 贵太 多拉
1,之前 买家 书上 字词 单词 有些 过多 宝宝 不太 喜欢 结尾 出乎意外 有意思 姑且一试 心态 打开 看时 儿子 喜欢 尽管 这本 适合 小姑娘 阅读 儿子 四岁 正在 积极 识字 阶段 小手 不断 指点 页面 出现 字词 毫无 厌烦 之感 更是 喜欢 里面 水果 蔬菜 水生动物 生活 体验 贴近 我家 儿子 真的 喜欢 好书 值得 推荐
1,书名 封面 吸引 淡淡的 水彩 文中 淡淡 深刻 感情 相得益彰 也许 生活 可能 存在 感情 保有 期待 不论是 男女 之恋 之恋 上书 主角 即使 身边 不会 出现 文字 陪伴着 头脑 总是 期待 一直 期待
1,买回来 好久 一直 前两天 开始 二天 完后 不知 什么样 心情 二代 纠葛 一个个 离奇 故事 真的 非常 不可思议 开始 喜欢 正宇 这个 温柔 性格 完后 喜欢 最起码 最后 意识 所犯 错误 一直 尽量 弥补 不敢 轻易 尝试 爱情 一直 洁身自爱 喜欢 勇往直前 执着 喜欢 很棒 期待 作品
1,看好 多人 这个 价钱 不少 妹子 相对 其他 这个 价钱 算是 便宜 呵呵
1,安装 开机 很快 时间 紧迫 这个 大忙
1,外观 很漂亮 开始 以为 不像 图片 好看 性价比 超高 玩游戏 效果 不错 散热 相当 不错 可能 以前 那个 本本 声音 很小 不错
1,喜欢 牛皮纸 封面 简约 平实 花里胡哨 似乎 以前 那种 刊物 复古 厚厚 一本 手里 那天 运动场 边上 嫂嫂 过来 看到 惊奇 封面 惊奇 地问 正版 盗版 得到 肯定 回答 为什么 印成 这个 样子 知道 怎么 悠然 心会 妙处
0,女儿 一套 还有 最新 第七册 非常 喜欢 幼儿园 已经 其他同学 可是 回到 抱住不放 看来 真是 不错 准备 一套 送给 朋友 孩子
1,入手 性价比 外观 好看 接口 丰富 散热 配置 足够
1,今天 做过 测试 出来 确实 人格 当时 怎么 不靠 明明 本妞 直到 发现 说明书 有种 终于 理解 听说 亚洲 人口 大多数 朋友 无一例外 似乎 划分 范围 热闹 喜欢 出风头 实则 不少 苦头 有时 社会 中型 总会 显得 怪异 过于 缄默 黯然 当拿起 说明书 简直 开心
0,钱汇 过去 半个 至今 不见 该书 不见 任何 回复 购书 上当受骗
1,特别 小豆豆 善良 理解 妈妈 了不起 校长 喜欢 三个 战后 日本 发展 特别 迅速 当然 他们 教育 密不可分 特别 喜欢 日本 不得不 承认 日本 教育 实在 肃然起敬 作为 在校 师范生 小林 宗作 先生 榜样 以后 就业 之后 一定 最大 能力 发扬 小林 先生 教育 理念 甚至 亲自 一所 学园
1,之前 几次 最近 进行 装修 进行 一次 最新 日期 优点 配有 一次 商务 双人间 一次 单人 配有 配置 差不多 两者 差别 商务 双人间 永久 电源 不让 登等 商务 单人间 拔掉 钥匙 自动关机 个人 私人 用来 保管 个人 贵重物品 每天 还会 纯净水 可口可乐 水森活 交通 便利 旁边 洋货 市场 天津 麻花 缺点 早饭 中餐 好吃 建议 西餐 前台 早餐券 即可 盗号 密码 可能 商务 双人间 不让 登等 原因 盗号 能力 很强 分钟 盗走 幸好 密保 强烈建议 用时 一定 要用 键盘输入 密码 偏小从 外面
1,这个 价位 配置 已经 不错 价格 挺惠 并且 品牌 日常 办公
1,外观 漂亮 性能 不错 运行 屏幕 超亮 第一次 别人 推荐 没想到 真的 不错
1,令人感动 不是 行文 文字 而是 这些 文字 组合 起来 故事 人生 经历 如此 变故 蜕变 沧桑 脊背 老牛 相依为命 乐观 不尽然 只是 一种 状态 一种 活着 状态 评判 只有 叙述 过去 终将 过去 悲伤 继续 真实 回忆 主宰 一切 不能 承受 生命 变故 只是 经历 之后 能否 依然 挺起 脊梁 迎接 斑斓 阳光 寂静 黑夜
1,环境优美 服务员 热情 大方 一种 宾至如归 下次 福州 宾馆 现在 忘不了 那里 早餐
0,订购 套书 儿子 一套 里面 小汽车 还有 很多 好听 有事 儿子 非常高兴 儿子 非常 喜欢 特别 轱辘 轱辘 格外 喜欢 里面 找金 虫子 乐此不疲 晚上 不肯 睡觉
1,拿到 发现 图片 漂亮 深蓝 喜欢 做工 不错 完美 电源 没见
1,求医 不如 之后 看书 推荐 当时 了解 书中 买来 基本 一口气 读完 准备 再来 第二遍 书中 理论 比较简单 可信 认同 其中 养生 方法 学到 之后 开始 实行 相信 将来 一定 见到 效果 年纪 不大 母亲 影响 非常重视 养生 对象 信服 不错 读一读
1,不错 大床 舒适 晚上 提供 不能 大堂 环境 不到 四星 标准 三星 一点 补充 点评 年月日 不错 大床 舒适 晚上 提供 不能 环境 不到 四星 标准 三星 一点
0,诚信 前台 价格比 网上 便宜 然后 知道 网上 马上 改口 然后 一定 网上 价格 结算 由于 网上 订是 信用卡 担保 办法 蚊子 温泉 怎么 清洁 早上 刚换 很脏 明白 为何 温泉 设施 开平 阳江 只能 落后 温泉 山边 空气 不错 餐厅 早点 不错 几间 大排档 价格 接近 餐厅 不错 补充 点评 年月日 少说 一点 机不 接受 信用卡 非常 少见
1,订单 处理速度 有所提高 这次 服务 不错 不过 这次 意外 惊喜 商品 说明 中为 内存 实际 到手 另外 附赠 光盘
0,生活 日记 营造 出中 洒脱 超然 济世 良医 理工 背景 文史哲 不错 来说 文字 背后 没什么 很空 现在 庆幸 一起 第二册
1,硬件 整体 配置 相当 不错 显卡 尤为 突出 独显 相当 不错 外观 模具 亮点
1,运行 稳定 声音 外观 简洁 触摸板 设计 整个 板面 成为 一体 清理
0,这个 欲装 系统 感冒 从装 费劲 营盘 模式 网查 改有 不该 光盘启动 放入 继续 安装 放入 提供 驱动 挨个
1,巧合 之下 提前 河马 刷牙 完后 厕所 高中 以后 学习 紧张 成绩 理想 以前 那个 未来 充满希望 好像 一夜间 消失 对于 未来 知道 现在 竞争 压力 多么 残忍 看到 安德烈 母亲 面前 承认 无法 成为 父母 骄傲 天下 所有 子女 希望 成为 父母 骄傲 清醒 意识 不得不 承认 无法 成为 他们 骄傲 无法 拒绝 及其 平庸 人时 真的 残忍
1,外观 简洁 大方 配置 均衡 各种 随机 软件 易用性 很强 说明书 介绍 清楚
0,你们 怎么 推荐 还准 五星 充其量 三星 入住 元大床 不能 上网 连续 三间房 半夜三更 拆腾 小时 那个 卫生间 招待所 不如 那个 毛巾 浴巾 是不是 抹布 电梯 充斥 隔壁 如一坊 火锅 气味 五星 其实 写字楼 几层
1,江景 超大 环境 一流 价钱 不算 高元 包早 美中不足 服务 跟不上 不错
0,不来 好不容易 找到 客服 电话 原来 突然 退回来 单位 查起来 以为 受贿 证明 伤心 当做 多年 你们 总裁 天天 媒体 服务 不够 精细 要不然 你们 那里 客服 肯定 现在 好书 一次 总算 买到 下次 卓越 试试看 是不是 服务 一样
1,对待 数据 统计 态度 对待 领导 或者 家长 原本 应该 值得 信任 他们 一堆 道理 告诉 无论是 经验 学问 应该 领导 犯错误 一样 统计数据 牢靠 他们 错误 时间 出现 错误 场合 如何 如常 言听计从 过于 迂腐 更加 怀疑 数据 权威 时常 保持 怀疑 欺骗 越来越
0,浪费 光盘 上读 根本 对不上 书上 单词 总是 气愤 真是
1,这是 第二次 入住 出差 需要 安庆 确实 其他 可住 整体 环境 优雅 设施 一般 不过 卫生 每次 入住 习惯 检查 一下床 是否 整洁 近期 出差 入住 只有 一家 发现 床上 残留 头发 异物
1,总的来说 不错 服务 态度 水准 有待 进一步提高
1,当年 晋江 苦苦 追文 是因为 不少 清穿 亲密 姐妹 一起 不用 大段 不同 角度 看待 同样 事情 高考 写个 两个 同时 穿越 然后 看到 清梦无痕 如出一辙 喜欢
0,入住 卫生间 极差 臭气熏天 欺骗 嫌疑
1,两岁 左右 当当 先后 推荐 买过 噼里啪啦 系列 一样 梅拉 系列 噼里啪啦 宝宝 不太 感兴趣 可能 那个 年龄 梅拉 一点 现在 汤姆 系列 第一集 适合 两岁 宝宝 画面 温馨 对白 故事情节 贴近生活 实际 宝宝 喜欢 沙子 看海 一集 最后 大海 沙子 城堡 冲走 宝宝 难过 好像 汤姆 情绪 共鸣 宝宝 喜欢 最好 推荐 左右 宝宝 赶快
0,散热 整体 触摸板 有些 今天 充电 时间 开机 似乎 漏电 摸上去 手指 麻麻 拔掉 电源 以及 晚上 充电 时用 奇怪
1,价格低 模具 尚可 显得 不是 低档 配置 均衡 奔腾 双核 刻录 光驱
0,说明书 却是 使用 使用 说明 重装系统 注意事项 提醒 菜鸟 差点 新机 到手 没用 维修
1,入住 迷你 标准间 想象 很多 合适 洗手间 很大 干净 床上用品 质量 不错 整洁 如新 窗户 玻璃幕墙 无法 打开 换气 这是 距离 大连 火车站 最近 前台 服务态度 热情 业务 熟练 退房 查房 比较慢 人多 几分钟 交通 极为 便利
1,林语堂 差不多 写活 苏东坡 写出 有血有肉 苏东坡 绝世 天才 充满 灵气 可亲 可爱 词人 读完 闭眼 苏东坡 眼前 似乎 看到 正在 摇头晃脑 吟诗 填词 遗憾 个人感觉 翻译 不是 原本 林语堂 中文 一定 更能 表达 林语堂 本意 此外 林语堂 英语 原版 主要 面对 西方 读者 有些 深入 全面 一点
0,不是 质量 上网 共同 特点 字体 屏幕 小看 时间 特别 眼睛 用来 音乐 片子 发邮件 个人 账务 管理 不能 用来 办公 太伤 眼睛
0,内有 刺鼻 浓味 尤其 不过 装修 此外 入住 确认 积分 累计 事后 借口 房价 太低 不予 累计 本人 推荐 入住
0,价格 一般 服务 太差 特别 前台 几个 那个 效率 脸上 表情 职业 素质 好不好
1,服务 不错 干净 提出 上网 上网 上网费 交通 方便 门口 大连 火车站 原本 以为 根本 不到 声音 费用 方面 多元 感到 很值
0,穿越 书我买 好几套 看见 蔓蔓 清萝 来看 看看 文章 真的 有些 失望 写得 不是 生动 简单化 反而 喜欢 步步 惊心 穿越
1,夏日 商务 套房 价格 一些 平时 合理 总的来说 比起 哈尔滨 华旗 华融 所谓 四星级 套房 色调 配置 说得过去 面积 不大不小 平米 哈尔滨 除了 香格里拉 太小 江边 凯莱 花园酒店 不错 开发区 福顺 天天 余下 金谷 新装修 现代 味道 否则 应该 排到 第二位
1,同事 不错 一分 价钱 一分货 这个 配置 对得起 这个 价格
1,深刻 故事 电影 一样 精彩 超越 个人 爱情 局限性 加入 社会 探讨 不能 爱将 矛盾 激情 自我 一代人 命运 穿插 相连 彼此 成为 不可分割 整体 而后 很多 懂会 不明 希望 渴望 客观 超越 表象 本质 陈列 读者 是非 不同 完全 可能 不同 感受 或许 只是 来源于 不同 细节 喜欢
0,怀着 期盼 心情 此书 拿到 手后 悔恨 极其 适合 孩子 图片 有些 扭曲 人品 恐怖 容易 孩子 造成 心理 阴影 孩子 阳光 明朗 书籍 建议 推荐 时请 仔细 挑选
1,拿到 内存条 这个 本本 样子 很漂亮 稳重 键盘 舒服 摄像头 清楚 还有 鼠标 很漂亮 镜子
1,入住 恰逢 前台 机坏 只能 预付 现金 有些 不便 不过 位于 一楼 餐厅 真是 物美价廉 值得 一去
0,海边 很近 装修 已经 不是 海景房 号楼 老式 宾馆 老式 服务 适合 要求 方便 设施 挑剔 要求 不是 太高 朋友 补充 点评 年月日 过分 所谓 海景房 还要 加元 外面 竟然 首先 堆放 垃圾桶 扫把 拖把 打扫卫生 晾晒 裤子 晒台 之后 树林 远处 知道 海景房 合适 合适 房间内 霉味 打开 窗户 跑味 半天 时间 用处 个别 墙壁 角落处 有霉点 床单 被褥 洁净 程度 一般 比小 旅馆 要强 看起来 不是 很平 睡着 凑活 枕套 两套 上面 算白 洗不掉 污迹 下面 稍灰刚 进入 不满 霉味 所谓 海景 提出 换房 当值 中年男人 推诿 多次 无果 答应 退房 后来 竟然 告知 一天 退房 管理水平 一般 当然 类似 办手续 速度 前台 管理系统 竟然 好歹 用个 管理 落后 宾馆 建议 除名 以后 怎么 相信 你们
1,屏幕 效果 非常 鲜亮 饱和度 键盘 特别 喜欢 起来 舒服 外观 时尚 商务 特点 整机 性能 非常 均衡 办公 游戏 上网
0,稍微 风扇 硬盘 声音 尤其 晚上 安静 另外 系统 方便
1,首先 应该 服务 非常 到位 本人 提供 不少 方便 其次 讲讲 扬子 位置 真是 没话 解放碑 步行 只要 两分钟 不到 周边 很多 服务员 热情 尤其 门童 很多 肯定 设施 较全 大厅 马桶 旁边 垫纸 一点 应该 其他 很多 不好 当然 大厅 七楼 应该 很大 关系 房价 根据 时间 调整 周一 周六 便宜 重点 讲讲 不足 预订 信息 准确 本来 预订 时说 大床 两个 标间 入住 大床 之前 通知 大床 标准间 相差 很大 进时 异味 不太 明显 开水 大多 上盖 损坏 卫生间 吹风机 另配 那间 卫生间 插座 吹风机 只能 外面 可是 外面 镜子 下午 五点 服务员 上门 进行 夜床 服务 时间 实在 保险箱 说明 无论如何 不了 服务员 说明 摆弄 半天 不能 已经 报修 突然 水龙头 只有 专用 饮水 龙头 消防通道 干净 至于 朋友 所说 电梯 个人感觉 观光 电梯 的话 速度 观景 实际上 大多 看不到 景则 位置 周围 高楼 办法
1,第一次 入住 不错 温馨 入住
1,分辨 人间 正义 告诉 眼光 来看 世界 这个 世界 正常 孩子 南京 南京 正在 上演 关于 战争 反思 走出 第一步 这里 孩子 双眼 告诉 战争 带给 人间 悲剧 极端 民族主义 叫嚣 正义 这个 世界 毁灭性 打击 美丽 文字 利用 用来 宣扬 极端 思想 用来 蒙蔽 人类 眼睛 拒绝 战争 珍惜 和平
0,卫生间 特别 内部 设施 人性化 尤其 热水 设施 明显 接触不良 后面 线板 下面 方便使用
0,观点 不太 客观 太过 现实 不太 符合 成熟 女性 人生观 不太 喜欢 失望
1,轻便 非常 轻便 已经 一台 普通 本带 方便 这台 出门 价格便宜 从来 没想 买到 以下 系列
0,原来 浮躁 不能 欣赏 如此 才气 重读 今生今世 竟是 一番滋味 张爱玲 零用 名字 推销 胡兰成 不能不 避点 嫌疑 然而 胡兰成 遗憾 且不说 用情 浮泛 秦暮单 盖世 才情 不忍心 一棍子 打入 十八层 地狱 张说 女人 没良心 男人 尽有 方面 认真 尽耻 便是 极好 样本 他称 张为 临水 照花 寥寥 数字 境界 全出 孤傲 敏感 卓尔不群 逃不过 心灵 篱栅
1,钢琴 流线 机身 简洁 大方 噪音控制 速度 很快 屏幕 一级 显示 效果 键盘 触感 不错 起来 舒服 性价比 双核 独显 无线 高清 落下 属于 全能 主流 本本 真的 超值
0,大床 上网 地毯 很脏 还有 自费 食品 日用品 标房 干净 卫生间 里次 看见 虫虫 自费 食品 日用品 上网 大堂 经理 处理 事情 能力 极差 这批 入住 整体 满意 性价比 实在 太低
0,这个 设备 设施 年代
0,大家 不错 于是 来看 简直 怎么 无奈
1,悦华 通过 泉州 喜欢 悦华 其实 泉州 装修 气派 悦华 之上 服务 早餐 差悦华
0,无线 网卡 驱动 不好 装装 麻烦 不过 装上 很爽 发现 缺点 外放 声音
1,这套 绘本 适合 小宝宝 画面 文字 非常 简洁 家长 小孩 许多 发挥 空间 也许 有些 人会 过于 简单 重复 对于 小宝宝 来说 一次 摄入 不了 信息 适度 重复 有助于 记忆 宝宝 特别 喜欢 里面 刷牙 一本 结合 平时 看到 大人 刷牙 有意思 借此机会 每晚 喝奶 漱口 刷牙 推荐 大家
1,开始 几乎 每月 一次 出差 山西 很多 印象 最深 三晋 国际 其他 还有 龙城 国际 华苑 宾馆 黄河 京都 还有 交通 大厦 下面 这些 做个 真实 准确 点评 三晋 国际 认为 太原市 骄傲 衡量 直接 能够 得到 服务 这家 一般 照顾 第一次 这里 感冒 嘴里 冷不丁 一句 服务生 听到 然后 一碗 姜汤 当然 免费 感动 洗澡时 一不小心 摔倒 副总经理 总监 等等 慰问 其实 完全 从那以后 发现 每个 浴室 放置 防滑垫 塑料 拖鞋 一次 袜子 之类 放在 洗手间 知道 回来 竟然 发现 服务员 免费 清洗 小心 掰断 心爱 梳子 还用 真的 意外 不敢相信 出差 特别 频繁 时间 特别 紧张 来说 办理 入住 退房 最让人 烦躁 时间 我算过 三晋 国际 前台 办理 退房 入住 时间 超过 一分钟 北京 待遇 其他 比如 前台 接待 门厅 服务 之类 不用说 真的 当然 建议 被子 能否 换厚 一点 冬天 一些 电话 免提 不是 方便 外面 电话 进来 可能 为了 安全 考虑 希望 能够 外线 拨入 功能 龙城 国际 知道 五星级 一般 不如 华苑 宾馆 无法 容忍 前台 接待 服务态度 太差 唯一 优点 早餐 挺好吃 华苑 宾馆 今天 偶尔 一下 发现 时间 枕头 被子 不是 干净 其他 服务态度 环境 不错 早餐 单一 黄河 京都 太偏 看起来 进去 无法 容忍 大家 提个醒 退房 时间 整整 分钟 半个 钟头 差点 晕倒 结帐 服务员 只顾 打电话 不理 交通 大厦 噩梦般 再也不会 隔音 效果 太差 不幸 听到 隔壁 小两口 闺房 密语 哈哈 噩梦 半夜 知道 单位 查房 好多 带走 好多 女孩子 怕怕 地说 还有 前台 戴眼镜 白白的 女孩子 态度 真差 郁闷 太原 还有 好多 可能 不会 一一 希望 所有 能够 三晋 国际 一样 山西人 长脸
0,网上 预定 万豪 标明 中午 达到 入住 准时到达 前台 搞好 卫生 稍后 才行 于是 外出 午饭 下午 回来 要房 前台 卫生 搞好 只能 提供 发脾气 小时 搞不好 卫生 于是 前台 另外 已经 搞好 发脾气 才能 搞掂 旅游 不是 发脾气 明明 不是 五星 标志 五颗星 然后 五星 收费 提供 服务 设施 字差 补充 点评 年月日 标明 中午 达到 入住 准时到达
1,做工 扎实 外观 适合 商务人士 这个 价钱 配置 商务 高性价比
1,看到 别的 孩子 优秀 之处 往往 羡慕 有时 还会 忍不住 责备 孩子 人家 可是 有没有 想到 妈妈 背后 付出 努力 的确 帮助 许多 书里 提到 事例 其实 很多 发生 孩子 身上 不同 处理 方式 孩子 带来 很大 差异 从书里 改变 许多 想法 一些 育儿 思想 得到 肯定
0,服务员 态度 极差 订单 交接班 借口 客人 投诉 前台 服务员 翻白眼 补充 点评 年月日 订单 好几个 电话 皮球 前台 预定 皮球 前台 态度 相当 恶劣 以后 再也 不住 这个 看过 前面 点评 看来 订单 不是 第一次 对于 订单 当回事 纳入 合作伙伴 保留 加强 监控 才行 宁愿 以后 不再 通过 预定
0,驱动 下载 麻烦 全部 安装 硬件 问号 知道 是不是 最新 匹配 请教 这个 怎么 确认 内存 标配 不用 升级 据说 芯片组 不怎么样
0,特价 根本 窗户 空气 十分 设施 十分 差是 原来 饭馆 包房 改造 预定 根本 对此 情况 进行 告知 十分 气愤
1,地板 太滑 孩子 洗澡 出来 摔了一跤 幸无 大碍 宾馆 反馈 年月日 您好 再次 看到 点评 开心 感谢您 再次 选择 国宾 大酒店 入住 非常重视 提出 宝贵意见 针对 卫生间 地板 研究 解决方案 希望 下次 入住 感受 改进 期待 再次 光临 心情舒畅 工作 顺利
0,位置 还好 设施 陈旧 太老 面积 太小 硬件 设施 糟糕 枕头 太低 床垫
1,亚运村 地区 这个 价格 相当 不错 交通 方便 楼下 酒楼 特点 味道 江湖 日日 客满 以后 表演 相当 不错 来晚 不到 座位
0,知道 为什么 我家 女儿 喜欢 套书 一起 总是 似乎 插图 乱七八糟 风格 喜欢 喜欢 图画 不是 逼真 好多 英文单词 看着 认识 怎么 可能 适合 国外 小朋友
1,服务 不错 不过 特别 北向 洗手间 反味 建议 改进
1,性价比 一款 配置 不错 开发 变成 够用 加上 内存 机器 很快 钢琴漆 表面
0,内存 附赠 鼠标 太小 发现 桌面上 拖动 鼠标 延迟 现象 原因 明确
0,前台 服务 较烂 中午 莫泰 自营 美林 小厨 午餐 打包 盒想 前台 出去 包烟 前台 男生 寄放 食品 翻边 所有 客户 须知 此项 相反 要求 客户 贵重物品 前台 打包 鲍鱼 算不算 物品
1,支持 二狗 支持 黑道风云 希望 看到 传奇 故事
0,容易 指纹 预装 真是 垃圾 只有 分区 麻烦 惠普 这个 装上 多卖块
1,酒店设施 齐全 服务周到 海边 很近 适合 晚上 出去 散步
1,几个 同事 大家 认为 实用 特别 送给 父母 老年人 特别 喜欢
1,下单 手中 一般 快递 从来 终于 盼到 迫不及待 打开 箱子 看到 买到 宝贝 证明 眼光 外观 没得说 比起 联想 华硕 他们 是料 玩具 高清 占用 百分之 一般 必要 电池 续航 一般 用个 小时 满意 现在 基本上 找到 毛病 这个 要求 不高 呵呵
1,活动 价格合理 内存 运行 良好 喜欢 简洁 稳重 外观 稳定 性能
0,故事 太长 不可 理解 不太 喜欢 两本 就读 下去
0,收到 之后 第一 脏脏 随手 几页 发现 里面 竟有 破损 纸张 页面 还有 漆黑 脚印 当当 工作人员 发书时 难道 确认
1,雨夜 凌晨 住进 这家 公寓楼 拥挤 功能 完备 机场 接送 服务 一路上 数次 颠醒 呵呵
1,几天 拿到 套书 真的 不错 里面 故事 贴近 孩子 生活 女儿 拿到 一直 每个 故事 带给 一样 感受 刚刚 弗洛 格找 宝藏 宝宝 一直 学着 里面 对话 里面 困住 会学 弗洛 格说 难过 安慰 一套 真的 孩子 感受 真正 友情 里面 对话 适合 孩子 模仿
1,首先 回顾 一下 本人 年月日 部分 点评 唯一 欣慰 不用 或者 弯腰 收拾 行李 本人 此前 投诉 终于 房间内 增加 行李架 可是 这次 预定 豪华 此前 本人 入住 行政 居然 不到 行李架 一时 无语 老客户 尊重 知道 银帆 如何 管理 客户 信息 有些 入住 一次 的话 系统 客户 信息 下次 入住 预先 根据 客户 喜好 相应 安排 行李架 不是 豪华 标配 至少 知道 当然 系统 保留 记录 的话 不会 知道 本人 好歹 临时 安排 知道 应不应该 套用 一句 老话 朽木不可雕
0,买回来 发现 家用 不了 为此 折腾 深刻 感受 电话 服务水平 实在 太差 电话 基本 不通 二是 打通 客服 人员 只是 敷衍 联想 服务 人员 不错 可惜 只能 上班时间
0,刚看 好象 好看 下去 发现 基本 同一个 道理 反复 地说
0,发热量 重量 控制 不好 不到 价格 这个 配置 不错 模具 造型 设计 好看 系列 漂亮 音质 提升 不少 不像 系列 简直 破锣
0,一般 服务态度 不好 有个 密封 箱子 需要 帮忙 下来 先到 前台 结帐 帮忙 下来 短短 十分钟 时间 查房 服务员 擅自 密封 箱子 拆开 翻看 里面 帮忙 拿纸 箱子 门童 上去 气愤 质问 服务员 服务员 振振有词 真是 知道 是不是 值钱 直接 拿走 幸好 只是 一些 资料
0,发热 所谓 麦克风 延迟 严重 插槽
1,超值 干净 卫生 尤其 值得一提的是 前台 办理 入住 服务员 看到 携带 小孩 主动 提出 有大床 单床 价格 不变 服务 热情周到 价格合理 真是 不错 选择 下次 肯定 还选
0,一下 用处 好象 是非 专业人士 业余 写作 网上 发表 值得 鼓励
0,布置 简约型 那种 被子 廉价 空调 极冷 温度 调节 不灵 只能 睡前 关掉 因此 感冒 早餐 质量 非常 一般 以后 不会
0,陈旧 无烟 商务 会议室 一起 白天 环境 很差 早餐 非常 简陋 服务态度 先不说 服务质量 而言 令人满意 客人 大部分 国内 开会 推荐 个人 旅行者 入住
1,性价比 费用 节约 不少 尤其 只用 一般 用途 文档 编辑 上网 适用
1,拉拉 升职 语言 简洁 流畅 主线 清晰 拉拉 脾气 聪慧 做事 专注 留下 时刻 印象 职场 秘笈 受益匪浅 可是 第二部 不好 琐碎 主题 拉拉 智慧 不见 执著 不见 变厚 闪光 故事 最终 齐浩天访 广州 拉拉 知道 这个 情节 失败 拉拉 不仅 重要 行政主管 总裁 出访 行政主管 怎么 可能 知道 不通
1,话说回来 当当 这次 邮来 遇到 那位 朋友 一样 遭遇 第十二章 不全 第十三章 整章 第十四章 重复 感到 怎么 损失 不小
1,外观 很漂亮 做工 精致 买回来 半个 多月 系统 麻烦 十几张 系统盘 装完 死机 以为 机子 质量 咨询 还有 华硕 官网 原来 软件 克服 耐心 解决问题 效率 值得称赞
0,说实话 理论 来说 别说 求医 求人 不如 求己 很多 无法 完成 事情 只能 求助于 别人 生了病 能够 诊治 当然 非常 多少 完成 这件 尤其 比较严重 疾病 不去 求医 身体 不好 特意 求医 不如 求己 两本书 发现 实施 起来 难度 办法 只能 一直 医院 一直 医院 求医 求医 过程 当中 逐渐 学到 一些 医学 常识 积累 一些 医学 常识 如此而已
0,这书 不是 喜欢 女儿 这书 认为 适合 中国 儿童 其中 一本 完全 英语 单词 要教 孩子 必须 要求 家长 标准 发音 外国 孩子 来说 一本 以内 识物书 意义 要学 英语 同类 专业 教材 很多 情节 中国国情 不同 孩子 不好 理解
1,新世纪 大酒店 真不错 第二次 入住 改造 单人间 内部 配备 液晶电脑 传真机 下次 不用 麻烦 这次 正好 赶上 游泳馆 开放 室内 游泳馆 冲浪 不错 建议 大家 享受 一下
1,同学 推荐 我读 很会 生活 知道 应该 怎样 一些 事情 妥协 或者 抗争 学生 白领 生活 熟悉 拉拉 升职 记中 窥见 那样 真实 生活 不是 一味 单纯 装傻 生活 真的 智慧 拉拉 知道 原来 白领 生活 不是 传说 残酷 冷血 不是 偶像剧 浪漫 幻想 一片 告诉 这片 海里 怎样 掌舵 事情
0,我家 宝贝 男孩子 四岁 一套 系列丛书 孩子 不怎么 喜欢 可能 东西方 文化差异 故事情节 大人 接受 不了 比如 长牙 小鸡
1,设施 难以 够得上 五星级 服务 不错 水果
1,电池 够劲 底部 突出 运行 速度 接受 风扇 噪声 不大 键盘 打字 顺畅 雾面 反光 看久 眼睛
1,里面 讲解 人员 普通话 不是 标准 台湾 普通话 影响 讲解 理解 不会 影响 瑜珈 效果
0,这个 评分 一直 特别 知道 为什么 买来 一看 发现 全是 经络 癌细胞 变成 一般 细胞 真晕
1,真是 介绍 所说 那样 开本 不少 实例 效果 打折 操作 做事 不含糊 知识 覆盖 领域 携带 随时 学用查 价格低 读者 服务 适合 初学者 一本 价值 性价比 好书 不仅 大人 能看懂 适合 孩子 家人 其实 真正 做到 易学 易懂 易用 地步 编者 设计 百姓 佩服 著作 好比 老师 手把手 一样 实用 值得 推荐
1,真没想到 每次 精心 儿子 挑选 图书 非常 喜爱 一次 例外 喜欢 嘀咕 每天晚上 睡觉 及早 起床 必定会 无论 哭闹 打仗 游戏 只要 嘀咕 放下 手上 停止 哭闹 妈妈 现在 嘀咕 喜欢 熟悉 书背 出来 真是 一本 不错 图画 色彩 稍微 一点 值得 推荐 大家
0,运行 声音 较大 知道 硬盘 风扇 声音 接受 范围 另外 小重 不是 内存条 不敢 轻易 删除 装烦 不到 驱动 受不了
1,英雄 未曾 出世 甚至 风炎 王朝 之前 盛极 天罗 首次 进入 帝都 铁甲 天驱 武士 默默地 坚持 信念 总有 那样 一种 力量 推动 平凡 人们 演绎 平凡 传奇 他们 故事 不是 传说 英雄事迹 不是 神秘 流言 只是 身边 亲近 只有 一面之缘 守护 为此 他们 愿意 献出 一切 永远 存在 信仰 永远 不灭 后世 英雄 精神 之源
1,三毛 所有 作品 几乎 读过 这本 最好 其实 每本 爱不释手 三毛 三毛 荷西 每一处 生活 朋友 敏锐 细腻 情感 一生 其实 很多 可能 有梦有 一天 流浪 足迹 或心 感谢 生活 感谢 叫作 三毛 女子
0,隔音 实在 太差 最贵 隔壁 有人 上网 他们 好友 上线 提示音 一清二楚 半夜 三天 钟才 睡着 三四个 小时 听到 外面 服务员 扩音器 大喊 某某 住客 起床 好像 部队 早上 军人 起来 早操 一样 居然 扩音器 大喊 操操 怪事 难道 不会 打电话 他们 他们 起床 为什么 扩音器 大喊 整栋 无法 入睡 第一次 入住 快捷 遇到 情况 以后 免费 不会 入住 快捷 宾馆 反馈 年月日 首先 感谢 阁下 选择 对于 阁下 反映 十分重视 首先 扩音器 设备 按照 叫醒 操作程序 首先 需要 两遍 电话 叫醒 无人 接电话 会派 服务员 进房 叫醒 十分 震惊 阁下 所说 情况 发生 无论 何种 原因 对于 阁下 住店 期间 愉快 经历 深表歉意 同时 进一步 加强 楼层 管理 确保 客人 住店 期间 真正 感受 一份 温馨 安宁
0,书买 长时间 一直 读过 偶尔 一段 发现 根本 下去 毅力 可能 明史 一定 理解 无法 认同 运用 网络化 通俗化 语言 明史 解读 尤其 今天 早晨 看到 当年 明月 专访 主持人 对此 保留意见
0,这次 当当 一共 购了 其中 父母 孩子 最好 医生 老年人 生病 智慧 还有 两本 求医 不如 求己 书本 切面 切口 整齐 起毛 书本 里边 很多 印得 清晰 想着 这些 阅读 价值 正品 收藏 可是 没想到 当当 居然 卖伪 货比 伪品 质量 价钱 却是 人家 两三倍 上次 别的 同事 生病 智慧 发生 以上 质量 虽说 免邮 成本 可是 不能 进伪质 货来 然后 利润 增加 真是 生气 奉劝 各位 消费者 之前 考虑 清楚
0,驱动 驱动 安装 之后 上网 安装 安装 之后 效果 性能 评分 得到 最低 分是 桌面 特效 得分
1,物有所值 看来 安徽 人民币 江苏 人民
1,女儿 六岁 半读 有些 一会 读完 放在 一边 发现 经常 还会 翻起 同事 马上 来看 一边 一边 感叹 女儿 四岁 一定 喜欢 上面 图画 同时 培养 数学 兴趣 于是 马上 一套 非常 不错 受到 如此 轻松 有趣 数学 启蒙教育 不会 数学 厌烦 陪伴 长大 以至于 大学 高数 补考
0,系统 方便 官网 下载 驱动 另外 还要 修改 本本 重量 体积 优势 键盘 不好 使用 过程 经常 漏键 认为 键盘 设计 缺陷 赠送 携带 方便 蓝牙
1,第一次 笑笑 汤姆 小家伙 非常 入迷 看到 商场 汤姆 终于 找到 妈妈 妈妈 拥抱 笑笑 动容 座位 起来 抱抱 感到 一直 跟着 汤姆 情绪 变化 感到 非常 害怕 妈妈 并且 妈妈 一起 非常 踏实 这是 一本 第一人称 书书里 详细 描写 汤姆 妈妈 寻找 过程 心路历程 非常
1,不错 很亮 做工 精细 画图 不错 价钱 返卷 挺值 回来 系统 正版 放在 一边 不再 使用 系统 过程 比较顺利 网站 驱动
1,其实 大家 已经 全面 只能 锦上添花 网上 大半 决定 买下来 想要 重新 消化 一下 另外 同事 一本 学习 学习 以后 大家 一起 讨论 讨论 书籍 质量 塑料袋 保护 干净 平整 个题 最近 几次 当买书 质量 不错 送货 很快 尝试 当当 其他 生活用品 比如 酸奶机
0,强烈建议 取消 这个 合作 日为 招待 客人 预订 四间 客房 客人 入住 过后 发现 房间内 强烈 刺激性 气味 怀疑 装修 造成 客人 房间内 小时 左右 呼吸困难 眼睛 红肿 无奈 要求 店方 换房 前台 服务员 态度 十分 傲慢 坚称 从未 客人 投诉 气味 并称 住满 可能 调房 要求 退房 房费 不能 后来 客人 要求 退房 有关 部门 进行 空气质量 监测 这时 前台 经理 出现 调整 本次 经历 严重 影响 单位 形象 深感 奥运 国宏 服务水平 表示 担忧
1,公司 较近 选择 这家 餐饮 价格 竞争力 普通 饭店 接近 免费 注册 网站 导航 宾馆 索引 服务 说明 关于 诚聘 英才 代理 合作 广告业务 联系
1,喜欢 解放北路 很漂亮 这里 晚上 出来 散步
1,第一次 本本 不错 发票 增值税 发票 装装 好久 总的来说 不错 本本 申通 货堆 好多 路上 安全 本本
0,位置 火车站 对面 车流 密集 环境 嘈杂 适合 女士 前往 入住 时要 注明 贵宾楼 装修 稍微 好点 另外 服务 人员 效率 比较慢 不能 心急
1,高分 显示 效果 不错 显卡 想象 出色 散热 不错 风扇 很静 小键盘 起来 方便
0,当时 同事 极力推荐 看到 网上 介绍 名人 位置 鼓噪 忽悠 大于 同事 甘心 硬是 来看 果然 看后 大呼 上当
0,出风口 温高 别的 不热 随机 驱动 方便 模具 没动省 成本 鄙视 待机 文档 编辑 高清
0,键盘 山寨 摄像头 模糊 估计 只有 系统 及其 驱动 不好
0,书中 相信 有些 认为 最好 不要 相信 书上 估计 每个 癌症 早期 还有 穴道 一般 上班族 来说 不太 容易 找到
0,屏幕 还有 屏幕 亮度 设置 办法 关机 保存 几个 软件 亮度 作用 只好 手工
1,钢琴 外壳 透着 水纹 肌理 不错 配置 不错 合理 搭配 物有所值 系统 运行 流畅 一般 办公 足够
1,本来 只是 放大 大盂鼎 铭文 突然 看到 这本 收集 于是 买来 之后 意外 发现 这本 几乎 一见钟情 字体 秀丽 圆劲 大盂鼎 多方 肥壮 之笔 不过 书后 吴大 所临 季子白 铭文 雄壮 还好 基本 走样 不像 吴昌硕 石鼓文 掺入 笔意 这本 装订 还好 基本 中间 留缝 除了 前面 两张 铭文 左右 粘到 装订 线里 以外
1,我订 高级 吸烟 幸运 升级 行政 楼楼 很大 服务 人员 亲善 九龙 服务 人员 笑容 好太多 下次 还会来 帝京
1,配置 不错 小黑 有着 小黑 出色 键盘 沉稳 外观 价格 实在 没什么 可说 质量 应该 其他 品牌 保证 用户 舒适度 不错 不比 其他 系列 吸引力 机器
1,承诺 接机 飞机 本来 应该 晚上 稍晚 加取 行李 分才 出来 服务生 已经 出口 举牌 只有 热心 态度 感谢 市中心 机场 市区 蛮远 接机 真的 方便 想象 价格合理 干净 知道 官方 怎么 评级 个人 不错 补充 点评 年月日 已经 多月 起来 不错 看来 以后 机会 肯定 还会 这里
0,早餐 不如 傍边 长途汽车站 可想而知 外面 环境 样子 这里 中转 旅客 样子 我见 尼姑 和尚 设施 招待所 好点 样子 名字 时尚 真的 可比性 有个 米兰 俱乐部 估计 还有 桑拿 按摩 这个 不用 大家 晓得 干吗 每天晚上 准时 电话 响起 招不招 大家 掂量
0,玩意儿 文笔 实在 太烂 明白 为什么 怎么 这么 多人 颗星 你们 工作
1,所谓 山景 是非 海景房 而已 山景 可言 海景房 确实 有景 条件 尽量 只是 窗帘 边上 不严 早上 光线 进来 如同 一般 可能 引发 早醒 另外 窗外 隔音 不佳 风大则 呼呼 响得 明显 想必 不了
0,第一次 当买书 后悔 卓越 送货 速度 太慢 现在 没到 希望 看到 书后 好点
1,书到 之后 我先 粗略 大概 然后 告诉 六年级 儿子 时间 读请 一天 两三 读后 告诉 这些 孩子 生活 什么样 怎样 生活 哪个 孩子 介绍 哪个 孩子 介绍 不够 到位 最后 介绍 他会 怎样 介绍 生活 告诉 人们 生活 怎样 呵呵 达到 初衷 孩子
0,这是 一本 小学 读物 以前 评书 方式 深得 小学生 喜爱 至于 中学生 是否 喜欢 不得而知 作为 成人 不是 感兴趣
0,看到 首先 杂乱 开始 好几页 互相 吹捧 的话 然后 几十页 废话 接下去 一会儿 谈谈 这个 一会儿 谈谈 那个 偏要 按个 标题 每段 里面 的话 重写 一边 浪费 纸张 着重 表示 完全 黑体 加粗 印刷 人为 增加 篇幅 增加 页数 提高 定价 实用 上当
1,来说 不错 卫生间 设施 没什么 还有 办理 会员卡 好象 要价 太贵 至少 所知 格林豪 泰是 免费 办理
0,浅薄 对于 已成 来说 浅薄 对于 成家 来说 启发 不大 值得 一买
0,本来 打算 这里 入住 由于 网络 极差 导致 本人 网络 会议 数度 中断 严重 影响 工作 匆忙 离开 客房 映像 模糊 唯有 哪位 业余 映像 深刻 大堂 装修 服务员 热情 对于 那些 要求 高品质 网络 用户 提倡 入住
1,好书 大家 分享 即使 不是 美术 爱好者 读后 必会 收获 热烈 推荐 大家
1,预订 要求 正朝 中山公园 行政 楼层 以前 介绍 朋友 这么 订有 超过 礼拜 这次 通过 预定 只能 尽量 安排 不能 直接 确认 失望 设施 不错 偏小 白天 风景 不错 行政 酒廊 全免费 非常 划算
0,注意 你们 发货 收到 一样 第五 本缺 第四 真是太 遗憾 整套书 全废
0,明明 只到 原因 以后 怎么
0,说好 地段 闹市区 中心 价格 便宜 房价 早餐 不好 门口 单行道 知道 怎么 开车 进去 最后 逆向行驶 进去 警察 摄象机 知道 有没有 停车 很少 停车 客人 总台 保安 态度 差朝 大街 对面 商场 喇叭 刺耳 卫生间 洗澡水 难调 淋浴 四周 一个半 拉浴 遮挡 洗澡 卫生间
0,黑店 退房 就要 加收 半天 房费
1,不错 硬盘 摄像头 罗技 带工 鼠标 接口 安静
0,作为 香格里拉 金环 行政 会员 每次 入住 香格里拉 回家 中山 香格里拉 出现 一连串 低级 服务 留下 及其 恶劣 印象 珠海 机场 接机 服务 到达 机场 出口 看到 接机 第一次 遇到 情况 打电话 催问 分钟 后车 豪华 楼层 豪华 行政 酒廊 办理 入住 安排 东楼 之间 多分钟 入住 豪华 使用 酒廊 方便 为什么 安排 楼层 征求 意见 入住 手续 所有 香格里拉酒店 耗时 最长 一次 当时 办理手续 应该 分钟 老旧 烟味 浓重 升级 套房 事先 说明 绝对 不会 接受 另外 一间 豪华 升级 安排 东楼 六楼 到底 为了 早餐 中餐厅 有元 双人 套餐 先到 几个 点心 并且 嘱咐 服务员 客人 按照 套餐 单再点 几个 点心 应该 按照 套餐 结帐 客人 服务员 递给 一张 零点 菜单 另外 几个 点心 另外 结帐 结帐 这点 小钱 香格里拉 堕落 退房 要求 开发票 事先 说明 两种 发票 一种 手开 一种 定额 撕票 为什么 事先 客人 说明 一下 动手 一路 顺利 一向 美好 香格里拉 中山 怎么 堕落 这么 地步 严重 不爽
0,公平 整本书 广告 每件事 辩护 拜托 家事 家里 解决 哲学 书名 骗人
1,不错 干净 早餐 糟糕 基本 好吃
0,系统 不是 高级 误导 伤心 以前 小黑 质感 不如 从前
1,不错 系统 小麻烦 对装 系统 熟悉 可能 会用 较长 时间
1,怀孕 儿子 现在 儿子 已经 特别 健康 朋友 女儿 结婚 送给 礼物 希望 生个 健健康康 宝贝 日本 专家 孕期 指导 特别 体贴 实际操作 价值 每个 妈妈 身体 变化 注意事项 宝贝 肚里 变化 注意事项 大小 提醒 特别 告诉 所有 家人 同事 朋友 他们 照顾 幸福 妈妈 等等 这样的话 真的 体贴
1,学术 类书籍 大多 许多 专业 晦涩 词汇 此书 不同 编者 专业性 普及性 配比 拿捏 十分 到位 不会 小说 那样 读完 一无所获 不会 教科书 那样 昏昏欲睡 而是 积极 阅读 每读 章节 一定 收获 书中 许多 测试 值得 玩味 无论 是否是 心理学 爱好者 应该 读一读 其中 许多 理论 不能 算是 多么 深奥 知识 而是 应当 普及 常识
0,分为 易中难 部分 涉及 广但 不够 详细 单元 只有 两个 对话 一部分 生词 送来 光盘 已经 裂掉 不能 知道 网上 不能 找到 下载
1,客人 已经 几次 挺不错 希望 继续 保持
1,补充 两点 卡洛斯 成功 在于 以下 三点 值得 学习 要选 合适 帮助 雷诺 帮要 战略眼光 选择 合适 合作伙伴 日产 东风 培养 意识 人员 交流 雷诺 日产 第三点 最为 敬佩 成功 管理者 在于 做到 多么 位置 在于 能够 培养 无数 后来者 走向 成功 企业 造血 企业 长远 发展 做好 人才 储备
0,真的 一家 最最 适合 入住 先是 服务态度 恶劣 程度 适宜 入住 举个 前台 小事 为例 海宁 观潮 期间 客户 过来 二间 先是 刷卡 授权 结帐 时说 出来 别的 机子 重新 直接 扣款 七八次 卡才 成功 前后 大概 二十分钟 一点 歉意 好象 不该 出难题 似的 一定 记得 授权 取消 天后 自动 取消 今天 收到 银行 帐单 二次 他们 交涉 真真是 再也 下次 海宁 宾馆
0,位置 服务态度 不行 装修 一般
1,服务员 真好 大雨 截在 长途车 电话 之后 车接 不敢恭维 太旧 味道 总体而言 服务
1,价格 合适 质量 作为 商务 外观 看起来 气质 耐看 哈哈
1,同事 看中 奶牛 外观 漂亮 配置 同价位 明显 高出 接口 丰富 买个 接口 全高清 电视 看起来 超级 超值 散热 不错 不会 太热有 摄像头 麦克风 直接 进行 视频 聊天 读卡器 兼容 市面上 常见 整体 性能 非常
0,真是 偏连 出租车 司机 很大 里面 设施 陈旧 一住 进去 骚扰电话 跟踪 真是 免费 注册 网站 导航 宾馆 索引 服务 说明 关于 诚聘 英才 代理 合作 广告业务 联系
0,硬盘容量 实际 查看 分区 只有 多一点 打电话 华硕 销售 解释 还有 隐藏 分区 黑色 表面 容易 指纹
1,青岛 拥有 众多 京剧 戏迷 票友 吸引 许多 京剧 前贤 这个 码头 演戏 献艺 四大 名旦 四大 须生 周信芳 唐韵 京剧 大师 多次 青岛 演出 受到 极为 热烈 欢迎 多年 青岛 票房 林立 人才辈出 不少名 下海 进一步 展示 他们 出众 才艺 年言少 朋张 小楼 伉俪 青岛 振兴 几乎 失传 老生 艺术 全国 产生 极大 反响 青岛 京剧 渊源 很深 值得 一写
0,散热 过大下 无法 安装 任何 系统 只能 纯美 按步就班 环环 安装 方可 完成
0,典型 垃圾 同档次 王府 饭店 李汪 大酒店 差得 服务 设施 服务生 上帝 好像 他们 似的 无缘无故 态度 极其 恶劣 别说 笑容 建议 不要 那里
1,外观 不错 底板 黑色 白色 不是 特别
0,设施 一股 发霉 味道 价格 出奇 早餐 对面 相比 完全 竞争力 建议 入住
0,听说 十几年 历史 所谓 三星 一次性 剃须刀 提供 另外 块钱 不如 火车站 周边 商务酒店
1,原装 原装 鼠标 三星 金条 内存 移动硬盘 下手
0,地段 方便 超难 打车 服务 到位 酒店设备
1,有个 亮点 倒霉 看来 这款 亮点 不少 中间 位置 不爽
1,交通 方便 当然 火车站 周边 略显 嘈杂
0,东拉西扯 加入 个人 社交活动 作为 医学类 专业 文笔 一般
0,正版 光盘 没法 启动 别谈 安装 实在 明白 已经 要求 修改 为了 本子 没法用 要求 退货
1,正版 家庭版 操作系统 全国 联保 避免 安装 麻烦 放心
1,这个 世界 可怕 人心 一场 突如其来 巨大 车祸 幸存者 开始 一个个 死去 死神 放过 他们 看到 这里 想起 相信 一句 世上 横死 暴死 一说 只有 注定 一死 这个 故事 上官 午夜 非常 细腻 深刻 笔触 探究 人性 隐蔽 内心 影射 社会 敏感 看似 冷静 旁观 记叙 无处 潜藏着 人文 关怀 关注 呼唤 真善美 良知 回归
1,本来 看着 灰色 回复 黑色 到货 发现 图片 一样 不过 想要 这个 屏幕 完美 弧形 键盘 喜欢 散热 声音 不大 自带 系统 应该 希望 别人 不要 格掉
0,音响 完全 垃圾 实在 无法忍受 对于 音质 一点 要求 无法忍受 你们 看看 其烂 程度
0,水壶 不会 自停 到手 一盒 服务员 反映
1,套书 氏族 之王 最后 守护者 仇恨 之轮 巨龙 时代 各自 独成 故事 个人 认为 此类 适合 喜欢 魔兽 一定 了解 全面 了解 魔兽 世界 历史 世界观 不过 魔法 方面 总让 书里 描述 平衡 翻译 文笔 优美 阅读 流畅 故事性 不如 指环王 系列小说 仇恨 之轮 人性化 喜欢 一本
0,全看 知道 怎么 孩子 第一册 一小 母鸡 好好 下蛋 出去 大海 本身 没什么 接受 后来 情节 碰到 一只 小公鸡 很帅 带回家 结婚 中国 伦理道德 不太 相符 希望 买者 三思 六本 全新 打折 出售 准备 孩子
1,系列 不用 赠送 内存 温度控制 非常 噪音 不大 光驱 起来 接受
0,时尚 操作系统 完美 这款 那款 应该 那款
0,酒店设备 陈旧 浴室 设备 坏掉 服务 入住 已经 差不多 点钟 家里人 打电话 总机 特别 礼貌 电话 经常 出差 基本上 最差
0,网上 拉拉 升职 介绍 看到 书中 好多 错别字 失望 遗憾 应该 作家 文字水平
1,这是 第二次 看到 战败国 士兵 回忆录 一本 日本 人写 门槛 战役 回忆录 一次 感到 震撼 失败者 角度 体会 战争 残酷 英雄主义 花哨 按照 正常人 视角 回顾 战争 残酷 意义 粉碎 所有 战争 华丽 外衣 战场 双方 正常 战场 变成 野兽 好书 推荐 尤其 所谓 铁血 愤青 国内 铁血 文学 真实 国内 战争 作品 下来 很多
0,很多 属于 故意 编造 东东 黄瓜 玉米 哪里 这些 东东
1,饮食 生死 一本 通俗易懂 健康 科普读物 从中 认识 食物 健康 影响 如此 之大 许多 疾病 发生 饮食 健康 有关 正确 合理 饮食 远离 很多 疾病 同时 知道 那些 有益 功能性 食物 健康 调理 方面 作用 正确 医疗 配合 功能性 食品 调理 疾病 康复 螺旋藻 不错
0,接口 只有 两个 英寸 应该 轻薄 一点 操作系统 不如 自如 关键 很多 重要 软件 比如 杀毒软件 很多 兼容 郁闷
1,可惜 不能 帮忙 内存条 同学 第二个 双击 备份 不行
0,第一次 这么 可能 黄金周 关系 价格 档次 根本 等同 纱窗 马桶 空调 灌水 山庄 饭店 吃饭 放盐 价格 上海 差不多 整个 宾馆 好像 卫生 工作 似的 总结 出来 三个 脏乱差 下次 不住 这里 怕怕
1,刚买 不到 一个月 前两天 起来 非常 眼睛 无意间 发现 原来 屏幕 特别 厉害 很晃 以为 眼睛 太累 朋友 见证 一下 厉害 太伤 眼睛 其实 去年 刚出 一台 起来 今年 过生日 男朋友 作为 生日礼物 一台 可是 这么 不好 需要 解释
0,送来 不亮 粗心 没试 刷卡 收货 还要 维修点 检测 然后 折腾 现在 机器 没用 下单 有个 选项 是否 代为 试机 一下 质检 部门 应该 注意 一下
1,原来 预算 相差无几 满意 颜色 不错 市面上 另有 一款 蓝色 这个 好看
0,这家 充其量 只能 算是 三星 无论 硬件 软件 方面 来说 不到 五星 标准 网上 预定 三个 房日 入住 前台 告知 收到 预定 经过 联系 足足 半小时 入住 其间 得到 前台 一句 道歉 的话 几个 不同 楼层 同一 楼层 事实 不是 后边 同行 还有 几个 朋友 入住 分到 楼层 证明 不是 而是 前台 有意 刁难 前台 理论 一番 之后 几个 安排 一起 真是 生气 以后 再也不会 入住 另外 前台 直接 入住 价格
1,送货 及时 包装 屏幕 无亮点 散热 不错 原本 有些 担心 华硕 散热 不好 噪声 配置 得分 功能 性价比 总之 不错 惠普 联想 性价比
0,看到 报纸 连载 强力 推荐 朋友 朋友 看后 吹捧 情节 一般 丧气 兴趣
0,同事 反馈 回来 信息 这个 实在 太差 招待所 差不多 唐山 性价比 一点
0,套书 买回来 孩子 太大 兴趣 随手 翻看 几次 现在 抽屉 以后 慢慢 看吧 不知 是不是 习惯 图画书
1,中学 孩子 收到 之后 浏览 一遍 书写 不错 帮助 成长 好奇心 极强 中学生 了解 生理 心理 特点 以及 如何 交友 远离 有害 书写 全面 农村 长大 小时候 根本 看过 一类 很多 弯路 值得 成长 中学生 一看 家长 一下 指导 处于 青春期 孩子 成长
1,还有 书中 一句 留下 很深 印象 读的书 越多 理解力 越强 聪明
0,优点 电梯 开封 宾馆 电梯 晚上 好像 小姐 电话 骚扰 开封 宾馆 骚扰 最后 干脆 按摩 小姐 电话 聊天 起来 缺点 招待所 设备 老化 能算星 价格 高性价比 不好 门口 乱哄哄 感觉不好
1,借用 老徐 封面 的话 说读 聪明 女人 享受 会心 看过 第一部 第二本 小说 凝聚 职场 风云 冷暖 看过 关于 职场 很多 只有 两本 印象 深刻 读过 之后 过瘾 人际关系 专业知识 统统 恶补 一遍 关键 城外 窥探 高墙 里面 故事 时刻 准备 跻身 其中
1,晚上 点至 凌晨 之间 骚扰电话 常常 无法 入睡 总台 反映 起到 作用
0,快岁 女儿 喜欢 同时 还有 女孩子 必读 公主 故事 女儿 近期 特别 喜欢 迪士尼 公主 梅拉 全套 这个 第七册 没想到 女儿 公主 故事 只是 这个 梅拉 还要 过来 不断 翻看 发出 咯咯 笑声 几遍 发现 几年 书里 喜欢
1,通过 几个 故事 讲述 职场 人际关系 处事 道理 真实 故事 好像 身边 发生 一样 不管 即将 踏入 职场 正在 职场 摸爬滚打 来说 值得 读一读 好像 故事 琐碎 事情 很多 年终 考核 难以 得到 高分 老板 不会 几张 机票 看到 只有 多少 可是 难道 订机票 不是 工作 值得 细细 回味 只读 一遍 时不沟
1,比较满意 布置 别致 液晶电视 数字电视 卫生间 干净 网络 速度
1,喜欢 跑马 地区 靠山 舒服 不到 两分钟 步行 时间 临近 百家 国际 超市 那里 全球 各地 新鲜 美食 扯远 一点 大家 知道 香港 寸土寸金 一点 办法 周围环境 幽雅 安静 大堂 怀旧 英式 风格 还有 免费 巴士 地铁 金钟 价格 竞争力 总的来说 比较满意
0,总台 服务员 来到 一直 没笑 很酷 宽带 想起 时代 中央空调 声音 轰隆隆 热闹 总台 安排 第天 一早 车去 机场 满口答应 退房 没人 落实 看着 酷酷 成都 没问 拉着 箱子 走到 路口 打车
1,环境 不错 尤其 下午 五点 所有 喷泉 一起 启动 真是 壮观 晚上 出来 散步 感受 静谧 清新 一排排 整齐 小灯 仿佛 走进 梦幻 世界 情侣 度假 选择 这个 遗憾 看到 桃花 花期 早餐 简单 标准 不符 退房 楼上 告知 前台 一支 洗面奶 亲自 下来 附送 化妆袋 值得 表扬 南国 桃园 处处 风景 枫丹 白鹭 值得 一住 下次 选择 别墅
0,硬件 顶多 星半 大堂 黑咕隆咚 很小 特点 管家 服务 有求必应
0,月初 入住 这家 用个 形容 糟糕 最差 星级 晚上 舞厅 一直 营业 凌晨 声音 吵杂 还有 重音 鼓点 客人 无法 入睡 不可 想象 楼层 客人 怎么 忍受 星级 待遇 早餐 简陋 这个 第一次 点评 实在 窝囊 有分 选项 我会 毫不犹豫 选分
0,设施 服务 描述 及其 相符 硬件 最多星 水平 卫生状况 一般 床单 洗不掉 污渍 床上 沙粒 房门 隔音 早餐 只有 泡饭 咸菜 每人 只有 添加 的话 后面 客人 泡饭 不到 春节 期间 服务 匪夷所思 以前 通过 预定 全国 各地 发现 夸大 星级 情况 不算 离谱 携程网 描述 实际 质量 差别 如此 之大 第一次 遇到 德清 雅兰 荣盛 山庄 硬件 服务 好几个 档次 了解 操作程序 网上 说明 照片 上传 建议 适当 一些 抽查 复核 类似 卢球 假日 情况 极大 影响 用户 信任 信息 资料 提供
0,预装 窗口 系统 散热 一般 刚买 发现 现在 正版 杀毒软件
1,应该 算是 第一次 接触 心灵 方面 非常 庆幸 找到 一本 通俗 心灵 书籍 通过 小说 形式 阐述 个个 观点 解释 的确 寓言故事 味道 不过 看到 后面 以前 物质 决定 意识 观点 好像 矛盾 意思 意识 决定 物质 理念 道理 学到 不少 击退 悲观 情绪 方法 也许 深入 进阶 阶层 几时 出来 读书 纸张 喜欢
0,显示屏 必须 到货 才能 知道 显卡 次点 键盘 质量 不好 将来 可能 出现 磁盘分区 应该 至少 三个 系统 应该 小点
0,预装 瑞星 杀软 兼容 蓝屏 不能 进入 系统 不能 自行 卸载 千万 小心 别装用 卡巴
0,回来 开机 好像 系统 进不去 总之 不会 操作 需要 急救
1,每次 网上 点评 发现 这个 不错 价格 合理 除了 一间 之外 客户 也定 一间 到达 之后 真是 不错 考虑 客户 接触 方面 升级 一次 遇到 升级 开心 宽敞 干净 服务员 热情 水果 地理 原因 窗外 风景 不是 万象 近带 客户 溜达 高兴 深圳 不去 香港 的话 这里 天才 点评 香港 的话 选择 渔村 小区 楼下 饭店 水果店 药店 非常 方便 不好
1,不错 解答 一些 日常 出现 疑问 帮助 改变 一些 错误 护肤 观念 美中不足 有些 讲得 笼统 琢磨 一下 个人 适合 美容 底子 看吧 比如 里面 多种 美容 成分 透明 精华液 多少 成分 读者 并不知道 成分 显示 浓郁 柠檬黄 这句 反问句
1,个人感觉 惠普 好点 发热 控制 不错 以前 惠普 散热 一些 喇叭 够响 屏幕 效果 比不上 显卡 目前 游戏 还够用
0,装修 设施 居然 五星 房价 实在 离谱 随便 公司 协议 出头 地段 包头 不错 周围 吃饭 方便 有个 玻璃 火锅 好吃 便宜 不过 包头 牛羊肉 火锅 可能 水平 不错 晚上 居然 小姐 尾随 乱字
0,电池 想象 冲满 显示 小时 郁闷 真的 容易 手印 机子 除了 风扇 还有 吱吱声 知道 是不是 不怎么 建议 大家 随时 鼠标 谢谢
1,应该 超出 平米 同级 少有 重装 之后 设备 不错
1,苦苦 等待 九天 心爱 终于 到手 汇款 发货 两天 发货 到货 七天 拿到 书时 感到 好笑 七天 货运 过程 中书 包裹 摧残 相当 可怜 当当 包装 相当 结实 里面 安然无恙 实用 适合 一线 教师 或者说 适合 掌握 一点 基础 好好学习 天天向上 日子 伴随
0,酒店设施 老化 服务 互相 推委 设施 怎能 享受 服务 空调 不能 餐饮 大众 食堂 标准 价格
0,来说 不怎么样 进入 当天 需要 门童 帮助 行李 情愿 样子 服务员 还要 早就 洗好 对面 看电视 延住 几天 卫生 打扫 马虎 第二天 卫生间 还要 她们 眼皮底下 打扫 一遍 这家 原来 对内 招待所 改建 扩大 很多 实施 基本上 具备 这个 不值
0,这此 恶梦 之旅 景点 完全 开发 到处 黄土 挖掘机 硬件 设施 不得了 四星 两星 差不多 产品 包含 几乎 一大半 兑现 包含 两份 自助 早餐 他们 现在 淡季 根本 自助 早餐 随便 两份 面条 打发 还有 娱乐 设施 所谓 康体 中心 空房子 几乎 装修 台球桌 乒乓球桌 还有 一面 墙上 歪歪 几个 靶纸 里面 除了 三样 还有 柜子 其余 任何 点缀 四面 白墙 里面 服务 人员 还有 钓鱼 完全 水塘 旁边 长满 荒草 一条 根本 不能 使用 旁边 全是 挖掘机 作业 自行车 不用说 外面 遍地 黄沙 景点 哪儿 完全 浪费 金钱 时间 客服 人员 不信 当地 很多 实景 照片 本来 准备 用来 投诉 发送给 你们 一赏 补充 点评 年月日 还有 烧烤 一塌糊涂 要命 根本 营业
1,今年 新装 不错 服务 接送 服务 接送 人员 热情 客人 不错 结帐 提出 改水单 每次 系统 支持 每次 最后 改过来 这点 不太 满意 希望 服务员 之前 考虑一下 设法 客人 解决问题 订票 服务 知道 是否 服务 整体 水平 一定 差距 宾馆 反馈 年月日 感谢您 选择 下榻 宾馆 提出 宝贵 意见 对于 提出 意见 已经 整改 希望 下次 昆明 选择 宾馆 竭诚 为您服务
0,装修 气味 很大 离开 记得 清楚 一串 西藏 天珠 遗漏 小时 突然 起来 后来 打电话 总台 收拾 服务员 硬是 看到 难道 佛祖 显灵 佛珠 会飞 估计 服务员 不好意思 出来 真的 服务员 品德 一串 纪念 价值 佛珠 可惜 宾馆 反馈 年月日 非常 抱歉 发生 事情 关于 阁下 反映 感到 非常 惊讶 管理层 及时 相应 调查 目前 掌握 情况 不能 确认 当班 服务员 拿走 阁下 佛珠 无论 怎样 采取措施 加强 员工 职业道德 建设 尽可能 杜绝 此类 事情 再次发生 宾馆 五星级 标准 装修 高层 观景 客房 即将 竣工 期待 阁下 光临
0,不带 外出 只好 大本 包里 携带 按键 弹力 打字 容易 错键 屏幕 垂直 分辨率 偏低 对于 一些 大小 不可 对话框 不能 完全 显示
1,冷冰冰 文字 后面 一颗 寂寞 安妮 宝贝 笔下 主人公 大都 有着 放荡不羁 叛逆 社会 格格不入 孤僻 恃才傲物 社会 淘汰 清醒 文字 深刻 读着 文字 一根 慢慢 刺入 皮肤 直达 心脏 清醒 某些 文字 粗读 只觉 不知所云 细读 产生共鸣 只是 阴暗 文字 容易 使人 沦陷 不知不觉 沉沦 安妮 宝贝 制造 那个 阴冷 苍凉 世界 封锁 内心 变得 沉默
1,刚刚 装修 好时 时隔 一年 已经 显得 有些 可能 维护 不够 服务 人员 态度 不过 硬件 差一点儿 郑州 不算 便宜 早餐 不够 丰富
1,原以为 关于 中医 文言文 一样 晦涩 难懂 读完 老师 书后 发现 原来 中医 知识 散文 一样 娓娓道来 优美 不失 专业 特点 简短 不失 深刻 道理 通俗 不失 其大 智慧 一本 值得 一读 好书 个人 美中不足 一点 通读 过后 少若能 系统 介绍 相关 穴位 疗效 相信 定会 养生 朋友 获益 不仅仅 记得 几个 关键 穴位
1,位置 非常 装修 服务 热情周到 机会 那里
1,新装修 东楼 宽敞 设施 不错 相对 隔壁 香格里拉 一店 不差 只是 其他 方面 例如 大堂 西餐厅 环境 食物 品种 改进 否则 价格 差不太远 不如 香格里拉
0,书中 语句 知道 翻译 表达 别扭 提出 有些 观点 不能 认同
1,质量 没说的 冲着 小黑 完美 可是 电源 驱动 键盘 声音 控制键 不管 研究
1,一直 一套 适合 小孩 科普 书籍 终于 目光 锁定 一套 昨天 拿到 儿子 迫不及待 全部 一遍 来说 插图 不错 套书 增加 艺术 比如 书法 图画 音乐 我想会 理想 完整 另外 感谢 服务 书到 很快 网上 大体 希望 当当 越来越 兴旺 继续 优质 服务 保持 下去
1,位置 方便 套房 宽敞 舒适 停车 过夜 收费
1,基本 设施 服务 热情 早餐 一般 江西 特色 感到 墙壁 隔音 效果 不太好
1,做工 精细 外观 非常 漂亮 不愧为 品牌 至于 配置 当然 一般 机子 价高 本人 冲着 品牌 配置 而言 满足
1,不错 一家 星级 干净 电视 太小 离床 清楚 服务 人员 态度 下次 一定
1,市内 打车 要元 偏远 一点 不过 以后 发现 环境 不错 比较满意
0,包天 话费 不出 电话 牙刷 盒子 空盒子 提供 购物袋
1,圆通 速度 挺快 晚上 广州 上车 扫描 上午 福鼎市 显示 细腻 键盘 手感 方正 外观 线条 明朗
1,金属外壳 具有 很强 科技 商务 气息 键盘 大小 普通 差不多 手指 完全 放开 不用 担心 键盘 运行 速度 装过 能流畅 运行 现在 使用 两个 上网 电影 轻巧 相比 普通 轻太多 前段时间 出差 同事 大块头 同事 买个 小本 出差
1,北戴河 附近 舒适 饭店 凯莱 管理 服务 设施 正规 整洁 建议 带点 瓶装水 饮用 环境 不错 服务 不错 效率 比较满意 餐厅 饭菜 口味 不错 不是 很贵 专门 小宝宝 准备 塑料 餐具 周到
0,清楚 国语版 谁知 收到 货一看 粤语 色彩 不好 失望
1,总的来说 不错 除了 小点 改换 其他 不错 新装修 服务 不错
1,儿子 先是 三国演义 西游记 而后 央求 全套 正好 六一 作为 礼物 儿子 爱不释手 拼音 适合 低年级 小学生 阅读 小孩子 古典文学 有所 了解 喜欢 儿子 看电视 老考 我书里 哪些 人物 故事 等等 好多 每晚 儿子 一起 阅读 享受 当当 带来 阅读 快乐 真的 物有所值
1,要是 这个 世界 人们 相互理解 的话 这个 世界 存在 歧视 一种 可怕 只不过 心智 更为 敏捷 能够 外物 束缚 远远 前面 罢了 当然 他们 不愿 累赘 拖累 愿意 独自 前面 本质 他们 无害 这个 世界 其他 人类 大家 根本 着眼点 不同 存在 资源 抢占 因此 大可不必 纳粹 对待 犹太人 那样 这个 血型 赶尽杀绝
1,小巧 电力 威猛 做工 同类产品 属于 上乘 价格 如此 配置 丰富 蓝牙 摄像头 读卡器 个口 键盘 质量
0,国学 热中火 起来 真正 文化 属于 全人类 提倡 国学 做法 本身 文化 这个 背景 出现 事务 一定 怪胎
1,只有 红尘 融合 东西方 背景 文化 人才 写出 如此 精彩 风水 小说 第二本 情节 感受 很多 惊喜 很多 意外 最终 居然 几段 爱情 感动 潸然泪下 世界各地 风水 解析 融合 对话 看起来 津津有味 分析 华尔街 风水 一段 对话 尤其 精彩 真实 地理环境 几乎 科幻 情节 虚实 交错 这本 小说 外行人 了解 风水 最佳 入口 同时 一本 精彩纷呈 魔幻 之旅
0,容易 指印 触摸板 周围 发热 内存条 显卡 标的 不符
0,不怎么样 根本 三星级 大堂 受理 慢且 服务员 你好 不会 我订 大床 电视机 卫生间 洗澡 玻璃 隔起来 空间 狭小 热水 出来 里面 全是 棕红色 铁锈 洗澡时 水温 忽冷忽热 变态 预备 网线 打电话 电源插座 不合理 电源 需要 电视柜 往前 至少 厘米 否则 不到 插孔 订餐 按照 服务指南 提示 无此 号码 于是 拨打 查询 告知 打打 过去 以后 打订 餐有 这么 麻烦 好不容易 打通 红烧 草鱼 清炒 土豆丝 紫菜汤 难吃 不如 外边 随便 餐馆 好吃 反而 多元 根本 不是 三星级 厨师 愤慨 紫菜汤 颜色 像是 锅水 紫菜 大片大片 服务 打电话 网线 难道 绿洲 饭店 很大 绿洲 饭店 已经 几次 这次 差劲 各位 推荐 宾馆 性价比 服务 特别 家常 口味 起来 可口 一点 打车 市中心 不过 而已 唯一 不足 宽带 连接 补充 点评 年月日 还有 一点 最让人 无法忍受 隔音 太差 隔壁 醉汉 那个 呻吟声 鼾声 简直 同一个 一样 看电视 声音 说话 声音 清晰
1,总的来说 不错 漳州 地区 属于 档次 地理位置 也好 对面 海鲜 排档 说个 不足 早餐 服务 不好 六个 服务员 只有 两个 干活 其余 聊天 声音 很大 希望 改进
1,开始 网站 看到 介绍 看到 各种 美誉 图画 乱乎 不感兴趣 后来 朋友 说好 一套 儿子 手上 乐得 不得了 出门 早点 非要 带上 听说 喜欢 书害 一口气 强烈要求 休息 许多 小朋友 围观 得意 看来 不能 喜好 决定 好评 值得
1,月初 黑龙江 一晚 所有 基于 齐齐哈尔 本地 情况 办法 北京 上海 大城市 级别 周边环境 不错 楼下 基本 随时 出租车 附近 还有 商场 超市 服务 主动 热情 雨伞 服务台 主动 提醒 骚扰电话 稍微 噪音 走廊 服务台 电话声 偶尔 听到 没带 电脑网络 情况 知道 火车 时间 本来 打算 延迟 小时 退房 服务台 主动 延长 小时 中央空调 还好 知道 冬天 怎么样 淋浴 热水
1,当然 超值 太平洋 键盘 系列 很多 可见 超多人 这部 跟着 群众 没错
1,环境 地点 方便 服务 下回 还会
1,绝对 正版 图书 只要 三大本 明白 吃透 辅佐 真题 相信 司考 定会 取得 极佳 成绩 貌似 司考 不是 智商 考试 而是 情商 考核 长时间 准备 关键在于 坚持 希望 同在 司考 路上 战友 取得 胜利 最好 学习 反复 重复 司考 一样 受用 踏踏实实 看书 成为 人上 先要 一阵 不是 生活 学习 日子 艰苦 寂寞 摒弃 一切 诱惑 踏实
1,本子 最具 性价比 我加 一条 金士顿 条子 兼容 拆开 内存 发现 机子 原装 内存 海力士
1,海洋公园 一天 疲劳 身体 金钟 原来 以为 其实 不是 之前 打电话 问过 前台 小姐 金钟 怎么 前台 告诉 金钟 之后 知道 哪里 找到 车站 狠心 港币 到达 前台 小姐 语气 温和 速度 挺快 一切 手续 办好 之后 轻声 告诉 升级 行政 那一刻 心里 面是 狂喜 里面 不错 不是 很大 想像中 之前 已经 去过 香港 几次 窗外 民居 看到 洗手间 干净 行李 马上 下楼去 附近 还有 几家 关门 小店 十元 一碗 云吞面 香港 来说 消费 味道 白天 下去 原来 那条 菜市场 作为 主妇 顺道 对比 一下 价钱 发现 原来 物价 真的 有些 居然 一样 价钱 人家 收入 来说 这家 方面 来说 还行 不次 机会 香港 的话 选择 一家 不过 价格 偏高 一点点 或许 暑假 原因 平时 可能 一点 每天 价格 一样 有点像 海鲜
0,驱动 较为 难装 网站 下载 声卡 驱动 依然 不能 使用 最后 需要 使用 驱动 精灵 帮助 安装 已经 解决
1,本来 准备 几个 实在 诱惑 昨晚 一夜 时间 大结局 全部 此集 明朝 末年 许多 重新 认识 对于 明朝 灭亡 最终 责任人 了解 说白了 崇祯 生不逢时 皇帝 几年 明朝 也许 延续 一百年 皇太极 孙子 不进 山海关 历史 历史 有些 明朝 那些 现在 看来 那点 而已
0,区别 封皮 专业 怎么 网友 品论 郁闷 之极
1,没话说 很棒 哈利波 套书 在读 初中 开始 接触 当时 犹豫 经济 原因 买年 之后 条件 一直 第一次 印刷 版本 当当 寻觅 根据 当当 提供 版次 信息 以为 终于 找到 第一次 印刷 版本 没想到 货到 根本 不是 第一次 印刷 有些 甚至 翻印 伤心 一种 上当受骗 拜托 当当 以后 服务 细致 点要 版次 信息 否则 不要 不要 误导 消费者 谢谢
0,我于 年月日 下单 订购 其中 之一 拉拉 升职 订单号 请问 一下 编辑 为什么 直接 跳到 书籍 质量 当当 是否 负责 尽快 答复
0,发热 特别 右手边 内存 运行 有些 慢换 系统 麻烦 分区 不合理 无线 网卡 拷贝 文件 鼠标
1,电池 续航 能力 重量 想象 轻便 键盘 起来 手感 舒服 至少 暂时 静音 效果 几乎 不到 硬盘 噪声
1,第五章 有关 木材 石材 附录 明式 家具 实例 增补 彩页 不过 王老 明确 第五章 材质 部分 表明 色泽 纹理 多样化 获得 全面 认识 作出 准确 判断 只有 实物 仅凭 几张 彩色图片 学会 鉴别 如愿 彩页 裁开 开时 小心 不要 轻易 居中 裁开 否则 破坏 折叠 彩图
0,预装 是不是 客服 打电话 不能 操作系统 保修 道理 光驱 外接 光驱 方便
1,有些 进去 居然 打扫 出来 前台 服务员 协同 不好 补充 点评 年月日 这家 服务 不如 从前 设施 以后 不住
0,很爛 很爛 兩星 差不多 知道 怎么 上去 房間 首先 燈光 暗牆 非常 浴室 非常 非常 竟然 一個 浴簾 浴盆 等等 毛巾 非常 破舊 有用 覺得 不足 服務態度 不好 一直 房間 可是 機個 登記 給換房 推三阻四 三星 標準
0,一台 裸机 发现 坏点 难道
1,先买 一本 后来 送给 两个 最好 朋友 希望 他们 一样 从中 领悟到 生命 更加 美好 秘密 生活 更加 丰盛 秘密 身体 更加 健康 秘密 以及 快速 心想事成 已经 一遍 大有 启发 打算 细细 品尝 一遍 开始 照书中 介绍 方法 体验 一些 事情 比如 某个 预想 情节 果真 真实 发生 一样 神奇
0,当当 这个 退换货 彻底 认识 当当 退换 至少 真心 退换 了解 当当 诚信 好几个 朋友 同感
1,中山 大酒店 地理位置 非常 位于 市中心 交通 购物 吃饭 方便 干净 只是 面积 特别 卫生间 稍显 局促 推荐 旋转 餐厅 自助 俄式 晚餐 一位 品种 味道 不错 性价比 隆重 推荐 现场 烤制 开始 整点 俄罗斯 男女声 双人 组合 合唱 表演 唯一 满意 双人 标准间 提供 一份 早餐券 不够 大气 提供 免费 早餐券 有种 选择 建议 不要 去层 茶餐厅 早餐券 抵用 根本 不够 超出 部分 不仅 付费 还要 支付 价格 调节税 味道 一般 推荐 去层 旋转 餐厅 早餐 早餐券 免费 自费 一位 品种 味道 远远 胜过 星级 泰达 美爵 自助 早餐 特色 印度 门童 还有 大堂 几只 你好 谢谢 鹩哥 吸引 孩子
0,预装 分区 不合理 发货 环节 存在 瑕疵 我选 发成 邮宝 事先 沟通 客服 回复 较慢 运费 期间 给我发 邮宝 收费 显失 公平 沟通 自行决定 更显 不是 做生意 而是 做官
0,定单 现在 拿到 投诉 几次 开始 客服 还给 回过 后来 音讯 这个 竞争 激烈 时代 做客 的话 势必会 淘汰 已经 失去 信心 投诉 今天 收到 当当 发给 邮件 眼不见 心不烦 既然 邀请 不得不 几句
1,紧靠 维港 风景 非常 周边 钓鱼 老人 散步 游客 非常 安逸 情景 服务 不错 安静 逛街 不太 方便 分钟 一班 穿梭 巴士 送到 地道 沙嘴 北京 旁边 开发 黄埔 新天地 不怎么样 美食 广场 商场 不怎么样 下次 血拼 肯定 不住 这家 服务
1,不错 很亮 做工 精细 画图 不错 价钱 返卷 挺值 回来 系统 正版 放在 一边 不再 使用 系统 过程 比较顺利 网站 驱动
0,本来 一套 打算 爸妈 希望 他们 身体健康 先看 一些 夸张 空洞 整套书 思维 混乱 似乎 想到 以至于 三套 书中 很多 类似 很多 穴位 详细 指出 怎么 个人 书中 案例 说服力 很多 好评 以至于 没想 一套 来说 失望 不敢 送出去 怀疑 态度
1,故事情节 不是 很强 人物 简单 说不上 波折 舒新 经典 已经 很少 有喜 前半生 那样 一波三折 一唱三叹 故事 不过 主人公 主持 信箱 过程 表现 出来 思想 处理 态度 还有 有意思 不用 不必 有些 未免 极端 作为 书架上 一堆 小说 一本 这本 的确 为了 谈不上 喜欢 谈不上 喜欢 下次 心情 翻起 知道 何年何月
0,无线 上网 掉线 知道 原因 老好 分区 重装 麻烦
0,以前 看过 高木 直子 听说 不错 这次 终于 一本 可能 不太 习惯 风格 不是 喜欢 有些 罗嗦 乏味 缺少 看后 一笑 失望
0,真是 非常 不爽 本来 慈溪 喜欢 这里 这次 本本 行政 双人间 真的 太差 晚上 温度 空调 竟然 窗户 打开 外面 汽车 货运站 跟前 一下 竟然 直接 另一面 马路 真的 太太 失望 坚决 下次 肯定 不住 补充 点评 年月日 实在 办法 共间 真的 评次 分太 气愤 网络 一塌糊涂
1,不错 经历 现代 社会 各种 压力 之后 读一读 此书 回味无穷
1,服务 通过 电话 方便 得到 服务 价格 一定 竞争力 一点 遗憾 打车 不是 方便 同时 取消 机场 客人 多少 有些 方便
0,完全 必要 预装 毕竟 多数 使用者 习惯 环境 方便
1,价位 来说 功能 配置 相当 到位 机器 外观 满意 系统 安装 起来 方便
0,锦江 贵宾楼 已经 入住 多次 之所以 选择 是因为 地理位置 服务水平 餐饮 价格 不合理 并且 现在 装修 噪音 很大 下次 不会 选择 宾馆 反馈 年月日 尊敬 宾客 由于 近期 装修 改造 带来 诸多不便 对此 深表歉意 根据 客人 反馈 信息 我店 房价 进行 调整 入住 我店 客人 赠送 欢迎 水果 免费 宽带 上网 增值 服务 秉承 宾客 至上 服务 第一 宗旨 竭诚 为您服务
1,特价 抢购 实惠 现在 价格 外观设计 上档次 内外 黑色 钢琴漆 金属 暗纹 图片 漂亮 精致 优雅 个性 朋友 喜欢 性能 不差 独显 还有 那个 效果 超好
0,扩展 口太少 接口 位置 全在 左面 设计 不太 人性化 散热 配套 散热 右面 厚度
1,性能 没得说 地球 知道 冲来 呵呵 同学 东券 划算
0,来不及 上网 只好 电话 拼命 推荐 标准 大床 房奇 只有 平米 窗外 平台 安全性 非常 不好 毛巾 非常 硬是 我见 最差 早餐 还好 品种 还有 几个 大堂 总台 服务 还有 宾馆 反馈 年月日
1,知道 牛鼻 看到 电视 主人公 这么 怦然心动 加上 本身 人心 于微 表情 不经意 显漏 好奇 现在 发觉 一点 前面 哥们儿 那样 枯燥乏味 整本书 充满 逻辑 严谨性 但读 起来 生动有趣 大量 生活 例子 说明 不同 情况 不同 分析 严谨 高级 教材 要是 一日 跟随 学习 算是 未来 心愿
1,公司 开始 实施 胜任 能力 一口气 当当 四本 关于 胜任 能力 书籍 四本 这本 适合 初学者 条例 清晰 马上 实际 应用 里面 很多 销售 企业 背景 例子 正好 公司 一家 销售 企业 实用 容易 理解 逻辑关系 清楚 还有 字体 很大 看起来 费劲 价格 适中 比较满意
0,个人 认为 符合 条件 潮湿 太重 根本 办法 入睡 浴室 条件 不怎么样 总之 快捷
0,回来 分区 不好 空间 空间 今天 下午 用分 不了 后来 恢复 原形 左手边 那个 很难
0,一般 主板 前端 总线 只有 内存 内存 全部 工作 显卡 显存 一般 功能键 部分 不是太好 可能 驱动 提货 发货 人员 服务态度 一般
0,返修 麻烦 第一次 出现 花屏 然后 申请 换货 星期
1,现在 正看 四书五经 论语 孟子 之后 大学 中庸 后来 知道 大学 中庸 三礼 之一 礼记 一书 两篇 知道 孤陋寡闻 繁体字 排版 纸张 不错 遗憾 一回 之后 下册 封面 破损 希望 以后 加强 流通 环节 质量 管理 毕竟 读者 通常 爱惜 书籍 尤其 中华书局 品质 高雅 一定 收藏 价值 瑕疵 不好
1,来说 主要 正好 事情 方便 以后 基本
0,借壳 原来 天津 乐园 宾馆 现在 居然 星级 环境 太乱 演艺 一起 娱乐场所 不像 宾馆 到处 穿着 睡衣 人们 走动 特别 早餐 连星 宾馆 不如 真不知道 那些 星级 官员 这里 洗浴 中心 享受 特别 待遇
0,想读 一些 心理 方面 或者 故事 这个 里面 剧情 离奇 心里 更是 正常 结尾 更是 神经病 心里 竟然 需要 老师 睡觉 才能 治疗 哪有 恶心 总之 最后 浪费 时间 还有 失望
0,标题 已经 全部 概括 真的 佩服 一件 事情 写成 而后 只有 一件 事情 通读 真是 同样 佩服
1,限量版 意义 非同寻常 价格 不算 太贵 比同 配置 机型 几百元 对于 球迷 来说 值得 配置 眼前一亮 一改 以往 限量版 机器 性能 印象 该机 性能 强劲 无论 显卡 留下 深刻 印象 应付 目前 市面上 所有 游戏 绰绰有余 应付 影音 更是 不在话下
0,同意书 没什么 实质 里面 食物 标示 语等 存在 翻译 汇总 里面 翻译 错误 大都 简单 单词 写错 其他 意思 实际上 错误 出现 几率 很小 或者说 无趣 比如 学生 年龄 学生 第页 写成 来说 事有 意义 英文翻译 闹出笑话 事情 很多 相信 任何人 只要 搜集 找出 一些 随便 一些 出来 不单 伤害 读者 胃口 伤害 名声 反对 娱乐性 图书 无趣 娱乐性 图书 实在 倒胃口
1,价格 实惠 配置 还行 呵呵 得分 散热 想象 一直 玩游戏
0,车到 门口 找到 原来 身边 满是 脚手架 大楼 工地 胆战心惊 走入 前台 破旧 很难 想象 四星级 我住 公寓 套房 好像 几部 电梯 只有 一步 到达 隔壁 电梯 才行 楼上 昏暗 长长 走廊 只有 一两 盏灯 一出 电梯 眼睛 一会儿 才能 看清 省钱 上午 入住 电钻 不断 楼下 原来 装修 事先 告知 我晕 客厅 较大 太空 只有 沙发 电视机 原来 那里 发呆 洗澡 热水 一问 原来 不是 统一 热水 而是 淋浴器 一桶 好长时间 晚上 第二天 早上 热水 出来 服务员 知道 为啥 四星级 热水 待遇 当然 没洗 退房 心理 身上 发痒 口渴 烧水 电热水壶 打电话 要换 库房 下班 晚上 八点 哪里 出来 其他 没人住 你们 经理 办公室 总能 解决 不行 一壶水 上来 他们 不理 只能 街上 买水 所有 家具 设备 陈旧 大家 理解 感受 平时 住店 一般 先来 看看 兄弟 网评 不好 不敢 这次 行程 匆忙 路上 电话 预订 反复 推荐 以后 注重 经济效益 注重 本身 品质 推荐 砸牌子 毕竟 你们 竞争者 补充 点评 年月日 补充 一点 宽带 速度 奇快 两个 上网 宽带 掌上 宽带 拨号上网 联众 打游戏 有线 网速 不过 无线 几次 人家 好多 呜呜
1,情节 不错 写出 祈然 冰依 尤其 冰依 死去 那一刻 感伤 最好 冰朔 回去 见到 他们 并且 相认 冰依 不再 遗憾 个人 认为 番外篇 更是 爱看 冰依 跟卫 一起 好像 对不起 祈然 看到 他们 幸福 不过 怎么 让步 幸福 现在 看来 不错 看看 爱情
0,总而言之 一句 早餐 基本上 附近 交通 方便 配套 以及 服务 一般
1,内存 硬盘 新款 独显 屏幕 高亮 清晰 刺眼 刻录 光驱 百万 像素 无线 摄像头 外加 品牌 价格 合适 断网 可能 软件 现在 发现
1,考拉 宝宝 吃饭 绘画 风格 喜欢 精致 色彩 和谐 鲜亮 一种 风格 考拉 宝宝 仓鼠 皮皮 还有 考拉 爸爸 考拉 妈妈 形象 可爱 立体感 女儿 选书 喜欢 精致 漂亮 书页 考拉 宝宝 土豆泥 豌豆 马上 女儿 豌豆 土豆 做熟 以后 应该 两岁 以上 宝宝 质量 较为 厚实 晚上 下面 看会 反光 知道 是不是 孩子 眼睛 不好 因此 白天 看吧
1,性价比 不错 设计 漂亮 外观 不错 瑞星 改成 别的
1,终于 打分 五星 非常
1,实用 机器 内存 时一看 背后 能开 盖子 应该 掌托 下面 一下 拆开 知道 散热 相当 机器 用料 到位 相当 结实
0,真的 硬件 不好 服务 我定 商务 大床 进去 一般 大床 空间 真是 虚有 其名
1,音效 散热 接受 这个 程度 电池 目前 不错 初次 使用 刻碟 无线网络 下载 连续 小时 以上
1,怎么 总是 充满 悲情 色彩 以为 迷魂 记就够 这本 居然 从头到尾 压抑 每每 以为 人物 出场 发现 怎么 身亡 状态 气氛 营造 上来 说真的 非常 到位 心情 一直 徘徊 紧张 害怕 同情 之前 游走 可惜 故事 一副 还有 续集 样子 提到 一些 决定性 人物 个性 摇摆不定 特别 气愤 迷魂 记中 人物 后续 提及 得太少
0,我要 送错 至今 知道 怎么 办理 退货 当当 售后服务 果真 网上 一样
1,不错 外观设计 做工 精美 质量 可靠 送货 速度 很快 质量 放心 多大 包装 不错 发货 速度 基本 当天 发货 刚用 不错 想象 中要
1,一般 游记 一样 画家 独到 角度 叙述 所见所闻 亲身 感想 以及 针砭 时事 感到 耳目一新 里面 主要 法国 意大利 部分 个人 意大利 部分 法国 很多 住客 原来 房子 主观 深入 心情 叙述 见闻 真正 喜欢 意大利 这个 法国 部分 像是 作业 游记 完全 像是 短期 游客 过客
0,四星 设备陈旧 不如 一般 三星 大床 标间 免费 注册 网站 导航 宾馆 索引 服务 说明 关于 诚聘 英才 代理 合作 广告业务 联系
0,正如 介绍 一样 家长 喜欢 书书 主角 设计 难看 孩子 居然 简单 简简单单 十几页 全是 一些 家长 不让 孩子 行为 知道 大点 孩子 学习 大卫 做法 能够 从中 学习 这么
0,机器配置 均衡 硬盘 摄像头 蓝牙 两个 应该 属于 商务 配置 附件 竟然 安装 驱动 一类 光盘 太小 硬盘 小点 配个
0,我定 为什么 只发 一本 使用 礼券 小美女 养颜经 发货 订单号 查查
0,不装 就算 驱动 专用 难道 不带 玩儿
0,大床 房进 发现 双人房 看看 交涉 换房 浴室 冷水 经常 热水 差点 卫生纸 可怜 马马乎乎 过去 总台 服务员 制服 服务 一般 挂牌 三星 实在 差远了 房价 不值 唯一 感到 欣慰 大门 保安 指挥 停车 积极 热情 到位 回来 不会 这儿
0,求医 不如 求己 套书 非常 实用 推荐 很多 朋友 订单 好几个 套书 送给 朋友 朋友 朋友 忽悠 其实 不是 我能 忽悠 确实 营销学 产品 推销 出去 营销 不好 产品 推销 出去 骗销 产品 介绍 朋友 共同 受益 显然 不应 销之列
1,目前 江门 星级 性价比 周边 吃饭 购物 方便 酒店设施
1,设施 陈旧 屋子里 全是 霉味 网络 收费 每分钟 每天 简直 顶层 餐厅 非常 黄浦江 美景 尽收眼底 漂亮
0,这个 评分 一直 特别 知道 为什么 买来 一看 发现 全是 经络 癌细胞 变成 一般 细胞 真晕
1,客房 设施 方面 不错 客房 服务 非常 不过 服务 差一点 西餐厅 餐点 不太好 早餐 地理位置 不错 属于 市中心 位置 只是 停车 方便 下次 还会 考虑 入住
0,价格 元间 看到 同时 结帐 其他 客人 告诉 四星 看到 锦江 之星 糟糕 电梯间 油漆 剥落 浴室 不锈钢管 锈了 肯定 星级 弄堂 唯一 韩国 进出 频繁 建议 好好 交涉 已经 大堂 投诉 根本 不值 价钱 实地 勘查 客人 推荐
1,配置 齐全 指纹识别 看着 舒服 呵呵 超值
0,地面 非常 舒服 热水 忽冷忽热 浴室 太暗 两年 入住 差异 非常 原本 预定 两晚 最后 只住 晚上 前台 服务 不佳 刷卡 大半天 成功 机器 真是 差劲
1,临街 建议 临街 后面 中央空调 噪音 不小 威海 晚上 之前 基本 马路 上车 临街 反而 安静 服务 不错 热情 位置 还好 市中心 今后 威海 考虑 再住
0,知道 标准 四星级 最差 设施 陈旧 环境 嘈杂 停车 竟然 还要 停车费 价格 性价比 简直 无法 语言表达 总之 两个 非常 三个 以后 就算 免费 不住 建议 不要 他家 合作 影响 声誉
1,入住 没什么 前台 把握 安排 那里 真是 馊臭 一出 电梯 非常 难闻 里面 这个 味道 快要 吐出来 实在 忍无可忍 打电话 总台 要求 换房 后来 换到 服务生 楼市 公寓楼 有人 做饭 说明 重视 客户 他们 会员 的话 肯定 不会 安排 还有 奇怪 为什么 总是 早餐 早餐
1,做工 除了 钢琴 喜欢 之外 喜欢 性价比 老爸 上网 老人家 需要 屏本 这个 配置 适合 拿到 预想
0,入住 手续 办理 快速 入住 告知 预定 豪华 免费 升级 公寓 这里 首先 疑问 一下 为什么 入住 前天 预定 系统 显示 状况 良好 第二天 中午 点多 入住 已经 第二 前台 价目表 看见 公寓 牌价 于是 疑问 咨询 前台 公寓 房时 性质 回答 平时 对外 办法 只能 入住 公寓 房进 一看 超级 其实 房一厅 两个 看看 里面 设施 物品 简直 昏倒 过分 床单 上面 还有 破洞 床铺 铺设 根本 平整 三星级 比不上 卫生间 地上 很脏 及其 舒服 环视 不到 一本 服务 手册 于是 电话 说明 闭路电视 选台 介绍 等等 清楚 总控 开关 门铃 打扰 浴袍 针线包 星级 应该 必备 物品 这里 气愤 酒店式 公寓 星级 评定 预定 星级 星级 任何 服务 公寓 其实 人住 晚上 需要 两室 一厅 关键 种种 不便 无法 接受 既然 升级 应该 升级 星级 定义 看见 星级 因此 只能 分数 希望 以此为戒 希望 反思 为什么 出现 情况
1,性能 不错 发热量 正常 工作 温度 几度 电池 使用 时间 小时 平衡 评分 一点 评分 外形 很漂亮 系统 界面 漂亮
1,书后 一样 原来 国际 关系 军事 斗争 还有 政治 安排 原来 冲突 战略 里面 左右 作为 博弈论 先驱 林先生 思想 高深 全面 通过 事例 这个 理论 清楚 了然 要说 感想 可能 需要 几遍 才能 形成 思想 翻译 质量 好像 不是 理想 特别 一些 理论 阐述
1,整体 标准 达到 五星级 前台 工作效率 比较慢 地理位置 不错 好找 早茶 不错 补充 点评 年月日 写错 四星级
0,系统 无法 正常 进入 硬盘 正常 声音 产品 遇到 质量 应该 属于 正常 服务态度 实在 令人 不满 对于 换货 申请 处理 极为 不负责任 制作 各种 困难 强烈要求 换货
0,容易 指纹 应该 白色 键盘 松松 底部 不够 密贴 分区 两个 不过 大小 不合理 居然 分成 上网 完全 必要 这么 个人 认为 最多
0,几次 价格 差床 要不是 宜宾 几个 宾馆 不住 今天 服务态度 极差 发誓 再也 不去 郁闷
1,运气 不错 免费 升级 不错 想象 由于 海景 套房 风景
0,真正 色戒 文章 非常 只有 十多页 其余 二百多 全是 以前 名篇 慎重
0,怎么样 清楚 客人 一月份 天气 客人 居然 暖气 供应 好像 入住 人少 暖气 关掉 怎么 宾馆
1,入住 一副 样子 前台 能否 换楼 回答 半小时 不知 为何 方方面面 有待 提高
0,重量 控制 一下 周末 一天 上海 周五 之后 下单 周日 中午 点多 送到
1,拿到 书用 六天 感动 要数 第三部 风华 云峥 稀里哗啦 看到 凤歌 一夜 白头 忍不住 唏嘘 个人 心中 希望 女主能 公子 一起 看到 君北羽 知晓 一切 那种 孩子气 想要 心爱 回来 那种 霸气 心中 无奈 可是 错过 错过 两部 恐怖 降头 日本 神兽 晚上 脊背
1,亚太 二期 一共 四个 晚上 原本 这个 两天 亚龙湾 两天 老公 太累 其他 现在 想想 有些 后悔 首先 亚太 国际会议中心 服务 的确 不错 差不多 每天 见到 服务员 主动 客人 打招呼 非常 亲切 除了 三期 中餐厅 收银员 态度 冷淡 宾馆 大堂 漂亮 游泳池 由于 事先 再三 要求 五楼 一定 海景房 这点 尽量 做到 表示感谢 陈旧 讲究 老公 不太 符合 五星级 标准 厕所 兰色 主题 干净 很大 儿子 喜欢 早上 起床 迫不及待 打开 厚厚的 窗帘 第一 美极了 棒极了 这家 早饭 一般般 由于 连住 四天 每天 差不多 品种 看上去 味道 实在 不敢恭维 要命 除了 前台 立式 空调 以外 任何 空调 吊扇 早上 每天 汗淋淋 热得 实在 吃不消 餐厅 环境 不错 一次 三期 吃饭 环境 二期 餐厅 中央空调 那里 似乎 服务员 不怕 即使 空调 不开 总的来讲 服务 不错 环境 不错 大海 沙滩 很近 三亚 美的 儿子 有些 依依不舍 由于 三亚 本身 这个 空调 太热 下次 的话 除非 冬季 那里 其余 季节 不会 再住 这个 真是 可惜
0,有没有 搞错 点评 为什么 登出来 你们 网站 维护 利益 不管 客户 感受 现在 感冒 什么世道 补充 点评 年月日 这家 服务 只有 两个 形容 服务员 素质 一分 暖气 小到 感冒 现在 宾馆 反馈 年月日 入住 期间 愉快 经历 非常 抱歉 努力 改正 提出 意见 加强 员工 教育 真诚 希望 再次 光临
1,本本 全新 小时 通电 时间 主体 玩游戏 散热 接受
1,昨天早上 昨天下午 速度 不错 坚持 送货 我验 完货 服务质量 不错 本本 看上去 不错 本来 看看 电影 打打 游戏 配置 价格 合适
0,单词 难易 程度 很多 常用 压根 不用 知道 不能 增强 记忆 无趣
1,屏幕 亮丽 非常 悦目 各项 指标 预料中 质量 不错 外观 秉承 传统 机型
1,价格便宜 品行 不错 不错 为了 这个 每天 关注 总算 朋友 一台 喜欢
0,非常 遗憾 系统盘 一共 刻张 郁闷 电池电量 只有 小时 不到 可惜 非常 痛苦
1,确实 很值 一套 故事 好看 印刷 精美 推荐
1,价格 自带 系统 不装 系统 的话 麻烦 拿到 手后 第一 时间 一键 还原 插上 宽带 速度 不错
1,有些 之后 可能 认为 整本书 只要 想想 成功 事实 不是 这么 简单 倡导 一种 面对 生活 挫折 贫穷 疾病 困难 应该 保持良好 心态 好处 事情 方面 发展 只是 一味 负面 想法 只会 越糟 反而 不到 效果 吸引力 法则 帮助 现在 已经 生活 工作 中有 一点 帮助 希望 越来越 强烈推荐 大家
0,地理位置 偏僻 不是 喜欢 主要 原因 装修 不得了 地毯 油黑 油黑 不敢 光脚 上去 卫生 消毒 肯定 到位 宽带 稳定 掉线
0,一种 调侃 方式 解读 历史 也许 大家伙儿 掌声 过后 认真 思考 一下 好像 留下 作序 专家 未必 认真 地读 此书 书中 语言 不够 严谨 逻辑 有些 混乱 已经 下去 二三 静静的 一边 恐怕 不会
1,小巧 漂亮 上网 文本 照片 编辑 速度 理想 屏幕 键盘 大小 还好
0,外壳 接缝 有些 过于 同事 一起 两只 一只 另一只 这个 说明 一致性 不是
1,样子 漂亮 性价比 算是 屏幕 亮度
1,自然环境 一流 宾馆 内部 装饰 附楼 相当 不错 说不上 豪华 整洁 清爽 宁静 写意
1,外壳 屏幕 键盘 保护膜 几十元 钱少费 功夫 赠品 顶级 适用 键盘 手感 还好 回车键 不错 接触 面积
1,入住 金泉 不错 整洁 干净 宽带 上网 特快 价格 超值 附近 沃尔马 超市 交通 非常 便利 服务到位 下次
1,电池 续航 不错 股票 上班时间 一直 用到 回家 不错 小时 小时
1,本来 不是 喜欢 文字 插画 性质 读物 不划算 嘿嘿 阿狸 故事 喜爱 至极 的确 几米 几米 据说 故事 网上 看到 阿狸 妈妈 对话 何为 死亡 阿狸 对话 问及 何为 人生 无一 引人深思 不错 值得 反复 回味
1,协程 价格 下次 出差 还会 这里 不错
0,钢琴漆 容易 收集 指纹 散热 马马虎虎 适配器 左手掌 其他
1,妈妈 糖尿病 全家 很着急 除了 药物 治疗 食疗 妈妈 整天 饮食 单调 无意间 发现 买来 妈妈 妈妈 高兴 国内 著名 内分泌 专家 编写 科学性 图文并茂 教给 妈妈 选择 适合 食物 讲解 为什么 适应 糖尿病人 以及 怎样 烹调 方法 还有 食物 组合 妈妈 严格 按照 书上 血糖 控制 妈妈 再也 饮食 单调 开心
1,不错 古典 现代 前台 服务 一般 基本 见不着 笑容 地理位置 不错 尤其 喜欢 数码产品 年轻人
1,已经 第二次 入住 这家 第一次 面对 柳江 景观 不过 这次 前面 已经 修好 交通 方便 服务员 依然 一如既往 微笑服务 特别 推荐 下楼 旋转 餐厅 夜幕降临 时分 这里 用餐 柳江 两岸 景色 不过 这家 适合 长途电话 分钟 电话费 收费 最高 一家 宾馆 反馈 年月日 非常 感谢您 支持 厚爱 柳州 宾馆 致力 打造 柳州 性价比 最高 宾馆 五星级 标准 装修 高层 观景 客房 即将 竣工 期待 光临
1,孩子 营造 学习 英语 环境 培养 孩子 感情 一举两得 不过 奉劝 各位 父母 不要 太过 急于求成 慢慢 拿来
0,鼠标 不好 金属 材质 视频 喇叭 音量 变小 听不清 对方 说话
0,无线 网卡 容易 路由器 搭配 发货 速度 满意 订单 天后 能够 网站 找到 信息 挺快 订单 后天 收到 货货 网站 一天
1,做工 十分 精细 细节 非常 一贯作风 十分 喜欢 态度 值得尊敬 悬浮式 键盘 特别 舒适 声音 性能 强大 大型软件 游戏 得心应手 目前 安静 内存 单条 适合 升级
1,每一 不错 介绍 悲伤 动物 生死 一件 自然 事情 只要 日常生活 孩子 慢慢 讲讲 接受 其中 三本 不到 孩子 认真 其中 关注 故事 结构 有些 类同 语言 不错 图画 只是 美中不足 错字 漏字 现象 不能不 一种 遗憾 想想 小时候 看过 从来 错别字 怀念 当时 做学问 严谨
1,收到 看着 宝宝 几乎 时间 挤出 所有 时间 二天 真的 至今 为止 看到 最好 一本 育儿 教育 儿子 路上 路灯 审视 平时 一些 习惯 发现 文中 提到 几处 知道 妈妈 细节 几乎 影响 宝宝 一生 真的 感谢 作家 一本 好书 问世 真的 庆幸 儿子 一岁 看到 一切 来得 改正
1,质量 服务 不错 朋友 介绍 这里 不错 第一次 网上 购物 第一次 献给 哈哈
0,一本 加拿大人 中国 可怜 英文 示范 告诉 正确 英文 且不说 方式 不到 几个 单词 准确 表达方式 那种 嘲讽 态度 无法 接受 没错 英文 母语 如何 价格 不值
1,朋友 一起 区别 稍微 厚点 远看 几乎 没什么 区别 朋友 喜欢 这个 价钱 性价比 不错
0,见过 价格 便宜 设备 特别 陈旧 昏暗 外部 内部 特脏 上面 宽贷 竟然 还要 要钱 也罢 地址 不能 自动 获取
1,好友 心理学 影响 喜欢 上素 拥有 专业知识 佩服 中素 黑以 接触 个案 契机 读者 传达 一种 态度 别人 学会 两个 不同 个体 一起 产生 很多 矛盾 误会 书中 个案 偏激 说法 来看 很多 牛角尖 于是 爱情 变成 一种 伤害 看到 芸芸众生 爱情观 发现 很多 局面 逼出来 改变 懂得
1,价钱 不错 芯片组 使用 速度 很快 感到 区别 可能 广告 呵呵
0,第一 预订 作为 钻石 客户 一直 以来 预订 效率 正确率 比较满意 本次 预订 上海 世茂 皇家 艾美 感到 非常 气愤 烦人 由于 出台 房价 政策 连住 以上 房价 否认 本人 确认 订单 连住 以上 房价 前后 交涉 下次 重新 恢复原 订单 有效性 此事 得到 解决 反映 两个 重要 一是 上海 世茂 皇家 艾美 经营 诚信 客服 一再 确认 之下 承认 修改 房价 政策 同意 按照 订单 标准 收费 二是 处理 客户 机制 反映 迟钝 不负责任 表现 第二 入住 感受 地理位置 相当 优越 出门 南京路 步行街 周边 西式 餐饮店 看到 唯一 优势 坐落 大楼 设计 独特 三角形 大堂 位于 以下 商场 电梯 很多 指定 起始 到达 楼层 从楼 首层 直达 电梯 对于 登记 入住 客人 先到 办理 手续 转乘 下楼 麻烦 所有 先到 转乘 反正 三天 电梯 转来转去 绝对 浪费时间 商务 客人 行政 楼层 室内 结构 布局 别扭 洗脸 卫生间 使用 难免 有水 地上 悬挂 毛巾 这些 忍受 床头 位置 正对着 中间 只有 屏风 晚上 门口 床垫 更是 难受 太高 太软 第二天 起来 全身 更让人 难以忍受 这个 被子 竟然 被单 而是 一条 床单 被子 半夜 全部 乱七八糟 很多 瓦数 研究 知道 很多 串联 一起 只能 同时 开启 关闭 绝对 浪费 能源 房价 两千 七百多 所谓 皇家 行政 实在 一家 性价比 极端 以后 免费 不会 再住 预订 入住 只有 受气 麻烦 舒服 值得 后来者 三思
1,小小 阿立 不会 裤子 索性 不要 出了门 受到 动物 嘲笑 丹顶鹤 站立 总是 站不稳 最后 终于 床上 裤子 看似 非常简单 无论 心理 生理特点 幼儿 特点 十分 贴切 特别 小子 家长 一定 孩子 看看 孩子 肯定 开心 特别 有意思 儿子 成长 过程 中有 阶段 需要 学习 单脚跳 单脚站立 儿子 总是 嘿嘿 阿立 一样 学鹤 站立
1,配置 合理 赠品 丰厚 品牌 值得 信赖 赠送 内存 起来 速度 不错
0,由于 五一 当天 决定 出去玩 订晚 只有 三家 选择 这家 优点 青山 湖边 要选 临湖 那面 清静 绿化 还算 缺点 设施 太过 简陋 顶多 普通 招待所 标准 卫生间 简陋 那个 马桶 简直 吓人 不是 打扫 干净 知道 多年 质量 整个 马桶 乌其麻 不要 吃饭 太湖 天目山 景区 农家乐 停车 那种 价格公道 材料 新鲜 那个 鸡汤 味道 真实 得来
0,我定 五本 唯独 一本 二十几岁 决定 女人 一生 寄送 箱子 撕扯 四分五裂 之后 有用 胶带 黏在 一起 难道 配好 货物 之后 发现 扯开 黏好
0,日订 连同 这本 一共 今天 为止 没收 到货 中途 打电话 客服 令人恶心 客服 舌头 以为 好听 京腔 办法 我查 一下 服务 早晚 要亡 当当 客户 越来越少 等着瞧 接着 忽悠
1,似乎 无意间 恶搞 开始 原来 一切都在 女主 算计 之内 恶搞 开头 很虐 部分 世人 塑月 储君 好美人 原来 仅仅 感情 眼泪 怪物 一切 偶然 一切 傻帽 言语 原来 欺骗 精心策划 推算 一切 终究 算漏 原来 还会 感情 那个 红衣 一唱 天下 男子 结为 终究 放弃 半壁江山
0,库存 信息 上海 现货 为什么 上海 订货 北京 发货 两天 时间 物流 信息 只有 第一天 记录 后面 信息 根本 没法 安排 时间 收货 最后 去取 物流 真的 对不起 牌子
1,机器 屏幕 效果 这台 屏幕 发现 亮点 机器 本身 描述
1,大陆 物业公司 业主 以及 业主 委员会 之间 势如水火 原因 很多 没有规矩 不成方圆 即便 所谓 物业管理 条例 仍然 缺少 法律 内在 价值 评析 体系 业主 权利 义务 仍然 只是 一纸 具文 不足以 各方 其位 其职 台湾 公寓 大厦 管理条例 条文 然则 直指 人心 解读 人文 关怀 良多 法律 之外 家园 情结 尤其 令人 一叹 昔日 鸡犬相闻 景致 依然 远去 但愿 公寓楼 中犹有 天涯比邻
0,开始 安装 系统 蓝屏 以为 硬盘 后来 上网 所有 华硕 这个 修改 解决问题
0,系统 无法 无线网络 咨询 联想 工程师 解决不了 不能 人家 水平 原装 软件 冲突 确实 问题所在 最后 根据 人家 思路 搞定 对于 熟悉 麻烦 老老实实 网线
0,真是 知道 不是 已经 误人子弟 随便 几页 不看 知道 一看 烧掉 前言不搭后语 东扯 葫芦 西扯 肤浅 像是 流水账 里面 感受 想象 科学依据 不足 浪费 人民币 值得 里面 月经 快要 或者 第一天 肚子痛 姜汤 尽量 多放 几片 越辣越 加上 几勺 红糖 知道 不要 乱说 害人 也许 有些 被害 红糖 起到 补血 作用 有效 储存 身体 热量 月经 千万 红糖 姜水 感冒 促进 血液循环 活血化瘀 加速 新陈代谢 月经 期间 红糖 姜水会 导致 月经 增大 严重者 导致 崩漏 参考资料 妇产科 事实证明 如此 水平 出书 真是 笑死人 健康 搞不好 害人 精神损失费
0,条件 根本 够不上 星级 只有 价格 不让 三星 老房子 设施 装修 非常 陈旧 建议 预定 能够 说明 情况 以后 肯定 不会 这里
0,纯粹 国企 招待所 作风 质量 整个 看上去 显得 陈旧
1,还行 不算 失望 地铁 号线 左右 中环 旁边 开车 方便
1,外观 时尚 配置 调制解调器 机会 偶尔 需要 传真 光屏 看不出 色彩 提货 工作人员 居然 技术人员 拆机 验机 没人过 问问 简单 没人 回答
1,性价比 非常 高价位 非常 合适 送货 速度 非常 同价位 来说 性能 很多 最大 支持 容量 以后 升级 提供 很大 空间 系统总线 一般 性能 很多
0,书一到 朋友 早已 看过 是因为 张爱玲 看过 张子静 姊姊 张爱玲 看出 张对 弟弟 热情 性格 一次 张子静 那天 张爱玲 却是 开心 样子 后来 张子静 推算 彼时 张爱玲 胡兰成 相恋 很多 不耻 胡兰成 用情 当然 反感 胡兰成 张爱 欢喜 怎样 聪明 女子 不是 不会 属于 他们 爱情 他们 品尝 承担 文字 确实 不错 一种 儒雅 里面 知道 是不是 淡淡的 气氛 曾经 心动 岁月 静好 现世 安稳
0,本人 入住 设施 陈旧 一股 霉味 住店 还收 停车费 强烈 推荐 另外 协程 给出 地址 有误 阳路 不是 浔阳 东路
1,以为 男孩子 喜欢 昆虫 看到 好评 好奇 心理 每天 女儿 虫子 故事 念完 差不多 半小时 嗓子 喜欢 有时候 兴起 角色扮演 比如 唠叨 象鼻虫 妈妈 任性 象鼻虫 老大 角色 互换 乐此不疲 现在 已经 读完 每次 念完 一本 后面 介绍 妈妈 一本 下次 第册
1,外观 漂亮 金属 噪音 接受 范围 之内 基本上 不到 触摸屏 设计 人性化
1,产品 不错 价格 合理 快递 不到 这个 城市 邻近 城市 自提
0,系统对 菜鸟 来讲 折磨 驱动 网上 声卡 驱动 找到
1,整个 老款 不过 客房 设计 非常 摩登 洁净 除了 面积 不管 行政 楼层 一般 楼层 似乎 一样 大小 其他 满意
0,开始 大意 直接 格式化 安装 发现 失败 几个 小时 装好 磨损 迹象 特别 八个 徽标
1,环境 面向 大海 幽静 适合 休闲 度假 可惜 只住 一晚 地点 自驾 方便 用餐 太贵 开车 出去
0,一般
1,华尔街 发展史 结合 中国 当前 金融市场 现状 种种 不禁 感慨 人家 差距 实在 太大 美国 资本 市场 发展 现在 成熟 程度 经历 不断 否定 破坏 以及 重塑 经历 甚至 教训 可能 一蹴而就 硬件 容易 达到 标准 可是 人心 可能 短短的 几十年 改过来 以后 一直 吃亏 哑巴亏 之后 不能 有所 吸收 有所 创新 不是 变得 保守 停滞 关键
1,位置 方便 离开 第一 夜市 非常 早餐 自助 实惠 服务 不错 很大 设施 有些 尤其 卫生间 狭小
1,性价比 超高 朋友 重要 看重 它个 小时 续航 能力 超值 超棒
1,办事效率 高速度 很快 头天 下午 订单 第三天 下午 收到 快递 自作主张 以为 端午 放假 公司 不送 可惜 老板 仁慈 客服 假期 休假 播放 无人 等候 录音 导致 浪费 很多 电话费
0,价格 偏高且 赠品 运行 最好 装个 降价
1,儿子 今年 幼儿园 小班 可爱 看书 儿童节 快到 寻思 准备 一份 什么样 礼物 儿子 惊喜 收到 那天 正好 儿子 一起 邮局 一到 迫不急待 打开 一口气 全部 特别 动物 人物 神态 表情 一遍 一遍 翻过来 对比 突然 大声 妈妈 六一 儿童节 收到 最好 礼物 看到 儿子 高兴 开心
0,专门 宽带 竟然 无法 上网 技术人员
1,曾经 暗恋 沉稳 甚至 内向 开始 以为 后来 发现 仍然 有着 特质 比如说 一旦 喜欢 对方 无论如何 不到 只是 远远 观望 一直 期待 能够 打动 身边 终于 出现 心动 女孩 知道 所谓 木讷 不过 遇到 喜欢 而已 逐一 阅读 下去 发现 真的 以此 纪念 那段 失败 暗恋
0,稍微 硬盘 初步 测试 读写 速度 一般 占用率 随机 附带 驱动 光盘 只有 驱动 无法 适用 读卡器 插入 方便
0,这次 一共 送来 一本 至于 为什么 说法 不吭一声
0,赞成 前面 点评 第一次 这边 设置 不合理 卫生间 超级 变态 推荐 入住 出差 经常 玉皇阁 北街 那边 玉皇阁 地理位置 闹中取静 标间 左右 还有 游泳池 免费 游泳 性价比 挺高 出租车 司机 知道 强烈建议 这家 收录 进去
1,配置 不错 起来 顺畅 散热 硬盘分区 容易 厦门 自提点 工作人员 态度 不错
1,抢购 很值 这款 集成显卡 够用 当时 这款 犹豫不决 看到 抢购 冲动 买下来 现在 此举 明智 呵呵 对于 平常 上网 办公 电影 聊天 够用 总之 一句 适合 另外 本本 全新 开封 完美 开心
0,酒店设施 陈旧 由于 商务 出行 需要 使用 宽带 三个 宽带 插座 信号 只能 作罢 其中 两个 电视 不知 晚上 干什么 早餐 质量 实在 很差 差不多 最差 四星
0,指纹 收集器 外壳 工艺 较差 偏软 发热量 较大 人品 不好 发现 暗点 没地 索性 个点 机器 郁闷
0,虽说 背着 费力 尤其 单肩 双肩包 不过 热天 背着 直接 家里 再也 没带 开始 还好 三天 开始 风扇 开始 噪音 影响 心情
0,隔音 很差 厂房 改造 门口 接待 差点 找到 隔壁 上海 小气
0,散热 不好 系统 稳定 刚用 一次 系统 破坏 进行 系统 修复 联想 智能 修复 系统 强大 方便 电池 使用 时间 希望 快快 进到 电池 遗憾
1,西门子 朋友 推荐 选择 这家 豪华 不错 总共 装饰 典雅 精致 有点像 英国 入住 发现 这里 日本 倍儿 听说 丰田 落地窗 干净 看见 花园 舒服 早餐 口味 不错 这里 服务 前面 朋友 糟糕 听说 西门子 主动 宽带 免费
1,非常 环境 一流 太美 空气 绿化 人流量 温泉 机会 最大 努力 安排 很多
0,当初 许多 好评 没想到 完全 别人 那样 尤其 打败 怪兽 一本 画得 恶心 孩子 时侯 吓哭 晚上 更是 不敢 睡觉 带来 烦恼 比起 青蛙 弗洛 蹦蹦跳跳 小熊 毛毛 这个 梅拉 逊色 好多 不太 适合 六岁 孩子
1,首先 性价比 这个 价位 独显 超值 其次 品质 不错 毕竟 惠普 牌子 值得 信赖 不愧 世界 第一 供应商
1,最初 小学 一遍 心中 不禁 澎湃 万分 只是 儿时 英雄 向往 初中 重读 一遍 初步 认识 人间 恶赏 高中 忙于 考大学 无暇顾及 紧张 之余 拿来 玩味 现如今 大学 时间 重新 起来 买来 一本 仿佛 回到 少年 更加 成熟 心态 审视 品研 不管 印刷 排版 字体 不错 紧凑 拥挤 看着 费力
0,到货 不准 写明 休息日 工作日 快递 威胁 一定 要收 投诉 客服 回音 只好 寻求 媒体 帮助 看来 这是 最后 一次 当当
0,简直 知道 会选 这家 除了 地段 以外 简直 一无是处 床垫 钢丝 出来 单号 天开 空调 温度 以上 早餐 空调 小姐 电话 乱打 左右
1,暑假 家人 太原 度假 四天 三晋 三天 国贸 虽说 硬件 设施 前者 远不如 后者 服务 后者 远不如 前者 一晚 太太 夜里 胃病 不仅 服务员 送来 传统 热水袋 太太 一晚 温暖 值班员 几种 胃药 过来 惊讶 第二天 一早 出门时 服务员 问候 太太 好些 感动 这里 服务 意识 好像 培训 到位 即使 大堂 负责 打扫 清洁工 遇到 客人 细节 处理 礼貌 以此 为例 孩子 生动 一课 三晋 大概 服务 水准 被评 四星级 宾馆 反馈 年月日 尊敬 贵宾 非常 感谢您 做出 倍感 荣幸 再接再励 一如既往 提供 服务 欢迎您 再次 光临 祝您 工作 顺利 身体健康 合家幸福 我店 今日 携程网 宾客 意见反馈 权限 立即 回复 再次 感谢您 支持
1,加配 一条 内存 速度 平常 一些 文字处理 信号 好比 上次 使用 要强 一些
1,小说 前段 轻松 诙谐 行云流水 从卓敏 发现 原来 彼此 赵烈 渊源 原来 他们 第一眼 并非 似曾相识 而是 早已 相见 后来 宝宝 卓敏 消失 控制 不住 情绪 一直 小说 情节 并非 尽善尽美 整体 优美 文字 曲折 主人公 命运 还有 逗趣 李氏 幽默 小说 引人入胜 多么 渴望 遇见 杨一 痴情 男子 小小的 玩世不恭 小小的 油嘴滑舌 小小的 机智 聪明
1,外墙 装修 门口 很小 进入 大门 然后 电梯 一层 很小 进门 一条 笔直 单人 走道 往里 二步 左手边 二张 紧贴着 单人床 中间 一条 单人 整个 除了 这条 其余 行走 空间 可怜 仍然 不坏 原因 可能 是因为 非常 干净 小而 干净 反而 一种 温馨 原因 是因为 弥墩 汉普顿 相比 简直 一个天 地铁站 非常 步行 分钟 香港 只要 地铁 任何 非常 方便 晚上 附近 广东 街会 很多 小吃 排档 非常 方便
0,不到 更坏 形容词 形容 以为 幽默 全是 一些 笑话 好笑
0,令人 无奈 一间 无论 哪个 方面 尤其 员工 个人 素质 特别 应变能力 试想 一下 当夜 准备 入眠 前台 电话 可否 收些 押金 作何 感想 也许 他们 似乎 足够 理由 真诚 换来 不是 尊重 而是 怀疑 一直 这个 为什么 只是 星而 不是 本来 应该 得星 这个 世界 存在 完美 家园
0,显卡 真是 不行 电影 其他 操作 画面 一下 不过 毕竟 上网 容忍
0,里面 那个 试用版 诺顿 激活 马上 变得 很慢 很慢 重新 恢复 系统 解决 分区 好苦 显示屏 位置 降低 慢慢 适应 一下
1,机器 第一眼 看上去 很大 方触 面板 新颖 不到 价格 这个 配置 不错 模具 造型 设计 好看 系列 漂亮 音质 提升 不少
1,服务员 服务 规范 早餐 品种 丰富 紧挨 路边 周边环境 早就 大卡车 鸣笛 可能 缘故 顶楼 晚上 洗澡 一半 热水 分钟 慢慢来 冬天 忍受
1,今天 终于 全部 搞完 除了 附录 以外 有话要说 首先 看到 最后 一章 关于 宫本 不禁 有种 有意思 想法 现在 以下 日本 送到 美国 留学 总之 获奖 畅销书 方面 写作 相当 不错
1,价格 偏高 好象 连云港 偏贵 早饭 不好 不错 窗外 风景 还行 重要 窗户 隔音 床小 明珠 万豪 好些
1,南山区 办事 的话 这里 方便 门口 哪个 方向 稍微
1,价格 很能 接受 外观 很漂亮 寸屏 看起来 舒服 独立 小键盘 方便 散热 不错 鼠标 非常 可爱
1,体积 很小 六芯 电池 续航 时间 估计 坚持 小时 金属 拉丝 做工 一流 散热 工作 一段时间 并未 风扇 声音
1,设施 陈旧 空调 声音 游泳池 高级 住客 收费 外面 收费 一样 难以 接受 游泳池 水太深 里面 服务员 人理 早餐 一般
1,小巧 白色 漂亮 关掉 蓝牙 摄像头 电池 用个 小时 不到
1,完美 外观 不错 打开 键盘 区域 显得 档次 还有 一排 功能键 方便 各种 接口 齐全 自带 正版 不过 希望 不要 系统 便宜 更好 实在 不来 肯定 还要 装回
1,价格 实在 惠普 机器 系统 麻烦 昆山 仁宝 代工 做个 没得 散热 不能 超好
0,要是 预装 这个 系统 实在 不来 系统 难装 明天 带到 公司 找个 懂行 人来
1,这本 小说 伤感 心碎 查理 这么 正直 勇敢 男子汉 无情 战争 绞杀 任何人 不能 接受 小托 承受 这个 痛苦 家庭 不幸 以至于 成长 充满 阴影 能够 感受 生活 带来 快乐 看到 这些 生活 平凡 缺乏 颜色 优越 却没能 精彩 活着 不停 抱怨 真是 悲哀 小托 坚强 懂得 好多
1,系统 最初 番茄花园 成功 换成 过程 顺利
0,不是 很受 别人 影响 不是 此书 最热 事实上 知道 此书 当当 最近 遇到 之前 看到 这么 感受 后悔 实质 个人 感受 罢了 典型 经典 公司 不是 前沿 公司 知道 别人 怎么 也罢 当然 知道 当当 推荐 怎么 推荐
1,好多 搞笑 牵强 搞笑 清空 万里 以后 再也 看到 真正 搞笑 小说 这本 小说 眼睛 一亮 女主 乐观 宽容 跟着 上上下下 希望 平安 报酬 拐到 老公 总是 情意绵绵 桥段 突然 来个 拐弯 忍不住 爆笑 好看 最近 看多 悲文 这个 调剂 一下 不错 偶会 第二遍
0,优点 的确 标准 海景房 窗户 看到 大海 交通 方便 对面 大润发 超市 晚上 滨海 路上 散步 缺点 太多 设施 陈旧 地毯 到处 污渍 有股 怪味 星级 不能 要求 太多 不能 那种 经济型 酒店客房 写字楼 连在一起 客房 走廊 有人 走来走去 安全感 服务水平 很差 前台 服务员 口香糖 说话 服务 非常 规范 希望 两点 退房 几乎 所有 接收 生硬 拒绝 结论 打死 不住 第二
1,不错 设施 稍微 接收 价格 早餐 楼下 商场 超市 方便 下次 选择 这家
0,我下 订单 此书 送给 其他 送到 真是 奇怪 原因
0,大家 千万 不要 这间 那里 服务员 好像 一样 特别 前台 好像 他们 全家 一样 收费 确是 收费 空调 拖拉机 不知 现在 越来越 现在 只能 每去 协议
0,只分 两个 菜鸟 不会 分要 物流 态度 不好
0,色戒 小说 以后 不会 靠色 戒作 卖点 别的 小说 文章 其他 书里 心意 瓶装 新酒
1,周围 环境 不错 景点 方便 前台 态度 不错 入住 退房 速度 很快
0,价格 设施 老旧 居然 电梯 设施 比如 麻将桌 没用 热水器 插座 设在 花洒 上方 安全
1,外观 做工 不错 挺显 档次 花里胡哨 华而不实 不少 显卡 切换 功能 指纹 功能 等等 送货 哥们 拆箱 告诉 里面 不是 让我拿 砖头 某某人 可爱 快递 送货 人员 声明 只管 送到 里面 假货 残次品 砖头 概不负责 也就是说 当场 验货 无效 呵呵 幸好 有颗 心脏 此外 毕竟 便宜 不是 出于 本意 这个 顾客 理解
0,不是 特别 得静 不知 硬盘 电源线 电源适配器 特别 稍微 一动 几次
0,接口 左侧 非常 方便 系统 驱动 不好 电池 持续时间
0,怀着 期盼 心情 此书 拿到 手后 悔恨 极其 适合 孩子 图片 有些 扭曲 人品 恐怖 容易 孩子 造成 心理 阴影 孩子 阳光 明朗 书籍 建议 推荐 时请 仔细 挑选
1,找到 一本 好书 容易 特别 这个 商业化 无孔不入 社会 文笔流畅 娓娓而谈 了解 晚清 社会 历史 很大 帮助 对待 历史 历史 人物 特别 对于 历史 人物 似乎 陷入 腐败无能 闭关自守 奴才 走狗 偏执 狭隘 死胡同 此书 理性 对待 历史 建议 配合 中国 历代 政治 得失 二十世纪 教训 两本书 来看
1,老外 关于 情感 大部分 十分 具体 理性 好象 一本 操作手册 那样 一看 只要 可能 由于 他们 追求 最高 效率 决定 这本 例外 一本 男女 情感 说明书 里面 男女 感情 理解 完善 具体 深入 男女之间 感情 上少出 照着 就行了 呵呵 不能 得到 印刷 版本 不错 了解 男女 情感 值得 读一读 找些 感悟 出新 思路 肯定 失望
1,预定 商务 大床 空调 出风口 着床 即使 微风 空调器 固定 墙上 只能 过去 调节 空调 不太 方便 电视机 不是 纯平 算是 缺陷 其他 挺不错 整体 干净 设施 基本 齐全
1,周末 推荐 无锡 火车站 起步价 貌似 无锡市 中心 地理位置 绝对 车上 司机 原来 以前 无锡 喜来登 想来 应该 不错 登记 入住 一切顺利 速度 很快 前台 训练有素 大堂 温馨 非常 干净 整洁 中归 中矩 星级 摆设 日常 保养 不错 现在 周末 活动 价格 两个 早餐 物超所值 下次 周末 无锡 这家 决定 不二 选择 宾馆 反馈 年月日 感谢您 对本 支持 最近 客房 周末 促销 推出 一如既往 保持 星级 服务 标准 欢迎您 再次 下榻 衷心 祝您 身体健康 工作 顺利
0,知道 天津 宾馆 这里 确实 总的来说 选择 绝对 不会 这里 弄脏 还要 付费 难道 他们 平时 不换 床单 弄脏 的话
0,书籍 图片 繁琐 翻译 质量 普通 我家 小孩子 不怎么 喜欢 人家 英文 用字 用语 牙牙学语 阶段 翻译 成人化
1,所谓 商务 普通 区别 对于 自带 商务 旅客 完全 必要 加元 其它 合肥 出租车 态度 很差 可能 是因为 这个 城市 出租车
0,发货 速度 奇慢 日订 现在 没收 客服 电话 每次 发货 理由
1,文章 不错 不过 太多 历史 资料 重复 步步 好看 似乎 太过 注重 历史 准确性 有些 忽略 小说 阅读 创造性 历史 史料 基础 加工 一些 而已 利用 一首 出名 曲子 歌词 一样 朗朗上口 不过 原创性 一些 步步 故事情节 精彩 人物 刻画 清楚 想象 空间 丰富 不过 秀丽 流泪 特别 两人 生离死别 描述 感人 一部 不错 小说
1,总的来说 总是 这里 公司 客人 满意 公司 超近 上楼 上班 下楼 回家
1,到位 更加 人性化 适合 心仪 囊中羞涩 朋友 乍一看 唬人 起来 那样 费劲
1,四星 不值 只是 地理位置 方便
0,还有 早餐 晚点 没什么 一般
1,最近 准备 考试 看太多 不过 禁不住 巨大 诱惑 一些 贝拉 雅各布 看到 第二章 样子 写法 有意思 已经 习惯 贝拉 角度 来看 样子 仔细 看看 狼人 想法 不错 真的 好看 现在 看着 真的 离谱 呵呵 不过 搞清楚 到底 这个 结局 是不是 出现 加油 好看 好看 好看
1,紧靠 海边 除了 入住 当晚 网络 不好 其他 满意 还有 一点 出来 打车 容易 不过 走出 路口 这段 风景 不错 呵呵
0,入住 经历 由于 临时 邯郸 时间 较晚 订满 只好 以前 通过 订住 邯郸 宾馆 设施 非常 齐备 邯郸 大酒店 应该 不会 到哪去 一进 大厅 有种 陈旧 服务生 马上 迎来 拎包 婉拒 身边 前台 办理 入住 手续 本子 上面 签字 一张 房卡 押金 上楼 服务生 离开 身边 再次 婉拒 一路上 服务生 不停 介绍 他们 国营 云云 楼刚 一进 走廊 特别 炒菜 油烟味 第一 上当 潮湿 有股 霉味 狭小 破旧 电视 黑白 外加 雪花 一想 办完 顶多 天忍 晚上 出去 见个 朋友 习惯性 检查一下 门窗 发现 窗户 竟然 卫生间 浴缸 迈过 窗台 外面 连通 缓台 服务员 询问 万一 离开 贵重物品 得不到 安全 保证 得到 蛮横 答复 入住 前后 不到 分钟 时间 态度 截然 相反 心情 不爽 第二天 早上 早餐 然后 出去 办事 送来 早餐券 打电话 咨询 是否 房卡 就餐 得到 答复 昨晚 登记 已经 签字 一口咬定 早餐券 经过 反复强调 解释 最终 勉强 早餐 极其 情愿 一顿 早餐 个人 似的 心情 相当 不爽 决定 不去 退房 前台 服务生 爱理不理 退房 找钱 押金 一天 房费 生气 单面 清楚 发现 离谱 询问 怒火 快要 爆发 三张 百元 钞票 中有 一张 残缺 三分之一 面积 当即 服务生 上下左右 看看 确认 三分之一 面积 换气 拎包 回地 大步 迈出 大门 认可 露宿街头 当然 不至于 这么 受气 最后 帮助 下定 燕赵 之星 非常 满意 态度 认为 非常 服务 非常 周到 一直 支持 忠诚 用户 一点 建议 希望 选择 合作 时能 认真 筛选 收费 服务 相符 坚决 拒绝 门外 宁少
0,机子 一模一样 也就是说 华硕 代工 屏幕 灰蒙蒙 其它
1,推荐 公司 副总 以后 好书 现在 还给 甚至 相信 此书 一人 出版 行业 有时 策划 协作 团队 操作
1,这本 有个 想法 了解 一些 关于 中东 故事 慢慢 地翻 这书 渐渐 里面 情景 感染 几次 感觉得到 眼泪 眼眶里 打转 感动 几个 主人翁 世界 变得 美好 中国 有人 关于 中国 并且 广泛 受到 关注 这些 情况 只能 留在 想象 当中 人人 拥有 慈善 之心 只是 大部分 充分 挖掘 出来
0,不仅 好看 用处 本人 一家 外企 行政 毕业 一年 菜鸟 阶级 书中 知识 弥补 欠缺 涉及 实际 理论 方面 几段 标记 特别 值得 借鉴 研究 相看
0,第一 预订 作为 钻石 客户 一直 以来 预订 效率 正确率 比较满意 本次 预订 上海 世茂 皇家 艾美 感到 非常 气愤 烦人 由于 出台 房价 政策 连住 以上 房价 否认 本人 确认 订单 连住 以上 房价 前后 交涉 下次 重新 恢复原 订单 有效性 此事 得到 解决 反映 两个 重要 一是 上海 世茂 皇家 艾美 经营 诚信 客服 一再 确认 之下 承认 修改 房价 政策 同意 按照 订单 标准 收费 二是 处理 客户 机制 反映 迟钝 不负责任 表现 第二 入住 感受 地理位置 相当 优越 出门 南京路 步行街 周边 西式 餐饮店 看到 唯一 优势 坐落 大楼 设计 独特 三角形 大堂 位于 以下 商场 电梯 很多 指定 起始 到达 楼层 从楼 首层 直达 电梯 对于 登记 入住 客人 先到 办理 手续 转乘 下楼 麻烦 所有 先到 转乘 反正 三天 电梯 转来转去 绝对 浪费时间 商务 客人 行政 楼层 室内 结构 布局 别扭 洗脸 卫生间 使用 难免 有水 地上 悬挂 毛巾 这些 忍受 床头 位置 正对着 中间 只有 屏风 晚上 门口 床垫 更是 难受 太高 太软 第二天 起来 全身 更让人 难以忍受 这个 被子 竟然 被单 而是 一条 床单 被子 半夜 全部 乱七八糟 很多 瓦数 研究 知道 很多 串联 一起 只能 同时 开启 关闭 绝对 浪费 能源 房价 两千 七百多 所谓 皇家 行政 实在 一家 性价比 极端 以后 免费 不会 再住 预订 入住 只有 受气 麻烦 舒服 值得 后来者 三思
1,性价比 非常 高元 能够 配置 笔记本电脑 非常 合算 基本上 配置
1,这次 海景房 入住 上次 入住 环境 一些 地理位置 靠近 好找 可惜 晚上 热水 凉水 不知 锅炉 太小 其他 原因 等到 第二天 早上 热水 一下子 烫得 要死 变化 太大 还有 娱乐 项目 价格 偏高 一些
1,前台 服务 不错 快捷 周到 环境 床垫 太差 上面 弹簧 该换
0,我家 小宝 同学 特别喜爱 梅拉 系列 故事 每天晚上 睡觉 非讲不可 那些 可爱 故事会 进入 梦乡 自已 喜欢 一样 梅拉 里面 图画 有趣 说话 图片 认为 现在 儿子 已经 自已 大海 希望 一段时间 一名 聆听 梅拉 迪克 卡梅 利多 卡门 贝里 科尔贝 小六子 刺头 小胖 真的 有趣 机会 一定 推荐 所有 小朋友 看看
1,完美 速度 超快 外型 设计 简洁 相比 贵有 道理 独立 显卡 好酷 真是 不错 台式机 电池 大概 使用 小时
0,骗人 教训 集结 不会 上当
1,价格便宜 介绍 提到 指纹识别 不过 这个 价位 绝对 对得起 这个 配置 相当 不错 散热 相当 基本 不会 感到 烫手 钢琴 键盘 摸上去 特别 配置 不用说 目前 主流 软件 运行 起来 相当 流畅
0,驱动 只有 驱动 装成 相信 不会 基本 扩展 接口
1,不错 推荐 同事 朋友 她们 从中 学习 学习 真的 受益匪浅 好多 事情 曾经 经历 只是 当时 意识 行为 孩子 造成 影响 有些 后悔 知道 现在 开始 是不是 来得及
1,性价比 超高 早就 想要 这台 机子 最后 这个 特价 不错
1,再次 入住 晚上 钢琴演奏
1,外观 做工 外观 喜欢 或者说 喜欢 外观 做工 扎实 屏幕 效果 不错 比起 另一台 颗粒感 稍重 色彩 表现 一些 不错 键盘 手感 一如既往 散热 键盘 底部 除了 散热 部分 其他 冰凉
1,不错 要是 凑合 无奈 家里人 只能
0,看到 报纸 连载 强力 推荐 朋友 朋友 看后 吹捧 情节 一般 丧气 兴趣
1,本人 近日 想不通 大家 共同 探讨 梦回 大清 晓薇 步步 心里 若曦 勿忘 阿离 尘世 羁里 凌儿 不辞 冰雪 为卿 热中 尘芳许 生中 若涵 还有 梦回 大清 瑶华 瑶华 恍然 如梦中 婉然 还有 秋霁 等等等等 穿越 女主们 同时 那会 发生 什么样 故事 不知 哪位 穿越 能够 写出
0,已经 付款 多星期 没收 怎么办 小心 收货 确认 留言 投诉 人理 呜呜
0,很差 暖气 非常 不阻 被子 居然 电话 豪华 下次 千万 不要
0,外观 死板 好像 电池 一般般 建议 移动 办公 用户 不要 选用 要加 内存 麻烦 肯定 破坏 保修 贴纸
1,经过 几次 保定 住宿 其他 发现 中银 大厦 应该 保定 最好 反正 来说 只要 保定 现在 这里 根据地 所谓 五星 秀兰 饭店
1,前台 态度 一般 效率 较佳 略显 陈旧 干净 整洁 设施 完备 蒸气浴 不错 性价比 值得 一去
0,炒作 这么 热才 所谓 希望 越大 失望 越大 大概 这个 意思 有点像 读者 杂志 文章
1,还好 市中心 但离 出差 公司 较近 几次
0,一次 不想 再住 第二次 一次 痛苦 经历 不想
0,色彩 偏淡 原以为 正版 系统 不错 可惜 只有 分区 非常 方便 人性化 打电话 宏基 售后 能否 帮忙 分区 回说 百元 重装系统 诚心 顾客 掏钱 网上 下个 光驱 搞掂
0,设施 广告 理想 价格 网上 所说 那样 分明 清楚
1,喇叭 杜比 音效 朋友 东芝 喇叭 最好 买回来 一听 果然 不错
0,高性价比 同时 外观 做工 包装 上面 偷工减料 塑料 模具 做工 粗糙
1,打电话 问路 总机 知道 礼宾 几个 小伙 熟悉 东向西 分不清 不过 总算 标志性 建筑 方向 商务中心 买份 地图 送上来 居然 礼宾 部忙 别的 客人 行李 半小时 足足 一个半 小时 电话 干净 卫生间 不过 退房 时落 服务员 查房 发现 发觉 打电话 总台 再查 找到 来说 吉林 能住 不错 价格 一点 便宜 无论 硬件 服务 四星 标准
0,下单 降价 这个 接受 不了 包包 申请 价格 保护 难以 接受
1,外观 配置 不错 性价比 一款 本本 买来 性能 中意 价格 也好 中意
1,已经 来回 每次 说不出来 感动 照着 书上 所说 变成 万人 瞩目 美女 呵呵 小女子 白日梦 照着 那个 洗脸 法来 尝试 脸色 真的 很大 好转 原来 老是 脸色 发黄 现在 白嫩 很多 吝啬 夸赞 老公 怎么 这个 洗脸 这么 关键 书上 那个 转腰 下腰 运动 加上 脸部 按摩 鼻梁 有所 增高 强烈建议 魅力 无穷的 女士 人手 一本
1,小学 同学 借给 很多 暑假 彻夜 迷在 机器猫 大雄 他们 冒险 故事 里面 很多 稀奇古怪 道具 还有 很多 光怪陆离 故事 真的 相当 有趣 轻松 读本 有时候 有会 伤感 悲哀 很多 多少 提到 一些 保护 文物保护 灭绝 动物 忠告 有时 静静地 想想 引人深思 总之 喜欢 一部 漫画 留下 珍贵 纯洁 回忆
0,知道 为何 音箱 老是 产生 回响 稍微 靠近 回响 产生 刺耳 不过
0,一个多月 前住 印象 深刻 外表 看起来 不错 里面 一般 印象 深刻 第天 屁股 开始 痒害 赶快 医生 还好 没什么 可能 被子 没洗 干净 上面 细菌 肯定 消毒 被子 可能 没换 建议 大家 以后 贵点 不要 贪便宜 一两百 事情 后来 咱们 东莞 海悦 非常 好多 晚上 环境 服务员 态度 总之 满意 很值 相信 深圳 海悦 不会 现在 不敢 星星 放心
1,佩服 佩服 好久没 看到 如此 精彩 几年 那些 高中生 之间 爱情 已经 不敢 兴趣 开始 穿越 古代 文有 浓厚 兴趣 之前 大家 品论 一直 大家 好评 几天 收到 货后 第一 两人 爱情 的确 资格 成为 佳话 感人 故事 紧扣 一环 接着 一环 真的 精彩 喜欢
1,上学 年纪 有些 逆反心理 越是 大家 说好 懒得 其实 逆反 不能 全算 青春期 心理 而是 确实 看到 不少 所谓 名著 根本 下去 难以想象 别人 怎么 下去 后来 索性 完全 绕开 这些 所谓 名家 之作 完全 兴趣 来看 随着 年纪 增长 慢慢 发现 大多数 情况 推荐 这些 道理 接近 不惑之年 开始 慢慢 这些 大家 叫好
0,补充 一下 洗发水 自备 认为 洗洁精 同样 洗发 的话 无所谓
0,有趣 酒店设施 还好 早上 睡觉 居然 有人 钥匙 开了门 进来 减分 不少
1,环境 档次 不错 服务水平 专业 两天 确实 不错 二楼 自助 烧烤 宾至如归
1,热门 美剧 犯罪现场 以及 类似 剧集 比如 香港 鉴证 实录 精密 医学 曲折离奇 情节 之中 生命 尸体 证物 开口 述说 总给 不够 紧张感 如此 法医 斯卡佩塔 一块块 白骨 寻找 罪证 自蹈 险境 此类 李昌钰 人物 总让 人生 崇敬 之心 睿智 理性 美丽 冰冷 悬疑 小说 架构 吹进 一阵 清风 不免 夏天 大呼 过瘾
1,刚刚 装修 室内 浓重 装修 建材 味道 窗户 无法 打开 另外 重新 装修 之后 改名 现在 仁民故 大多 的士 司机 清楚 位置
1,赵波 不再 主流 出版社 出版 可见 沦落 修正 一下 这个 说法 应是 后赵 作品 不敢 妄加 猜测 近几年 生活 即便 以前 一书 两出 滥竽充数 情况 真是 秋风 秋雨 杀人
0,适合 整本 不好 笑话 对记 单词 根本 没什么 帮助 记不住
1,不少 从来 上来 这次 入住 海景 实在 太有 感触 必须 来说 一说 前面 所有 客人 那些 优质服务 不再 赘述 这些 符合 五星 标准 而已 海景 服务 确实 做到 客人 需要 出发 实例 这次 青岛 倒霉 患上 急性 胃肠炎 大清早 医院 吊水 专人 陪同 小姑娘 提了 很重 袋子 开始 知道 后来 医院 知道 热水瓶 被子 毛巾 水果 跑前跑后 安排 吊水 以后 医生 吃点 水果 发现 香蕉 橙子 不行 马上 外面 一袋 苹果 开水烫 听说 其实 已经 下班 极力 回去 休息 坚持 不肯 整个 小时 过程 始终 微笑 坐在 对面 需要 看到 手臂 毛巾 倒水 没停 后来 终于 知道 为什么 不肯 离开 是因为 快点 过来 回到 超过 分钟 送到 这些 要求 服务 离店 等待 班车 发烧 沙发 马上 有人 送来 毛毯 问明 情况 后过 一会 送来 姜汤 然后 发现 头顶 悄悄 关掉 细节 有些 罗嗦 不过 真是 感动 朋友 也许 是因为 奥运 树立 形象 不是 很多 规定 培训 服务 意识 决不 一朝一夕 青岛 海景 花园 唯一 选择 补充 那个 服务员 块钱 小费 正常 不要 人家 跑前跑后 辛苦 坚决 不要
1,发饰 实用 那本 搞定 发式 这本 一定 专业人士 里面 造型 超级 漂亮 很多 用到 假发 假发 可见 难度 之高 只能 参考 那种 看起来 乱蓬蓬 发式 其实 整齐 难度 很多 华丽 贵气 夸张 发饰 一般 场合 适合 个人 意见 参考 收藏 没事 拿出 欣赏 照本宣科 动手做 推荐 发饰
1,外观 简洁 大方 时间 不会 惠普 机型 不错 性价比
1,样子 漂亮 别人 盘有 驱动程序
0,最大 不好 音标 不是 方便 一点 不好 或者说 幽默感 有限
0,装修 周边 休闲 购物 性价比 不高 免费 提供 上网 实际上 网上 不了 最后 还要 电脑房 才能 上网 适合 商务 出差 还要 投诉 一点 浴室 用具 包括 沐浴露 洗发水 有些 有些 只有 半瓶 可能 回用 各位 入住 注意
0,看起来 孩子 暂时 不会 喜欢 套书 信息量 孩子 喜欢 密密麻麻 小字
1,翻开 就让 沉浸 回忆 之中 幼时 点点滴滴 有时 一篇 床上 静静地 静静地 回忆 默默地 流泪 默默地 笑笑 所有 一切 不会 回来 只是 那时 阳光 现在 灿烂 那时 小草 现在 显得 更加 碧绿 一切 过去 只能 这些 回忆 坟墓 书中 有些 章节 有些 做作 主要 成功 之处 勾起 回忆 其它 无所谓
0,触摸板 太小 不好 电池 太重 不能 平放 准备 买个 电池 镜面 屏幕 反光 不是 赠品 中通 快递 低端 太慢 建议 不要 邮费
0,如题 总的来看 印刷 效果 整套书 一种 难闻 味道 不知 出版社 怎么 考虑 套书 可是 提供 孩子 阅读 这么 味道 孩子 呼吸道 可能 造成 一定 刺激 知道 为什么 获得 这么 五星
0,通过 预订 单间 前台 告诉 我订 单间 标房 强烈 交涉 单间 里面 设施 极差 一进 房门 浓重 烟味 臭味 电视 遥控 被子 超级 不得不 空调 最大 柜子 塞满 枕头 被子 洗手间 下水 不畅 洗个 地上 唯一 值得一提的是 早点 不错 总结 如下 预订 已经 预订 单间 变成 单间 标房 条件 根本 符合 三星级 标准 建议 入住
0,这个 价位 锦江 之星 隔音 不好 听到 服务员 对讲机 声音 有人 关门 开门 很大 声音 热水 出得 很慢 空调 不凉 下次 不来
1,三天 服务 晚上 自助餐 不错
1,终于 完杜 拉拉 有种 狐尾续 里面 理论 对刚 进入 职场 新手 来说 实在 深奥 宽带 薪酬 测评 系统 全部 题目 真的 应该 拉拉 升职 换成 方法 大全 人物 越来越 越来越 不相干 最后 结尾 更难 明白 拉拉 佳作 续写 续写 像是 还珠格格 系列
0,交通 方便 门口 黄河 边去 公交车 市中心 路车 设施 陈旧 进门 钥匙 牌取 电后 竟然 发现 开水壶 空烧 后来 知道 水壶 故障 不会 自动 断电 早餐 服务员 此事 未见 反应 床头 靠背 软垫 可能 由于 水质 关系 洗脸盆 浴缸 马桶 痕迹 很多 显得 很脏 地毯 干净 早餐 客人 要求 时间 送到 数量 之多 根本 吃不完 质量 一般般 好象 火车站 旁边 市场 摊子 那些 押金 一天 一天 注意 结帐 服务员 不要 发票 发票 自动 原来 价格 加元 一天 事先 加以 任何 说明
0,显示器 周围 面板 四个 摄像头 下面 标示 附近 边框 强光 下斜 看到 好像 隐裂 似的 启动 音乐 听到 左侧 喇叭 噼啪 正常 播放 音乐 不到
0,内存 不过 加装 系统 麻烦 再就是 发票 网上 查不到 奇怪 知道 售后 认不认 发票
1,套书 真的 不错 讲述 小孩子 故事 点点滴滴 透露 痛心 读后 心情 轻松 儿子 每每 在读 这些 里面 吸引 开心 大笑 淘气 孩子 变成 读书 孩子 客厅 书房 厕所 学校 总是 爱不释手 带到 学校 同学 互相 借阅 热门 书籍 感谢 老师 推荐 孩子 紧张 学习 生活 寻找 快乐 答案
0,教授 论语 不能 正确 反映 儒家 原来 思想 除了 论语 不好 别的
0,这决 黑心 完全 河南人 丑陋 特性 展现 出来 床单 掉色 内衣 染红 一点 事实证明 洗掉 她们 其实 床单 只值 开始 不想 开发票 我要 税务 他们 作罢 朋友 千万别
0,根本 没收 到订 两本书 收到 只有 一本 幸好 到货 付款 当当 难得 出错
0,兰州 我来 不想 再来 城市 第一天 入住 金轮 宾馆 一肚子 满意 一次 要求 整一个 好点 一样 星级宾馆 西兰 国际 大酒店 堪称 兰州 以及 中国之最 最差 四星级 非他莫属 晚上 入住 手续 办完 上楼 没灯 半天 由于 太晚 有些 疲倦 想到 进屋 休息 没想到 居然 门卡 开门 前前后后 折腾 终于 服务员 开了门 停车场 露天 收费 那句话 老总 亲自 入住 一下 你们 推荐 宾馆 两个 丢人
1,外观 漂亮 大方 配置 均匀 普通家庭 用用 不错 屏幕 色彩 明亮 摄像头 聊天 够用 性价比
0,送货 时间 增值税 发票 随机 发送 麻烦 大批量 采购 不知 是否 系统 装好 违背 开箱 拆封 初衷 本地 询价 价格 赠送 包鼠
1,应该 这套 贴纸 不错 或者说 贴纸 书中 最好 一种 首先 贴纸 不少 三大页 不至于 小孩子 一下子 贴完 其次 贴纸 质量 不错 女儿 基本上 撕下来 不会 撕破 再次 过程 不但 锻炼 灵巧 学到 一些 别的 知识 认物 归类 数数 识别 颜色 不过 对于 两岁 多一点 女儿 来说 可能 一些 简单 个人 认为 适合 一岁 半到 两岁 小朋友
1,老师 起来 真的 有种 心灵鸡汤 安慰 不仅仅 鸡汤 简直 十全大补 方方面面 心里 不平 平静 下来 静下心来 通读 改变 世界 一切 美好 创造 能力 哪怕 前一刻 快乐 这刻 之后 幸福 能力 幸福 美丽 迎接 一天 挑战 加油 加油
0,之前 已经 想到 很丑 没想到 收到 书后 大卫 形象 狠狠 冲击 接受 能力 实在 太丑 图像 涂鸦 不是 之前 文字说明 好多 图像 理解 不了 意思 喜欢 知道 两岁半 儿子 接受 小家伙 审美观点 三字经 起来 一套套 晚上 看看 意见 喜欢 重要 喜欢 明天 一定 上来 重新 发表
1,孩子 实在 相见恨晚 身体 怀孕 辗转 经过 老中医 调理 才能 顺利 怀孕 生下 孩子 知道 此书 买来 按照 书中 方法 调理 身体状况 更加 不至于 现在 身体状况 孕前 确实 一本 价值 得书 里面 方法 非常 可行 建议 准备 父母 买来 常用 参考
0,优点 靠近 商业中心 火车站 不远 价格 公道 缺点 设备 几乎 招待所 标准 周围环境 脏乱差 噪音 烧烤 气味 刺鼻 免费 注册 网站 导航 宾馆 索引 服务 说明 关于 诚聘 英才 代理 合作 广告业务 联系
1,家人 泰山 通过 华侨 大厦 活动 升级 实际 知道 到底 怎样 华侨 大厦 以前 很多 网友 一样 服务 热情 设施 陈旧 携程网 反馈 新装修 订房 工作人员 知道 是否是 新装修 这点 希望 以后 工作 仔细 一些 入住 华侨 大厦 门童 前台 服务 态度 热情 客人 要求 反应 很快 孩子 要求 多送 一套 洗漱 用品 放下 电话 没多久 服务员 送来 一些 询问 怎么 泰山 附近 好吃 耐心 回答 欢迎 果盘 分量 不小 实在 呵呵 华侨 大厦 设施 确实 陈旧 很多 墙纸 已经 脱落 浴室 独立 淋浴间 老人 小孩 使用 方便 良好 服务 弥补 这些 不足 价钱 不贵 接受
0,触摸板 不可 键盘 时好时坏 散热 效果 不好 重要 商城 依法办理 退货
0,粗看 很多 方面 不错 仔细 下来 一些 东东 东拼西凑 过来 扣来 很少
1,港式 语言 确实 有些 难懂 不过 基本 看得懂 不过 喜欢 林夕 曾经 文学性 更强
0,同意 两位 点评 后悔 当时 定得 冲忙 点评 除了 办法 建议 各位 看看 别的
1,首先 套书 开本 纸张 印刷 我家 宝贝 喜欢 心绘本 套书 一辑 喜欢 亨利 爷爷 幸运 门外 两本 特别 亨利 爷爷 幸运 每天晚上 读书 时间 总会 出来 然后 身边 津津有味 也许 是因为 书中 语言 温馨 优美 关心 第三辑 出版
0,常理 赣州 饭店 应该 赣州 最好 宾馆 最差 宾馆
1,环境 不错 离东百 东街口 后面 不错 免费 上网
0,五颗星 失望 书中 一些 语言 适合 小孩子 滚开 之类 小孩子 容易 模仿 建议 大家 看好 决定 个人 意见 不好
1,如题 最大 收获 生生世世 纠结 一起 已经 出现 或者说 希望 生生世世 纠结 一起 已经 出现 父母 丈夫 女儿 还有 挚友 拖沓 部分 表述 中心思想 其实 前面 全都 阐明 人生 生与死 感悟 单看 不行
1,扬子 位置 逛街 购物 吃饭 娱乐 方便 对面 大都会 太平洋 商场 背后 美美 百货 装修 不错 干净 整洁 重要 价格 便宜 总之 作为 一家 四星级 扬子 不管 服务 环境 非常 到位 甚至 一些 五星级 不过 扬子 本身 健身 中心 娱乐 设施 尝试 因此
1,一般 设施 不错 其他 一般 早餐 不错
0,内存 要是 单条 以后 升级 容易 不过 暂时 够用 目前 升级 计划
0,本来 莫太住 好好 网上 看到 这个 宾馆 后悔 宾馆 缺乏 服务 意识 进门 门童 门口 靠着 不会 客人 一句 你好 宾馆 服务员 冷漠 舒服 网线 不过 打电话 网线 一根 网线 时断时续 服务员 鼓捣 鼓捣 早上 起来 于是 一天 搬走 来说 应该 干净 商业区 楼下 广场 总之 服务 推荐 这家 真的 不如 去秋 附件
0,面前 高架 实在 晚上 没睡 宾馆 反馈 年月日 您好 首先 报歉 晚上 休息 好北虹 路店 邻近 中环 面前 中环 高架 白天 车会 多一点 以后 中环 很少 隔间 效果 只要 窗户 关上 基本上 很大 声音 并且 北虹店 客人 大多数 商务 客人 房型 各异 大多数 客人 喜欢 正面 中环 房型 采光 空气 流通性 不错 安静 面朝 小区 针对 各种 需求 客人 下次 入住 安排 入住 小区 希望 机会 感受 家家 气息
0,收到 货呀 打电话 接听 从来 遇到 事情 咨询 邮局 货物 发货单 查不到 怎么回事 全球 最大 购书 不可 信任
0,容易 粘灰 系统 非常 不好 现在 流行 备份 系统盘 无法 直接 进入 引导 安装 毕竟 不是 所有人 情况 轻车熟路
0,宝宝 二岁 三个 平时 看书 套书 却是 可能 太小 套书 适合 小孩
0,那个 系统 不怎么 会用 听说 麻烦 知道 有没有 高人 指导 小弟
0,失望 乱糟糟 一点 意思 整个 精神病 医院 哪里 心理诊所 看后 大脑 空白 心情 一点 轻松 看书 消遣 朋友 绝对 不是 最佳 选择
1,童年 每个 经历 或者 正在 经历 总有 很多 童年 美好 多少 过去 怀念 总是 听到 要是 回到 小时候 长大 究竟 多少 童年 点点滴滴 记忆犹新 至少 对于 早已 记不清 选择 原因 喜欢 回忆 记忆力 不佳 渐渐 淡忘 儿时 点滴 找回 那种 感受 平实 生活 一样 大喜大悲 处处 感动 尊敬
1,简约 简单 喜欢 风格 赶上 特价 用券 下单 到手 不到 小时 非常
0,父母 回来 不及 盛华 早餐 不行 唯一 风景区
0,哈哈 宾馆 太逗 大老远 北京 一住 发现 整个 老干部 疗养所 到处 西服 打领带 大肚子 老干部 旁边 一般 还有 美女 陪同 有意思 可能 老干部 设计 绿色 地毯 大大的 不过 设施 齐全 可是 这个 价钱 这个 不划算 前台 服务态度 不好 可能 小两口 一看 知道 知道 是不是 爱理不理 郁闷 老干部 了不起 两口子 可是 掏腰包 住店 不是 公款 不过 宾馆 周边 饭店 满分 除了 不会 广东话 欺负 别的 还好 知道 北京 热心 礼貌 绝不会 吃饭 客人 此要 提醒 广州 一带 北方 朋友 一定 要学 广东话 不然 只有 受气 气得 后来 英文 他们 沟通
1,商务 大床 很大 床有 整体 经济 实惠 不错
0,昨天 手里 今天 上网 发现 降价 心理 平衡 包装 只有 简单 关于 保修 之类 说明 其他 使用 说明 有待 慢慢 摸索 关于
1,价格 实惠 配置 还行 呵呵 得分 散热 想象 一直 玩游戏
1,不错 本本 超薄 携带方便 原本 黑色 收到 以后 发现 这个 颜色 挺不错 不会 太艳 原装 内胆
1,开始 介绍 一本 小说 非常 不错 毕竟 现在 短篇 悬疑 小说 太少 小说 监制 主编 本人 非常 喜欢 一直 短篇小说 长篇 那样 冗长 等待时间 事实 证明 一点 小说 好几篇 作品 确实 不错 吸引 一点 不失 悬疑 诡异 还有 一部分 作品 却是 一般般 造成 好看 好看 好看 懒得 希望 以后 小说 渐入佳境
1,价格 拿下 一张 第二天 回到 正品 泰格斯 很漂亮 扎实
0,设施 陈旧 气味 太重 床单 黄色 斑点 免费 注册 网站 导航 宾馆 索引 服务 说明 关于 诚聘 英才 代理 合作 广告业务 联系
0,一天 简直 噩梦 一点 满意
1,百科全书 起来 十分 轻松 这是 为什么 套书 相近 相关 知识 集中 知识 门类 每个 知识 门类 分为 不同 知识 主题 知识 主题 下面 全面 介绍 这个 主题 知识点 画面 还有 帮助 理解 画画 图注 看上去 一棵 知识 知心 姐姐 卢勤 的话 的确 精当 小孩 二年级 一读再读 有时 其中 一些 常见问题 来考 读书 一家人 乐在其中
0,桌子 第一次 遇到 竟然 还有 蜘蛛 设备
1,外观 漂亮 大方 价格 公道 内存 领先 不少 台式机
1,筋长 一寸 寿延 十年 一书 眼睛 一亮 自信 来说 影响力 很大 热爱 健身运动 养生 书籍 非常 喜欢 此书 一本 操作性 很强 一本 好书 日常生活 适用 尤其 方法学 起来 简便 遗憾 缺少 整骨 知识 操作 要点 希望 该书 今后 出版 加以 完善 我会 学到 知识 身边 亲朋好友 宣传 只要 长期 健身 必有 回报
0,前台 服务 较烂 中午 莫泰 自营 美林 小厨 午餐 打包 盒想 前台 出去 包烟 前台 男生 寄放 食品 翻边 所有 客户 须知 此项 相反 要求 客户 贵重物品 前台 打包 鲍鱼 算不算 物品
0,看到 女儿 喜欢 一下 喜欢 不知所云 汽车 过时 生活 明白 为什么 这么
1,故事 简单 易懂 孩子 很快 读完 所有 并且 几本书 带到 学校 借给 同学 一起 来看 同学 喜欢 遗憾 一本 汤姆 小妹妹 竟然 不到 不知 哪位 同学 拿走 承认 气愤 在乎 以后 孩子 谨慎 带书去 学校 不想 总是 心爱 借出去 不知 喜欢 以后 机会 的话 会补 丢失 一本
1,这里 服务员 不错 前些 住宿 过程 他们 提出 及时 纠正 赞扬 一下
1,自从 米奇 系列 之后 的确 人生 进一步 思考 一点 真的 应该 感谢 这么 机会 即将 病逝 教授 以前 学生 所授 最后 十四 堂课 故事 一堂 感人至深 哲理 一句 俗话 用到 这里 不知 合适 与否 人之将死 其言也善 其实 对于 这位 教授 其言 生活 中爱 体会 真正 进行 一次 反躬自问
0,版式 太小 不是 要是 大版点 不会 杂字 可大点 不是 现在 不是 喜欢
0,失望 想象 好书 中教 方法 一点 具体 泛泛而谈 别人 吹水 不关 似的 来说 实用
0,光驱 体积 屏幕 显得 很小 系统 不好 分区 不合理 内存 太小 不送 鼠标 知道 怎么 送个 鼠标 赔本 价格 稍贵 集成显卡 不了 游戏 内置
0,操作系统 安装 弱智 居然 分个 华硕 工具区 剩下 容量 分成 大区 装会用 哪个 不是 单独 数据 何况 系统 只要 重新 分区 安装 系统
1,同事 开始 实践 孩子 身上 效果 明显 真是 好书
1,知道 原因 这个 目前 价格 下调 周末 居然 促销价 不错 这次 入住 大床 依旧 紧促 布局 舒服 来说 不错
1,青岛 香格里拉 协议 没房 情况 不过 还有 需要 改善
0,这书 丰面 希望 没什么 帮助 失败
0,内存 数量 配置 偏低 内存 插槽 掌托下 拆卸 安装 方便 蓝牙 模块 采用 软件 控制
1,真的 很久以前 记得 曾经 无意 下载 电子 版本 完后 怎么 很悲 第一次 看过 一本 小说 如此 心碎 简单 人物 简单 故事情节 只是 完全 无法 接受 飘雪 离去 或许 仅仅 一本 简单 言情小说 洛心 飘雪 那里 学会 长大 难道 长大 真的 如此 疼痛 可不可以 选择 不要 长大 印刷 不怎么样 但会令 一次 感动 一次
0,第一次 当买书 后悔 卓越 送货 速度 太慢 现在 没到 希望 看到 书后 好点
0,对于 而言 真得 不错 不过 怎么 独家 推出 网上 好多 免费 知道 是我太 版权
1,一家 度假型 环境 一流 尤其 户外 自然环境 设施 不错 唯一 不足 餐厅 价格 一点 香港 价格 差不多 温泉 一般 南京 汤山 尚差
1,海边 很近 入住 看到 火车站 长途汽车站 太远 交通 不太 方便 天问 服务员 早上 左右 退房 是否 需要 预定 的士 服务员 随时 的士 不用 预定 第二天 早上 寒风 门口 半天
1,样子 漂亮 女朋友 喜欢 来说 性能 性价比 现在 真是 白菜价
1,当年 参考消息 曾经 拜读 亨廷顿 文明 冲突 文章 摘要 正式 出版 第一次 读到 真是 当代 伟大 政治学家 一是 系统 科学 总结 世界 文明 发展 历史 政治 冲突 关系 二是 冷战 结束 几年 之内 预见到 世界 冲突 意识形态 文明 冲突 转变 如此 高度 敏锐 政治 思维 不知 当代 几人 预见 美国 受到 来自 伊斯兰教 国家 攻击 事件 发生 伟大
0,酒店设施 陈旧 谈不上 星级 只能 算是 招待所 级别 走路 地板 摇动 总之 印象 一般 下次 不会 考虑
1,方面 一般 只要 期望值 不太高
1,入住 商务 套房 协程 平米 平米 布局 装修 等等 非常 满意 套房 还有 免费 软饮 免费 洗衣 一定 金额 物有所值 不靠 看到 青岛 有名 美食街 云霄 不行 海边 度假村 休闲 地理位置 相当 不错
1,一直 是不是 枪手 代写 为何 出书 速度 如此 之快 荷包 牺牲 如此 惨烈 一本 看匪 海上 繁花 千山 繁华 故事 走向 有些 雷同 只是 中多 阴谋 背叛 雷宇峥 莫绍谦 有着 同样 执着 倔强 只是 较为 直白 更为 隐忍 深沉 接近 尾声 所有 悬念 洋葱 层层 拨开 结局 短信 三个 不仅 擂到 童雪 擂到 所有人
0,改装 系统 蓝牙 使用 有些 不过 我接 接设备 基本 影响 使用
0,真的 差得 没话说 起来 一堆 进去 发现 浴巾 第二天 一直 打电话 两块 浴巾 个人 一直 所谓 经理 出现 解决 这两块 浴巾 事情 环境 差住 不要 外境
1,拿到 迫不及待 起来 的确 一本 值得 读的书 欣赏 直接 笔锋 一些 观念 大胆 的确 小孩子 有益 例如 惩罚性 作业 观点 多少 人敢 挑战 老师 尊严 出于 女儿 勇敢 地去 坚持 立场 教育 小孩子 很多很多 指导 坚持 原则 确实 难能可贵 完全 耳目一新 强烈推荐
0,看得 实在 没什么 抽象 空洞 没什么 意思 后悔
1,外观 靓丽 性能 稳定 散热 带有 金字招牌 因对 性能 要求 不高 选择 单核 个人 足够 入手 性价比 广州 环市 东路 售后 服务 内存 螺丝 太难 拧开 售后 那里 安装 维修 服务 热情
0,这家 实在 太差 两个 窗户 所谓 商务 大床 不能 希望 大家 入住 以前 一定 好好 看看 真的 很差 是因为 打电话 预定 看到 以前 朋友 进来 入住 已经 点多 分钟 办好 勉强 一天 第二天 早就 退房 建议 大家 不要
1,书中 主人公 名字 路易斯 一直 天生 不会 说话 吹号 天鹅 不能 同类 说话 于是 写字 后来 懂得 写字 只能 人类 交谈 爸爸 担心 于是 商店 一把 小号 路易斯 开始 小号 以致于 最后 能吹出 许多 著名 音乐家 路易斯 小号 还清 商店 老板 小号 打开 里面 深深 吸引 差点 忘记 吃饭
1,借给 朋友 不会 一样 感受 为什么 说不上 只是 程然 描绘 细腻 真实 禅学 有所 了解 当时 需要 类书 安慰 看来 以后 终于 缺货 终于 买到 手里 感动 悲伤 真的 适合 纷乱 世界 作伴 谢谢 程然
0,定单 昨天 收到 发现 这本 小美女 养顏经 缺货 不知 怎么回事
1,戒烟 确实 现在 抽烟 确信 一点 我刚 一半 根据 自身 抽烟 经验 诊断 案例 烟民 心里 进行 深入分析 真正 反映 烟民 内心世界 生动 真实 告诉 吸烟 其实 不能 带给 想要 戒烟 不是 想象 那样 可怕 那样 信心 勇气 希望 广大 烟民 感召 戒烟 成功
0,电池 只是 而已 光驱 系统 麻烦 支持 只能 模式 启动 不少 时间 价格 蛮贵
0,没得说 纸张 封装 裁剪 质量 之前 当当 纸张 封装 不错 这次 收到 两本 求医 不如 求己 书页 边缘 非常 粗糙 纸张 毛糙 裁剪 整齐 这点 退货 不太好 可是 手里 翻看 舒服 希望 当今 后严 质量关
1,年代 随着 改革开放 成长 起来 应该 见证 这年 最好 一代人 这代人 对于 年代 疯狂 对于 年代 轻狂 已经 多少 印象 一代人 对于 模模糊糊 年代 清晰 了解 对于 那个 看不懂 年代 理解 感谢 提供 认识 历史 机会 更加 真实 看到 一代人 执著 追求
1,整体 除了 装修 不够 新潮 其他 大床 浴室 做成 玻璃 应该 更好 地理位置 绝佳 广州 坐车到 长安 下车 过个 马路 长安 方便 周围 饮食店 百佳 超市 特别 推荐 大家 尝一尝 明红 川菜 十一年 长安 生活 明红 川菜馆 十一年 竟然 味道 依然 好菜式 以前 精致 呵呵 需要 改善 应该 努力 洽谈 每个 双份 早餐 一份 早餐 造成 客人 诸多不便 说实话 两人 入住 早餐 不去 浪费 一份 早餐 额外 五十多 不是 价格 而是 早餐 质量 不值 那钱 呵呵
1,物有所值 同等 价格 三星 不错
1,已经 收到 原装 机器 东芝 做工 简直 一流 设计 人性化 发出 热量 控制 模具 很漂亮
1,起初 九型 人格 看到 大家 推荐 好奇 买来 看看 小说 形式 提现 心灵 修行 故事 开始 人们 内心 脆弱 一面 展现 读者 身上 一些 表现 随后 小说 主人公 生活 工作 感情 方面 深入浅出 方式 读者 认知 恩读 以后 提到 一些 下来 现在 正在 合上 回味 确实 收获 不易 言表 推荐 大家 看看 适合 女性朋友
1,前台 接待 服务 太差 前台 办手续 爱理不理 跟前 一栋 房子 很难 服务员 过去 不过 环境 空气
1,性价比 一家 目前 满意 家门口 便利 水果店 离久光 百货 分钟 步行 离号线 静安寺 分钟 步行 服务 到位 表扬 叫餐 方便 味道 足量 价格 平民 以后 我会 一直 选择 这里 呵呵 大家 记得 早点 预定
1,一直 翘首 期盼 套书 上市 拿到 书时 一点点 遗憾 不过 说不出来 故事 已经 深深 画面 故事 吸引 动物 笔下 可爱 绝对 社会 缩影 现在 每天 宝宝 不停 惊奇 故事 离奇 有趣 总之 一定 细细 下去 完全 爱上
0,文笔 还行 通篇 琐碎 文人 无病呻吟 自由主义 品性 不敢苟同 民族 立场 可谓 汉奸 风流成性
1,宽敞 干净 墙上 小型 液晶 电视机 卫生间 浴缸 只能 淋浴 不过 不成问题 长宁路 大马路 位于 弄堂 环境 安静 喜欢 锦江 大厨 价廉 味美 服务态度 房价 的确 竞争力 网络 速度 经常 中断 连接 不上 情况
0,好像 一会 自带 驱动 无线 网卡 驱动 安装 总是 出错 客服 人家 重装系统 办法 只好 下载 驱动 精灵 另外 系统 更好
0,买回来 几页 发现 不是 地道 英语 美语 毕竟 韩国 人写 想想 真可笑 英语 居然 不去 英美 作品 反倒 韩国 作品 现在 只有 垃圾 浪费
0,系统 不好 买回来 几天 几个 帮忙 效果 久久 不能 释怀
0,无聊 贴近生活 可能 是因为 贴近生活 反而 没什么 可看
0,奇书 算不上 成功 固然 一定 每件事 拿出 来说
1,样式 新颖 外观 真不错 性能 如何 需要 下来 知道
1,上周五 支票 现在 周四 上午 没拿到 目前 赠送 增加 鼠标 杀毒软件 估计
1,不是 庄子 所有 文章 一定 庄子 本人 大家 正确看待 庄子 用心 领会 别人 的话 顶多 他人 消化 看法 一定 理解 结合 各种 观点 更好 领会 其中 奥妙 再说 翻译 庄子 原文 怎么 可能 全本 自然 注意 很多 喜欢 历史 人物 局限性 诟病 他们 切不可 如此 试想 过年 保证 后人 局限性 诟病
1,蓝天 宾馆 服务 绝对 每个 宾馆 员工 见到 每个 客人 面带微笑 你好 服务 周到 餐厅 合口 设施 齐全 四星级 五星级 服务 一家人 满意 决定 下次 威海 蓝天 宾馆
0,声音 太小 女朋友 联想 声音 那个 真是 只能 配个 外置 音响 还有 内存
1,儿子 总会 有时 抓狂 总会 让你在 失去 耐心 屁股 电话 贴心 失去 耐心 时能 多点 耐心 调皮 多点 宽容 得到 孩子 最好 礼物 父母 创造 应该 陪伴 孩子 成长 值得一看 一本 感到 温暖 充满希望
1,做工 精致 开机 运行 时间 差不多 小时 基本 够用 不过 注意 几次 充电 充分 激活 电池 其他 优派 介绍 机器 卖点 另外 电脑桌 确实 轻便 一点点
0,不是 系统 而是 系统 超级 习惯 不过 对于 研究 朋友 选择
1,有意思 个人 喜欢 阮籍 谈到 阮籍 可爱 超级 喜欢 不过 相反 嵇康 没太大 兴趣 不过 毕竟 竹林七贤 之一 有时候 可爱 比如说 膀子 树下 打铁 山涛 绝交 可爱 不过 最最 喜欢 阮籍 有意思 一点 戏说 成分 枯燥 正式 有意思 参考 正史 来读 个人 意见
0,实在 糟糕 墙上 贴着 不能 四巾 带走 说实话 白给 不要 只能 地板 不是 一次性 拖鞋 淋浴 喷头 床单 被子 十分 干净 隔音 半夜 隔壁 奇怪 咳嗽声 惊醒 再也 无法 入睡 两个 同时 接到 骚扰电话 可能 女士 接听 对方 出声 挂断 糟糕 地下 车库 阴暗 潮湿 蚊子 巨多 汽车 自行车 混在 一起 分区 入库 没人 看着 出库 时现 开门 其实 车库 并不大 只有 一层 只要 稍加 装修 改变 现在 状况 可惜 重视 这些 细节 中午 前台 打招呼 退房 去取 行李 之后 打电话 超时 服务 简直 太差 蓬莱 满意 住处 建议 先到 蓬莱 游览 之后 烟台 威海 补充 点评 年月日 离海 几条 怎么 海景房 不知 他们 怎么
0,通过 豪华 标间 价格 百元 以为 这个 价钱 至少 干净 整洁 至于 豪华 根本 没想 即使 心理 期待 吓了一跳 一进 一股 霉味 臭味 混杂 味道 厕所 知道 味道 相比 简直 小巫见大巫
1,套书 不错 寂寞 老头 捣乱 不再 孤独 无聊 里面 人情味 儿子 喜欢 每天 睡觉时 书架 一本 床头 有时候 翻着 画面 丰富 里面 看到 文字 以外 比如 一集 里面 鸡蛋 框子 彩色 很快 发现 复活节 彩蛋 其实 那篇 复活节 关系 还有 一些 细节 好想 画出 大人 看不到 孩子 世界 特有 动物 奇怪 仿生 家具
0,这家 不太好 先说 缺点 门口 正在 地铁 十分 吵杂 装修 号称 前卫 古典 完美 结合 不过 个人 华而不实 走廊 黑咕隆咚 伸手不见五指 商务部 一台 一张 凳子 还要 收钱 餐厅 吃饭 方便 早餐 非常 非常 优点 被褥 枕头 干净 位置 不错 杭州 商业区 退房 延迟 下午 可能 入住率 不高 原因
0,当地 实地 这里 硬件 还算 装修 实在 不能 分太高住 套房 卧室 电视 宽带 不能 维修 聋子 耳朵 摆设
0,补丁 不能 设置 密码 差点 重做 系统 声音
0,一本 女人 怎么 完全 物质 流水线 商品 一样 韩国 真的 非常 物质 反映 正常 思想 感情 并且 由于 社会 非常 多姿多彩
1,初衷 送给 大学 妹妹 收到 效果 预想 很早以前 关注 开复 先生 经历 作品 网上 真正 买书 第一次 静下心来 看过 现在 孩子 应该 好好 读一读 无论是 孩子 小孩子 这方面 现在 孩子 早接触 他们 这方面 欠缺 太多 父母 教育 以及 现在 中国 教育 制度 关系
1,当初 学长 老师 推荐 考研 难度 情景 相似 有利于 提高 水平 认清 英语 阅读 实力 买回来 按照 每天 几篇 速度 分析 理解 快要 崩溃 英语水平 不高 看到 徘徊 左右 正确率 突然 明白 的确 考研 风格 呵呵 虽说 打击 信心 题目 贴切 考试 难度 对于 寻找 自信 同学 算了吧
1,经典 造型 钢琴 非常 漂亮 看着 舒服 机器 性能 速度 很快 没得说
1,设施 不错 非常 齐全 非常 舒服 旧旧 不愧 旗下 价格 超级 划算 服务 不错 所有 要求 得到 很快 回应 西环 实在 太远 交通 不太 方便 附近 地铁 只能 钟头 一班 班车 不划算 来回 随便 就要
0,黑白 色调 阴森森 建议 喜欢 该类 影片 朋友 居住 好像 榻榻米 一塌糊涂 建议 日本 朋友 居住 洗澡 居然 玻璃 透明 建议 喜欢 裸露 朋友 居住 马桶 居然 每冲 一下 打开 陶瓷 盖子 修理 一下 建议 喜欢 朋友 居住 补充 点评 年月日 电视节目 不用说 所谓 标准 汗颜 吃饭 出去 分钟 九洲 楼下 餐厅 适合 狂载 人家 请客
1,多年 上海 琥珀 知道 廖一梅 影帝 刘烨 美女 盖住 光芒 去年 话剧 中心 恋爱 犀牛 一群 黄牛 围堵 知道 原来 话剧 一本 不错 书记 得书 很多 细节 比方说 关于 男人 变老 成熟 比方说 关于 美感 实不 实用 比方说 引用 两只 生活 意见 关于 台词
1,宾馆 大门 显得 时尚 大厅 个性 保持 一样 风格 绿色 木纹 砖石 墙面 简单 不失 个性 快捷酒店 价位 来说 值得
1,菲菲 生气 告诉 孩子 生气 一种 正常 情绪反应 常常 由于 感到 受到 冒犯 引起 书里 比喻 说明 生气 状态 里面 好像 火山 爆发 一次 四岁 女儿 发脾气 里面 好像 火山 感到 舒服 躲开 远远 以后 沉思 一会儿 也许 想到 有关 情节 明白 很快 平静下来
1,外观 漂亮 速度 很快 重要 携带 超级 方便 电池 续航 能力 很强
0,标准 内存 太小 自带 恢复 光盘 重装系统 驱动 自带 快捷键 无法 使用 还好 网站 驱动 全部 下载 使用
1,不错 周围 热闹 出行 方便 更不愁 吃饭 浅水湾 赤柱 海洋公园 正门 巴士 车站 附近 小点 性价比 接受 门童 服务态度 问路 热心 尽管 普通话 不是 大堂 住宿 女士 不太 适合 服务行业 不是 态度 不好 笑脸 总是 皱着眉头
1,看过 该书 中医 暂时 不会 消亡 尚有 二十株 活着 还有 毛以林 黄煌 刘力 一批 一定 临床经验 博士 延缓 生命 改变 目前 中医 院校 办学 模式 改变 教育 方式 提高 学生 临床 水平 废医 存药 迟早 消亡 目前 中医 临床 水平 包括 所在城市 中医药大学 教授 水平 实在 不敢恭维 如此 教授 教育 水平 学生 可想而知
0,没读 到底 不是 特别 喜欢 完全 用序 表达 感受 包容 不想 实践 除了 物质 追求 还有 很多
1,观景 不过 楼层 太低楼 看不到 江景 地点 轻轨 临江门 较场口 起点 很近 解放碑 附近 大约 公尺
1,性价比 不错 交通 方便 行政 楼层 只是 早上 楼上 装修 中餐厅 档次 太低 便宜 档次 相配
0,心灵鸡汤 没什么 本质区别 至少 喜欢 经典 经典 解读 中国化 味道
